4.366094290851205845e-02,-1.069384679613291003e-17,1.000000000000000000e+00
0.000000000000000000e+00,0.000000000000000000e+00,0.000000000000000000e+00
4.152402426073106834e-02,1.349197334916458178e-02,1.000000000000000000e+00
3.532244480342058846e-02,2.566325834280704446e-02,1.000000000000000000e+00
2.566325834280700630e-02,3.532244480342061621e-02,1.000000000000000000e+00
1.349197334916454535e-02,4.152402426073107528e-02,1.000000000000000000e+00
-2.641056875729149347e-17,4.366094290851205845e-02,1.000000000000000000e+00
-1.349197334916459740e-02,4.152402426073106140e-02,1.000000000000000000e+00
-2.566325834280703752e-02,3.532244480342059539e-02,1.000000000000000000e+00
-3.532244480342060927e-02,2.566325834280701323e-02,1.000000000000000000e+00
-4.152402426073106834e-02,1.349197334916457484e-02,1.000000000000000000e+00
-4.366094290851205845e-02,5.346923398066455013e-18,1.000000000000000000e+00
-4.152402426073107528e-02,-1.349197334916454882e-02,1.000000000000000000e+00
-3.532244480342062315e-02,-2.566325834280698895e-02,1.000000000000000000e+00
-2.566325834280709303e-02,-3.532244480342054682e-02,1.000000000000000000e+00
-1.349197334916468934e-02,-4.152402426073103364e-02,1.000000000000000000e+00
-1.631352141974982087e-16,-4.366094290851205845e-02,1.000000000000000000e+00
1.349197334916437882e-02,-4.152402426073113773e-02,1.000000000000000000e+00
2.566325834280686058e-02,-3.532244480342072029e-02,1.000000000000000000e+00
3.532244480342047743e-02,-2.566325834280719018e-02,1.000000000000000000e+00
4.152402426073104058e-02,-1.349197334916465464e-02,1.000000000000000000e+00
4.312340425012731876e-02,6.830076247045151726e-03,1.000000000000000000e+00
3.890218498370009298e-02,1.982165329013522992e-02,1.000000000000000000e+00
3.087294880360756666e-02,3.087294880360759095e-02,1.000000000000000000e+00
1.982165329013518829e-02,3.890218498370010686e-02,1.000000000000000000e+00
6.830076247045118766e-03,4.312340425012732570e-02,1.000000000000000000e+00
-6.830076247045172542e-03,4.312340425012731876e-02,1.000000000000000000e+00
-1.982165329013522645e-02,3.890218498370009298e-02,1.000000000000000000e+00
-3.087294880360759095e-02,3.087294880360756666e-02,1.000000000000000000e+00
-3.890218498370009298e-02,1.982165329013521257e-02,1.000000000000000000e+00
-4.312340425012731876e-02,6.830076247045149991e-03,1.000000000000000000e+00
-4.312340425012732570e-02,-6.830076247045140450e-03,1.000000000000000000e+00
-3.890218498370012074e-02,-1.982165329013517094e-02,1.000000000000000000e+00
-3.087294880360762911e-02,-3.087294880360753196e-02,1.000000000000000000e+00
-1.982165329013532012e-02,-3.890218498370004441e-02,1.000000000000000000e+00
-6.830076247045306984e-03,-4.312340425012729100e-02,1.000000000000000000e+00
6.830076247044945294e-03,-4.312340425012735345e-02,1.000000000000000000e+00
1.982165329013503216e-02,-3.890218498370018319e-02,1.000000000000000000e+00
3.087294880360743829e-02,-3.087294880360772278e-02,1.000000000000000000e+00
3.890218498370004441e-02,-1.982165329013532359e-02,1.000000000000000000e+00
4.312340425012731182e-02,-6.830076247045194227e-03,1.000000000000000000e+00
6.237277558358857686e-04,-1.527692399447556615e-19,1.428571428571426792e-02
1.247455511671771537e-03,-3.055384798895113230e-19,2.857142857142853584e-02
1.871183267507657089e-03,-4.583077198342669122e-19,4.285714285714279509e-02
2.494911023343542641e-03,-6.110769597790225496e-19,5.714285714285706475e-02
3.118638779179428409e-03,-7.638461997237781870e-19,7.142857142857132746e-02
3.742366535015313744e-03,-9.166154396685336319e-19,8.571428571428557630e-02
4.366094290851199079e-03,-1.069384679613289269e-18,9.999999999999985290e-02
4.989822046687085282e-03,-1.222153919558044907e-18,1.142857142857141156e-01
5.613549802522971484e-03,-1.374923159502800737e-18,1.285714285714283922e-01
6.237277558358856819e-03,-1.527692399447556374e-18,1.428571428571426549e-01
6.861005314194743888e-03,-1.680461639392312397e-18,1.571428571428569454e-01
7.484733070030630958e-03,-1.833230879337068419e-18,1.714285714285712359e-01
8.108460825866517160e-03,-1.986000119281824057e-18,1.857142857142855263e-01
8.732188581702405097e-03,-2.138769359226580079e-18,1.999999999999998446e-01
9.355916337538291300e-03,-2.291538599171336102e-18,2.142857142857141350e-01
9.979644093374177502e-03,-2.444307839116091739e-18,2.285714285714283978e-01
1.060337184921006023e-02,-2.597077079060846606e-18,2.428571428571426050e-01
1.122709960504594470e-02,-2.749846319005602244e-18,2.571428571428568399e-01
1.185082736088182917e-02,-2.902615558950357496e-18,2.714285714285710749e-01
1.247455511671771364e-02,-3.055384798895112748e-18,2.857142857142853098e-01
1.309828287255359811e-02,-3.208154038839868000e-18,2.999999999999995448e-01
1.372201062838948604e-02,-3.360923278784624023e-18,3.142857142857138353e-01
1.434573838422536704e-02,-3.513692518729378890e-18,3.285714285714280147e-01
1.496946614006125151e-02,-3.666461758674133757e-18,3.428571428571422497e-01
1.559319389589713598e-02,-3.819230998618889394e-18,3.571428571428564847e-01
1.621692165173302044e-02,-3.972000238563645032e-18,3.714285714285707196e-01
1.684064940756890491e-02,-4.124769478508399899e-18,3.857142857142849546e-01
1.746437716340479285e-02,-4.277538718453156307e-18,3.999999999999993006e-01
1.808810491924067732e-02,-4.430307958397911174e-18,4.142857142857135355e-01
1.871183267507656178e-02,-4.583077198342666811e-18,4.285714285714277705e-01
1.933556043091244278e-02,-4.735846438287421678e-18,4.428571428571419499e-01
1.995928818674832725e-02,-4.888615678232176545e-18,4.571428571428561849e-01
2.058301594258421519e-02,-5.041384918176932953e-18,4.714285714285704754e-01
2.120674369842010312e-02,-5.194154158121688590e-18,4.857142857142847658e-01
2.183047145425598759e-02,-5.346923398066444228e-18,4.999999999999990008e-01
2.245419921009187206e-02,-5.499692638011199095e-18,5.142857142857132358e-01
2.307792696592775999e-02,-5.652461877955956273e-18,5.285714285714275817e-01
2.370165472176365140e-02,-5.805231117900712681e-18,5.428571428571419277e-01
2.432538247759953934e-02,-5.958000357845469089e-18,5.571428571428562737e-01
2.494911023343542728e-02,-6.110769597790225496e-18,5.714285714285706197e-01
2.557283798927131868e-02,-6.263538837734981904e-18,5.857142857142849657e-01
2.619656574510720662e-02,-6.416308077679738312e-18,5.999999999999993117e-01
2.682029350094309803e-02,-6.569077317624494720e-18,6.142857142857136576e-01
2.744402125677898596e-02,-6.721846557569251898e-18,6.285714285714280036e-01
2.806774901261487043e-02,-6.874615797514006765e-18,6.428571428571422386e-01
2.869147676845075837e-02,-7.027385037458763943e-18,6.571428571428565846e-01
2.931520452428664977e-02,-7.180154277403520351e-18,6.714285714285709306e-01
2.993893228012253771e-02,-7.332923517348276759e-18,6.857142857142852765e-01
3.056266003595842912e-02,-7.485692757293033166e-18,6.999999999999996225e-01
3.118638779179431705e-02,-7.638461997237789574e-18,7.142857142857139685e-01
3.181011554763020499e-02,-7.791231237182545982e-18,7.285714285714283145e-01
3.243384330346608946e-02,-7.944000477127300849e-18,7.428571428571425495e-01
3.305757105930198086e-02,-8.096769717072057257e-18,7.571428571428568954e-01
3.368129881513787227e-02,-8.249538957016815205e-18,7.714285714285712414e-01
3.430502657097375674e-02,-8.402308196961571613e-18,7.857142857142855874e-01
3.492875432680964815e-02,-8.555077436906328021e-18,8.000000000000000444e-01
3.555248208264553261e-02,-8.707846676851082888e-18,8.142857142857142794e-01
3.617620983848142402e-02,-8.860615916795839296e-18,8.285714285714286254e-01
3.679993759431730849e-02,-9.013385156740595703e-18,8.428571428571429713e-01
3.742366535015319989e-02,-9.166154396685352111e-18,8.571428571428573173e-01
3.804739310598909130e-02,-9.318923636630108519e-18,8.714285714285716633e-01
3.867112086182497577e-02,-9.471692876574864927e-18,8.857142857142858983e-01
3.929484861766086717e-02,-9.624462116519621334e-18,9.000000000000002442e-01
3.991857637349675164e-02,-9.777231356464377742e-18,9.142857142857145902e-01
4.054230412933263611e-02,-9.930000596409132609e-18,9.285714285714288252e-01
4.116603188516852058e-02,-1.008276983635388748e-17,9.428571428571429491e-01
4.178975964100440504e-02,-1.023553907629864388e-17,9.571428571428572951e-01
4.241348739684028951e-02,-1.038830831624339875e-17,9.714285714285715301e-01
4.303721515267617398e-02,-1.054107755618815362e-17,9.857142857142857650e-01
3.118638779179428843e-04,-7.638461997237783074e-20,7.142857142857133960e-03
9.355916337538287613e-04,-2.291538599171335043e-19,2.142857142857140101e-02
1.559319389589714205e-03,-3.819230998618890935e-19,3.571428571428566373e-02
2.183047145425599973e-03,-5.346923398066447309e-19,4.999999999999993339e-02
2.806774901261485742e-03,-6.874615797514003683e-19,6.428571428571419610e-02
3.430502657097370643e-03,-8.402308196961558131e-19,7.857142857142844494e-02
4.054230412933256845e-03,-9.930000596409114506e-19,9.285714285714270766e-02
4.677958168769142180e-03,-1.145769299585667088e-18,1.071428571428569843e-01
5.301685924605028383e-03,-1.298538539530422918e-18,1.214285714285712608e-01
5.925413680440914585e-03,-1.451307779475178748e-18,1.357142857142855374e-01
6.549141436276800787e-03,-1.604077019419934385e-18,1.499999999999998002e-01
7.172869192112687857e-03,-1.756846259364690215e-18,1.642857142857140906e-01
7.796596947948574059e-03,-1.909615499309446238e-18,1.785714285714283811e-01
8.420324703784461129e-03,-2.062384739254202261e-18,1.928571428571426716e-01
9.044052459620349066e-03,-2.215153979198957898e-18,2.071428571428569898e-01
9.667780215456233533e-03,-2.367923219143713535e-18,2.214285714285712525e-01
1.029150797129211974e-02,-2.520692459088469173e-18,2.357142857142855152e-01
1.091523572712800247e-02,-2.673461699033224425e-18,2.499999999999997224e-01
1.153896348296388694e-02,-2.826230938977979677e-18,2.642857142857139574e-01
1.216269123879977140e-02,-2.979000178922734929e-18,2.785714285714281924e-01
1.278641899463565587e-02,-3.131769418867490567e-18,2.928571428571424273e-01
1.341014675047154034e-02,-3.284538658812245819e-18,3.071428571428566623e-01
1.403387450630742828e-02,-3.437307898757001842e-18,3.214285714285709528e-01
1.465760226214330927e-02,-3.590077138701756324e-18,3.357142857142851322e-01
1.528133001797919374e-02,-3.742846378646511961e-18,3.499999999999993672e-01
1.590505777381507821e-02,-3.895615618591266828e-18,3.642857142857136021e-01
1.652878552965096268e-02,-4.048384858536022465e-18,3.785714285714278371e-01
1.715251328548684714e-02,-4.201154098480778103e-18,3.928571428571420721e-01
1.777624104132273508e-02,-4.353923338425533740e-18,4.071428571428564180e-01
1.839996879715861955e-02,-4.506692578370289378e-18,4.214285714285706530e-01
1.902369655299450402e-02,-4.659461818315044245e-18,4.357142857142848880e-01
1.964742430883038501e-02,-4.812231058259799112e-18,4.499999999999990674e-01
2.027115206466626948e-02,-4.965000298204554749e-18,4.642857142857133024e-01
2.089487982050216089e-02,-5.117769538149311157e-18,4.785714285714276484e-01
2.151860757633804536e-02,-5.270538778094066024e-18,4.928571428571418833e-01
2.214233533217392982e-02,-5.423308018038821661e-18,5.071428571428561183e-01
2.276606308800981776e-02,-5.576077257983578069e-18,5.214285714285704643e-01
2.338979084384570223e-02,-5.728846497928333706e-18,5.357142857142846992e-01
2.401351859968159710e-02,-5.881615737873091655e-18,5.499999999999991562e-01
2.463724635551748157e-02,-6.034384977817846522e-18,5.642857142857133912e-01
2.526097411135337645e-02,-6.187154217762604471e-18,5.785714285714278482e-01
2.588470186718926092e-02,-6.339923457707359338e-18,5.928571428571420832e-01
2.650842962302515579e-02,-6.492692697652117286e-18,6.071428571428565402e-01
2.713215737886104026e-02,-6.645461937596872924e-18,6.214285714285707751e-01
2.775588513469692820e-02,-6.798231177541629331e-18,6.357142857142851211e-01
2.837961289053281613e-02,-6.951000417486386509e-18,6.499999999999994671e-01
2.900334064636870060e-02,-7.103769657431141376e-18,6.642857142857137021e-01
2.962706840220459548e-02,-7.256538897375899325e-18,6.785714285714281591e-01
3.025079615804047994e-02,-7.409308137320654192e-18,6.928571428571423940e-01
3.087452391387637482e-02,-7.562077377265412141e-18,7.071428571428568510e-01
3.149825166971225582e-02,-7.714846617210167008e-18,7.214285714285710860e-01
3.212197942554814722e-02,-7.867615857154923415e-18,7.357142857142854320e-01
3.274570718138403863e-02,-8.020385097099679823e-18,7.499999999999997780e-01
3.336943493721992310e-02,-8.173154337044436231e-18,7.642857142857140129e-01
3.399316269305581450e-02,-8.325923576989192639e-18,7.785714285714284699e-01
3.461689044889169897e-02,-8.478692816933949047e-18,7.928571428571427049e-01
3.524061820472759038e-02,-8.631462056878705454e-18,8.071428571428571619e-01
3.586434596056348179e-02,-8.784231296823461862e-18,8.214285714285715079e-01
3.648807371639936625e-02,-8.937000536768216729e-18,8.357142857142857428e-01
3.711180147223525766e-02,-9.089769776712974678e-18,8.500000000000001998e-01
3.773552922807114213e-02,-9.242539016657729545e-18,8.642857142857144348e-01
3.835925698390703353e-02,-9.395308256602485952e-18,8.785714285714287808e-01
3.898298473974292494e-02,-9.548077496547243901e-18,8.928571428571431268e-01
3.960671249557880941e-02,-9.700846736491998768e-18,9.071428571428573617e-01
4.023044025141469388e-02,-9.853615976436755176e-18,9.214285714285717077e-01
4.085416800725057834e-02,-1.000638521638150850e-17,9.357142857142858317e-01
4.147789576308646281e-02,-1.015915445632626491e-17,9.500000000000000666e-01
4.210162351892234728e-02,-1.031192369627102132e-17,9.642857142857144126e-01
4.272535127475823175e-02,-1.046469293621577618e-17,9.785714285714286476e-01
4.334907903059411621e-02,-1.061746217616053105e-17,9.928571428571428825e-01
1.319515479895179205e-03,5.059835552345712213e-05,3.024408457440209280e-02
1.248889521808950204e-03,2.728013048258303073e-05,2.861109609549584293e-02
3.533812469952849616e-02,-1.146858715842143453e-02,8.509331643987697591e-01
3.971273683784778269e-02,1.725030836509168844e-02,9.916760796677098755e-01
4.251680035610835157e-02,8.121793758605694302e-03,9.914028845367870435e-01
3.542809089759436491e-03,1.684277842367798103e-04,8.123531433529423973e-02
3.135928343228387618e-03,-3.210536804199379669e-04,7.220000060104156403e-02
3.374457183422596967e-03,-4.994686743710047673e-04,7.812981114954457851e-02
1.349323351632778466e-02,-3.936692847141138457e-02,9.531441062587632240e-01
1.238625762453352550e-03,-4.158308466914899942e-02,9.528316416891315921e-01
5.259792832217001154e-03,-4.173833604726162605e-02,9.635258153991027585e-01
1.914313764475732453e-03,-1.813466472997800081e-05,4.384696095900358914e-02
2.210576929299945276e-03,-2.676733102032748815e-05,5.063424735233872792e-02
7.477719748519285042e-04,2.242470526681323637e-05,1.713449351455289399e-02
9.274244810176490413e-04,5.407947680717847892e-05,2.127759520889893619e-02
5.422195751388919497e-04,1.225872818525849255e-05,1.242204351411130975e-02
2.829712815156826440e-03,-7.235287857605086090e-05,6.483226128924717002e-02
3.734834386754423870e-03,2.642292648916814458e-04,8.575557965583585629e-02
3.357091672436363517e-03,-2.299278383702874247e-03,9.319537862634606762e-02
3.620423564368436750e-03,-7.430132494147511637e-04,8.464958915523738969e-02
1.478113061916493283e-03,1.356518366888380074e-05,3.385578066939359809e-02
2.013261132622320634e-02,9.467875162636566269e-03,5.095574141037260141e-01
1.429933872525935776e-02,1.690703687932902655e-02,5.071614602985943243e-01
1.735210158684268381e-02,1.290416677351545298e-02,4.952792737934051948e-01
-2.817656772467934390e-02,-2.273050319028484950e-02,8.291652647356692052e-01
-3.446004486553591595e-02,-1.222940005189773749e-02,8.374930032791300105e-01
-2.988966661943204955e-02,-2.154422870252332284e-02,8.438867352393608634e-01
-3.616453478706660452e-02,-3.069360388970397268e-03,8.312819237915693993e-01
-3.373264118488247809e-02,-1.252527602380378371e-02,8.241453465461791028e-01
4.188322723371593927e-03,-3.687949882222551351e-02,8.501091283979441693e-01
3.530324733595440519e-03,-3.642827787830710262e-02,8.382536076604534259e-01
-5.393093425464479465e-03,-3.635550664860520004e-02,8.417899819458011246e-01
-1.838328367151552400e-02,-3.097975814215276485e-02,8.250731563431910054e-01
-2.884774256904829026e-02,-2.100268485393303602e-02,8.172842233486380392e-01
1.221502590772725189e-02,-1.028729069735045271e-02,3.657690539949238206e-01
1.276996938859234140e-02,-1.058410326317552053e-02,3.798818305790320204e-01
-3.285264347935745732e-02,-7.697380232676132895e-03,7.728267589102292279e-01
-3.171731227435180267e-02,-1.290657114773960563e-02,7.842884358151775981e-01
-2.962745948101760604e-02,-1.621578581230407462e-02,7.735704226796548122e-01
-2.486222036873156349e-02,-2.335069995187860278e-02,7.812115486913574491e-01
-2.690882060401741938e-02,1.078122617788241158e-02,6.639404080261266383e-01
-2.880010502982051704e-02,-5.270765102167080957e-04,6.597413105109830589e-01
-2.602043461130298593e-02,1.175669989643519063e-02,6.539749079074247406e-01
-2.827225178845498704e-02,1.741281767268131313e-03,6.487680230096999345e-01
-3.178798198587251544e-02,-3.199889066962804474e-05,7.280648555409566791e-01
-3.138073923315539554e-02,-7.204531947665758496e-03,7.374358352456201748e-01
-2.974083287311432913e-02,-1.115426757564237301e-02,7.275091263980082434e-01
-2.753074364195665438e-02,-1.678656709026156435e-02,7.385286012594178828e-01
-2.106961264287602470e-02,-2.834337466952900619e-02,8.088874160434936789e-01
4.638898136250871069e-04,-6.631591376825029562e-03,1.522595718346114180e-01
-5.717223875626116329e-03,-3.955462640011719704e-03,1.592303212768934606e-01
1.790017309289160339e-03,-7.098387911233429264e-03,1.676694445893830432e-01
3.120175058908889257e-03,-3.502466641164152673e-03,1.074349334887135105e-01
4.428584546859812808e-03,-1.365930329108183423e-03,1.061463561227783681e-01
4.003591351317936468e-03,-1.779717529914565458e-03,1.003491789178649202e-01
2.973137799856954804e-03,-1.819092659054225545e-04,6.822339133826180180e-02
2.691301541212473385e-03,-7.877774994044299225e-05,6.166734102490096375e-02
1.457116565128737350e-02,-4.053797550499989993e-02,9.866303994292338064e-01
1.073012917111644191e-02,-4.115824836824492211e-02,9.741876666189517309e-01
3.403367038800737820e-03,-4.301276283124216143e-02,9.882333013112243325e-01
2.915593402706362705e-02,3.110765021204090278e-02,9.765050432930599822e-01
3.692302065079970663e-02,2.097554291985817207e-02,9.726101919145120345e-01
3.528206153511722482e-02,2.461270797833468860e-02,9.852904081396325342e-01
-1.351668811880083225e-03,-4.253591853141506368e-02,9.747244641509549279e-01
-1.507089652019445551e-02,-3.425452982141626024e-02,8.571349030707843264e-01
-5.480667562164523963e-03,-3.687110366371108838e-02,8.537656267063356008e-01
-1.517220361958744948e-02,-3.373669364921722674e-02,8.472412963327021762e-01
1.951882015428782827e-02,-3.724933982561540180e-02,9.631837210944823591e-01
3.975256809466773053e-03,2.882520178995465546e-04,9.128739881309921866e-02
2.128504025331273003e-02,-3.702371706090856751e-02,9.781298546621235435e-01
2.250587081295413530e-02,-3.473909051513335983e-02,9.480384644450822185e-01
9.604028570621946093e-03,-3.448045745827196806e-02,8.197946281921857370e-01
1.651328937376622327e-02,-3.116337612501006438e-02,8.077741964815712272e-01
3.329928811417095201e-03,-3.516159694114355527e-02,8.089363329371707101e-01
1.930470313570747248e-02,-3.028011953618701610e-02,8.224835016589666647e-01
3.010216130284905367e-02,-2.888017971085455118e-02,9.554480588744157510e-01
2.905205352199688104e-02,-3.074982913021498399e-02,9.689061143086263872e-01
2.410478030977289063e-02,-3.583639078097935332e-02,9.891900983981284368e-01
3.296968800866750121e-02,-2.725488346462441938e-02,9.797429397816574959e-01
3.290757850748542157e-02,-2.809126658271970944e-02,9.909758191833309970e-01
7.251127571328077085e-04,-7.812703077635325954e-03,1.797093692986778679e-01
1.202908265563438182e-02,-3.648278031869901794e-02,8.798421508812561687e-01
3.925729089144919075e-03,-3.843075591189755447e-02,8.847894937096301149e-01
1.617028180198108733e-02,-3.530216804152071230e-02,8.893391134740571413e-01
-1.744009207895726860e-02,-2.609474473429515291e-03,4.038903351748050485e-01
-1.757950682188361494e-02,3.465866798921662939e-03,4.103874780972551761e-01
-1.660566953434675433e-02,-7.489284125618840549e-03,4.172244115042282320e-01
-1.835476469155797666e-02,1.918426370505950558e-03,4.226832356440680671e-01
2.122366230921019642e-02,-3.163570817096576782e-02,8.725288231621166624e-01
6.098028904519983348e-03,-3.756375094626877853e-02,8.716143284974537941e-01
8.224864557907640575e-04,-6.355930671563096886e-03,1.467885495965881026e-01
-5.944626500447051584e-03,-2.901741935829189965e-03,1.515092149600549276e-01
-2.935555964743104609e-02,-2.556044119397746575e-02,8.915083062509951972e-01
-2.100557518947062524e-02,-3.282638564777080881e-02,8.926023185313588515e-01
-2.315097111471937225e-02,-3.064389812382393649e-02,8.796405644695366455e-01
-1.413491372637228766e-02,-3.608573060760749546e-02,8.876430322967638897e-01
-2.099735832979436265e-02,-3.146661238134797201e-02,8.664276096828037455e-01
-3.064841012905963891e-02,-2.157954862309518010e-02,8.585099932685105184e-01
-3.094822454883267016e-02,-2.203031592253790541e-02,8.700800864521787137e-01
-2.350880581290130597e-02,-2.885690236684848586e-02,8.524954959568877833e-01
1.720724646004601760e-02,-1.465409088408769524e-02,5.176614372350545334e-01
1.815608437333540368e-02,-1.246936030511253124e-02,5.044698496111216235e-01
3.215438768154126048e-02,-1.931710800223991262e-02,8.591371009035922990e-01
2.591886043423560423e-02,-2.719080454026057830e-02,8.603793287137778689e-01
3.146671034781626380e-02,-2.156898042998701276e-02,8.737643300160841120e-01
1.724837118873018271e-02,-9.671567830749145528e-03,4.529190148690545037e-01
1.790792115388508549e-02,-9.615923132660355102e-03,4.655494553576988714e-01
2.125181696450457319e-02,-8.537720029732060942e-03,5.245574313503423847e-01
1.172967168408118634e-03,1.706888801632865799e-02,3.918638106475829108e-01
7.856534549155948233e-03,1.449941339264713275e-02,3.777094995628346163e-01
1.423971320941087165e-02,9.149896579064722632e-03,3.876695170595315654e-01
1.023654827556824860e-02,1.424622559195284736e-02,4.017909769895747774e-01
-3.244339461278271820e-03,1.750411053541798406e-02,4.077382508884748735e-01
-1.356257100647568006e-02,1.081456295442429633e-02,3.972982162242024162e-01
-3.318448896509064439e-02,-1.943484763665316237e-02,8.808049783401813437e-01
1.747220061055326790e-02,1.008614787111318002e-02,4.620707254237867434e-01
1.478414974692968467e-02,1.433027047496167328e-02,4.715772061131248694e-01
9.165942826460892617e-03,1.788063499559339881e-02,4.602070520389321406e-01
1.292806376496162014e-02,1.665394104957108184e-02,4.828777513064579918e-01
5.235587791867763081e-03,2.019973419667531189e-02,4.779377886411624310e-01
4.258167564929241609e-03,1.999919694849234403e-02,4.683245295007765763e-01
6.671084385388501362e-03,1.023142971198044877e-02,2.797500847967245297e-01
5.270803178092830533e-03,1.036462604893628389e-02,2.663214947390006859e-01
9.042139245585781998e-03,8.919071244142829855e-03,2.908959591523237465e-01
-3.365708926643942028e-02,-8.725294141934743231e-03,7.963565226497111293e-01
-2.730329233221743049e-02,-2.139818760254804178e-02,7.945171360515229653e-01
-1.083948881030274286e-02,-3.778117751720631856e-02,9.002409155891361037e-01
4.442976336184771384e-03,-3.897687170608305635e-02,8.984982777016573552e-01
-4.872116680841345228e-03,-3.856362804821349827e-02,8.902735001398943693e-01
-2.418200026570678507e-02,-3.120938823981280613e-02,9.042768204342430671e-01
-1.884803519772105564e-03,-3.981967077281323847e-02,9.130415037615814411e-01
-1.636488723136273263e-02,-3.639857360081961285e-02,9.140484198410817607e-01
-5.861538458670888935e-04,7.194707118507880431e-03,1.653318542455863016e-01
-1.130420585611863942e-03,7.739681918141110006e-03,1.791486318659384347e-01
5.610200285841642973e-03,9.510689366781205356e-03,2.529052413063597737e-01
4.459274238225575601e-03,-4.082769826128213736e-02,9.406691313411065236e-01
1.474884106405620343e-02,-3.818923027460045805e-02,9.376415649761654647e-01
1.390878758333012610e-02,-1.019670328477722404e-02,3.950000763663050196e-01
5.126179253766528429e-03,-1.620776757514116526e-02,3.893434297013335654e-01
-4.862164213989605965e-03,2.239560825909770250e-02,5.248931012517936701e-01
-1.521109037073453858e-02,1.745919937991379650e-02,5.303598805225465673e-01
-1.227904713155555418e-02,1.909828727016225219e-02,5.200312829940204606e-01
-6.456204714497961773e-03,2.260805051764794293e-02,5.385096258396672164e-01
-1.892006164231575804e-02,1.432427244125793891e-02,5.435259558274805336e-01
1.491847491360733143e-02,-3.633501971802562819e-02,8.996238026679004296e-01
4.833277587688963005e-03,-1.227017728860430512e-03,1.142118373337045190e-01
-8.245739656488046410e-03,-3.744430902642440634e-02,8.781640931823381235e-01
-6.052341785744036820e-03,-3.729364455236375969e-02,8.653401405306000438e-01
5.323309033318896280e-03,-4.819367480792670724e-04,1.224224632004457386e-01
-4.015064211330533414e-03,-4.045345712866614540e-02,9.310888999457247461e-01
-7.288738571891671507e-03,-4.065687739766000314e-02,9.460412460971825421e-01
-1.539403726717316831e-02,-3.794751096347735025e-02,9.379336608117856411e-01
2.649728265071558606e-02,-2.968483493908679466e-02,9.113555994144717509e-01
2.334142625770941476e-02,-3.163957186979320796e-02,9.005243015164239306e-01
1.429590753515491697e-02,-3.717947756437527118e-02,9.123310506498399919e-01
1.745442902538311622e-02,-3.648580051495783905e-02,9.263633840995922908e-01
2.596743033994056496e-02,-3.074194735396834632e-02,9.216808691615597793e-01
-2.506294332721285129e-02,4.874292243062201997e-03,5.847909755277681532e-01
-1.833243804442065764e-02,1.799900011730391422e-02,5.884272417927487453e-01
-2.360229107785697181e-02,1.123389155966880541e-02,5.986907905278295861e-01
-1.571883059748084219e-02,2.093718205830228871e-02,5.996445648718173871e-01
-1.694166936542470039e-02,2.061402835343427095e-02,6.111308056313645709e-01
-1.096162065710741713e-02,-3.080072744042281277e-02,7.487962010844806393e-01
-1.897781640392964472e-02,-2.598778990828926744e-02,7.370326201027034285e-01
-2.365669221390654525e-02,-2.250067661452814088e-02,7.477718295056732245e-01
-5.991094461971965650e-03,-3.164690146114836067e-02,7.377073503967563894e-01
-1.212196829764433312e-02,-2.943970908402313708e-02,7.292030167957063158e-01
-2.571308468566948016e-02,1.898428517247516961e-02,7.320488515337453261e-01
-3.062672638000714723e-02,9.276156460577592369e-03,7.329360459772076286e-01
-2.968266137878397201e-02,1.048218909051174680e-02,7.209909948435394567e-01
-1.775290708068229598e-02,2.647837941703688053e-02,7.301490145240541185e-01
-2.285558604842036559e-02,2.153435987556164347e-02,7.192316548450927716e-01
7.704522464843695760e-03,2.185038583536619283e-02,5.306555974966081779e-01
5.927868139123477695e-03,2.172896830051323017e-02,5.158626072024149467e-01
3.128295535022677931e-02,-1.195872001459763120e-02,7.670656347499500427e-01
2.555770244737849001e-02,-2.208645113620250414e-02,7.736617661342376495e-01
3.213248208137755441e-02,-1.115069983345914721e-02,7.790090581640983780e-01
2.763035590024990468e-02,-1.826492706714483161e-02,7.586106545809662149e-01
2.849535595831231144e-02,-1.913342993711769982e-02,7.861276543245753201e-01
-1.484674441182199343e-02,-3.070912380317314394e-02,7.812420725697867274e-01
-1.830617834442177863e-02,-2.937607081034707482e-02,7.927713232478842409e-01
-6.763965748960824170e-03,-3.377778862379524072e-02,7.889974037385493189e-01
-1.198138362153075738e-02,-3.286405757855868914e-02,8.011735335892030685e-01
-2.748655684766497433e-03,-3.086820729077150924e-02,7.097955393113314360e-01
-2.023666095791049058e-03,-3.151195094781089612e-02,7.232290669372961611e-01
1.100443232567114953e-02,-2.927245564246489309e-02,7.162598148885062077e-01
6.400387552113430932e-03,-3.130351431292584946e-02,7.318012840316783230e-01
5.393345493352949549e-03,-3.021569839235700369e-02,7.029913785288258721e-01
-3.333798335303479743e-02,-2.112258196260508383e-02,9.039256540153810526e-01
-3.742777237445648469e-02,-1.375223552237003766e-02,9.132722867162089697e-01
-2.909742223105964837e-02,-2.757345547653037784e-02,9.181397809755358352e-01
-3.705701022186241866e-02,-1.606353218354091353e-02,9.250567138773186926e-01
4.461220239887138048e-03,-1.789422767948727327e-03,1.100918991012315024e-01
-3.146233770512836536e-02,-2.570763688100599284e-02,9.305699566237236597e-01
-1.725335280824006473e-02,-3.966276488626582081e-02,9.906542128817130699e-01
5.667535534231073896e-03,-1.326724173989589058e-03,1.333171434914702524e-01
3.864097853233354560e-03,-3.740234245006340830e-02,8.612140126270813045e-01
-1.594330077756375696e-02,-9.994940222220929926e-03,4.309851350257739022e-01
-1.832554461817823346e-02,4.730830220167677597e-03,4.334844506186840141e-01
-1.926651351734268158e-02,-1.490108921701592841e-03,4.425935457946397755e-01
2.173951575902499309e-02,-2.228218172650348050e-02,7.130035168482027341e-01
2.584868813421430447e-02,-1.822667869154601106e-02,7.244133715147684782e-01
2.954917372423686989e-02,-1.067244783393352971e-02,7.195774154052794191e-01
2.863552611023200550e-02,-1.141619177499276876e-02,7.060613872695294946e-01
2.225847018377334965e-02,-2.082289353221522532e-02,6.981075215854251059e-01
9.914522011771511115e-03,-1.692467183528760521e-02,4.492538806722181088e-01
1.633219241249335429e-02,-1.000897152891285641e-02,4.387252132360089374e-01
7.618071606338293507e-03,-1.735759031979193165e-02,4.341583550457279173e-01
2.235270941144690965e-02,-2.956699836496530162e-02,8.489394354554200550e-01
1.335173958943543585e-02,-3.440688602531821738e-02,8.453018613054015251e-01
1.442100831797268196e-02,-3.465788316253572837e-02,8.597715887218748687e-01
1.999325913534559171e-02,2.043280339433319395e-02,6.547552722187097718e-01
2.672737271355261207e-02,9.907151961552057920e-03,6.528594176068688304e-01
2.648830937413076611e-02,1.210757104123088429e-02,6.670557298410734193e-01
2.502230477956391211e-02,1.237463881781405636e-02,6.393586962466732970e-01
1.899583059040534441e-02,2.224608693326337108e-02,6.700007040142739179e-01
-2.231658583909980689e-02,-2.907774175043729287e-02,8.395237931222612193e-01
3.371927640932091685e-02,-1.225448244497400439e-02,8.217192943461210097e-01
3.279297669197669962e-02,-1.294052614838001915e-02,8.074467588510059191e-01
3.261084101831666221e-02,-1.175861842931315467e-02,7.939821027626845495e-01
2.506728084287607183e-02,-3.211145820248263727e-02,9.330338309672742136e-01
3.384785977709832416e-02,-2.247417851839251732e-02,9.305713726040303335e-01
3.404766140510091105e-02,-2.114879745374321010e-02,9.180139184288744758e-01
-4.484367733991621342e-03,1.042532304293947165e-02,2.599319225491856233e-01
-3.985574940629879950e-03,9.854126869654908361e-03,2.434581117070480638e-01
-2.751098361587510019e-02,1.397532134692729480e-02,7.067449736799418236e-01
-1.851875181263749545e-02,2.468488471542478260e-02,7.067909456985904670e-01
-3.033721385647501073e-02,6.666177312209316252e-03,7.114133984521221477e-01
-2.533368572131371524e-02,-1.601910842545727423e-02,6.865047805724195928e-01
-2.270098446228297276e-02,-1.842024737252950448e-02,6.695739519181259647e-01
-2.820672490413887040e-02,-9.016795824923488217e-03,6.782461803124122390e-01
-2.800134548229641154e-02,-8.122558088325659495e-03,6.677739252628466238e-01
-3.602513549859618497e-02,-1.105378006583782394e-02,8.630789358930083255e-01
-3.683846845625161903e-02,-9.795951550550782705e-03,8.730612076026612600e-01
-3.759470978387059736e-02,-8.461229855561790483e-03,8.825990985789990972e-01
4.455664001472620442e-03,8.318041626059690177e-03,2.161255898454270130e-01
2.686122524379750114e-03,9.676837027982969006e-03,2.300163370685295583e-01
6.648567715016782953e-03,8.074766594676301840e-03,2.395664991311658720e-01
-2.088853729839099810e-02,-3.474288590124333109e-02,9.284925284057361505e-01
-2.521315796618261995e-02,-3.236242884345501974e-02,9.396212620232022861e-01
1.572304767617000235e-02,-9.835382205562332933e-03,4.247700591075460608e-01
7.759648408894621353e-03,-1.654446195959317564e-02,4.185385792793979154e-01
-2.557870336803326136e-02,-4.924062045242405192e-03,5.966052640828187759e-01
-2.644493973824133676e-02,-1.226726874412373052e-03,6.063400230245628020e-01
-2.151989695897005977e-02,-1.555419451900803655e-02,6.081538201565529489e-01
-1.883205126850782604e-02,-1.784699995572151462e-02,5.942463793340984068e-01
-2.362335063184740208e-02,-9.932915473470266959e-03,5.869469240031779389e-01
1.519526175237895585e-02,1.687735685473361336e-02,5.201430300980688370e-01
4.740528752672857130e-03,2.138848898201766227e-02,5.017650370268341709e-01
-1.078746693055297225e-02,-4.111261881208198160e-02,9.735088856954142722e-01
-7.539873272334413588e-03,-4.129709012981620797e-02,9.614943332563622436e-01
-2.669771622837602970e-02,-3.374823630372139616e-02,9.855837898947124032e-01
-1.863926114112260043e-02,-3.845543763921619590e-02,9.787823756191390556e-01
-2.803751696473006164e-02,-3.186818875787213873e-02,9.721788702382907488e-01
-3.382867202824117042e-02,7.640604939410227184e-03,7.943209143435311370e-01
-3.416371236253584048e-02,-1.644905885724488219e-03,7.833841053257184495e-01
-4.277617702872886507e-02,6.973955739606149326e-03,9.926708076155480454e-01
-3.519469616101485177e-02,5.537594653255207590e-04,8.061908429006319210e-01
-5.524242467340245016e-03,2.155745619099836211e-02,5.097007362277755638e-01
-1.434602303373274691e-02,1.701484530808578324e-02,5.097378711221401959e-01
2.455873806142267260e-02,3.305882975363163417e-02,9.432397565162430331e-01
3.044700640918384521e-02,2.829266335196429366e-02,9.519525220708173752e-01
2.160252229572541538e-02,3.576929936749007749e-02,9.570682441796896089e-01
3.431554643638281415e-02,2.264637965533539132e-02,9.416805253903092199e-01
-1.857828309474703413e-02,2.150826976266061522e-02,6.509499473963181737e-01
-2.134511226375292864e-02,1.952019026820319206e-02,6.624898430000394356e-01
-2.475582559952949416e-02,1.313764043984384268e-02,6.418975913584051840e-01
-1.528502337014026047e-02,2.342982134254105800e-02,6.407278644161505943e-01
6.958059669526417759e-03,-2.320151064855460396e-02,5.547841843213539015e-01
-7.669059850313137382e-03,-2.292987670058816221e-02,5.537757882229242812e-01
-1.227231532518385793e-03,-2.468325218306454197e-02,5.660377488504304555e-01
-8.243095518751088289e-04,-2.374579138651649463e-02,5.441956358417705530e-01
-1.125260653547837525e-02,-2.068100823205321764e-02,5.392488434096917027e-01
4.697323300740786217e-03,-3.224622563248698282e-02,7.463549376848204187e-01
-1.093628113082937463e-03,-3.313033587676044583e-02,7.592227518593498425e-01
-9.946341346180213872e-03,2.336256686737611318e-02,5.815659080539062886e-01
2.385179217605193868e-04,2.520591788634765629e-02,5.773362804963081407e-01
-5.748231303504830123e-03,2.516482137800134591e-02,5.912146468253787202e-01
-9.324582572364830541e-03,2.316079380735012322e-02,5.718470847858078132e-01
-4.005350377599794370e-02,-9.462247937814884796e-03,9.426276433638980379e-01
-4.008987561904991254e-02,-6.509952087274228916e-03,9.302362624621177689e-01
-4.099571336553264889e-02,1.908629463193078305e-03,9.399732673509250125e-01
-4.020138810600366874e-02,4.403745929052423243e-03,9.262710337124708815e-01
-1.082630049186470225e-02,-3.146213469594745515e-02,7.620708553695599852e-01
2.445434535233615911e-02,-1.180977230342280561e-02,6.219904257099705402e-01
2.323582945422383514e-02,-1.520955715187756463e-02,6.360629300067047742e-01
2.503872769156956918e-02,-9.102816622862471355e-03,6.102034073502810019e-01
-1.742056758350145687e-02,-2.875262318790130361e-02,7.699854638403483831e-01
-4.403890971346608764e-03,-3.351810879943767363e-02,7.742888434996655356e-01
-2.531707659001200539e-02,-2.190018720607811442e-02,7.667025054896265956e-01
-9.554699757951770622e-03,-3.422314061151557341e-02,8.138142178684221184e-01
-4.759920178661968091e-04,-3.580295543802440583e-02,8.200949639403088964e-01
-3.320961201247320336e-03,-3.482753442157215940e-02,8.012999275442027614e-01
1.039310694233210215e-02,1.147272028987194811e-02,3.545573798109912800e-01
7.328905686566968350e-03,1.309755279690170623e-02,3.437539697871902500e-01
1.208920832257459783e-02,8.368451865246253826e-03,3.367554165936104682e-01
8.356682777633453116e-03,1.623696234044997092e-02,4.182512892417218908e-01
-3.898915711028567380e-03,1.793860071653395616e-02,4.204540876295250196e-01
5.117131501566326256e-03,2.313385839365706201e-02,5.426599756538930119e-01
-9.280526510281744690e-04,2.399824590851717607e-02,5.500610450751100000e-01
-3.098527048355635000e-02,-3.969530583126815691e-03,7.154793819026261659e-01
6.250538980223854270e-03,-3.990249423118750333e-02,9.250621608536715446e-01
-2.112970032553488156e-02,1.767847105253171278e-02,6.309946150928652520e-01
-2.637942926197051063e-02,7.246651213534674972e-03,6.265711110633888081e-01
-2.772834382924768346e-02,2.056630417263164822e-03,6.368279798131053493e-01
-2.701569801905539386e-02,-4.745466106426290791e-03,6.282346277427987014e-01
-1.145426644763406984e-02,-3.869555114596122392e-02,9.242870983179224398e-01
-7.947952951519374892e-03,-1.768959781833252939e-03,1.864923197036277291e-01
-7.499418519893615021e-03,-8.369023967240899311e-04,1.728311588528180232e-01
1.658710289101342564e-02,-1.348059187882535287e-02,4.895506911115084514e-01
-5.942457902131030145e-05,-8.509024191080447053e-03,1.948934476396886883e-01
-2.657140817999157495e-02,-4.478078630370397294e-03,6.171674185026734261e-01
-2.528218481629964515e-02,8.731091168556925214e-03,6.126150719996161786e-01
-1.413114621662901228e-02,2.336513160730350688e-02,6.254106550536615572e-01
-2.174542094548151047e-02,1.615633723721012632e-02,6.204725053770366872e-01
-4.748877448905527640e-03,2.657951367029924919e-02,6.184111637588485255e-01
-4.975550542749269597e-03,2.595316804667979066e-02,6.052503836296503348e-01
-1.767020427134170443e-02,1.791498722241473274e-02,5.763303274827532574e-01
-2.323395882606635321e-02,9.001179832762743957e-03,5.706844819776430988e-01
-1.493438832529127985e-02,1.961680421459420162e-02,5.646858076168106422e-01
-2.170722687804355067e-02,8.373448442337907971e-03,5.328847098368783008e-01
-2.032158199439860341e-02,1.006752707085831894e-02,5.194268008104037104e-01
-9.309981440280706150e-03,1.746139333266148036e-02,4.532261177275697106e-01
-1.676828691758289538e-02,1.005149156173625394e-02,4.477717964908325410e-01
-6.747472084230271214e-03,1.811882302445489909e-02,4.428312185007293178e-01
4.737197166664636368e-03,1.896326406547715546e-02,4.476771801147915175e-01
-3.544453909171360953e-03,1.980151586482742018e-02,4.607376858476361914e-01
2.776750438442792887e-02,2.043915019373491321e-02,7.896961820082115668e-01
3.246888705578584305e-02,1.031080536288982684e-02,7.802561417692195356e-01
3.341101178362518298e-02,9.176193341643863396e-03,7.935744046235793103e-01
1.801110400904685398e-03,1.877492779800554734e-02,4.319907098309636595e-01
1.434176490064493353e-02,1.240714177760781148e-02,4.343410263584545072e-01
1.604062614083408278e-02,1.138039413689434683e-02,4.504624299960970357e-01
-7.559611263693380434e-03,1.179051014850380358e-02,3.207867192587271488e-01
5.029717639609664233e-03,1.282729709213252869e-02,3.155716775404965868e-01
1.760984569586097632e-03,1.434676688908310439e-02,3.310610661598942794e-01
-5.276545139944415971e-03,1.232065085832536808e-02,3.069791330647246852e-01
-5.654236786812986276e-03,2.084051777332165609e-02,4.945821836949096384e-01
5.105644895419996290e-03,2.076589916410789480e-02,4.897820065142498569e-01
-3.384306879142053720e-02,-1.036951300795552547e-02,8.107027495403235084e-01
3.536989383492471911e-02,-2.126191331947932181e-02,9.452066169462588485e-01
2.981432728601113649e-02,-2.834591848733178723e-02,9.422290711003828978e-01
-2.426330589770347990e-02,-6.183736794361465068e-03,5.734851412093867618e-01
-2.185133217650727516e-02,-1.973536247477131634e-04,5.004982008459747389e-01
-2.086713855539214582e-02,-3.613202294136972411e-03,4.850478454526336858e-01
-2.028721603954377478e-02,6.978475961827531292e-03,4.913753285253588121e-01
-2.028129237292963793e-02,8.777048494832510872e-03,5.061511437783130507e-01
-2.367831493698535628e-02,-1.269529899292572411e-03,5.431015070603628647e-01
-2.046491125451198670e-02,1.314805138063289761e-02,5.571238444409395418e-01
-2.363930338219658728e-02,4.687465173522009296e-03,5.519707680274048567e-01
2.188837721119555116e-02,2.822373537527171974e-02,8.180461651784275423e-01
2.413557450115328892e-02,2.543013273994834331e-02,8.030105955347854874e-01
2.967765941331272292e-02,1.941931221570101368e-02,8.123165729038747118e-01
3.161930306511110539e-02,1.498077464121339020e-02,8.013712821201002257e-01
1.576293543699926192e-02,8.388698323292679074e-03,4.089719831264880257e-01
1.678112500867967941e-02,7.503649012166510243e-03,4.210251053577884206e-01
3.580187885603623721e-02,-2.236932156174421121e-02,9.668973424336053668e-01
4.060542489913471914e-02,-1.104385176670065645e-02,9.638015558684533968e-01
3.622253983102027147e-02,-2.074113545483888613e-02,9.560140089821732579e-01
4.054327286472671210e-02,-1.324727554941949360e-02,9.769059551834123889e-01
4.015583969677698900e-02,-1.060801865292418378e-02,9.512707613565288822e-01
-1.661097389617608236e-02,-4.277413512133199439e-03,3.928651600047030623e-01
-1.373477953011079111e-02,1.171566805324483415e-02,4.134754866887460079e-01
-1.555236129732738559e-02,3.243744244528894149e-02,8.239193499872162763e-01
-1.621235112273843038e-02,3.144111304802626322e-02,8.102185352308086674e-01
-5.078509623810522483e-03,3.516768859922062701e-02,8.138277351655639480e-01
-1.559856595709008600e-02,6.292454005841384944e-03,3.852398640720181566e-01
-4.500804026190207731e-03,2.721581440860652151e-02,6.318109861808582917e-01
-7.036257467889379773e-03,2.734892649172870546e-02,6.467922413211369959e-01
-5.270578569747869264e-03,6.654768981868122539e-03,1.944325312886767687e-01
-8.725560157390049171e-03,-1.190434950489953868e-03,2.016995316797947080e-01
3.522494629916145259e-02,1.316184365363594518e-02,8.612641104087780386e-01
3.479123962115116681e-02,1.542259942240557791e-02,8.716340646871304498e-01
2.793040087852470196e-02,2.547666882658032941e-02,8.658616870306156121e-01
2.901244287825334445e-02,2.507772347947463676e-02,8.783270253894557289e-01
-6.645756853425333933e-03,-3.556154921699019450e-02,8.285941282161675137e-01
-1.371442190300774244e-02,-3.384103222036405345e-02,8.363170756265315697e-01
-3.271422485658439204e-03,2.088850889214858078e-02,4.842573263973313225e-01
-1.443251134753982187e-02,1.536036325885725695e-02,4.827416961969681064e-01
-5.905484565963921469e-03,1.979163209238914492e-02,4.730520076478518243e-01
-1.719524186537808516e-02,1.089376458390712427e-02,4.662198890178598787e-01
-1.110257426066749327e-02,1.534607973497814290e-02,4.338249618105677885e-01
-1.448314948155982572e-02,1.159557609968492331e-02,4.249367688269636290e-01
-2.934380529250427139e-02,2.345778217295864214e-03,6.742277225504765825e-01
-2.998204808750713768e-02,-3.002903675106230377e-03,6.901374850093576763e-01
5.328702574100081107e-03,-3.734252774982806198e-03,1.490324544975988041e-01
5.490422218085048295e-03,-2.799813072186530579e-03,1.411579888978796160e-01
-6.608391827461916612e-03,1.528095270220485892e-02,3.813173342934378929e-01
-2.948259640291341771e-02,-1.910865141134641954e-02,8.046898468950707262e-01
1.107350799682144983e-02,8.845871854428866143e-03,3.246135332713167010e-01
-4.289744758076019515e-02,-4.841247345441261445e-03,9.887501961433148301e-01
-4.253960434156320303e-02,5.003252183705968539e-03,9.810328672715370457e-01
-2.510200172936015786e-02,-1.951312176628875253e-02,7.282073558049343420e-01
-2.651709140986564101e-02,-1.650125003084067926e-02,7.153339129662534823e-01
-2.810207398790378827e-02,-1.224273525789475008e-02,7.020708887400034515e-01
-1.947078779075546787e-02,-2.332325315023916698e-02,6.958696645591270213e-01
-2.119887856426115255e-02,-2.256730270675771574e-02,7.091575440117466878e-01
-6.189309517703731056e-03,6.742733768747221149e-03,2.096314121629527794e-01
-8.031792550280516738e-03,-4.232591245082485687e-02,9.867224387881416980e-01
-1.097562815986164245e-02,1.198396899353862052e-02,3.721984708468876191e-01
-1.988822346380576117e-02,-7.724515906043754720e-04,4.558586544107104954e-01
-2.038026371096390496e-02,-2.335497612625260164e-03,4.698397529381843074e-01
-2.042465604115183131e-02,4.265732959450534156e-03,4.778952060325926121e-01
-1.926497617131816761e-02,-2.683425226151686660e-02,7.565930226871593334e-01
1.244003781072860679e-02,-3.418826861304107706e-02,8.332666445350561668e-01
3.269057033888563089e-03,-3.601954155806664365e-02,8.283738566465589370e-01
-1.997891393210120270e-02,-2.441266350849713440e-02,7.225167518965120994e-01
3.464595556065146621e-03,1.270496135379439381e-02,3.016169965058419500e-01
-3.888038923312868347e-03,1.212165924062694883e-02,2.915636484773230230e-01
-3.578455678538532830e-02,-1.772133699217512620e-03,8.206055023082257094e-01
-2.842607663950381947e-02,9.098752623364516137e-03,6.836032125734995413e-01
-2.898315673603527737e-02,8.874451080082808654e-03,6.942445516323862975e-01
-3.350526656929243841e-02,2.272052505379620196e-02,9.271995220133579796e-01
-3.035206016511497393e-02,2.757275746174179046e-02,9.391952938150079921e-01
-3.627643565655726959e-02,1.923023036621112833e-02,9.403889922719163019e-01
-2.598456762362346892e-02,3.119428778109787498e-02,9.298706950256062642e-01
-3.065965917873541419e-02,1.108418991818212749e-03,7.026803951757578659e-01
2.806903216403365542e-02,-1.114235241831917217e-02,6.916871153742353284e-01
-2.615250587030441484e-02,-1.204665598856428758e-02,6.594834875347457270e-01
-2.634302396049134631e-02,-1.046858143178846026e-02,6.492504966933405619e-01
-2.453850207141184195e-02,1.481190404932549365e-03,5.630470510955363217e-01
-6.981718796908742593e-03,6.986549693967402525e-03,2.262218198706989480e-01
1.762554091078603370e-03,8.682750900416496068e-03,2.029236920777780506e-01
-2.634895801144585339e-02,-8.993345940536474903e-03,6.376746691147842094e-01
-2.788709956353371605e-04,1.597031729764564895e-02,3.658361649394913373e-01
1.207600998425754565e-02,1.048311045716356950e-02,3.662638120807121811e-01
-1.077672156403225966e-02,1.140315413509233530e-02,3.593553750559563831e-01
-1.102884062936772963e-02,2.145859814664918819e-02,5.525966030072618773e-01
5.912250530495316916e-03,-9.901322032516289735e-04,1.372986053018076247e-01
1.703873151542728732e-03,-4.576566377069173124e-05,3.903918594260642055e-02
-2.236029959398786252e-02,2.028681669796624995e-02,6.915033075736305435e-01
2.006588938070105743e-02,-1.405133647557094134e-02,5.610627758250801289e-01
2.185625030514170078e-02,-1.244056480005010720e-02,5.760027602278012804e-01
2.219325527992275018e-02,1.444518453340687056e-02,6.064975657012009469e-01
2.358426083726549924e-02,1.077849464971304683e-02,5.939071860048222851e-01
-2.510811141429226956e-02,1.547993463447129223e-02,6.755817446779552871e-01
-3.530424423755703506e-02,-1.155445874504974074e-02,8.508048128367424745e-01
-7.458785943864054951e-04,6.673702321163000814e-03,1.538046053706599303e-01
-3.255922815206899884e-02,1.037540129061456477e-02,7.826764260441494425e-01
-3.348834844773806996e-02,4.075670503295400135e-03,7.726688324149032505e-01
2.618289246609151275e-03,4.082693198169267540e-02,9.370114435324924385e-01
5.321667646697371412e-03,3.989803687347140415e-02,9.219081423528177055e-01
1.331838681332865419e-02,3.830791455189004602e-02,9.289095711191404092e-01
3.739171849366686694e-03,7.493449703052323073e-03,1.918088759125920195e-01
2.607241996505751253e-02,1.930457270402301251e-02,7.430278108287587946e-01
3.084779924940195608e-02,9.543365925981595055e-03,7.395691335693088675e-01
2.955415821344460972e-02,1.434761961115904767e-02,7.524514304282906574e-01
-1.455069262325233218e-02,1.616009877514269777e-02,4.980562973073066613e-01
-3.755330559143243291e-02,-1.619689327138527576e-02,9.367024410343754992e-01
-3.229246155535755308e-02,2.266766789945584126e-03,7.414389015846644115e-01
-7.351723350577433515e-03,3.985789885583666814e-02,9.282949967485767395e-01
1.627114087262583912e-03,-1.254242934542350654e-02,2.896760791240753918e-01
9.056665796715365757e-03,-8.376065136283453519e-03,2.825452766764245949e-01
1.691246960505997637e-03,-1.179132135798753589e-02,2.728294933644144216e-01
9.502684724158558596e-03,-8.758873492147930401e-03,2.959986125180923411e-01
-3.096205983856077648e-02,-1.223034284769951470e-02,7.624685345804247394e-01
-3.152691047717286199e-02,-8.843990182405432263e-03,7.499583497133437415e-01
-3.323219188598323937e-02,-1.735545159303765505e-03,7.621796066375493561e-01
-2.847990860951041259e-02,1.795599464978180765e-02,7.711201397299938254e-01
-3.163008844762560390e-02,1.009611689054256377e-02,7.604581591833510235e-01
-3.099227868664582511e-03,1.458886954264090180e-02,3.415966891607831180e-01
-3.260558926059316243e-02,3.853754511191348400e-03,7.519888654924483662e-01
-2.164581436663223432e-03,1.525705781402285355e-02,3.529434049409357899e-01
-3.399094636612288566e-03,3.974063379464462531e-02,9.135335123306124183e-01
2.885958802487464947e-02,2.364755804802124578e-02,8.545538334655919943e-01
1.886413729009156492e-02,3.245500294738946218e-02,8.597863985019970068e-01
-2.559658573707829579e-02,3.084148913279748799e-02,9.179761381223878747e-01
-3.237211378742023415e-02,2.329655879920990852e-02,9.134794133012702488e-01
-3.740588931141650142e-02,1.464374564233502166e-02,9.200473813705964954e-01
-1.983154664877075438e-02,3.831254929250231533e-02,9.880902332365077978e-01
-6.808870284686512064e-03,4.269137563345196118e-02,9.901513392966805327e-01
-1.062219127183016386e-02,4.156631979419896095e-02,9.826195609876788861e-01
-1.217875970742778209e-02,3.034470159604788983e-02,7.488946820614809097e-01
-1.045694680299574970e-02,3.046268860093457806e-02,7.376730562754589826e-01
-2.812166390632875063e-03,3.239619755004553153e-02,7.447852015433250594e-01
2.615401335447457409e-03,3.194368014832654756e-02,7.340787367713530465e-01
1.069561831081772101e-02,7.926743369151145399e-03,3.049122759270085359e-01
-9.243226943920641522e-03,-2.628045086106137185e-02,6.380659171065211632e-01
4.482824558923635076e-04,-2.803883984177306388e-02,6.422770855271228152e-01
-1.847144585128490364e-03,-2.738245033112194152e-02,6.285865450435601520e-01
-2.919379329429043230e-03,2.438367885594308268e-02,5.624665736087610668e-01
-2.727910351432450559e-02,-1.858948648939901666e-02,7.560735594855694242e-01
-3.870804114479433570e-03,4.123635087414677380e-02,9.486195994671737797e-01
1.890289884906557394e-03,4.171064826260295622e-02,9.563114456104803152e-01
-7.999636804557827552e-03,4.122316295408099546e-02,9.617790924374847172e-01
-1.776468646415858832e-02,3.747978832291310597e-02,9.499731578306849222e-01
-1.943636453640639611e-02,3.722392056340813327e-02,9.617925032389357254e-01
2.748149271778391883e-02,2.347945470546377450e-02,8.278744147513643625e-01
2.168006318665584298e-02,2.924055208410908033e-02,8.337206697086793072e-01
1.495383305625777766e-02,-3.059704710572770311e-02,7.800056892136718600e-01
2.214020993273678115e-02,-2.621875022483901099e-02,7.859735954647064649e-01
1.721456627729441025e-02,-3.008552886842793053e-02,7.938989429830533018e-01
7.233439432652668394e-03,3.602646230844217673e-02,8.416093390630023929e-01
1.192499311552538792e-02,3.412706155775038080e-02,8.279835715136001362e-01
-1.151972868006245591e-02,3.217033436585012285e-02,7.826369720264483298e-01
-1.358814083249660276e-03,3.394166542551828314e-02,7.780146630756248349e-01
-3.413839873734853241e-03,3.434758337700658665e-02,7.905651274134696260e-01
-1.916218427652235240e-02,-3.692232162628210357e-02,9.527655777141489368e-01
-1.569647991919868521e-02,3.782994905055805934e-03,3.698022241470785287e-01
-1.457001576825737478e-02,-6.495092220069464441e-03,3.653646573778332463e-01
-1.538173269880232542e-02,2.120942019163445796e-03,3.556329385687959088e-01
-1.586153767051141569e-02,-4.850949457862339421e-03,3.798989036547102960e-01
3.467869379098504484e-02,-1.167602498163631750e-02,8.380842293682684296e-01
-9.856454064676433216e-03,-1.551324319221481472e-02,4.209624884859557992e-01
-1.806156139381718357e-03,-1.790233977161196852e-02,4.121124944605272233e-01
-1.165893289747131113e-02,-1.326110315692464840e-02,4.044234133335409820e-01
-2.062916670962651466e-03,-1.729626777336653806e-02,3.989573674710976681e-01
2.220937581656960008e-02,1.221294163015204139e-02,5.805154987404231859e-01
8.618938476471658602e-03,-1.992865798203018526e-02,4.973005691874752277e-01
1.501555079865644383e-03,-2.117186250074514636e-02,4.861333973273823661e-01
1.034391221317947085e-02,-1.812310382931859101e-02,4.779393094342049841e-01
1.294727133903623723e-03,-2.054232258565864833e-02,4.714301238645025593e-01
1.694109687079286761e-02,-2.151562881395922833e-02,6.272132721308060210e-01
7.614545570600428359e-03,-2.653228441730112741e-02,6.322200300542185625e-01
1.314821321496501341e-02,-2.482665812338279501e-02,6.434443783288628094e-01
3.577283757536535436e-02,-1.462269270135438219e-02,8.851406225358389168e-01
3.698423167705385678e-02,-9.788483622443458487e-03,8.762442522739932738e-01
3.817367640726906236e-02,-8.305718948628052975e-03,8.947767327932556469e-01
-1.607370052112547243e-02,-1.097067106230459332e-02,4.457236794740710439e-01
-6.938873469046008546e-03,-1.774551814808373110e-02,4.364062231564493910e-01
-9.340997368505792042e-03,-1.735551896278920286e-02,4.514240215143823787e-01
1.286747982629679078e-02,2.176335218878702044e-02,5.790693123788339669e-01
1.599020205509764717e-02,1.889089154567258691e-02,5.668634986328858760e-01
1.618870322877557361e-02,2.026758289636801033e-02,5.941084157330563942e-01
-5.807053442895695333e-03,-2.974932410026874183e-02,6.942312895913396176e-01
1.072338451002640032e-02,-2.825879332863590748e-02,6.922662192599250419e-01
1.667566912756792774e-03,-2.982897130557905438e-02,6.842625241223457833e-01
-3.338454415034285139e-02,-2.752795530563889592e-02,9.910520784239937875e-01
5.502926169011164437e-03,3.033261185571544186e-02,7.060713237399409703e-01
1.678199679925043361e-02,2.557892695993463708e-02,7.006893862636804915e-01
1.530009568838137241e-02,2.719048833921707681e-02,7.145885232954342081e-01
2.872138267285649985e-02,-2.209224172037202449e-02,8.299210235095347832e-01
2.658172303441365750e-02,-2.363174032578074096e-02,8.146297114267703199e-01
2.135541831740438504e-02,-2.968231503780635258e-02,8.375057810999333441e-01
-8.630858437560778721e-05,-1.862439359942474892e-02,4.265733248513048359e-01
2.219469720450742802e-04,-1.942308867649987156e-02,4.448909123664666065e-01
2.638973586269705018e-02,1.362506359660031925e-02,6.802304684496066622e-01
2.879459921486222582e-02,9.037770814695204186e-03,6.912272375181496287e-01
-1.025629250988098658e-02,1.036186282599688667e-02,3.339238136758534981e-01
-2.913841928876266529e-02,1.456313460152516143e-02,7.460907755236824146e-01
5.441405626578054919e-03,3.093969824638750921e-02,7.195114410084922918e-01
-1.344108961436425546e-02,-2.764834116069635195e-02,7.041161636762145459e-01
-6.988394700503624928e-03,-2.876655150401291605e-02,6.780257950970211001e-01
-1.628871521525784502e-02,-2.494762390433066454e-02,6.824039178462969479e-01
-7.553010953974390778e-04,3.885879357887383340e-02,8.901808050118898974e-01
-9.113330404497878984e-03,3.737640126943371499e-02,8.811397904655450253e-01
4.332107876239613825e-03,3.798480348657513189e-02,8.756347873417530403e-01
2.869942955230232046e-02,1.107433647442902618e-02,7.045647203705067696e-01
2.410158246853901995e-02,1.949825111877099074e-02,7.100418792176980132e-01
2.414265231595064121e-02,1.839526105695107883e-02,6.951786333537038898e-01
-3.236187167831409972e-02,1.658072611428818358e-02,8.328318163966641485e-01
-3.351865438663247099e-02,1.519924757963034452e-02,8.429448673101759271e-01
-3.537739751840082714e-02,7.872587888512203383e-03,8.300957545935258031e-01
-3.680697963736604544e-02,1.419396930119950313e-03,8.436450360166873885e-01
3.931524676281845238e-02,-1.137603069217942020e-02,9.374057412035019521e-01
8.552471602935346473e-03,2.834178066282102074e-02,6.780448105061762654e-01
1.708585028540501871e-02,2.457312065158045664e-02,6.854942594966201286e-01
-2.318179234311798856e-02,-7.499278697557403180e-03,5.580415298109575595e-01
-1.623685236620082267e-02,-1.858403397115785186e-02,5.652182024622818268e-01
-1.844188594936772493e-02,-1.734798413769769385e-02,5.799022265235437290e-01
-2.819833203894972842e-02,3.091373545223050773e-02,9.583535915079788303e-01
-2.348328346662183555e-02,2.701926025363850584e-02,8.199116296685998728e-01
-1.871775988454043443e-02,-1.504258718617782972e-02,5.499927935304999016e-01
2.203372794100478746e-02,-1.343722855831771743e-02,5.910965714990269460e-01
1.527294076445006796e-02,-2.028665637844989655e-02,5.815983390913351814e-01
-1.135591247664020052e-02,3.115915296962875128e-02,7.595800199904322314e-01
-2.125621367432869308e-02,2.508485624622888363e-02,7.530696229629495475e-01
-1.991961319784780679e-02,2.678049178101564454e-02,7.644458076250869594e-01
-2.059204866580112078e-02,-1.126830945100164641e-02,5.376325474975668373e-01
-2.307486092278270007e-02,-7.232656350032425421e-04,5.287607581038891169e-01
1.812480352192176892e-03,-1.618361237207777831e-02,3.729830185596231806e-01
-9.606946493044729932e-03,-1.315278938168367925e-02,3.730497451938512565e-01
-8.525004997104970728e-03,-1.459432768890888028e-02,3.871143683407585190e-01
1.514253603995637486e-02,-2.678026157017038625e-02,7.046319582556752614e-01
2.752126119729840503e-02,-9.465685664956419512e-03,6.665818303518462606e-01
2.757650199114418041e-02,-1.079459266046589420e-02,6.782712222811752012e-01
-1.076802854922706380e-02,-2.625894141883680644e-02,6.500322874344752755e-01
-1.976547825654008383e-02,-1.963589744689482955e-02,6.381248035648332539e-01
-2.088757425916623611e-02,-1.942557798498749030e-02,6.533171508659680882e-01
-1.579780406940706206e-02,-2.411044048123090963e-02,6.602023643572305645e-01
-1.668367291431777089e-02,2.428408778223388118e-02,6.748111149013723553e-01
-3.449128850765809801e-02,-2.259931199001289151e-02,9.444513972319620310e-01
-2.875340559325172130e-02,-2.991773280055906592e-02,9.503901077179964796e-01
3.771958985016886368e-02,1.838643873641961426e-02,9.610930344986866602e-01
3.637723626180967146e-02,2.007578275040262580e-02,9.516343346045047502e-01
4.040498924363391392e-02,9.655507793264806946e-03,9.514831758182233923e-01
8.266309820669247299e-03,2.277768796372786272e-02,5.549875638969837821e-01
1.379786890003978708e-02,1.920590716533314077e-02,5.416380066055582754e-01
1.798731445362914544e-02,1.609143318879284121e-02,5.527726440385096751e-01
6.861782144187611801e-03,-7.546798431739087584e-03,2.336164109769499897e-01
6.942301054908630274e-03,-8.300476680853093731e-03,2.478410290208475086e-01
2.909029800027987910e-03,-2.844524729930448040e-02,6.549013458166624835e-01
1.311907855208675235e-02,-2.568812076228796371e-02,6.606415472753300877e-01
-2.050322437947013285e-02,2.511278372643465512e-02,7.425322077042727509e-01
-2.713749800368725137e-02,1.902196135038546412e-02,7.590374289914688655e-01
-1.136021610206564697e-02,2.653762714812352153e-02,6.611616018892050306e-01
-1.191252251763914166e-02,-2.541883557829840469e-03,2.789838145301154482e-01
-1.128068065284315059e-02,5.225749996854750674e-03,2.847466094549737092e-01
-1.239791109379414016e-02,-3.245630518789680268e-03,2.935279225910769618e-01
-4.505078731963835063e-03,2.899773612585058308e-02,6.721248185491216498e-01
5.159040474788643450e-03,4.285760349021092153e-02,9.886868438595248776e-01
-1.716156347384027378e-02,-1.159836417846599535e-02,4.744128519931228305e-01
-2.014319760558085787e-02,-7.999775405031302536e-03,4.964069892406715034e-01
-1.656828311770015827e-02,-1.331634099649666760e-02,4.868507411039154631e-01
2.569985582513189398e-02,-2.352784380247283438e-02,7.980383267601305342e-01
-1.119426381672544712e-02,3.598092198333971425e-03,2.693095324474421570e-01
9.047438986170049796e-03,2.502857821349339928e-02,6.095525905496370633e-01
5.420141152328656481e-03,2.553968368897347255e-02,5.979827877188099716e-01
-1.078335580222559813e-02,2.666668594717079479e-03,2.544193780617852174e-01
-1.025956183638563994e-02,2.071572061170901934e-03,2.397248854555882047e-01
4.094656412474335927e-02,1.001058577246865915e-02,9.654508916691620923e-01
2.231968087359871566e-02,1.034878194811831610e-02,5.634817161530942808e-01
-2.241827065782479866e-02,-1.549552919366201618e-02,6.241813105574677278e-01
-1.099091122749779915e-02,1.044057253993702604e-02,3.472060412496381088e-01
2.810366138531490698e-02,1.888910916788877695e-02,7.755602692898005968e-01
2.887674077360530972e-02,-2.584553478615847152e-02,8.876081891557250358e-01
3.602781289917099221e-03,-1.464138770616430982e-02,3.453461539412200354e-01
1.060184742071731100e-02,-9.734691123109921740e-03,3.296578208926476128e-01
-2.026036359905696981e-03,-1.428678390690326337e-02,3.304950813102868756e-01
-8.222998126977083821e-03,-1.246900204283279794e-02,3.420980136040957520e-01
-5.778985208483822592e-03,-1.455004922615432336e-02,3.585742336165965161e-01
4.401642188212768168e-03,-1.507249308156891759e-02,3.596361647780696447e-01
-3.608939606965042013e-02,-1.467531141885919377e-02,8.923094460199259004e-01
3.526356731562570873e-02,9.102486866064306986e-03,8.341419494843413940e-01
-1.098811527159271155e-02,-2.387266897835971582e-02,6.019129637226143803e-01
-6.912874027259037317e-03,-2.814141057466099452e-02,6.637062398274692354e-01
-1.557182308775412714e-02,-2.481321343770661464e-02,6.709580756191636519e-01
-1.449495228867167355e-02,-2.256158677723512848e-02,6.142006085449457364e-01
4.115727926363700606e-02,1.184009019464632093e-02,9.808881874456316652e-01
1.927624450807860837e-02,3.161703570245569250e-02,8.481232370894790096e-01
2.804193605388844227e-02,2.389147488222115659e-02,8.437645110755926936e-01
1.368232424014754686e-02,3.238636257453778033e-02,8.052497792076446226e-01
1.641782907587970367e-02,3.033803832738605002e-02,7.900775618449662474e-01
-9.424953982680483663e-03,-2.492214723648019411e-04,2.159423921319806039e-01
1.125410320722832272e-02,3.722085513095088616e-02,8.906140043884406277e-01
3.047418247960947263e-02,-1.153852878956752696e-02,7.463301722723900689e-01
5.957356128051510824e-03,3.428281206652850771e-02,7.969724849413164502e-01
2.750899322054669444e-02,3.329061903976371362e-02,9.891165637782095565e-01
-3.941334782498142481e-02,6.020686070789016062e-03,9.131856979591325141e-01
-3.889031107037579926e-02,5.351366563573538293e-03,8.991276895275081005e-01
-3.613909710899017996e-02,1.621138604046201345e-02,9.071867193348976954e-01
-3.524339209891254321e-02,1.677975228022571610e-02,8.940266456459851074e-01
-3.955698054114148432e-02,-3.206265957685909551e-03,9.089750724593078646e-01
3.123495105150362119e-02,1.194243002395602680e-02,7.659054137376216653e-01
4.228796356211572682e-02,-8.910520036241839290e-03,9.898214734690625738e-01
-3.948834689624818733e-02,1.742418517549927312e-02,9.885653043097463177e-01
-3.894941492728501431e-02,1.748312009458095548e-02,9.778369438155137816e-01
-3.146583319892419517e-02,2.911630407444646199e-02,9.818900179109084636e-01
1.035764783130263544e-02,-8.791916949693714609e-03,3.111699486765250877e-01
2.471162027385552518e-02,3.112163853788336293e-02,9.101820877994448722e-01
1.834986374905688347e-02,3.559946770056258980e-02,9.173064185634318690e-01
2.162730265060522350e-02,3.283395016306213388e-02,9.005021113341808991e-01
2.328137245595762392e-02,1.374647467850487366e-02,6.192442383552165808e-01
2.567103762848093121e-02,9.450213546060248077e-03,6.265378165733099802e-01
2.971984479977289248e-02,-2.189884659919072440e-02,8.455270733774949976e-01
3.216153192088598567e-02,2.280469615608108486e-02,9.030064242333031288e-01
2.509334020695620088e-02,-2.000725619964097493e-02,7.350524655063980228e-01
3.036227231043654370e-02,-9.991780879754877040e-03,7.320981005275629672e-01
9.489194415782531075e-03,2.681965201401784182e-02,6.515863856782918573e-01
1.482480732193523949e-02,2.370003808594969147e-02,6.402684950565308286e-01
2.447877677941747918e-02,-2.157145898881939611e-02,7.472872049311811704e-01
-1.821372998065104443e-02,-3.801056028701783190e-02,9.653720237467456888e-01
-1.338776202365712584e-02,-2.381132994459208771e-02,6.256592778637496410e-01
1.734937133390367786e-02,-2.789199756985377004e-02,7.523335159878392631e-01
1.529326299936087027e-02,-2.846438511526682910e-02,7.400805670839001316e-01
9.713698728316491962e-03,-3.160033596153110497e-02,7.571893357367474042e-01
1.767485739922942251e-02,-2.836453335200835729e-02,7.654612985656307211e-01
1.119673359111966922e-02,-1.689574119874746178e-02,4.642367362108003048e-01
1.761882701341441204e-02,-1.105205908714225124e-02,4.763603739869834430e-01
3.722001648108144017e-02,1.190580164512959789e-02,8.950297325633025380e-01
-1.314423890197910332e-02,-3.362222336494384220e-03,3.107455722171429957e-01
-6.471100212353603047e-03,-1.215451808288053014e-02,3.153803172103657460e-01
-7.459905284365089817e-03,-1.074813262113964371e-02,2.996566631924131308e-01
-3.727082723952079846e-02,-1.893659896453880323e-03,8.547434017060759892e-01
-4.239119254554011423e-02,-6.732965247509018966e-04,9.710403932280528005e-01
-4.134946228930432705e-02,-1.053066740922299280e-02,9.772886699510715536e-01
-4.108892629129760887e-02,-9.072591105635184269e-03,9.637592585890977226e-01
-4.153314138776909026e-02,-1.706919517711009363e-03,9.520683501954754213e-01
-3.998820943375774872e-02,1.076390937169688540e-02,9.484810309793186844e-01
-4.170020339637107998e-02,4.459665992173918354e-03,9.605380485892042186e-01
1.606966242239747655e-02,4.013034888465367295e-02,9.900890020758034149e-01
1.064468583071321618e-02,4.133936582713045732e-02,9.777124989921319731e-01
2.054449401766306540e-02,3.753401028155232966e-02,9.800237753014191533e-01
-2.107475466074062651e-02,2.654154681809565638e-02,7.762312176393435514e-01
-1.141263024724854629e-02,3.168637558362610851e-02,7.713757450575687846e-01
-1.072084349162621833e-03,3.347813809555226505e-02,7.671684889796382967e-01
-3.941730518410084538e-02,-1.319893086565764387e-02,9.520739472145282045e-01
2.061783462912460119e-02,3.692238710054747408e-02,9.685768681880805309e-01
8.389879982264446256e-03,4.125046985046742359e-02,9.641346430020879543e-01
-3.570611165848606994e-02,-2.171370262955581165e-02,9.571503330246933228e-01
-1.187210197933652109e-02,5.515628109799729055e-03,2.998285389949239543e-01
-3.424931058420002325e-03,4.251019022108921963e-02,9.767983219861523514e-01
-1.235461745405565595e-02,5.806487059527902506e-03,3.126610344991505031e-01
1.099928795564359373e-02,3.992211585938280211e-02,9.484370691088058747e-01
-2.248752045694357368e-02,6.222160291156462889e-04,5.152460180915795496e-01
-3.636296333743934545e-02,8.503036934304724140e-03,8.553158911882401405e-01
-8.294763703138731403e-03,-2.378414977747322218e-02,5.769243891131835555e-01
-9.723623999195378162e-03,-2.378688727933161301e-02,5.885710142591481508e-01
3.875304114770624416e-03,-2.506740348655493722e-02,5.809582907199742907e-01
-4.629608815802590963e-04,-2.603273378025349957e-02,5.963419093079107558e-01
-4.116698551205458245e-02,9.871774968172437881e-03,9.696093852476306285e-01
-3.924725022970351751e-02,1.466988791353277324e-02,9.596519957065957618e-01
-3.574494830687797997e-02,2.255668643442046775e-02,9.680751229256322477e-01
2.308335048943631687e-02,-1.259433442180754939e-02,6.022681484730159074e-01
3.806908720092207210e-02,1.439097472534939422e-02,9.321454275334170037e-01
3.206467007584348078e-02,2.502985838161998766e-02,9.316616932474920398e-01
3.758039318191276623e-02,1.433261937952039732e-02,9.212069696885609726e-01
1.772333552032885964e-02,3.378051646270370523e-02,8.737238453486315670e-01
-3.883504121723397456e-02,1.239453817311774939e-02,9.336719401798180273e-01
-3.780547820473895149e-02,1.094170405592659280e-03,8.662503870133564376e-01
-1.042960604259101851e-02,3.969225744668036793e-02,9.399622738014432599e-01
3.596316828598027787e-02,-1.154211306755461089e-02,8.650742991623553424e-01
2.958650841034151172e-02,1.051137557070820627e-02,7.191383000578629447e-01
2.819724743535509046e-02,1.500514112169101452e-02,7.315733135559582268e-01
-1.897852926490454020e-02,3.368388094751176287e-02,8.855166881545762925e-01
-1.154024129860820209e-02,3.737954356538253364e-02,8.960049821120050773e-01
-2.274538020943491293e-02,3.183529391481523807e-02,8.961310869437787430e-01
-4.767003002460093019e-04,2.864993533879391444e-02,6.562822287836629354e-01
1.917567119325980576e-02,1.974570296518343357e-02,6.304151321395342622e-01
8.254168507265804977e-03,2.609443146393162008e-02,6.268483432730368454e-01
1.179906145007609966e-03,5.849245982409712866e-05,2.705748030369673623e-02
2.124771368560031057e-02,-1.892169447275821384e-02,6.516497080866661129e-01
2.689666851844059112e-02,-8.325563746103588000e-03,6.448725060899177519e-01
1.515930448890401641e-02,3.803715642455927914e-02,9.378329289319730089e-01
7.990975108973567137e-03,2.913289782507369127e-02,6.918989959078785112e-01
3.958160823844171505e-02,1.099135239269186971e-02,9.408719523051395361e-01
-2.804716253975233706e-02,3.168074308842941389e-02,9.691061483550844624e-01
-8.823476275336439648e-03,-2.037947111693911434e-02,5.086371887684173476e-01
-1.564317978976817458e-02,-1.618949401063487017e-02,5.156190553126569487e-01
-8.719016538295574353e-03,-2.113682927977055329e-02,5.236838691926783973e-01
-4.796336557203567143e-03,3.470247324307611236e-02,8.023730405906973617e-01
1.111500481747389364e-02,-1.078527923211705479e-02,3.547242309789848669e-01
2.186287955036111258e-02,-1.930415519021778936e-02,6.680035119760168172e-01
2.196626313355269297e-02,-2.022885696712207332e-02,6.839462359991829166e-01
-3.965038934929970837e-02,-1.713480501012833515e-02,9.893140730823607454e-01
-6.088936320516579077e-03,3.047987607709955540e-02,7.118975183022034914e-01
-1.030680413102805226e-02,2.873866969139897420e-02,6.992746356636732052e-01
7.076733970267199032e-03,-3.397085333459412548e-02,7.947636479438658919e-01
3.878191555523332473e-02,-1.898254920927644820e-02,9.889479296838399325e-01
-1.157543274278524832e-02,2.761360624561904134e-02,6.857763360400379593e-01
3.102910269864841628e-02,2.841639431284959105e-02,9.636735008236009259e-01
1.849248673445047855e-02,-1.929978248411282071e-02,6.122008454555735169e-01
-3.428428700839625254e-02,9.641638927892890246e-03,8.157000250410393338e-01
-3.060173997119206360e-02,1.885244554633647845e-02,8.232242920133960862e-01
-1.412845025384735012e-02,2.800909002097246719e-02,7.185076733002317972e-01
-3.587885330430286984e-02,-2.334910464086355220e-02,9.804504679997272376e-01
-6.650956664920237328e-03,3.720320176811418855e-02,8.656027984123689789e-01
-1.192106632579905713e-02,-7.897638123292586437e-03,3.275194509677641919e-01
1.575005538008938943e-02,2.186573711832517225e-02,6.172021747820761739e-01
-4.207455001459874458e-03,1.126735806119852530e-02,2.754705450543903922e-01
1.075191277033871184e-02,-2.235449571027308541e-02,5.681459472318772796e-01
7.163567723859147994e-03,-2.547499591583677128e-02,6.061031052145531284e-01
8.254602166771199054e-03,-2.574247549695451304e-02,6.191703775242463070e-01
1.683232861466560371e-02,-2.011298706500840028e-02,6.006988083527485811e-01
-1.986954090436686762e-02,3.574831605601237056e-02,9.367446227741015319e-01
-3.840475042140420459e-02,-8.435885256873359994e-03,9.005838129034667849e-01
-3.879857003621480643e-02,-1.873540001568209466e-03,8.896688137146456787e-01
-3.235118437590534662e-02,1.879540363770910646e-02,8.569395224007212430e-01
-3.989281298851154664e-03,-2.645272879089198559e-02,6.127179922299950121e-01
1.497390606548854378e-02,-9.789373272856668334e-03,4.097468241886367823e-01
-2.620733216111238717e-02,2.524831308883177319e-02,8.334898910258162763e-01
3.293010129555936499e-02,2.246754775081281907e-02,9.130482857990158685e-01
3.783904695945879137e-02,1.194229549596551379e-02,9.087952967445879215e-01
1.138335105295001579e-02,-2.321809717448844804e-02,5.922564436464874404e-01
2.279839862463329050e-02,7.623024043565215617e-03,5.505855038506858312e-01
-2.867444217365417922e-02,-3.066439100497145992e-02,9.615568470718677263e-01
-1.640545871368810638e-02,3.262398164713920662e-02,8.363680146309296903e-01
-5.870968171696848426e-03,3.620196530570037735e-02,8.399940196967242700e-01
-1.656720710699600280e-02,3.308357185234739317e-02,8.474378018297610282e-01
3.750073516961662315e-03,2.778626514303380104e-02,6.421799192059717276e-01
-2.560369062632602069e-03,3.607170488881033393e-02,8.282564643486742817e-01
-3.469702236727002786e-02,2.292815943632905279e-02,9.525278905618134173e-01
-2.702209577425892378e-02,3.134120894342554142e-02,9.478022738118784263e-01
3.541798005627522228e-02,-1.663883669353204142e-02,8.962616004197970776e-01
3.212152986363008000e-02,-2.291260722602397534e-02,9.036922257880066756e-01
6.578524063667656741e-03,2.478617449240060749e-02,5.873516164319476651e-01
-3.311933731744608200e-02,1.165788088852128500e-02,8.041787991602920016e-01
-2.750528846372467598e-02,2.214808277656826752e-02,8.088235338201518188e-01
-3.640369296097619584e-02,-2.151089992033918333e-02,9.684658071768151855e-01
2.196644069158740567e-02,-7.973766760505559756e-03,5.352357997650575294e-01
2.911306004279829926e-02,2.774983949995196708e-02,9.211824622708552068e-01
-1.612134663567844212e-02,3.688376236505181566e-02,9.219469060851999132e-01
2.620124618546722933e-02,-1.169127960292793041e-02,6.571390578373161873e-01
-5.707612553470899248e-03,3.117580087062494718e-02,7.259111377214773064e-01
7.457418506423065321e-03,-8.626960681521762125e-03,2.611808099171965547e-01
-2.085178200055676917e-02,-9.267589432939628280e-03,5.226301183154762331e-01
-1.577020295849931170e-02,-1.685811784783510306e-02,5.287226199562045093e-01
-8.006427815959884717e-03,-9.428304399936873748e-03,2.833000547010537939e-01
3.938918317195417955e-03,-1.251380049640212367e-03,9.465943573065875583e-02
1.771115624584368572e-03,-1.319917047663713913e-02,3.050201629614340271e-01
2.130291102179545162e-02,9.974330881702034302e-03,5.387505575203774821e-01
-2.785991245355529805e-02,2.556406742399482124e-02,8.660217128574405621e-01
-3.510990060214104480e-02,1.452689520795536274e-02,8.702634678853610195e-01
-1.509619962950347130e-02,3.666126325782836926e-02,9.080825934204600491e-01
-1.080405454710591656e-03,3.933987424008920236e-02,9.013709876270241672e-01
2.755803556168922577e-04,-2.000983631397971682e-02,4.583440615548994845e-01
-1.000846338882601869e-02,-1.765816802674397001e-02,4.648845159344949240e-01
9.038050098272544996e-04,2.747334571689193867e-05,2.071009952313112787e-02
2.156460644764111867e-02,2.549384644195524380e-02,7.647829198579207954e-01
2.149428193042276017e-02,2.635771316435351827e-02,7.789749456339131184e-01
-2.251410123987186707e-02,2.659604460071003651e-02,7.981015339407185882e-01
-1.352671602391909353e-02,3.200955551491351664e-02,7.959128361697631604e-01
4.709785210866831127e-03,3.489224985980159122e-02,8.064113616397748929e-01
2.279949474244178514e-02,2.185772312112940069e-02,7.234026705355131037e-01
-1.713683463518591698e-03,-1.034031156217101767e-02,2.400624446462589490e-01
-3.292420197331108055e-04,-9.870426031192109512e-03,2.261956571094035362e-01
8.292571057409197505e-03,2.779734757670445852e-02,6.643905372659452135e-01
3.496834300642502613e-02,1.210145853438494498e-02,8.475106060161983201e-01
-1.789965088318951026e-03,3.023311345778413595e-02,6.936647019368347156e-01
-4.576203229229442978e-04,2.985285061870942419e-02,6.838230212300201449e-01
3.627119814019657412e-02,1.292216830700585774e-02,8.818937958265926635e-01
-1.779461654551472288e-02,3.863736016663893436e-02,9.742837534131646438e-01
3.120141819497573160e-02,2.317969432783130793e-02,8.902545846266577412e-01
2.250040381121986427e-02,3.157071576877258645e-02,8.879392211776039323e-01
-2.787376215527898743e-02,2.003034283783149128e-02,7.861569477335358380e-01
-2.045058040463841251e-02,2.755393042625133015e-02,7.859180504997550498e-01
-2.969473375524722333e-02,1.817071733464291697e-02,7.973511625341460629e-01
9.690129576303489756e-03,3.843295655782751064e-02,9.078073714374251812e-01
6.918066519974539613e-03,-3.286936981081074044e-02,7.693262394571183105e-01
4.765507761196176827e-03,-3.379413427379458074e-02,7.816708482038443595e-01
1.303566551593223106e-02,2.902939220573642898e-02,7.288416491568416866e-01
1.996686111762353139e-02,2.520343607196287236e-02,7.364508888095910866e-01
9.070553230939330455e-03,3.121030452100897329e-02,7.444104504157394997e-01
3.028254880500010331e-03,-8.421652829699951062e-03,2.049785469844369046e-01
-4.241927920327055387e-03,-8.256835826838126308e-03,2.126097356989318510e-01
6.495288188619204560e-03,-6.904456493058166999e-03,2.171154818561220334e-01
2.366173971406994835e-03,-2.915344960120777942e-02,6.699194434020843136e-01
1.301326300008403061e-02,-2.652407713837061365e-02,6.766780537361416492e-01
-2.057696472626623432e-02,-8.398018686379838532e-03,5.090297845680539224e-01
1.963489666990130000e-02,2.626152609729617490e-02,7.510189497637315137e-01
-1.703052922583452727e-02,-1.064169542145576401e-02,4.599522125982818399e-01
1.814129076218296346e-02,-2.595372926205471997e-02,7.252586827014003701e-01
8.229984263813818965e-03,3.468904999152255808e-02,8.165643189895703813e-01
2.118266068130788410e-02,-1.093529652288450539e-02,5.459970554681142785e-01
1.530976035256812438e-02,-1.834936017431082131e-02,5.473414311621237482e-01
-2.913971373750034663e-02,2.520631029574214518e-02,8.824583370327306886e-01
-1.912521792489719694e-02,3.301890715609522020e-02,8.739586524626822284e-01
-1.386864056055262147e-02,2.887203931979289828e-03,3.244544044753612799e-01
3.835503042955652059e-02,-1.010514772851956074e-02,9.084519175782908018e-01
1.882181729059481320e-02,9.308643434583336457e-03,4.809308936948707425e-01
1.260375749395262895e-02,-8.287677461248796340e-03,3.454904548347589865e-01
-3.092820009346850668e-02,2.419371378665291505e-02,8.993598458081264457e-01
-1.603490727911854180e-02,-1.490628900211700587e-02,5.014385491232241643e-01
1.175135459103291563e-02,3.169158207171141051e-02,7.741509038549899691e-01
1.056057553329682076e-02,3.141973394696490757e-02,7.591917481480805474e-01
-7.179021696696560092e-04,3.292253740090356207e-02,7.542293292702445529e-01
1.664472097939540332e-02,-1.627068734921021179e-02,5.331128819521402384e-01
3.408400089156965462e-02,9.445397300475182403e-03,8.100730798997766158e-01
-2.566677892752411774e-02,2.674461345343591423e-02,8.490033510763509428e-01
3.888311688339782246e-02,-1.074599982644424377e-02,9.239542795875628212e-01
7.370940611629749756e-03,-1.601413533550181609e-02,4.037715579763272999e-01
-8.854575555923135596e-03,-1.895359405521978430e-02,4.791444957768500323e-01
-3.990929214867602881e-02,-4.522777208933510644e-03,9.199240090221281196e-01
7.531715593960291999e-03,3.346004874646631155e-02,7.855362545418442810e-01
-8.596453730391678122e-03,-5.160470213510414544e-03,2.296431973396706461e-01
-2.590362345919288919e-02,3.000375822651444452e-02,9.078745317947602977e-01
3.293330470999792248e-03,-1.352608323151331324e-02,3.188488418144700409e-01
8.339441751590284321e-03,-2.202045035949071888e-02,5.393078247953899673e-01
-1.558847270214593463e-03,-1.106605463835445141e-02,2.559566970535671615e-01
-2.193426337362150912e-04,-2.320076755133625851e-02,5.314086876593381303e-01
-1.486869472285513340e-02,-8.796498392264313296e-04,3.411445464210653422e-01
-3.793344200794044729e-04,-2.255333746301152464e-02,5.166294136209794718e-01
7.852548424504942476e-03,-2.083973834722001664e-02,5.100690756724168828e-01
-4.180400258983265629e-04,-2.189165596837656935e-02,5.014927659173369356e-01
-1.298765158161608278e-02,-2.846628515414918736e-02,7.166384687528398745e-01
-1.334923871975938862e-02,-7.683969070865093870e-03,3.527816049257505582e-01
3.318774037873625793e-02,1.373361201770731919e-02,8.226368816082414437e-01
2.116963060386586187e-02,8.658698085687033252e-03,5.238538884057682976e-01
-8.946720240355325940e-03,-6.075335093184824724e-03,2.476928670905189644e-01
3.111611858695797345e-02,1.900166724737232388e-02,8.350538890293156546e-01
-2.819245543117796307e-02,3.281440767147466436e-02,9.908625066419153304e-01
-9.216570520010125556e-03,-1.947269943889277238e-02,4.934319526625285945e-01
1.749954474181533715e-02,1.519183049178403876e-02,5.307676642708669679e-01
-9.504943235598023801e-03,-6.639777604122528397e-03,2.655558945437848650e-01
-3.705884028552233755e-02,1.092764507321565028e-02,8.849189479984451712e-01
6.948782108379184669e-03,2.379368766357452605e-02,5.677293935359066790e-01
7.769792735779081083e-03,3.671090888361318999e-02,8.594439302402692160e-01
-1.844100498346231548e-02,3.265711061288740363e-02,8.589851200920679553e-01
2.337452350002001966e-02,3.325690535183732643e-02,9.310289424847879580e-01
-3.811269571913605825e-02,3.586435599101536840e-03,8.767805848961051085e-01
-4.575653806753637691e-03,3.693051119089819229e-02,8.523153333059919623e-01
8.347608597330814437e-03,-2.133979185332370715e-02,5.248258245241321784e-01
-5.588917900465044213e-03,3.222550356105809578e-03,1.477618361266869740e-01
1.283720571201915107e-03,2.530381140567534409e-05,2.940774630730719555e-02
1.248246799088907838e-03,1.364087700093746104e-05,2.859125909003115695e-02
1.284246021548668621e-03,3.894056262588298586e-05,2.942758843392101128e-02
3.683251553266751743e-02,-5.805477220418625919e-03,8.540180491618130088e-01
3.651677593757014090e-02,-5.805476530249124509e-03,8.468753591600131081e-01
4.066476513323676045e-02,1.538869409198909827e-02,9.958358744774653548e-01
4.136666251768814778e-02,1.276377347764582650e-02,9.915279725508959752e-01
4.210299626438581549e-02,1.082812264095059374e-02,9.956977192394487197e-01
3.774224089524125247e-02,2.158526356485462872e-02,9.958267406027845325e-01
3.331658060192979002e-03,8.423751051620798882e-05,7.633190208408857647e-02
3.643612898747706531e-03,8.423759134449111522e-05,8.347475525659336926e-02
3.131349031485565308e-03,-1.607355251870462348e-04,7.181410827884586456e-02
3.256011283760584536e-03,-4.103643378476606852e-04,7.516486985520616504e-02
3.255296435399884520e-03,-2.504072948618933279e-04,7.477880819489471365e-02
7.449662171676115288e-03,-4.093510800490161167e-02,9.529674555631358901e-01
3.252916019942865729e-03,-4.170823721252765043e-02,9.581766471753243586e-01
9.425817086983903983e-03,-4.076586754242893240e-02,9.583254051488689917e-01
2.062447124605560050e-03,-2.245101722671371026e-05,4.724060407804973882e-02
2.040917170548304811e-03,-1.338390862154744980e-05,4.674569348610117109e-02
1.892769703999305992e-03,-9.067433867489771315e-06,4.335205098297418430e-02
8.376807546279416671e-04,3.825585993057059109e-05,1.920604075477715805e-02
7.349304553889858104e-04,3.317399679231343326e-05,1.684981462264609209e-02
6.450000407891587914e-04,1.734183141854962016e-05,1.477826832801621727e-02
2.974417731616051195e-03,-3.617938206191131727e-05,6.813040579504175964e-02
2.662528131099747754e-03,-3.617937725137797083e-05,6.098754977516742531e-02
3.754644966120582530e-03,-1.077406457142958190e-03,8.946600019127796954e-02
3.558731758683353428e-03,-1.551655494328978884e-03,8.891915097880163932e-02
3.712103088279748546e-03,-2.416360540143453394e-04,8.520107604774967980e-02
2.352786854258203612e-03,-1.338390942279004157e-05,5.388855037547646970e-02
1.398962108738626949e-03,3.208516025309170953e-05,3.204992616546124828e-02
1.362798503611825553e-03,6.782662591694038273e-06,3.121360399968371724e-02
1.761934421654241453e-02,1.349643726984937203e-02,5.083372526246732193e-01
1.593012039420968473e-02,1.500393216243425809e-02,5.012141053506075083e-01
1.883611923861313112e-02,1.124198151118095679e-02,5.024135764931336734e-01
2.149771457960132290e-02,4.850398598845100800e-03,5.047556039378727766e-01
2.063507114132570597e-02,6.795837504385502867e-03,4.975916564558707234e-01
-3.176952330746358327e-02,-1.773179319490678085e-02,8.333065726203743306e-01
-3.250025844500025601e-02,-1.705760038101471199e-02,8.406738239501734267e-01
-2.904379133602006183e-02,-2.214550485454991682e-02,8.365254139223310403e-01
-3.560380358842119702e-02,-7.712528195739924881e-03,8.343744405701897238e-01
-3.409723868971173411e-02,-1.237766317366688698e-02,8.308191333102088461e-01
-3.527094267787968251e-02,-7.869238196662941762e-03,8.276992148224719958e-01
-3.136268364971752515e-02,-1.786028072061136493e-02,8.266348019926635926e-01
3.859454389695092611e-03,-3.665512930381121387e-02,8.441813135484931285e-01
-9.383387208488909274e-04,-3.666361989528491711e-02,8.400099270336558455e-01
-6.075157016669704979e-04,-3.692936395108790959e-02,8.459359371748138567e-01
-2.365384491750050985e-02,-2.728647437521096800e-02,8.270942865656769616e-01
-2.410949416537392156e-02,-2.653489678019435929e-02,8.211466176190390653e-01
-2.852087888123069556e-02,-2.187328444437882172e-02,8.232242640391971289e-01
1.249259403219739328e-02,-1.043577749535599952e-02,3.728254368036496569e-01
1.540482260928667524e-02,-5.624826512811191385e-03,3.756128398231497467e-01
1.513150087211768621e-02,-5.474902759761623647e-03,3.685563038713164374e-01
1.573636710950251233e-02,-5.624851531161048461e-03,3.827548884407428464e-01
-3.238364186115835069e-02,-1.033345887634083173e-02,7.785530756037486455e-01
-3.072246681152102435e-02,-1.458495352702812199e-02,7.789270087795648889e-01
-3.152772108362496273e-02,-1.206668352916588811e-02,7.731851423795214062e-01
-2.877349872114254650e-02,-1.843862073230674581e-02,7.827249076129257910e-01
-2.746434374212235185e-02,-1.994263076405845131e-02,7.773791418612097104e-01
-2.841810371716863709e-02,5.230822268991916837e-03,6.618158367637480000e-01
-2.809433962516845809e-02,5.754938848476657230e-03,6.568276218911303088e-01
-2.647081833673659013e-02,1.127159912553190452e-02,6.589573641896565581e-01
-2.855886997705295652e-02,6.075853880013996769e-04,6.542536758009029896e-01
-2.759846838237716218e-02,6.861395979353934922e-03,6.513511243272027684e-01
-3.178430317973394981e-02,-3.641170593554171088e-03,7.327415586159560235e-01
-3.062849498912520799e-02,-9.199737176726138430e-03,7.324693941103441741e-01
-3.126244000927438232e-02,-5.683678210482520470e-03,7.277648899552886519e-01
-2.984063532604000826e-02,-1.215229361955416296e-02,7.379640733603998193e-01
-2.876351798729671547e-02,-1.403273228005736187e-02,7.330126587444011355e-01
-2.524586414706892629e-02,-2.495692950144333053e-02,8.130681882865512522e-01
-1.975293844065802162e-02,-2.970139837638940267e-02,8.169781976110902511e-01
-3.021772200547902763e-03,-6.089783199812435349e-03,1.557061366184823714e-01
1.915977290657572794e-03,-6.625895767106548123e-03,1.579753315904336153e-01
5.004606962631013949e-03,-4.530919255312333346e-03,1.546221662685882126e-01
5.479478173053467689e-03,-4.496053624676152674e-03,1.623409777457961445e-01
-2.388297318332060527e-03,-6.722305328951988512e-03,1.633944954777564185e-01
3.918095199539111707e-03,-2.526884388277240729e-03,1.067831783004397350e-01
4.223556769671199008e-03,-1.575610194854736154e-03,1.032474194723414090e-01
3.643498097773564207e-03,-2.701608513129527891e-03,1.038876201078079431e-01
2.901882415089748757e-03,-1.271511012164909613e-04,6.652780633685706491e-02
2.760511888839379049e-03,-7.556544320632932910e-05,6.324980095132540225e-02
2.832577137352430829e-03,-1.303599591464991254e-04,6.494535055772367171e-02
1.266345247248413033e-02,-4.088945864083524256e-02,9.804071431963312655e-01
7.094166567527772881e-03,-4.224879426418341050e-02,9.812032548203667437e-01
9.067254850029389177e-03,-4.214717848106202397e-02,9.874152454112623545e-01
3.341687335191117353e-02,2.633905873869491973e-02,9.745366371012258444e-01
3.614110293028801463e-02,2.281847230477548547e-02,9.789483088847755754e-01
3.239480720419261189e-02,2.801220374994360662e-02,9.808875779092026681e-01
4.737765820783642993e-03,-4.228021958270114511e-02,9.744370358934358878e-01
1.027420213899077946e-03,-4.283985010618588524e-02,9.814760217053899449e-01
-1.036780190121770751e-02,-3.588128256892134105e-02,8.554357915568312487e-01
-1.042468283226524392e-02,-3.563978518989176919e-02,8.504881819183363056e-01
-1.512167520678998379e-02,-3.399589306265512340e-02,8.521880862584038097e-01
1.522278324810795100e-02,-3.945861746277667947e-02,9.686737687810383912e-01
1.258930639767738731e-02,-4.013138482552103953e-02,9.633255948294378035e-01
8.011761691209732736e-03,-4.153539205593582279e-02,9.688528680479338018e-01
1.960096067121728462e-03,-4.226724487239815614e-02,9.691194526132844711e-01
4.637122405088245206e-04,2.703973840358923607e-05,1.063879760444946809e-02
2.711097875694459206e-04,6.129364092629244579e-06,6.211021757055654006e-03
3.047307132452550197e-03,-9.099700165637079690e-05,6.982591940778265505e-02
3.855047078533008990e-03,2.762407474781040147e-04,8.852148916966516567e-02
3.883500712736606512e-03,-1.065118814825107658e-03,9.223154962895863118e-02
2.905278873356953884e-03,-3.939306085284064346e-05,6.654794274678947630e-02
2.593382942067793111e-03,-3.939307738874332939e-05,5.940508700325829172e-02
1.655400867608877377e-02,-3.841949315766018253e-02,9.581586195130101791e-01
2.040582101645414120e-02,-3.714361067878310663e-02,9.706564350706429201e-01
1.615073514957368964e-02,-3.944056020381022515e-02,9.761422676380889785e-01
1.813481533063228054e-02,-3.733145571947412561e-02,9.505777695977036812e-01
2.103464874977702126e-02,-3.603242073679481516e-02,9.556091612474735264e-01
1.313477346889460086e-02,-3.301322461908808015e-02,8.137754228359111996e-01
1.011577051684093599e-02,-3.381146146817255727e-02,8.083256889037881976e-01
6.492403245312445594e-03,-3.495792406281390818e-02,8.143594013119604957e-01
1.461372994829982473e-02,-3.273729173272221099e-02,8.211219953269058847e-01
1.792340790502101183e-02,-3.074647010311207934e-02,8.151275996603608576e-01
2.648048908398900614e-02,-3.202304520804449134e-02,9.517311709207734172e-01
2.513788725065275315e-02,-3.350107872178183926e-02,9.592920732417633545e-01
2.958600432504237404e-02,-2.982397289352903963e-02,9.621765350299610331e-01
2.451529040108072280e-02,-3.432137920957918642e-02,9.660276517715082889e-01
2.883486924420723685e-02,-3.187464897915874562e-02,9.844471484144633466e-01
2.756760887356469319e-02,-3.266088274687316967e-02,9.789065967901398047e-01
2.270893484847374966e-02,-3.645256626944742839e-02,9.836588184905384891e-01
2.877148260621784776e-02,-3.226131175858568123e-02,9.900655555384704209e-01
3.293966100800246183e-02,-2.767393847785930283e-02,9.853593208755363486e-01
1.261313795851806783e-03,-7.477770245980729612e-03,1.736884228833254495e-01
5.550222163036775541e-03,-5.281735940917081304e-03,1.754818607952257914e-01
5.876192374334271613e-03,-4.497317039072220961e-03,1.694808968624949286e-01
5.972598528277658567e-03,-5.282362620849034157e-03,1.826211434373578024e-01
2.488808722508807289e-02,-3.558523411427322314e-02,9.945947393066120190e-01
2.948987819763756665e-02,-3.192822102947457524e-02,9.954747527585667832e-01
8.024371051027847507e-03,-3.767728639328044027e-02,8.823059783223230479e-01
1.018417700017750643e-02,-3.736607988274061320e-02,8.870416941046735948e-01
1.412139768525243200e-02,-3.594775354365169900e-02,8.845880390818519068e-01
-1.777025911887707491e-02,4.345656149433490471e-04,4.071275313214490765e-01
-1.794169057951864807e-02,-2.111643596500518971e-03,4.137686163062420097e-01
-1.718492560650903070e-02,-5.097445526814791371e-03,4.105499936224229485e-01
-1.798551343242351525e-02,2.694900245483554998e-03,4.165345455267336905e-01
-1.810594334718516538e-02,-2.885136787991103308e-03,4.199261591039634145e-01
1.678150795259176001e-02,-3.437704037715925282e-02,8.761700467568095396e-01
1.398213263500100445e-02,-3.541347452024752596e-02,8.720333779635708327e-01
9.091700069217790656e-03,-3.713823083137202108e-02,8.757230719786092132e-01
5.014066403980613901e-03,-3.801383712230765877e-02,8.782011807724607877e-01
1.875788323859731155e-02,-3.357797354833515907e-02,8.809285152603576474e-01
3.695620480552240950e-03,-2.047964949693600444e-03,9.677151609547095246e-02
4.041870486580863633e-03,-1.203309810704860944e-03,9.658947681699890653e-02
4.277892127655518253e-03,-9.096446313721890482e-04,1.001704360078763123e-01
-3.151485011904189750e-03,-5.695942753019844242e-03,1.490956355068100980e-01
-3.304073248845488739e-03,-5.747189359854673607e-03,1.518350123498984627e-01
6.434660739415662845e-04,-6.496567156436146989e-03,1.495239375977142626e-01
-2.543820088770057386e-02,-2.949210408395070218e-02,8.920380903148584784e-01
-2.209493834248894145e-02,-3.175909630370235548e-02,8.861201674215350987e-01
-2.639477679168546198e-02,-2.825364710796903281e-02,8.855653846988176259e-01
-1.765471389747917327e-02,-3.462170658672925755e-02,8.901145570026985920e-01
-1.881850655995943866e-02,-3.367901717708932097e-02,8.836260837080782693e-01
-2.626758685874236096e-02,-2.697984139430812181e-02,8.624409681487954504e-01
-3.079841958573288629e-02,-2.180500466262391343e-02,8.642950343905694277e-01
-2.640748741310219166e-02,-2.719614224226481192e-02,8.682266036299439715e-01
-2.227825953061527212e-02,-3.019588282311629068e-02,8.594597012402668268e-01
-2.733368030446892138e-02,-2.545577358571319074e-02,8.554875263475220093e-01
-2.736694086577930868e-02,-2.664609119002819826e-02,8.748409871712943264e-01
-2.208361426398814525e-02,-3.106854943309862727e-02,8.730333749488256023e-01
2.112915332924192313e-02,-7.806788884240355685e-03,5.159131392442365405e-01
2.125846459131748925e-02,-6.527397278033079953e-03,5.093342410706218626e-01
1.770537990263457498e-02,-1.357991445540076073e-02,5.110643385440224451e-01
2.093203223564408036e-02,-6.527420190672589620e-03,5.021919912794665652e-01
2.929949767039898706e-02,-2.346447838559793247e-02,8.597435105902252461e-01
2.884902383839179490e-02,-2.451264629403124631e-02,8.670628779104838646e-01
3.182480164387634092e-02,-2.045220366597858691e-02,8.664499757540857772e-01
2.365704869988872680e-02,-2.952030555572227044e-02,8.664480864272331440e-01
2.682445546182811447e-02,-2.708629162724990325e-02,8.731168389059074109e-01
1.757887718555178891e-02,-9.644146531692930277e-03,4.592341987088700006e-01
1.952204868144914035e-02,-4.957389857388650942e-03,4.613196488015748886e-01
1.922692409093878022e-02,-4.997747873512619309e-03,4.550028270733109670e-01
1.984363242051761719e-02,-4.957396686659722336e-03,4.684620943460411913e-01
1.948324824203878300e-02,-1.174890309283851790e-02,5.210964985379019643e-01
2.225697051123570747e-02,-4.347771761576890368e-03,5.194036020723803437e-01
4.619879407140966253e-03,1.615169365481785094e-02,3.847699642952435717e-01
1.140638760616321731e-02,1.220809972367646601e-02,3.826665963909513524e-01
8.622296421589055113e-03,1.466754172886212959e-02,3.896877497281575620e-01
5.930753285696080054e-03,1.627783527146310638e-02,3.967985703411260334e-01
1.245785944798482626e-02,1.190809314622204469e-02,3.947169756655912742e-01
-1.043935157131090216e-03,1.742418241271370336e-02,3.997950086129947178e-01
-8.968416011237077129e-03,1.511126302663270103e-02,4.024699029567996855e-01
-6.993906621039734650e-03,1.574015238183780474e-02,3.944950899911549569e-01
3.800243838751727818e-03,1.725620936831098740e-02,4.047028715011536382e-01
-1.810242500018614809e-02,-3.298501833815434964e-02,8.617750584182113371e-01
-1.946550509508932977e-02,-3.184306333450325627e-02,8.548004952537369139e-01
-2.872219262543413906e-02,-2.553225588527787207e-02,8.801903809166083947e-01
-3.140634277232547122e-02,-2.259572059033604016e-02,8.861493101606485734e-01
-3.209794410913987400e-02,-2.075300465978735173e-02,8.754408901091806916e-01
1.625097758767303849e-02,1.230116435727708624e-02,4.668172412606249044e-01
1.213687110629845314e-02,1.632309381332574735e-02,4.658802877879196225e-01
1.388512245776966740e-02,1.457767527126139530e-02,4.611030551786332587e-01
9.272326326096740762e-03,1.881335931434483660e-02,4.803889557304864555e-01
1.039607810812761927e-02,1.793113545792832803e-02,4.747238787065586885e-01
1.389048281833765025e-02,1.553054062738738229e-02,4.772252273318743909e-01
4.748015286173330220e-03,2.010428248800789214e-02,4.731309429743285055e-01
9.952014222957114922e-03,1.794147962506592933e-02,4.699120864003077380e-01
6.770799860935918998e-03,1.910568025601078190e-02,4.642581123089205564e-01
1.052996615573287102e-02,5.816711042995238029e-03,2.755260305448840596e-01
1.088475019862974492e-02,5.816810484575035863e-03,2.826672390110546718e-01
5.979531871154233555e-03,1.031283967361094032e-02,2.730350422286429435e-01
1.003978623620145616e-02,6.077612159228215280e-03,2.687995499467533134e-01
1.162658410003066661e-02,4.819436023400862704e-03,2.882640866363964660e-01
7.901892839416864781e-03,9.630436753801456182e-03,2.853199052142817438e-01
-3.275925566539811956e-02,-1.083977503184828731e-02,7.903191654942065547e-01
-3.113431568534291358e-02,-1.538497571011030601e-02,7.954049730111575345e-01
-2.979771133742179293e-02,-1.731943116399709340e-02,7.893882716901017282e-01
-2.610873861058025241e-02,-2.239673201278663886e-02,7.878628477614582071e-01
-3.260858716064246252e-03,-3.913025337644868151e-02,8.993366835992709918e-01
-2.161106883180345033e-04,-3.904860259138496353e-02,8.943737355926897337e-01
-7.879019958693105063e-03,-3.828521834586139094e-02,8.952521790050953499e-01
-1.609088981281251232e-02,-3.567706815872413034e-02,8.964037380655942577e-01
-2.261661984112431703e-02,-3.205024256466797172e-02,8.984378404920355665e-01
-1.783069648261192616e-02,-3.512557205969198126e-02,9.022280063737569966e-01
-6.405144831450288595e-03,-3.906265743094973486e-02,9.066296074271910088e-01
1.283223441402923980e-03,-3.952569965629346843e-02,9.057643241554853564e-01
-1.363702426766734595e-02,-3.718486557518242003e-02,9.071402502573624460e-01
-2.041596070026248030e-02,-3.404161397253865212e-02,9.091505219945602567e-01
-9.287514932545476790e-03,-3.878849742746988405e-02,9.135144611996472985e-01
5.084924086147531164e-03,5.303199156071692656e-03,1.682770287233915363e-01
4.624314760486066510e-03,5.302211613043531120e-03,1.611385875388958167e-01
-8.587217374519325345e-04,7.470974905693488106e-03,1.722400769137533705e-01
4.853136028138353708e-03,5.911218445011264151e-03,1.751732827709393259e-01
9.673649937470468751e-03,6.077364223085922161e-03,2.616587154139160543e-01
9.692423246379500493e-03,5.474846163283789494e-03,2.549601760734359068e-01
5.443151918300205214e-03,9.942498556357025688e-03,2.596131270660816392e-01
9.031436186915963935e-03,-4.034381512444511902e-02,9.468955899209583471e-01
1.412362868607660617e-02,-3.878519566009137887e-02,9.453925049542757364e-01
9.685484217101225299e-03,-3.984343087149177370e-02,9.391402972929954185e-01
1.872670949524151210e-02,-3.665865090874310256e-02,9.428304792477326668e-01
4.173397744299386578e-03,1.442200797956881759e-04,9.564358048204114893e-02
2.534333738022379046e-02,-3.412210991446458508e-02,9.735051854131027138e-01
1.617558931637092662e-02,-5.363925354609378610e-03,3.903203418763557808e-01
1.334526397207402328e-02,-1.039498763855076398e-02,3.874406277510745178e-01
9.326698715787071561e-03,-1.396276441009293434e-02,3.845828685042557704e-01
1.001209195797887232e-02,-1.388833469549658264e-02,3.921348248104177814e-01
-1.036188254755960290e-02,2.057318776922658493e-02,5.275949210396525535e-01
-1.378134866456481172e-02,1.832698980799571734e-02,5.251929461575050029e-01
-8.709194009569475384e-03,2.108242988737498574e-02,5.224463440436962758e-01
-1.109886877995660236e-02,2.052407313591517179e-02,5.344104092500235881e-01
-5.662111809849620578e-03,2.251346898623353063e-02,5.317008395242076579e-01
-1.715638259278821562e-02,1.597629644855322328e-02,5.369375006417721474e-01
-1.337559890228266941e-02,1.946669109954586238e-02,5.409647887391144661e-01
9.773529850297174235e-03,-3.801693423801436739e-02,8.990447665769862873e-01
1.554747186126513407e-02,-3.582572217670088738e-02,8.944811187988163104e-01
1.043640306325703190e-02,-3.760715519893360892e-02,8.938975065725398572e-01
4.184424203900703569e-03,-3.870447507816904970e-02,8.916438566657687304e-01
4.949670960435958826e-03,-6.182706321359985767e-04,1.142470984701584036e-01
4.158556816256107729e-03,-2.472866858993061790e-03,1.108141489520700351e-01
4.442842662355699600e-03,-1.918731660965034133e-03,1.108418785599449008e-01
-4.762650691626315897e-04,-3.874705873537922368e-02,8.875205866825324197e-01
-2.187643157588786171e-03,-3.842295384615437154e-02,8.814555651666365899e-01
-6.565722035870801519e-03,-3.804333379775599877e-02,8.842170525278381099e-01
-1.093254777227548264e-03,-3.818154740836210426e-02,8.748596176668499425e-01
2.314194471699888169e-05,-3.791759591547999575e-02,8.684558887551305784e-01
-7.151825368510251503e-03,-3.738353250783241905e-02,8.717514698148468577e-01
5.161808181684567065e-03,-2.412133647862644507e-04,1.183538595946105887e-01
5.094198283074774861e-03,-8.571534204485789857e-04,1.183164460794050160e-01
-5.656245031560052164e-03,-4.058633501228940677e-02,9.385636990567447491e-01
-1.429312053190745502e-03,-4.116216795973965531e-02,9.433368453079458149e-01
2.233059891658347221e-04,-4.086033116308544072e-02,9.358694208565081496e-01
-9.804756013581578111e-03,-3.960525242363361481e-02,9.344930743133491591e-01
-1.140287650509904174e-02,-3.951527536137069974e-02,9.419777705208026708e-01
-3.041326943933041552e-03,-4.134114856695333268e-02,9.494267614149864976e-01
2.851170368081309015e-03,-4.123750544474834301e-02,9.467489810411453544e-01
2.494633792040567427e-02,-3.069540540935117301e-02,9.059380824706039226e-01
1.898922616869809163e-02,-3.472138865128649582e-02,9.064121565014925386e-01
2.073399822743726348e-02,-3.398519533796567904e-02,9.118150398468486406e-01
1.588757669455198931e-02,-3.686142831838605527e-02,9.193458486258723195e-01
2.188853351566654934e-02,-3.388884847218017610e-02,9.240078344813098532e-01
2.041569800188958173e-02,-3.443984955476409038e-02,9.169816409225332032e-01
2.623479925251663916e-02,-3.021620461768589200e-02,9.165180716096472668e-01
1.460811481581245942e-02,-3.675957274850920331e-02,9.059773174672609564e-01
1.927530764641899666e-02,-3.424554494085221140e-02,9.000611133209387438e-01
-2.265537911386812306e-02,1.194143463260757300e-02,5.865618422158311862e-01
-2.125900143198998157e-02,1.481974723646950487e-02,5.935434944941072599e-01
-2.452689433820407286e-02,8.118397598199893553e-03,5.917319481139236004e-01
-1.707391250078293954e-02,1.952329513981130790e-02,5.940327013832757963e-01
-2.024597180451675679e-02,1.656449820451059290e-02,5.991346534556224457e-01
-1.633418324813075764e-02,2.078060917064310231e-02,6.053874073598922712e-01
-2.076849108755156673e-02,1.631397706688371071e-02,6.048832315827650241e-01
-1.512688525389801510e-02,-2.869236932951230168e-02,7.428996967041429089e-01
-2.140341491374724361e-02,-2.434222420204067497e-02,7.423965277831723331e-01
-1.779429803074583996e-02,-2.739766876407057419e-02,7.482451271014812777e-01
-1.279744220587492737e-02,-2.953979994622337943e-02,7.373356093370900810e-01
-8.501765899457199363e-03,-3.131740952219617957e-02,7.432475413896610927e-01
-9.103526034020250832e-03,-3.070179553884595097e-02,7.334479659706417687e-01
-1.566244862898669502e-02,-2.791435258895435048e-02,7.331077754342012476e-01
-2.858576276621311793e-02,1.433881770120126048e-02,7.324721358613855982e-01
-3.016244128376747644e-02,9.881710952408882809e-03,7.269631644608944843e-01
-2.800447214995189366e-02,1.489632537659068071e-02,7.265047607800633189e-01
-2.205822058885572104e-02,2.307149666486918785e-02,7.310783853287750045e-01
-2.432778141784028639e-02,2.029556759896711943e-02,7.256377828654663187e-01
-2.043261427166952193e-02,2.415814295233797981e-02,7.246816557715390905e-01
-2.684718867268847536e-02,1.636054441921609010e-02,7.200817688301502928e-01
1.477136451302159476e-03,2.299406511525907762e-02,5.277362393279637631e-01
5.485517519659498893e-04,2.271232488281369963e-02,5.203494647395363604e-01
6.820687022744956717e-03,2.180403597940475113e-02,5.232584454679137798e-01
2.885403632914386451e-02,-1.728235814432279790e-02,7.703416275176716566e-01
2.936888026220919531e-02,-1.692034641696112812e-02,7.763090191340203949e-01
3.171154859745323878e-02,-1.155610558329731030e-02,7.730371684838690527e-01
2.963374140111071572e-02,-1.520267190568996840e-02,7.628294548437302147e-01
2.664896271659033741e-02,-2.021736470009693337e-02,7.661331997940258320e-01
2.707626152255645721e-02,-2.064786550084262221e-02,7.798919795501457752e-01
3.056601973563384186e-02,-1.526799137448980360e-02,7.825560525122602362e-01
-1.660014335299458965e-02,-3.008551768755188607e-02,7.870045576339960158e-01
-1.274011455696126560e-02,-3.209344951940567431e-02,7.908600998247422575e-01
-1.089201274822311494e-02,-3.250204491302306764e-02,7.851078308242674941e-01
-1.522563738670898621e-02,-3.128827691106259717e-02,7.969642606721345501e-01
-9.399742212036458697e-03,-3.341715123338243748e-02,7.950811042062093659e-01
-2.386342212866008738e-03,-3.119244923015183218e-02,7.165121993406511347e-01
4.592878553905469126e-03,-3.108592187952715843e-02,7.197138237007558725e-01
4.233646930131156755e-03,-3.084074873608123532e-02,7.129937245008837188e-01
2.207794097777378110e-03,-3.168664372082882763e-02,7.275029684398192087e-01
8.729548702561129234e-03,-3.038243909696659167e-02,7.240262586548233958e-01
8.233244085275724655e-03,-2.986871134349334406e-02,7.096199521079964434e-01
1.334055154174212249e-03,-3.081242229205869917e-02,7.063816389058186207e-01
-3.558340222374875572e-02,-1.753623126454653333e-02,9.085892098343439915e-01
-3.395996162539365731e-02,-2.109605073367444919e-02,9.156701897334367235e-01
-3.136449145592934418e-02,-2.446250546318976329e-02,9.110245897407647231e-01
-3.725744528114253995e-02,-1.491390986315551184e-02,9.191637923224881268e-01
-3.358773354524821619e-02,-2.215524281440674204e-02,9.215715453485321396e-01
3.893738139180865504e-03,-2.717867992434367438e-03,1.087579298841184483e-01
4.448658346113351821e-03,-1.579009688838559251e-03,1.081189536000362328e-01
-3.458798009168401882e-02,-2.108572845074894314e-02,9.277965474901183063e-01
-3.030026379191189806e-02,-2.665848007415656459e-02,9.243536834031182980e-01
-1.539041139190078927e-02,-4.064026116238990405e-02,9.953249183872735495e-01
-2.158617478271298434e-02,-3.771602181689170247e-02,9.953158671882570419e-01
5.508798853213900219e-03,-9.065317184780073657e-04,1.278692114572678729e-01
5.677947661536782847e-03,-6.677611414449285835e-04,1.309426416388483616e-01
5.473992370681497223e-03,-2.412135076198872283e-04,1.254967027664779244e-01
-1.103693089589394489e-03,-3.767470502250980929e-02,8.632628059260447628e-01
4.983153705372929919e-03,-3.749877663366654040e-02,8.664134777409167043e-01
-1.631225624570196639e-02,-8.762401547152439199e-03,4.241029012775007767e-01
-1.813794797079847088e-02,-4.271126841241945117e-03,4.267898274125138114e-01
-1.839072035416094986e-02,3.333794638685938071e-03,4.280815994041454742e-01
-1.865009815408748620e-02,-2.864881121568385678e-03,4.321678407900448327e-01
-1.905403069798356983e-02,1.642602351857805430e-03,4.380276918318646295e-01
-1.812947662791584633e-02,-5.913633292162229042e-03,4.367652495642189714e-01
3.303002612182517200e-02,-6.080218106719126672e-03,7.692227793701521543e-01
3.337031538631687888e-02,-5.653867095187432509e-03,7.751982928702949582e-01
3.271288270587731362e-02,-6.080214554974838238e-03,7.620801489201147749e-01
2.389447755370711912e-02,-2.033987368291600636e-02,7.187026889057362977e-01
2.794818808056432485e-02,-1.457959199872824879e-02,7.219831188632456209e-01
2.630956725065223059e-02,-1.690474159850785529e-02,7.162559431933005483e-01
2.589452055809928627e-02,-1.640302821651568044e-02,7.020613248241397431e-01
2.200470987358827887e-02,-2.155813851071397211e-02,7.055551697851030202e-01
2.574773336493292597e-02,-1.722394073637409720e-02,7.095030245018278947e-01
2.909624661057692158e-02,-1.104579910495199178e-02,7.128192193568925195e-01
1.352830968401148512e-02,-1.388237256899368423e-02,4.439642134827693210e-01
1.254835741522112441e-02,-1.433827197200369767e-02,4.364037815438394086e-01
8.781116260939289542e-03,-1.717010821267228940e-02,4.417046968374617189e-01
1.407144529329134967e-02,-1.377789651144338892e-02,4.510565062820672821e-01
1.679342956515078242e-02,-9.842114488174317707e-03,4.458219547544615691e-01
1.802470469298232680e-02,-3.229598569549014392e-02,8.471051960268378700e-01
1.388738342604829180e-02,-3.453489493156765289e-02,8.525366068800878105e-01
1.853470513841680434e-02,-3.237065260632193686e-02,8.543425210778177181e-01
2.051397537752503580e-02,-3.145182411130042349e-02,8.600479627338657451e-01
2.417505423998373565e-02,-2.842507438980394763e-02,8.546567356337467780e-01
1.790862780861022033e-02,-3.330728640209117131e-02,8.661422500997978391e-01
2.393963785733759300e-02,1.554618409649808665e-02,6.537771858128005320e-01
2.662591100227596624e-02,1.101483683787117529e-02,6.599567199275029328e-01
2.363801742470426209e-02,1.654827843766605230e-02,6.608843297978012066e-01
2.590999309664590231e-02,1.115603175210273801e-02,6.461073858257566638e-01
2.283046164537996109e-02,1.663889077393895452e-02,6.470395511582593961e-01
2.329055146426441125e-02,1.759109086517947687e-02,6.684982067431765040e-01
1.950572070864816168e-02,2.135167865525463421e-02,6.623772646639667361e-01
-2.638262655769247830e-02,-2.558200367160695307e-02,8.416882660257655191e-01
-2.542510535918125411e-02,-2.608730081452138860e-02,8.343333610470500261e-01
1.799816507134512425e-02,-3.893239986763490090e-02,9.823728372122542130e-01
3.516768087265207537e-02,-6.221319297594323644e-03,8.179789248335460616e-01
3.478399214338610129e-02,-6.585999537450947829e-03,8.108390740895130566e-01
3.325921155765185905e-02,-1.259867290508116626e-02,8.145828825643367521e-01
3.446654753013173034e-02,-6.585999100264072585e-03,8.036964563187138921e-01
3.428073427903102766e-02,-5.968263087807954177e-03,7.969684078461911625e-01
3.270552967599619359e-02,-1.235093965822630160e-02,8.007142618212695906e-01
2.552209552445488389e-02,-3.143254039202173639e-02,9.273570217506734714e-01
2.984239697210749193e-02,-2.764936522017440515e-02,9.317796967530209695e-01
3.020953903194960322e-02,-2.687665024318391591e-02,9.261084784518445190e-01
3.037945449719213487e-02,-2.626693511372540923e-02,9.198259279424122470e-01
3.058459392008691657e-02,-2.567887423901785843e-02,9.146669650387985184e-01
3.395165177957976121e-02,-2.181398808060456065e-02,9.242924435789486859e-01
4.341892638788265855e-04,1.147808476841501862e-02,2.630793852084661322e-01
6.310986777597382734e-04,1.117536622200326554e-02,2.563657834614787023e-01
-4.235223902320087337e-03,1.014032966870827279e-02,2.516949885154987632e-01
9.057206313118385758e-04,1.079578971151437874e-02,2.481328944413817295e-01
-2.362827683813671989e-02,1.984530310584459861e-02,7.067329845249860076e-01
-2.076332690378423357e-02,2.319469831544698421e-02,7.130063148945210427e-01
-2.544178101167351644e-02,1.793708683117511971e-02,7.129745051159172009e-01
-2.865773038709717654e-02,1.225480103814323429e-02,7.138650920230789065e-01
-2.915796793583735544e-02,1.040419896122796693e-02,7.090683445480667757e-01
-3.006682859227127400e-02,8.590437604995023943e-03,7.161996133406232090e-01
-2.405898594036554386e-02,-1.724954025440483124e-02,6.780371286258006780e-01
-2.590037936542374103e-02,-1.395917899909035823e-02,6.738879192003752738e-01
-2.698790180618022144e-02,-1.261974866545009615e-02,6.823649877904334193e-01
-2.586407748590562744e-02,-1.353991380442017521e-02,6.686486613009750002e-01
-2.810660521841224641e-02,-8.570460626497480860e-03,6.730099354771840181e-01
-3.392160198240040669e-02,-1.675689461108790038e-02,8.665583315115996665e-01
-3.643830206532550076e-02,-1.042672579151758885e-02,8.680697765576215197e-01
-3.444490130408245365e-02,-1.617209209343852677e-02,8.715440434962825611e-01
-3.533212169899100502e-02,-1.474925070682995935e-02,8.769179225656520416e-01
-3.722348171737974165e-02,-9.130281338906864885e-03,8.778298432329990630e-01
-3.581383283389315275e-02,-1.411524111160098599e-02,8.816821293253144232e-01
8.409137527304877402e-03,4.845588021522928036e-03,2.222884693407509715e-01
7.952029229593262152e-03,6.075470456613933645e-03,2.292049180264012775e-01
3.592743047183853851e-03,9.052493369159170244e-03,2.230683773575109219e-01
9.191395313692334035e-03,4.463400676674980985e-03,2.340263831820114104e-01
4.770963165485570152e-03,9.072850286404655559e-03,2.347816977970529628e-01
8.046892952310369385e-03,4.846251398814029748e-03,2.151474927815988925e-01
1.948617789126573865e-02,-3.847984711943894937e-02,9.878959259349597843e-01
3.106948627891975567e-02,-2.905717539690540197e-02,9.743210230233633196e-01
-2.656761888832791241e-02,-3.067812048549362763e-02,9.295050864540180813e-01
-2.851584957499302478e-02,-2.921751701321088218e-02,9.350844761515845205e-01
-2.309269120157035615e-02,-3.361356458781485090e-02,9.340536688589122782e-01
1.221174282469884159e-02,-1.422697785395329179e-02,4.294279290921184100e-01
1.223975348845925820e-02,-1.374981767322844273e-02,4.216215912156586199e-01
7.689458420734399287e-03,-1.695234541412265344e-02,4.263484039131913983e-01
1.602778858649944044e-02,-9.922281206197062706e-03,4.317476275170948341e-01
-2.607909306846883588e-02,-3.083348014526824266e-03,6.014696859587732591e-01
-2.502360789092771681e-02,-8.754730046268371577e-03,6.071987604272410799e-01
-2.411816566360028627e-02,-1.048646840647476583e-02,6.023524587791373452e-01
-2.022037287354368912e-02,-1.673734816701790903e-02,6.011975833137475078e-01
-2.313146733969629470e-02,-1.186037213905176066e-02,5.953803824993583182e-01
-2.157663892525115562e-02,-1.411827889408506960e-02,5.905784450935858132e-01
-2.473421235294280193e-02,-7.468705206323861603e-03,5.917700197244785132e-01
-2.522366801200141492e-02,-3.144576439928916528e-02,9.233000576399529313e-01
-2.049878158822246443e-02,-3.549292413083186826e-02,9.387604219077526624e-01
-1.819646628969252139e-02,-3.645574692454833093e-02,9.332077001067732303e-01
-1.122464270410287665e-02,-3.687776262790450760e-02,8.828984173145393299e-01
-9.576706875796739751e-03,-3.761213671977377965e-02,8.889453151158052124e-01
1.085518493668329899e-02,1.983980600595193489e-02,5.179761104671123384e-01
1.035794751706712973e-02,1.978472443600780631e-02,5.114890325411494132e-01
1.474906495932823240e-02,1.689421825438844685e-02,5.136521280417321034e-01
5.335745629549461418e-03,2.156498174805079882e-02,5.088135408652068037e-01
9.805010445840499356e-03,1.972114729972051020e-02,5.044352907106245398e-01
-6.108050968203934845e-03,-4.208944856953907021e-02,9.741049756375095292e-01
-4.458083382455639045e-03,-4.203258999104300675e-02,9.681043018660565602e-01
-9.170280259848192714e-03,-4.123457734530745072e-02,9.675002800425088756e-01
-2.280349953644878955e-02,-3.631685526515471274e-02,9.821719976229862370e-01
-2.355261089794021337e-02,-3.548456163162341109e-02,9.754637098746877788e-01
-2.737694364510094916e-02,-3.281939376720306722e-02,9.788806943327635901e-01
-3.471889329465341345e-02,-5.580319160343974894e-04,7.952960993601688733e-01
-3.408992417365747790e-02,-5.212550192823570301e-03,7.898623847290763278e-01
-3.430831380581693402e-02,3.025373009965994214e-03,7.888388294292536518e-01
-4.335977351970699695e-02,3.498371320392656102e-03,9.963292182558493026e-01
-4.227277103841888678e-02,1.026274577313841113e-02,9.963298923253951500e-01
-3.341667766877109980e-02,-7.380911579804578029e-03,7.838149796567234207e-01
-3.473994983650538493e-02,-4.123040571718751893e-03,8.012598745113401755e-01
-3.469592363531558143e-02,4.119054880763043693e-03,8.002477780612617941e-01
-9.016973567147123711e-03,2.059123748482621225e-02,5.148534566345944752e-01
-1.334026512387658653e-02,1.809417815828381210e-02,5.148825368219327459e-01
-1.019112865197933579e-02,1.978309182425744620e-02,5.096948970776982168e-01
2.761834692341710168e-02,3.080454300123932135e-02,9.475885867165658727e-01
2.627910324316245008e-02,3.234401874815401312e-02,9.544927730546460820e-01
2.310698075754829758e-02,3.445335423848609746e-02,9.501519348430287337e-01
2.988899256642302271e-02,2.828013289907097688e-02,9.424329815632256357e-01
3.249211567236604675e-02,2.555670221307700801e-02,9.468103667921176081e-01
2.087403068459619258e-04,2.238614181972862355e-02,5.127492332992629187e-01
-4.028604869099963737e-04,2.207594949458547076e-02,5.057065557036763970e-01
-5.194093764736292841e-03,2.198030031037314508e-02,5.172967496906012430e-01
-1.999618083521112477e-02,2.054966765227079703e-02,6.567177363360019449e-01
-2.398166974777729901e-02,1.583581527401030711e-02,6.582167369111059374e-01
-2.283383848369941946e-02,1.703113863872181971e-02,6.524333154814749847e-01
-2.540091653291403490e-02,1.245343903623837706e-02,6.479356278798781288e-01
-2.204341455961930304e-02,1.762385761242205029e-02,6.464027309031267210e-01
-1.696987668195959822e-02,2.251976974453656286e-02,6.458361328431361237e-01
-2.067441572604686653e-02,1.888099094771994446e-02,6.412740583852163390e-01
-3.729110698964451529e-04,-2.419535954708293413e-02,5.542306581371846397e-01
-4.489850450393431842e-03,-2.402976914351779084e-02,5.598968545578095757e-01
2.907499285751660202e-03,-2.429403053151193287e-02,5.603955036904277875e-01
-4.291029179033212758e-03,-2.358153098357325048e-02,5.489748972748422773e-01
3.108006487246641001e-03,-2.378846814509633784e-02,5.494760480506623024e-01
-9.497316929954086398e-03,-2.188953062358563531e-02,5.465083137767194899e-01
-6.204082215579015229e-03,-2.282267388586791540e-02,5.416946727872767875e-01
-3.226999650544053449e-03,-3.247810312314908243e-02,7.475336842556713490e-01
-6.100104356130365071e-03,-3.234990544513149935e-02,7.539923985927996508e-01
1.808965200432683740e-03,-3.281740506222979858e-02,7.527831985246434821e-01
-4.958532590630736030e-03,2.480766326292007523e-02,5.794277891879618947e-01
-2.773787026588640792e-03,2.535843398933707374e-02,5.842678624387290798e-01
-7.878380833959213250e-03,2.435983788842772946e-02,5.863858656332132657e-01
-9.635930779425832052e-03,2.326281215071965280e-02,5.767064429321938634e-01
-4.631639424454074214e-03,2.465502693697375902e-02,5.745707288072434693e-01
-4.009690972289036565e-02,-7.991126245439040057e-03,9.364308301281656366e-01
-4.076156134173865297e-02,-2.313075563035928151e-03,9.350951979731512154e-01
-4.091998026270798894e-02,-3.813657056721480622e-03,9.412831182497329863e-01
-4.051379066990486860e-02,-1.062760647211445078e-03,9.282375683970868208e-01
-4.061839671469111984e-02,3.157730550075890305e-03,9.331212814230640529e-01
-6.558706669794667947e-04,-3.239029369183617918e-02,7.420117663928550433e-01
-1.089411031867138988e-02,-3.113185898884365463e-02,7.554335084326969652e-01
-6.026801246590135497e-03,-3.265841558869327782e-02,7.606307234753908464e-01
2.661856776343960590e-02,-6.057208441589759240e-03,6.252509540501869356e-01
2.389520155701741616e-02,-1.353805738579617890e-02,6.290241630594911593e-01
2.644034842514355124e-02,-7.935027132991708670e-03,6.322670167789313789e-01
2.477819057058869637e-02,-1.046966942788543110e-02,6.160954161756603265e-01
2.629865139261459636e-02,-6.057206677215026119e-03,6.181084396376047563e-01
2.632788906906451121e-02,-4.621335704989385298e-03,6.122269013159776785e-01
-1.420399429831751929e-02,-3.027911184258507901e-02,7.660198775781105196e-01
-1.114991661971423582e-02,-3.181354844439732155e-02,7.721057776785317239e-01
-7.653552529711801430e-03,-3.265419927167020203e-02,7.681724915151991739e-01
-2.509488488268658488e-02,-2.263016568370824350e-02,7.739567192322555078e-01
-2.133805534293912662e-02,-2.629399920278784747e-02,7.755848799085978129e-01
-2.163254294846577580e-02,-2.563896811577977275e-02,7.683261292998592173e-01
-1.615160866009398427e-02,-2.976395640840944976e-02,7.756121248027613158e-01
-9.749367873418780112e-03,-3.252749354351040095e-02,7.777465935352825266e-01
-2.019175792321866239e-02,-2.748907912019995028e-02,7.812019357938780884e-01
-3.165335345910149506e-03,-3.528257732349104892e-02,8.113494028468642982e-01
-5.057602318072325874e-03,-3.530804790149446454e-02,8.169415794647906237e-01
1.429036451603108489e-03,-3.553369939750957579e-02,8.145134014380951415e-01
-1.077608263475025689e-02,-3.356864749691912397e-02,8.074927271229741521e-01
-6.463128776767108376e-03,-3.466100934746137174e-02,8.075510470454333456e-01
-7.713436228764679672e-03,-3.412122678998510267e-02,8.012244015557377086e-01
4.503966223599445608e-06,-3.515191647615240056e-02,8.051112601565623139e-01
1.386942038726220357e-02,6.273810633045250225e-03,3.486503258061031674e-01
8.917713696360726749e-03,1.236375717687638286e-02,3.491514424046668896e-01
1.292103716079375658e-02,7.589521231416979444e-03,3.432158375287676089e-01
1.417265942224358970e-02,4.383186557839270289e-03,3.397768790555117380e-01
9.965502231547357023e-03,1.101649301586824468e-02,3.402380028777874932e-01
1.421087748858144290e-02,6.273975796519813859e-03,3.557920003692566779e-01
2.701006476170850299e-03,1.782643510249349444e-02,4.129525582784409621e-01
2.367893664112592431e-03,1.815350556029518558e-02,4.193057637566761087e-01
-3.572048919005898267e-03,1.772344615449147898e-02,4.140960761492282205e-01
6.550413885442075285e-04,2.332908898645153981e-02,5.345345713453973913e-01
6.422612176055594001e-03,2.253346997765514476e-02,5.366559093900035160e-01
-6.906145073827182901e-04,2.359096245407369535e-02,5.405533510511516537e-01
-3.718710071989008575e-03,2.347091865286533505e-02,5.442779190719670979e-01
2.111828808646074637e-03,2.376057821510245416e-02,5.463519836928396600e-01
-1.865955781180888770e-02,-3.563345365296489292e-02,9.212673827813214755e-01
-2.316889984534824254e-02,-3.260198507561374442e-02,9.160611070471378348e-01
9.321982564903264282e-03,1.528318266015396901e-02,4.100190061930377716e-01
-3.111879501596676381e-02,1.368444179910939355e-03,7.134263936822050622e-01
-3.117807579744776361e-02,3.346943835944173051e-03,7.181981219947474182e-01
-3.118526939607638854e-02,5.301587534866941502e-03,7.245079981906924482e-01
-3.154951846459923964e-02,4.672756271355301208e-03,7.304853485782021316e-01
-3.144929885248207851e-02,-2.004759851335210716e-03,7.217693768222391837e-01
-2.950915085439064379e-03,-4.014991434995860559e-02,9.220646173904044618e-01
1.126817270154992353e-03,-4.050435952665382144e-02,9.280612746599051777e-01
2.194102883486547233e-03,-4.006624627113106185e-02,9.190428612426960742e-01
-2.306812157620896642e-02,1.549224493085359783e-02,6.364395101918226549e-01
-2.572249480792851775e-02,1.025388135128088053e-02,6.342270721081075813e-01
-2.430960945424958525e-02,1.275375897534539692e-02,6.287554966596817785e-01
-2.718149004221669107e-02,4.673580939676695058e-03,6.316938923962245322e-01
-2.681303530515656217e-02,7.762426753853543179e-03,6.393368337255179723e-01
-2.758325867363971631e-02,-1.354793103341157216e-03,6.325220698206034387e-01
-2.736173043828754939e-02,1.281704083534952439e-03,6.273738394571247712e-01
-6.717951602253777882e-03,-3.954259646132653877e-02,9.186516800132485949e-01
-7.769214422125849881e-03,-3.975127496727458992e-02,9.276801351225595349e-01
1.937452901681810738e-02,5.220587555440424181e-03,4.595770022228828910e-01
1.969731971460642050e-02,5.220574136760066340e-03,4.667193986158791885e-01
-1.394113713282530906e-02,-3.763225520964572773e-02,9.191637924470442700e-01
1.907689919884658289e-02,7.729687126839947242e-03,4.714372512654795289e-01
-4.809917593994796417e-03,-6.380732167285415625e-03,1.830139144717010669e-01
-4.742794989830156904e-03,-6.055720976355911597e-03,1.761742711116074389e-01
-7.734894203204431551e-03,-1.304821878374181829e-03,1.796612429917018305e-01
2.038162610250691953e-02,-7.151840999783022450e-03,4.947210772607140705e-01
1.738569480538960932e-02,-1.298550836604868766e-02,4.970095019139803560e-01
2.005084181255766332e-02,-7.151884227035717329e-03,4.875789982717286808e-01
-2.671778021160129898e-02,-2.947755484251886327e-02,9.112032251969868213e-01
-2.919711599908608041e-02,-2.656368288607901390e-02,9.040754350819713014e-01
-2.689652350393013924e-02,-2.852037063619233467e-02,8.978844341112057759e-01
-3.143692266403267516e-02,-2.340864016388142718e-02,8.977120726977161347e-01
-5.114777496360863908e-03,-6.565145821102169425e-03,1.906139498919713626e-01
3.332552094125209815e-04,-8.170943720738562538e-03,1.873009679972124086e-01
-2.675530332916289250e-02,2.194460093248555219e-03,6.148549503924709558e-01
-2.584418816724489212e-02,7.993009664485612939e-03,6.195924799952697848e-01
-2.711314550655174668e-02,1.417630294800520819e-03,6.218413829966563666e-01
-2.633377756712557138e-02,3.820399100211218160e-03,6.094568025457763882e-01
-2.655634959016021923e-02,-2.857586674256365651e-03,6.117516052278438865e-01
-4.338469988101820163e-03,-6.029882570523387511e-03,1.701393789088046227e-01
-1.250096058719233141e-02,-3.697415006465217674e-02,8.939400983085534769e-01
1.674665518761966638e-03,6.782662121108189407e-06,3.835646100556779764e-02
-1.557667471282220099e-02,2.204657209265711154e-02,6.182676835951174121e-01
-1.828032502875015161e-02,2.013752577906428864e-02,6.229193618106136920e-01
-1.948797297808251006e-02,1.852245504290828473e-02,6.157929557870490678e-01
-1.120862879667501588e-02,2.438734710896434121e-02,6.147329962195866582e-01
-9.601016187430784846e-03,2.539823870354116983e-02,6.218910291978024807e-01
-1.130739479486807947e-02,2.402465624711245043e-02,6.081548348017791206e-01
-4.862310493562912658e-03,2.626686215237237360e-02,6.118307505473962182e-01
-1.061980559331033268e-02,2.406287962625353050e-02,6.024179949365360276e-01
-2.236420311122034113e-02,1.192666825089028909e-02,5.805112872416747782e-01
-1.800190009541259226e-02,1.795757118178167508e-02,5.823787489347190816e-01
-2.091655374752734650e-02,1.376372017553194500e-02,5.734831287675583589e-01
-2.424369973989744242e-02,6.965100529388541795e-03,5.777334018842598118e-01
-1.982917858519993998e-02,1.486758423604568266e-02,5.676444895022695336e-01
-1.633558032636823684e-02,1.880420962153268177e-02,5.705058516626458909e-01
-2.051376583090415776e-02,1.146066469259884694e-02,5.381953242018049366e-01
-1.901669826025044821e-02,1.330644800489480008e-02,5.315925849665923408e-01
-2.103652060834797569e-02,9.230191666834438799e-03,5.261547008500019329e-01
-1.811628055501789125e-02,1.403446084828557233e-02,5.248740133628815308e-01
-1.353012934285659739e-02,1.427444821519670108e-02,4.504677951155197091e-01
-1.245797044404885721e-02,1.492381966013806016e-02,4.452538094014561465e-01
-8.046567871986267176e-03,1.782964063264894788e-02,4.480267744568984800e-01
-1.052248027377218099e-03,1.941005812213102838e-02,4.452162015992452426e-01
-2.449490416563403477e-03,1.951149319204401392e-02,4.503944809319549436e-01
6.098642836700677965e-04,1.982090830973008352e-02,4.541882777959886375e-01
-6.506432681910371413e-03,1.886108597029389697e-02,4.569712960795563328e-01
3.052461871484270922e-02,1.558245184384833386e-02,7.849562386613864184e-01
3.294634611819458048e-02,9.745391468942276453e-03,7.869149819485958819e-01
3.110914268730934074e-02,1.505933790948793365e-02,7.916100749787301494e-01
8.693659166233713709e-03,1.679293681728098730e-02,4.331067767851414785e-01
1.000447728817201523e-02,1.644976868608760343e-02,4.409700326123962566e-01
3.278246468346559302e-03,1.892157762841972790e-02,4.398316194362094089e-01
1.520872561328791284e-02,1.190749293714191484e-02,4.424007561163949553e-01
1.107628551602215031e-02,1.617566079353256747e-02,4.490166863388583840e-01
-1.606803544261104638e-02,-3.484580705560192532e-02,8.788637835613712923e-01
-1.487722371310754022e-02,-3.505795434330216676e-02,8.722672754155496033e-01
-1.419862205184224463e-03,1.381634932897615221e-02,3.181130352667513317e-01
3.422318978141340642e-03,1.369494818226689795e-02,3.233115152359264943e-01
-3.081712513746852258e-03,1.389080173135724683e-02,3.258871235119214504e-01
-6.440062656550696492e-03,1.209687563187964235e-02,3.138808835929277063e-01
-1.333663344951041378e-04,1.358799012945314730e-02,3.112311302687394976e-01
-2.832982772711676927e-04,2.148596511674656651e-02,4.921522827144250156e-01
4.923410908641793343e-03,2.107858157528582493e-02,4.957734595603130456e-01
-4.704839219810846331e-04,2.174443911759527462e-02,4.981461003352254946e-01
-5.589377716175818710e-03,2.119951072943365364e-02,5.021414363125910052e-01
-1.383928459281744128e-02,-3.517942011616805725e-02,8.658463740364006345e-01
-1.064692909957966165e-02,-3.606304718665406112e-02,8.612243671948880408e-01
6.340914249451058346e-03,-3.933936870416396975e-02,9.126491377335557154e-01
9.445112655213640587e-03,-3.838570659853561551e-02,9.054008365430818994e-01
-3.158509059662838875e-02,-1.692197487966048963e-02,8.207001779312801393e-01
-3.178142858285344652e-02,-1.590429672542846909e-02,8.139721986004510024e-01
-3.380214468572177722e-02,-1.145223589470221841e-02,8.174233893062441414e-01
-1.097348346027570906e-02,2.356631636538129848e-02,5.954047871316158203e-01
-1.254548080719637866e-02,2.248736886465546245e-02,5.897756751111050688e-01
-1.405549367581337798e-02,2.100829004819467979e-02,5.789287066602711862e-01
-1.441497424734932385e-02,2.108386343974757299e-02,5.849752560270856661e-01
3.461757818515608792e-02,-2.187354399273237424e-02,9.378885453794951754e-01
3.195172997103447321e-02,-2.550634986854894565e-02,9.363934823357705772e-01
3.278794162575059817e-02,-2.495295127396045601e-02,9.437070994078752273e-01
-2.679371320550621299e-02,-4.611799926234528939e-03,6.227010160295648467e-01
-5.847570286956745543e-03,-3.438389658260484344e-03,1.553689250529848576e-01
1.403324160401550960e-02,-4.103588943498556046e-02,9.933149740941816797e-01
1.898104966486701198e-02,-3.905608163199428273e-02,9.945768027528584243e-01
-2.493167900916661364e-02,1.478897487435288597e-03,5.720330678675160652e-01
-2.527564107865628087e-02,-6.709825095382183479e-04,5.791113059005648100e-01
-2.544053191635309644e-02,-2.643332553802895876e-03,5.858207789719787062e-01
-2.400932856116455225e-02,-8.080539082231033912e-03,5.802129921445519090e-01
-2.587927708167258103e-02,3.320262800330623428e-03,5.975912967434792167e-01
-2.578953094301265209e-02,-2.534553943472136073e-05,5.906776555798476380e-01
-2.142971156731910895e-02,-1.911564549333491601e-03,4.927699338741974300e-01
-2.124359759004003020e-02,1.737131350507765222e-03,4.881823933334094034e-01
-2.137743869308130970e-02,3.440152382278566581e-03,4.959231368261163841e-01
-2.153280253521936208e-02,4.384841377094784651e-03,5.033038869053472197e-01
-2.029931339978460064e-02,7.883610742399833546e-03,4.987625308087598741e-01
-2.320574967597465940e-02,3.632252669810279166e-03,5.379704386104195990e-01
-2.267780463442170893e-02,6.949863461773770831e-03,5.432507766233419799e-01
-1.970704640409052730e-02,1.374631796254990879e-02,5.503241250599996137e-01
-2.244540491522452677e-02,9.076805793453584376e-03,5.545287835397028076e-01
-2.183453005857410173e-02,9.753725324063223720e-03,5.477218295545717153e-01
-2.384346761177706317e-02,1.722306234022832417e-03,5.475280541754815600e-01
-5.587056380479127338e-03,-3.366679771194190651e-02,7.816422893987541309e-01
2.304050935384329563e-02,2.686019787924707677e-02,8.105264669099585539e-01
2.708845351267444995e-02,2.257627011752159907e-02,8.076532492748029757e-01
2.614111179521582881e-02,2.415237460286938712e-02,8.151600826769417329e-01
2.835796448698311642e-02,2.055373675674864245e-02,8.021650273895291061e-01
3.072034876015503416e-02,1.724037575264870600e-02,8.068403293530626019e-01
1.744345753283970540e-02,4.322700319347379770e-03,4.116055510566462017e-01
1.712200704147206695e-02,4.322689393738556735e-03,4.044631000808568966e-01
1.628158053080673920e-02,7.950837400813233827e-03,4.149980802045899475e-01
1.782638000187306004e-02,3.836129991057056054e-03,4.176379134235511659e-01
3.861626182456094625e-02,-1.688702239481053649e-02,9.653297869835266720e-01
3.872644201709497108e-02,-1.602176328596558244e-02,9.598930187188833285e-01
3.601884587252139613e-02,-2.155920082494628548e-02,9.614553380114050363e-01
4.058713514588419696e-02,-1.214939111030700035e-02,9.703531727906431481e-01
3.845471665411834966e-02,-1.793992308906768376e-02,9.718880557015562305e-01
3.851799356886566328e-02,-1.580953306128647998e-02,9.536268670932391833e-01
4.038089965232138229e-02,-1.082600688677424691e-02,9.575361465273233286e-01
-1.685515261259934103e-02,3.651697268473809779e-03,3.950026877278113302e-01
-1.690551288466368360e-02,4.474171417243134885e-03,4.005308570414548019e-01
-1.704831131883092349e-02,-3.448050950344137399e-03,3.983767329293241843e-01
-1.365053878821466393e-02,1.126665358476520301e-02,4.053867459594978073e-01
-1.618267328898834873e-02,7.845550614706996856e-03,4.119059828932108980e-01
-1.602654721362462356e-02,7.349091571032993764e-03,4.038209679619696457e-01
2.823492079399401652e-02,6.195317764977770029e-03,6.620704609960104126e-01
2.855410642107299862e-02,6.195324413465165200e-03,6.692130057505565333e-01
-1.588402314924661218e-02,3.194262994666049321e-02,8.170687791517997622e-01
-1.079412453257988513e-02,3.376959290210169301e-02,8.120018121295359270e-01
-1.043525409048728751e-02,3.419519820403377902e-02,8.188556194042521108e-01
-1.695164172284898893e-02,1.060500853535485373e-03,3.890154645310831549e-01
-1.473455801672553939e-02,8.643844518445029448e-03,3.912612453091305342e-01
-1.061575112276409239e-03,1.857854395105134823e-02,4.262126998250844734e-01
5.171607351626044194e-03,1.782550060350985080e-02,4.251064721145449976e-01
1.155927224331329897e-02,1.458712077404735082e-02,4.262813915068066062e-01
-5.774098257791936313e-03,2.730870209291792403e-02,6.393004386691485408e-01
-1.131048514695199778e-02,2.573025613215781937e-02,6.437437951534598080e-01
-1.010845472022356244e-02,2.587453663233504203e-02,6.362435637341881112e-01
-4.624936897316702343e-03,2.689822329615012414e-02,6.251110501938647035e-01
-9.486409362012693594e-03,2.575315807370810728e-02,6.285892923940208377e-01
-1.471021901757395278e-02,2.340087157774927221e-02,6.330690846461627386e-01
-3.313525709999448014e-03,7.451396568076064375e-03,1.867784364665809049e-01
-7.797745819095333250e-03,2.882188403543406094e-03,1.904071042194881436e-01
-6.664980446079293332e-03,4.383466501427939026e-03,1.827093872308074574e-01
-8.053564984910803123e-03,3.144250716494780083e-03,1.980165598791576165e-01
-8.343986063347800380e-03,-1.480980537284313841e-03,1.940956051111763503e-01
-5.997269214542500469e-03,4.797056655686506021e-03,1.758958354623593734e-01
3.502365041675538360e-02,1.429857294415234556e-02,8.664483538689504716e-01
3.177150665825663467e-02,2.071743282124764024e-02,8.687264695496135225e-01
3.216112236957412857e-02,1.967621086079002213e-02,8.635330354939049213e-01
3.225262700284858147e-02,2.047282785067239957e-02,8.749624044040851256e-01
2.847395501831751288e-02,2.527944509848335103e-02,8.720942083124755273e-01
1.651965554608553557e-02,4.767622662912297977e-03,3.938044203942057120e-01
1.556235542134100369e-02,8.003516942529757816e-03,4.008114404642875717e-01
8.506309062185071421e-03,-4.256179642528475776e-02,9.941035870733817559e-01
-6.020480195631986234e-03,-3.596483057241770670e-02,8.351917760728360118e-01
-1.023124971378798834e-02,-3.487568306553891218e-02,8.324476669043515686e-01
-9.621538587428398251e-03,-3.534728068098360459e-02,8.390422611449180890e-01
-1.573228293373885815e-03,-3.635336237966247525e-02,8.334082030762164361e-01
-9.263469204938330065e-03,1.896698858278142788e-02,4.834585716515993337e-01
-1.044873840808056842e-02,1.805949836499706751e-02,4.778724631668200828e-01
-4.598846401829933227e-03,2.038614087952455786e-02,4.786526049996647769e-01
-1.593978171204547475e-02,1.323157747047536657e-02,4.744736483138730088e-01
-1.233095627882341977e-02,1.637958381691381748e-02,4.695792822648535703e-01
-1.290953606323889946e-02,1.359368533425258686e-02,4.293734678082170020e-01
-9.750897988697819485e-03,1.566661538286944974e-02,4.226491682685977191e-01
-7.662643203210051449e-03,1.700155323997873391e-02,4.271223218086426243e-01
-1.411066765625742722e-02,1.165702907395583209e-02,4.192060313040893993e-01
-9.303794418365153931e-03,1.564602407425646699e-02,4.169231899990126222e-01
3.475007426588407836e-03,-1.663040724889853670e-04,7.968184700725614023e-02
-9.006117270990507059e-03,1.549884612595827001e-02,4.105619791349547909e-01
-1.153484669612679517e-03,-4.200732984889010702e-02,9.624886891406125855e-01
-2.978268045874294528e-02,-3.298891868593806557e-04,6.821773748967213669e-01
-2.925454229257238095e-02,-6.042932154938426663e-03,6.841846924846847200e-01
-2.932770961032870813e-02,-3.399545869228223598e-03,6.762126696782305713e-01
-2.914809425080641322e-02,-2.936292291011464994e-03,6.709799572267929335e-01
3.055170648630514598e-03,-2.515339652528146542e-04,7.021166803824936686e-02
5.422746882363342104e-03,-3.274995517889582510e-03,1.450945492149132710e-01
3.567455542643674111e-03,-5.173955533497602913e-03,1.439416568635225602e-01
3.360950425997163028e-03,-5.513179027382252712e-03,1.478865667008495421e-01
-1.039453239103420301e-02,1.344758229870877952e-02,3.892857114825815090e-01
-2.796643063865450387e-03,1.664468985177472438e-02,3.865697743917988483e-01
-2.917587894685186312e-02,-2.006303258129179048e-02,8.109864676510943893e-01
-2.568223999194154880e-02,-2.410724169954777882e-02,8.067643110578008869e-01
1.313513510516019049e-02,4.685996840280593802e-03,3.194154418579343568e-01
1.346573286996034444e-02,4.686061325659739672e-03,3.265575266122938691e-01
-4.324118775909845808e-02,1.076420479789951066e-03,9.906928409962841853e-01
-4.300067777107730721e-02,8.153743242346036331e-05,9.848792126712151429e-01
-4.266844846371457139e-02,5.990086134204838583e-03,9.868513719607099333e-01
-4.334747690770744677e-02,-2.424442694980835644e-03,9.943721121705271226e-01
-2.584450006695098237e-02,-1.803157277117691318e-02,7.217687735551151507e-01
-2.826686572772801886e-02,-1.389555005408859081e-02,7.214148105062108129e-01
-2.773635869721190889e-02,-1.550980574327344950e-02,7.278424866267619864e-01
-3.056701092949759210e-02,-7.612695003652512372e-03,7.214850770810352643e-01
-2.942498044901787832e-02,-1.047526222415976795e-02,7.153754201126917289e-01
-2.444091472596796044e-02,-1.827229343217502688e-02,6.989345983432229126e-01
-2.267589188661459781e-02,-1.991147463019016933e-02,6.911713220523260093e-01
-2.679608197462851962e-02,-1.417228246055243085e-02,6.942839721375597684e-01
-2.516573300869339933e-02,-1.776882749910388415e-02,7.055866772162386891e-01
-2.738215382116899674e-02,-1.441018406044181077e-02,7.086988203491180194e-01
-2.406063746393372407e-02,-1.970020276585884855e-02,7.122342930224362378e-01
-2.034352519534840184e-02,-2.295508576726254177e-02,7.025130321023661528e-01
-5.733728009036339821e-03,6.703175125807616513e-03,2.020317175607617977e-01
-8.413530558948443747e-03,3.132071335348572422e-03,2.056209292113142240e-01
-9.415233327223618276e-03,-4.174411012937027238e-02,9.801145502589652114e-01
-4.705968240748972450e-03,-4.255967665244085596e-02,9.807177953726354813e-01
-2.334870132240231527e-03,-4.305021730323577156e-02,9.874612160441905706e-01
-1.362349108079003758e-02,9.369566754311062576e-03,3.787013419100880296e-01
-8.915299574419556852e-03,1.382362764406994474e-02,3.767479707790301613e-01
-1.200120847593292780e-02,1.165882125553722830e-02,3.832239530510098136e-01
-1.563879918515174300e-02,1.066934534074488565e-02,4.336058300121582443e-01
-1.677653561111113953e-02,8.348413264905417755e-03,4.291924587861299378e-01
-1.422473247028986469e-02,1.296241457270803227e-02,4.407812901556776297e-01
-1.772921524919223238e-02,7.467949587868041340e-03,4.406194868943865695e-01
-1.698305744297586711e-02,1.047342549569706995e-02,4.569957764261251554e-01
-1.941744049502219446e-02,5.299666334696248766e-03,4.609996389780833259e-01
-1.912198752250294370e-02,4.840441294130308665e-03,4.517794772852264384e-01
-1.992220171258716338e-02,4.537517680650943186e-03,4.679790213864342685e-01
-2.014848371324291093e-02,-1.555073664204937494e-03,4.628485800880746126e-01
-1.911615756084060133e-02,7.703140085653986321e-03,4.720431335192113997e-01
-2.066588946642807303e-02,9.775789430296660722e-04,4.738559650399152834e-01
3.312762883521686019e-02,-2.576131071866811020e-02,9.611629879741508953e-01
3.269249596126909407e-02,-2.677705970611475583e-02,9.678867427100220633e-01
3.341154758222397020e-02,-2.499709617092363972e-02,9.557174457267733070e-01
6.148000121995718034e-03,8.819433191722061624e-03,2.462344489036566719e-01
1.548796092250954125e-03,1.042744103664827379e-02,2.414477289584036623e-01
-6.861093804246925750e-04,1.031232646253813987e-02,2.367132958544756749e-01
-2.573900631835738390e-02,-1.975513320877938725e-02,7.431422189313313664e-01
-2.370852237165932755e-02,-2.180494942937249297e-02,7.377536655233211116e-01
-2.155559418668511612e-02,-2.477638326023405557e-02,7.521761227555933127e-01
-1.526313962570723104e-02,-2.910320164419673977e-02,7.526805259955958727e-01
8.842847101891844822e-03,-3.593913125343780463e-02,8.476921885066719398e-01
8.520457988299770524e-03,-3.575084341503163149e-02,8.417627764411128588e-01
8.049054129115136916e-03,-3.559070143476798787e-02,8.357474836026889120e-01
1.289661112791671768e-02,-3.429949866985922829e-02,8.392841632983354394e-01
3.399706666244201037e-03,-3.622407788169192122e-02,8.333137247790642910e-01
7.920470888402650692e-03,-3.539853327636522523e-02,8.308070687690316536e-01
-2.712702078203378317e-02,7.611455134861186064e-03,6.453050102470859750e-01
-2.800084562539391711e-02,1.898993244711959108e-03,6.427979774382739375e-01
-2.841789192014408313e-02,-9.772363968735523279e-03,6.882860421570827780e-01
-2.939613453391692888e-02,-7.715754962228169554e-03,6.960882040443765462e-01
-2.060088082181069091e-02,-2.350365637251328188e-02,7.158363541071990355e-01
-2.356415854227005696e-02,-2.073515645344044256e-02,7.189069455440042500e-01
-2.268251515446770630e-02,-2.210130995673140197e-02,7.253533940422380866e-01
-2.038596572683947644e-02,-3.008191793171912168e-02,8.322956705356030493e-01
6.475573223589603522e-03,1.119620817887230328e-02,2.962371000997501280e-01
-2.208160099790412289e-04,1.294651357171098388e-02,2.965670389479116986e-01
3.024437906872714122e-03,1.234674897409970135e-02,2.911477046000761071e-01
1.134508905715670736e-02,7.760715481420463885e-03,3.148245260259605049e-01
8.334466738175502071e-03,1.121727471093221865e-02,3.200718983597800049e-01
1.540636525184295750e-03,1.237420867189004126e-02,2.856041717595645402e-01
-3.197003101200022318e-02,-1.488208339809507681e-02,8.076815036502749123e-01
-3.198113052068963374e-02,-1.409828123482922968e-02,8.005035601466131689e-01
-3.375810682439508298e-02,-9.549674520831108460e-03,8.035292718394996259e-01
-3.494528605216442457e-02,-4.968502610144984524e-03,8.084279918065687687e-01
-3.550846445593941469e-02,-6.095104749954974267e-04,8.133973499991785649e-01
-3.508230659787595074e-02,-6.117643232200482666e-03,8.156422263325864286e-01
-2.982621569311182108e-02,3.112856411897431310e-03,6.868430374521866666e-01
-2.870518980828988889e-02,8.986781279513468904e-03,6.889238558823214120e-01
-3.007186303073620254e-02,2.994450199390026254e-03,6.921651634101991801e-01
-3.200865887515139813e-02,2.520964478276653542e-02,9.331929620540239112e-01
-3.357575400975278124e-02,2.358518809187431370e-02,9.397781900422909063e-01
-3.494210941902133050e-02,2.100619273161689546e-02,9.337916458753013904e-01
-3.003904226189186774e-02,2.722396798144431640e-02,9.285177775623946195e-01
-2.823615978098676163e-02,2.945429544622122156e-02,9.345287138980217234e-01
-3.039091057081880903e-02,-9.494309639867711806e-04,6.964058798483295787e-01
-3.007664454313569574e-02,5.034155917486056973e-03,6.984511745131394278e-01
-3.012883441433384518e-02,-5.708884898716645381e-03,7.023424038953761661e-01
2.984599162704882486e-02,-5.671924935211524604e-03,6.958199967687058729e-01
2.835228684494311632e-02,-1.127927516302284529e-02,6.988742509596993502e-01
3.013862428522959963e-02,-5.812142855609746424e-03,7.030067031603363104e-01
2.952849712048742636e-02,-5.671926682008244895e-03,6.886773810823414443e-01
-2.807264667326745539e-02,-6.423315362467272964e-03,6.595856893285443334e-01
-2.625710552621511942e-02,-1.126162488119472442e-02,6.543665483667276961e-01
-2.802333963772706688e-02,-5.587913901353295729e-03,6.544757903523078513e-01
-2.864953441564374592e-02,-4.362705562612690519e-03,6.637466294139126033e-01
-2.715243018314267287e-02,-1.011272815124184855e-02,6.636251885817215923e-01
-2.798007785128756725e-02,-4.471103014608606568e-03,6.489795280089637464e-01
5.356357138531209032e-03,-4.037603028474165412e-02,9.328651645244457891e-01
1.055949957851530160e-02,-3.926827983805233901e-02,9.313418069774633823e-01
-2.469607838237567257e-02,-2.379716224931473657e-03,5.682531488658161267e-01
-2.417422200377006627e-02,5.304377050945151620e-03,5.668528934160573796e-01
1.033093211249950898e-02,-3.875748622135304078e-02,9.186868230985782979e-01
-2.485600708780350519e-03,9.642089996129020804e-03,2.280599948736161120e-01
-1.571985466509225266e-03,9.524177848165850044e-03,2.210908709699683505e-01
3.142329410808615553e-03,8.591221724274275551e-03,2.095204185043890721e-01
-1.062495431718822689e-03,9.230263571940263215e-03,2.128037927319393341e-01
-2.483800259323550464e-03,8.655057514815095790e-03,2.062347491120949117e-01
-6.586990965157680372e-03,6.866181133834331485e-03,2.179265228774688312e-01
-2.144647072443121860e-02,1.692443552208032151e-02,6.257330646689198694e-01
-2.448139379918888928e-02,1.190523760325045734e-02,6.235014673684095010e-01
-2.379204865338555366e-02,1.259096434734663546e-02,6.165300439270462451e-01
-2.193568721987182099e-02,1.524506409324345724e-02,6.118291396434069052e-01
-2.759581515929467391e-02,-3.539827485416667096e-03,6.372267988290017948e-01
-2.783834172985065816e-02,-3.696099764941813883e-03,6.431981023752840754e-01
-2.635399431782509475e-02,-9.733919738630001511e-03,6.434622103977428731e-01
1.197866855221465902e-02,-3.860077194858581306e-02,9.256941836751623187e-01
1.611375576190264211e-02,-3.736562169970775865e-02,9.320011381448396470e-01
-2.844789980470965526e-02,6.638547086796632232e-03,6.690696472680838225e-01
-2.910687077014943724e-02,9.104429898839849159e-04,6.669829913367446572e-01
-1.840828219622578713e-02,2.078096358323700335e-02,6.358480100483966391e-01
-1.787293613089541849e-02,2.080408614251229651e-02,6.281863865606711617e-01
5.437745147384309523e-03,1.475427756060465265e-02,3.601487162187471669e-01
1.125470898664697288e-02,1.099760557681455329e-02,3.604093658630408425e-01
6.508231332572972372e-03,1.459379494755889441e-02,3.659846340693247435e-01
1.012896361447309865e-02,1.269517169010955619e-02,3.719752664510206919e-01
3.917228686209875410e-03,1.575114839529272170e-02,3.717496042210703955e-01
6.937296194380864617e-04,1.655221128050857193e-02,3.794407875024838894e-01
-3.510247546617337525e-03,1.592790875901529957e-02,3.735632353637174941e-01
-6.016504281189593954e-03,1.494398647374396184e-02,3.689718118527048896e-01
-1.087650728481268786e-02,1.169391897004821122e-02,3.657769016404168738e-01
-5.927888980981160967e-03,1.467735888434449666e-02,3.625491240792901304e-01
-1.535742187232545970e-02,1.834900773444696556e-02,5.480352273632298488e-01
-1.630431835022406670e-02,1.791586575673275936e-02,5.548240628543178454e-01
-8.784838207660742443e-03,2.213996997185329815e-02,5.455481050276467236e-01
-2.842145297803886500e-02,-2.027375543407066230e-02,7.996019625353972815e-01
5.782731781387244994e-03,-4.967697508272553904e-04,1.329341478805262378e-01
6.095683247412576715e-03,-4.967709231127774095e-04,1.400769576993435572e-01
1.591249523784236345e-03,-1.610283489315394279e-05,3.644747211001640036e-02
1.787688689040018352e-03,-2.288488624495887234e-05,4.094815739261358639e-02
-2.176675234637088022e-02,-2.658635936049986645e-02,7.869788541168669660e-01
-2.315528423840258754e-02,-2.577737404321311585e-02,7.936213263506829430e-01
-3.062235616584851189e-02,3.903092818056282803e-03,7.070414425938339464e-01
-2.978210081838153153e-02,7.722546183182760898e-03,7.046812562698983040e-01
-2.835273207437258997e-02,1.146762251001305806e-02,7.004897862992202073e-01
-2.630363913749621599e-02,1.493953697809717596e-02,6.928422002941575508e-01
-2.515871377785641044e-02,1.728432213908639992e-02,6.991123240918709625e-01
2.359772309328785067e-02,-7.365979119924503417e-03,5.661958083511490214e-01
2.327083563677617012e-02,-7.366005250847685627e-03,5.590535766238741155e-01
2.452944266554350772e-02,-6.434028819941609890e-03,5.808217401586369677e-01
2.420690795692104214e-02,-6.434040964148088002e-03,5.736793333411019935e-01
2.098391780214706182e-02,-1.326038897241587841e-02,5.685315879730443722e-01
2.523591541897132751e-02,7.533349935473598706e-03,6.032013496708673594e-01
2.295171452811180929e-02,1.264652897456516011e-02,6.001992374631474059e-01
2.547218631648261525e-02,5.515212236871932031e-03,5.969276036629612703e-01
2.556118434142787971e-02,7.533346062232081260e-03,6.103436457475684973e-01
6.030389753129134292e-03,-1.439665440200266558e-03,1.420000902497622897e-01
4.696990513752516069e-03,-4.228717278731389424e-03,1.447542801680954672e-01
1.703007994372265389e-03,-4.337058333522952197e-02,9.941151768167812985e-01
-2.598208852453838882e-02,1.503352906969718412e-02,6.875235542498450148e-01
-2.383516176161695754e-02,1.795944472519780954e-02,6.835370070876886084e-01
-2.696502059069224438e-02,1.238021593479143520e-02,6.795829696872672798e-01
-3.488480532655623828e-02,-1.189283650292411766e-02,8.441487853204935332e-01
-3.298723533521220191e-02,-1.674748726939852619e-02,8.473266637440765026e-01
-2.693065165725138863e-02,-2.541899125823758598e-02,8.481772218859549017e-01
-3.026950129235813150e-02,-2.156221841853765697e-02,8.511983394388432655e-01
-3.334303570301798414e-02,-1.675123467387430384e-02,8.546394852380694296e-01
-6.295930606627613522e-03,3.235417478628004832e-03,1.621267412307913491e-01
-6.293411385702556322e-03,2.646871318813056543e-03,1.563724373948781332e-01
-6.660909702507429630e-04,6.934982978152519177e-03,1.595681956722569961e-01
-6.814488366023223505e-03,-2.470938897434578254e-03,1.660211651277491984e-01
-5.799762382618380528e-03,4.560438642239026709e-03,1.689839206022390738e-01
1.650378813890397006e-02,-5.363954579837012376e-03,3.974625210032293743e-01
7.758918043002862187e-04,2.705074449729790063e-05,1.778164095578951831e-02
2.966124195228845781e-03,1.988262203125518157e-02,4.604263907947333534e-01
6.997249441982666268e-03,1.854300196020575511e-02,4.539364670354191778e-01
3.636267634578871648e-04,2.027788632999621976e-02,4.645146217117771537e-01
3.700293767424259021e-03,-3.734137818424521191e-04,8.518110810807433264e-02
3.567999386973981588e-03,-2.504072033358744676e-04,8.192162880178581463e-02
3.498781259932300363e-03,-6.214791398865607535e-04,8.138964069163467929e-02
-5.801321441155363016e-03,3.270658096579835347e-03,1.525338079273228786e-01
-9.006700422587107097e-03,1.688557822211907838e-02,4.383205128744100953e-01
-2.452174279298496851e-02,1.539861097726871395e-02,6.631947725745960254e-01
9.332853860991963818e-03,5.474541528425261316e-03,2.478191307530369369e-01
9.536702062858257861e-03,4.463651345048026513e-03,2.411679175824934240e-01
3.609697898443402827e-03,-2.895452439247320773e-04,8.294122173935322695e-02
3.639064342103993585e-03,2.163429474010893658e-04,8.349543638455053651e-02
-3.389785855090976519e-02,4.435432491911124250e-03,7.830066468376670752e-01
-3.394723230007590936e-02,1.219737139581030579e-03,7.780211736665672007e-01
-3.316897673753585463e-02,7.257302823826245267e-03,7.776661402056926908e-01
-3.322485489059180674e-02,9.016389900491276685e-03,7.884972720583275363e-01
5.330084412190674512e-03,5.911854407089585373e-03,1.823114163115346908e-01
3.972307274826611563e-03,4.038616145559228293e-02,9.294587541928529539e-01
9.367673324362807419e-03,3.930287899881752811e-02,9.253998842821734572e-01
8.041665032433465560e-03,3.993153439416675249e-02,9.329442907228013837e-01
6.963271911563096751e-03,4.404164888320020316e-03,1.887078814870102872e-01
1.366834621576791921e-03,7.981279006613726038e-03,1.854625983467943495e-01
-9.070942336210456852e-04,8.380378258955541865e-03,1.930633375433857546e-01
-8.146548162498374115e-04,-3.742939154542446883e-02,8.574770384582576233e-01
-5.766632366451517402e-03,-3.708319525381299081e-02,8.595528473355739107e-01
2.886895359146944562e-02,1.463117698794108579e-02,7.412784600295954096e-01
3.028815024581820933e-02,1.197997200528944269e-02,7.460061891048527238e-01
2.793297285440278152e-02,1.689850077448057028e-02,7.477335133018414570e-01
-1.033580660111577641e-02,1.941930829851964621e-02,5.038507928943319891e-01
-1.038509601593617764e-02,1.901788161225737364e-02,4.962934930312168369e-01
-1.445026630265414461e-02,1.658966306997701826e-02,5.038969573507263711e-01
-2.676253998032885120e-02,-6.890056716170138255e-03,6.329510320979062632e-01
-4.469523183263701509e-03,2.089580684214333364e-02,4.894183578363904275e-01
-1.035103129196886587e-02,1.865490869176965674e-02,4.886342543659166759e-01
-3.895249962138936511e-02,-1.287886586735525161e-02,9.396581859958106353e-01
-3.911708272702988515e-02,-1.143983971955855362e-02,9.334559098848126402e-01
-1.449241625380082166e-02,1.576111656838217676e-02,4.903989442275642485e-01
1.509911342667193644e-02,5.594530672660767701e-03,3.688018349627363857e-01
1.400549052340773620e-02,8.435489909346362974e-03,3.744686902685521179e-01
1.586951424300984265e-02,4.767579042975104466e-03,3.795198129261782016e-01
1.619482376350577998e-02,4.767671612405949971e-03,3.866621062233347450e-01
-2.196051664942796564e-02,1.113091848683716439e-02,5.638987258636197764e-01
-1.797211686732721678e-02,1.663461765877668683e-02,5.608886162292594513e-01
-3.206043085422045219e-02,1.118088729580488409e-03,7.347509956787615648e-01
-3.218722397343366098e-02,-2.496072933221037127e-03,7.394220138969272993e-01
-3.165758763562442901e-02,5.807784816773422197e-03,7.371786849224044591e-01
-1.027724246717242598e-03,4.037677823912293879e-02,9.250797839656965671e-01
-2.384764053534184185e-03,4.065003970067219280e-02,9.326397658813747604e-01
7.681458093424397074e-03,4.844965301739393576e-03,2.080066562999620672e-01
5.681208361596313747e-03,-1.112362170056528134e-02,2.860781064150816899e-01
5.701515467880751385e-03,-1.069832521356845444e-02,2.776569765791057076e-01
1.659217947249009423e-03,-1.216714977959765936e-02,2.812527741515684632e-01
9.279678552646823675e-03,-8.567472353751688988e-03,2.892719444016232377e-01
5.920206726222708611e-03,-1.133067348952328073e-02,2.928038469414058764e-01
-3.128564641532883411e-02,-1.055104810156780835e-02,7.562115455587636870e-01
-3.257842100842051752e-02,-5.322256545540978746e-03,7.560601802262295612e-01
-3.252220349483678913e-02,-7.075422480175141450e-03,7.623050771823479677e-01
-3.317341685032680620e-02,-4.735161469590325710e-03,7.674974052537599789e-01
-3.199244937203327838e-02,-9.990435410671343053e-03,7.676437543554041065e-01
-3.035351950918703870e-02,-1.425065144828206384e-02,7.680166444432315886e-01
6.774298442746840704e-03,5.604667759601535994e-03,2.013753200753812533e-01
7.329611725447851729e-03,4.404016475277006300e-03,1.958487173137936910e-01
-2.448033981916810167e-02,9.998052607314756104e-03,6.056511343069551634e-01
9.240245697617740714e-03,-3.641511202897572408e-02,8.604754585255361965e-01
1.032962413363314527e-02,-3.635757012239109603e-02,8.656817587598695241e-01
9.397233044351834333e-03,-3.612453604055278211e-02,8.549243049563561847e-01
4.026261902689426408e-03,-3.714139676772047760e-02,8.556615496023705081e-01
2.774675954724952626e-03,8.158115351274558558e-03,1.973630551022918789e-01
-3.175295718835433739e-02,1.128917535549742689e-02,7.718588598724904770e-01
-3.076695296316822245e-02,1.428052185082238218e-02,7.768863750778438604e-01
-3.270310136549586799e-02,7.117207073254201710e-03,7.665570666868748440e-01
-3.029768924040224243e-02,1.413931458319629859e-02,7.657774562817402098e-01
-4.970493901521402108e-03,1.823350199640361852e-02,4.328547527938415018e-01
-2.537618202714530223e-03,1.892749856305387876e-02,4.373897919491960273e-01
1.158814692978597793e-02,8.612207213082879662e-03,3.306841056347235575e-01
7.588320697932928426e-03,1.244534036266848297e-02,3.338526182075976512e-01
6.929595510878625193e-03,1.252216279614516183e-02,3.277910997577566654e-01
4.631647117530347454e-03,1.398393166299548296e-02,3.373954781789259560e-01
-6.783971473413654167e-04,1.466837399843931057e-02,3.363201118458845618e-01
2.259195185599868674e-03,1.478813156672039580e-02,3.426335946984812586e-01
-2.291510440828515432e-02,-2.897036710315761474e-02,8.460094750273218223e-01
-3.238545883195307479e-02,-3.337644834494638609e-03,7.456777429335361695e-01
-3.245818723574711573e-02,3.061124700587377744e-03,7.467134817495256760e-01
-3.268821879496830451e-02,-2.543514070496198480e-03,7.509463697685214711e-01
-3.146279972154180510e-02,-8.026550664827353243e-03,7.436966880780412348e-01
-3.303769059041697376e-02,1.062926847695400698e-03,7.570790464604055803e-01
4.543367203802108414e-03,1.475880424973799974e-02,3.536867142684014254e-01
2.725004769659243511e-03,1.496157975712701128e-02,3.483138818846414075e-01
-1.224052990769067479e-03,1.564342378596990726e-02,3.593884826599018090e-01
-6.789796498191741185e-03,1.398757248195361784e-02,3.561174811744872715e-01
-2.635852115659343547e-02,-1.817891333528213332e-02,7.333657430684669132e-01
-2.225611651741117233e-02,-2.297363362107554194e-02,7.326064211291684058e-01
3.579822769369597063e-02,-2.100270415262765408e-02,9.506102111732673832e-01
3.294098123536987749e-02,-2.522801128112812930e-02,9.503160666247679744e-01
2.995832090578732024e-02,-2.861312227042137751e-02,9.488385603619469144e-01
2.634258762724079120e-02,-3.176253986021467662e-02,9.451212867257213768e-01
-2.325454180515363831e-02,7.559344714952212843e-03,5.600508852159249429e-01
-2.414415247997142230e-02,3.091401932494582984e-03,5.575064776121756438e-01
-8.107972427010478808e-03,-3.492570330145197688e-02,8.212026778520217229e-01
-3.573974151502260551e-03,-3.581351990659688289e-02,8.243387863442775965e-01
-1.409068213450316229e-02,-3.288545584922525356e-02,8.194301967763363281e-01
-1.270915356289966172e-02,-3.378809877513073989e-02,8.268095047844188361e-01
-5.381734552518061682e-03,3.984610045535810774e-02,9.209121911507603953e-01
9.670103474571931437e-04,4.005643384663740841e-02,9.177104723809893505e-01
-7.414315377705453167e-03,-4.097703602239331083e-02,9.537677873580618915e-01
-3.168099073724654595e-03,-4.166993989666255976e-02,9.571529229333687327e-01
2.840495848204175472e-02,2.457073247908193869e-02,8.602071850331479697e-01
2.367110575677753084e-02,2.930484588366464443e-02,8.628050156950198835e-01
2.424819157851004423e-02,2.850543703542659374e-02,8.571440833613770405e-01
-1.376553105617666327e-02,2.094589383852693554e-02,5.740673897323139707e-01
-1.132727068207176752e-02,1.676465045989686958e-02,4.634041211385304115e-01
-4.732485121597406440e-03,1.982806386705598944e-02,4.668934332510407681e-01
-1.370575118895973540e-02,1.466234541193924337e-02,4.596940309910308997e-01
-9.593393753358151876e-04,1.324984723668280913e-02,3.042658006362614076e-01
4.253280140627577199e-03,1.278453540525527343e-02,3.085934900849138796e-01
-4.587371920809966280e-03,1.223470331590933470e-02,2.992707590275088259e-01
-1.622659953518756568e-02,-2.722170929211446128e-02,7.258448631015186336e-01
-1.948574569934058420e-02,-2.520977530556848395e-02,7.297741590788595634e-01
-2.984693019127041685e-02,2.704926556352234626e-02,9.225703885732604581e-01
-3.294188987611034597e-02,2.301077699958966813e-02,9.203392972474881972e-01
-2.921973315347545230e-02,2.728885289818833854e-02,9.157137137631218282e-01
1.334856844191605919e-02,1.162114734279006724e-02,4.053612869403774854e-01
1.398411989277554635e-03,-3.595957857157911636e-02,8.242322985618641962e-01
-1.704436714264282848e-03,-3.613156208265713709e-02,8.284690867637543032e-01
-3.516426683063774566e-02,1.911982186031284739e-02,9.167497173113779985e-01
-3.567619188324959445e-02,1.879838051399608870e-02,9.236125641330469316e-01
2.138592155563588670e-02,-3.450039046896167388e-02,9.296882433042297222e-01
-1.671747548857133517e-02,4.005177008762562246e-02,9.940388013062092520e-01
-2.281198016538592624e-02,3.692201835144624106e-02,9.940397523639666888e-01
-1.349166287664277375e-02,4.102329364873147366e-02,9.890968250862349764e-01
-1.532568484189508404e-02,4.019862442966815053e-02,9.853427861004503407e-01
-8.724749271260948125e-03,4.217340776389454787e-02,9.863834634115883349e-01
-1.132152673718683257e-02,3.041356335030552527e-02,7.432834094271091319e-01
-6.684175635417262742e-03,3.166450004221797732e-02,7.412186399345026544e-01
-7.577632454675092659e-03,3.171434976698599140e-02,7.468245041453275279e-01
-3.598010340197738133e-02,-2.421121019125701494e-03,8.259434698504105610e-01
-3.516878910868811298e-02,-7.233067529052278691e-03,8.223571402899529925e-01
-1.018131852478420564e-02,4.223587090661712340e-02,9.950699132876583697e-01
1.809161411881799386e-03,-3.195136437484064984e-05,4.144307048341218380e-02
-4.005449468230607400e-03,3.187707800144716497e-02,7.358462423282324805e-01
-9.873113291407055155e-05,3.228392872264265051e-02,7.394269922287082242e-01
-8.500082905768071607e-04,2.053189188992150110e-02,4.706604555683017166e-01
-3.476877274901444669e-04,2.075619379273924495e-02,4.754616888742810854e-01
-5.436880552545039075e-03,-3.661330555166412981e-02,8.477778043086109383e-01
-6.516883373750111596e-04,-3.719007966895011841e-02,8.519236319193614904e-01
9.893308460524365133e-03,8.443757593124181365e-03,2.979027152525228206e-01
7.491865655517202481e-03,1.091579276144320765e-02,3.032328663551323022e-01
8.179776041529652694e-03,1.079553425537667539e-02,3.102190511415697238e-01
-4.467208801867483293e-03,-2.759035191969716125e-02,6.401524513646863479e-01
-7.000375452077208004e-04,-2.773467314185082758e-02,6.354307658636613176e-01
-5.596324717383657429e-03,-2.707889628059023668e-02,6.333151990546156407e-01
-9.251084474358624993e-03,2.279923171793418052e-02,5.635385435518532882e-01
-6.175431209392007528e-03,2.397978878682799353e-02,5.671474715915508780e-01
-1.223895054001306049e-02,2.158182672380890704e-02,5.682567575730353981e-01
-1.303190874234307940e-02,2.061726975722298627e-02,5.586370954577164483e-01
-7.085590571472704345e-03,2.328753107306373929e-02,5.575148671678571421e-01
-2.930051471193542353e-02,-1.550513092328636988e-02,7.592621588367781671e-01
-2.979399930602825292e-02,-1.389913938121810529e-02,7.529971172867396811e-01
-9.926448873842862695e-04,4.157350317786918242e-02,9.524611550425092776e-01
-3.076198859825920139e-03,4.175911089369662571e-02,9.590324764964859305e-01
-5.942350560394469433e-03,4.127928705842592166e-02,9.551971611273644136e-01
-1.298403438478609902e-02,3.966266899023997150e-02,9.558618286345414994e-01
-1.098426612803801890e-02,3.996392031738348755e-02,9.492689456657060765e-01
-1.860398210224829471e-02,3.735879567143360336e-02,9.558824919759471017e-01
-1.386273762619883755e-02,3.963738457468816978e-02,9.617666558798377840e-01
2.481381623025159106e-02,2.598656749606018113e-02,8.229521418521041909e-01
2.473792869926453447e-02,2.652852915233740866e-02,8.307874815049465234e-01
2.178549319257196484e-02,2.873382273569005316e-02,8.258833254486520614e-01
1.801922257652210230e-02,1.343756524755645131e-02,5.148308715696497950e-01
-2.842842811424401567e-02,-1.614754317129067987e-02,7.488230804152176123e-01
-2.980769319956563801e-02,-1.293630434721395640e-02,7.442302027359086747e-01
-2.555170629571102553e-02,-2.061269023608263903e-02,7.519179931248275439e-01
2.067437692371207336e-02,-2.688613222808161618e-02,7.768037447597873069e-01
1.868870592371827885e-02,-2.862491231941394557e-02,7.829783267061108942e-01
2.392235932042746649e-02,-2.422693837825455956e-02,7.798131195131932092e-01
1.609271330155296470e-02,-3.035734813616412092e-02,7.869515224649522578e-01
1.975857367278523874e-02,-2.826829050227994827e-02,7.899300819674506258e-01
9.602026406404123512e-03,3.516028709402654884e-02,8.347926749578966632e-01
1.699533621167408082e-02,3.204737671291935791e-02,8.308341527663485326e-01
1.481287011341293758e-02,3.343738113007063695e-02,8.376266166602717167e-01
-6.514161089374938089e-03,3.344044621325908268e-02,7.803087167552383852e-01
-2.387365533388905760e-03,3.415948450517351104e-02,7.842892448557998719e-01
-7.522957069315355794e-03,3.350916679540180687e-02,7.865898534853206225e-01
-2.228083504080316871e-02,-3.478783527158484795e-02,9.461858779999131608e-01
-1.729690723289250762e-02,-3.747564088306768598e-02,9.453476609350828230e-01
-1.337671386788332091e-02,-3.923321516568815254e-02,9.493829483729181451e-01
-1.598337194045214293e-02,-1.432225936302585021e-03,3.675461748251503402e-01
-1.557337081341899840e-02,-2.274333438237094093e-03,3.604724339868964345e-01
-1.555830300823849745e-02,2.955615264544743728e-03,3.627167282221858691e-01
-1.635586599802420216e-02,-5.534986951581805092e-04,3.748253633538708440e-01
-1.524431877178081436e-02,-5.683662402720281517e-03,3.726304505465920514e-01
1.712981932157288736e-02,3.158685087285484361e-02,8.229944323224459568e-01
3.589881624131926324e-02,-5.915687606277422565e-03,8.333069711980414240e-01
3.621484137940303438e-02,-5.915689548846836052e-03,8.404496490396364816e-01
-1.669998862345888763e-02,-3.092685660779858833e-02,8.050144406833293909e-01
-1.557310419858574935e-02,-3.181638330556529892e-02,8.113249014431498374e-01
-3.226507445603268159e-02,7.006910419370231125e-03,7.562169340514016680e-01
-3.296614199204944695e-02,4.249246147516654200e-03,7.612953309791307133e-01
-3.348563600866653889e-02,1.174459695494330406e-03,7.674187425697223119e-01
-1.630196298087970702e-02,-3.701567407446326036e-02,9.263756701747648536e-01
-5.992546705411046053e-03,-1.716977915712143352e-02,4.165161274164618788e-01
-7.069579415724905336e-03,-1.636175104729866922e-02,4.082308539456879215e-01
-1.079008242622493327e-02,-1.443048964976489240e-02,4.126905894375951789e-01
-3.092560850011156007e-02,-1.435342978452053579e-03,7.090753803415257295e-01
-2.984227001776165039e-02,-8.188061574863727751e-03,7.087616164282446451e-01
-1.934615979019350387e-03,-1.760002768975682183e-02,4.055348991685274185e-01
-7.183819732313256184e-03,-1.599774455782014895e-02,4.016559755208570781e-01
-2.440286130132275286e-02,-2.509331299539673335e-02,8.016887233361515985e-01
-1.970440735467324234e-02,-2.888392683687854290e-02,8.008280903876143775e-01
-1.445821656211861150e-02,-1.061446357869565843e-02,4.108062596287366253e-01
-1.380875299216638430e-02,-1.200342885327802984e-02,4.190600302027976398e-01
2.466489864890929889e-02,6.304248872535965498e-03,5.830800216498502886e-01
2.434290010031652310e-02,6.304240083503617233e-03,5.759375931361312428e-01
1.297441848201993063e-02,-1.719689270304308390e-02,4.933987063932013251e-01
9.854850472669398481e-03,-1.887894375422639881e-02,4.877655705628384797e-01
5.132966179859026201e-03,-2.084558232642561015e-02,4.917037040671116688e-01
5.973410926494302463e-03,-1.984462906161548953e-02,4.746613753134326097e-01
1.398151879862205484e-03,-2.085725325158031135e-02,4.787817535635156552e-01
6.074081783225218460e-03,-2.014955030925852375e-02,4.820134583185275989e-01
1.369841762085256993e-02,-1.607516911254860958e-02,4.837293217011809365e-01
1.251150768973097183e-02,-2.448120986055253925e-02,6.296942308732844662e-01
1.043742887981208983e-02,-2.581811577387385995e-02,6.378256748959320044e-01
1.510563531368866973e-02,-2.326506271106397461e-02,6.353239360975040384e-01
2.515301992412419252e-02,5.515209342052179199e-03,5.897850580725496616e-01
2.291250624668219812e-02,1.150359451390037431e-02,5.872105759419923299e-01
3.793237096421769872e-02,-7.450885413509023870e-03,8.853958450623491405e-01
3.814582150278550410e-02,-4.935404257785806596e-03,8.809652626931879782e-01
3.645455140095934382e-02,-1.223109302226575365e-02,8.806889366118280105e-01
3.711303341231496356e-02,-1.150754595215867926e-02,8.899522882596737627e-01
3.864346905743800548e-02,-4.176753724356218299e-03,8.902358008951137824e-01
3.783134153469976807e-02,-4.935405145473591854e-03,8.738225188143671218e-01
-1.204156569038529641e-02,-1.502604093319190141e-02,4.410275790890792469e-01
-1.204795168151721885e-02,-1.460594165862921442e-02,4.336540393352191214e-01
-1.601152745753874410e-02,-1.048478767935108816e-02,4.383542492839380134e-01
-1.307863019512696748e-02,-1.457691001419457455e-02,4.485495767131821854e-01
-8.154824570319145829e-03,-1.758262106202779229e-02,4.439135772945285163e-01
1.448008079844942397e-02,2.039930776471591406e-02,5.729625405069064259e-01
1.942274838855386626e-02,1.581488485875848921e-02,5.736713148018312003e-01
1.818165260058749594e-02,1.761119004397047189e-02,5.797533071702867247e-01
1.957703746336569156e-02,1.656000667987934591e-02,5.872903409276736264e-01
1.456369465881584072e-02,2.106696890105971137e-02,5.865861304579838009e-01
-2.104263938193375949e-04,-3.050031659378220003e-02,6.985887256523272137e-01
-4.283629105943313753e-03,-3.034967855061298375e-02,7.020116104526857859e-01
2.555928517667863716e-03,-3.015757066972608522e-02,6.931982104499260222e-01
6.268967865736155796e-03,-2.938840751282239400e-02,6.882489909685438612e-01
-2.085807465803181035e-03,-3.002035456633656008e-02,6.892367878107167334e-01
8.093289578165114781e-03,-2.936395871462658957e-02,6.976230601997185365e-01
-2.618596865389748174e-02,-3.454257116463938654e-02,9.927914987928400103e-01
-3.021032288235470098e-02,-3.081065062884170633e-02,9.883073828951748352e-01
-2.976112635143596252e-02,-3.167770213126926138e-02,9.955109125351275789e-01
1.137000490790761320e-02,2.852666224819349478e-02,7.033535223543833093e-01
1.605033134269439471e-02,2.639998000872767828e-02,7.076381744105639804e-01
1.054715460821639694e-02,2.916427408762626780e-02,7.103112256867143426e-01
2.766897376035400147e-02,-2.287639443163468761e-02,8.222743805510293047e-01
2.316382962206146173e-02,-2.721513180872283874e-02,8.185417453128672749e-01
2.437954951642448687e-02,-2.658585543772699206e-02,8.261785861502051187e-01
2.033804740367993122e-02,-2.999299542703653954e-02,8.299940200555537828e-01
2.530611987057369491e-02,-2.616407425512462179e-02,8.336965891779412052e-01
1.596745839217386317e-02,-3.242730211975104748e-02,8.278656750925466046e-01
1.705806626906185980e-02,-3.223831761373554400e-02,8.353712445008123488e-01
-1.818007145511578090e-02,-3.174676142406828577e-02,8.379059756421123328e-01
-1.887094144672469068e-02,-3.161925337019026033e-02,8.433717636393891492e-01
-1.444585947004670481e-02,-3.379482073645846685e-02,8.417789030879511136e-01
1.943849694882100743e-02,1.758023951841575575e-02,6.002884197037536840e-01
2.044292386984218265e-02,1.595738750267414879e-02,5.939769808713843968e-01
-3.572815743739325787e-03,-1.849674389955762582e-02,4.314759094173478693e-01
3.675959266219870061e-04,-1.899852042587107590e-02,4.352191013682950582e-01
3.849574011327300781e-03,-1.839082161341267299e-02,4.303480046704860063e-01
4.000446128053492673e-03,-1.876770104647309048e-02,4.395077876064949485e-01
5.243111957507251390e-03,-1.880096294599498466e-02,4.470439727818014131e-01
-3.421262117689843549e-03,-1.893180557402756453e-02,4.406331497322905077e-01
2.898182612338491559e-02,7.010270917031585954e-03,6.829356552954843895e-01
2.970895177485094810e-02,4.571540148388017824e-03,6.884556456076351694e-01
2.769487924421305813e-02,1.137359834942829051e-02,6.857240050572461776e-01
2.644658205544375695e-02,1.286999605231592576e-02,6.736427320864463164e-01
2.866088796171318079e-02,7.010265489928179522e-03,6.757931831760566332e-01
-1.520627543379451420e-02,-2.945939870855925416e-02,7.593166481599259443e-01
-1.835667598960636152e-02,-2.781450559160696806e-02,7.632881411562550955e-01
-4.719115511753487965e-03,1.372556222588908366e-02,3.324291301154259637e-01
-6.958849525547265019e-03,1.300049621312174275e-02,3.377342457364661543e-01
-8.957236508058023100e-03,1.113746720172737771e-02,3.273518329567876028e-01
-3.131822414075793176e-02,8.580092240291943562e-03,7.437375506415513371e-01
-3.133846818643298837e-02,9.347580552541765245e-03,7.490185675644401853e-01
1.052075031103525370e-02,2.948548271961156861e-02,7.170304941466475457e-01
5.472185631603241132e-03,3.063626553162394558e-02,7.127913774741866382e-01
-1.304840627566304471e-02,-2.739603210812285167e-02,6.950088996287899779e-01
-1.657803290601433249e-02,-2.567488804595672441e-02,6.999830867814162971e-01
-9.705638454771875478e-03,-2.894206394423222417e-02,6.991625256968805324e-01
-1.180856156257295390e-02,-2.724939433579666101e-02,6.801961888405085865e-01
-1.125608774106919875e-02,-2.786387092631339990e-02,6.882933342563545276e-01
-6.399379752356727444e-03,-2.926550952626366317e-02,6.861282039443122871e-01
-1.791043009948205256e-02,-2.417685081308824924e-02,6.891345410100121471e-01
-4.964186438877835755e-03,3.834834854611724603e-02,8.856501388647709527e-01
-2.428203968092939452e-03,3.827313523837733156e-02,8.783613663461190546e-01
1.792356814725953309e-03,3.850673332594253123e-02,8.829040838286291715e-01
1.476613505118660151e-02,5.594487844227716798e-03,3.616598417515453079e-01
2.672428384195248488e-02,1.547376607670205781e-02,7.072869646522756959e-01
2.412466709882398613e-02,1.894875875901404216e-02,7.026101147293059013e-01
2.668692850085378765e-02,1.488308209032491135e-02,6.998583846938909447e-01
2.068926140537799205e-02,2.281144501997858093e-02,7.053495495839370300e-01
2.075935518434671168e-02,2.230625815302822446e-02,6.979149737905774309e-01
2.005742927094943812e-02,2.376690875192851576e-02,7.122910612246284856e-01
-4.033580474374022853e-03,-4.318275137946941261e-02,9.933529173608707241e-01
-1.078344745685752212e-02,-4.200897700774547383e-02,9.933574325826621809e-01
-1.272126294126306977e-02,-4.124949680228102294e-02,9.886766676411895549e-01
-3.294963809806558674e-02,1.589450926588483609e-02,8.378878873932783522e-01
-3.463256827043807717e-02,1.159771706622839127e-02,8.365118138744928045e-01
-3.414522821426225346e-02,1.232614400955372135e-02,8.314509928011285522e-01
-3.583089292318725888e-02,8.467195215818134474e-03,8.432649794741043925e-01
-3.623925371026922443e-02,4.664923472121129157e-03,8.368639213223411089e-01
-3.618639913544247078e-02,2.429505352114595933e-03,8.306706601629422204e-01
-3.655496985639343499e-02,-8.265467008347216881e-04,8.374604572424354521e-01
4.156273572957459167e-02,-5.570867945472774904e-03,9.604561214284392801e-01
4.131616309209606985e-02,-5.348458395448492907e-03,9.541916925878093370e-01
4.064224745079082074e-02,-5.744782664569564670e-03,9.401137331381024254e-01
3.973825553218783557e-02,-1.099277497548890349e-02,9.443381284108085527e-01
4.100168216698742846e-02,-5.348457933489514891e-03,9.470489487576085885e-01
1.407356108602190320e-02,2.584375036357715663e-02,6.739954231178727495e-01
1.806300174310643963e-02,2.343836006772238509e-02,6.777458966486473724e-01
1.297899067340415810e-02,2.678732304067250533e-02,6.817535309380993169e-01
2.312450018450032049e-02,1.827678911759776301e-02,6.750915605538684305e-01
2.239623658213423310e-02,1.967760868170737726e-02,6.828240957292376345e-01
-2.373442079406594407e-02,-6.844931498898353464e-03,5.657627960567924719e-01
-2.120530763594454665e-02,-1.296805299172082426e-02,5.693027849666080220e-01
-2.044829440351066119e-02,-1.353063405405765737e-02,5.615911780349426285e-01
-2.205132772126701043e-02,-1.215088066988329052e-02,5.766588516630651862e-01
-1.736010364056540453e-02,-1.798749287555152440e-02,5.725589108840871688e-01
-2.323655202438306561e-02,3.457626859786267631e-02,9.541434109611616199e-01
-2.401696847732387799e-02,3.435436885920999800e-02,9.600578359486989788e-01
-1.999060115791164924e-02,2.944046664842702929e-02,8.150539849313991336e-01
-1.969459108304040529e-02,2.999759460570554370e-02,8.219014272688816014e-01
-2.130109037200613592e-02,-1.145993923119116055e-02,5.539997440140301821e-01
-1.754485407454352622e-02,-1.687829225491983484e-02,5.576014056490418147e-01
-8.436939461205352625e-03,-1.670715592889565962e-02,4.286805516597483878e-01
-1.322496896396864290e-02,-1.307550928471694178e-02,4.259538517906063526e-01
2.194748028428297748e-02,-1.294036548271457025e-02,5.835495395989566125e-01
2.472258150315172209e-02,-6.978091608120361861e-03,5.883637229598834839e-01
1.895695464589873189e-02,-1.670945231217888308e-02,5.787777140193375303e-01
1.899056818218685175e-02,-1.716678970498019402e-02,5.863276071585891147e-01
-2.226911941233973916e-02,-8.568163085229082640e-03,5.464970438360632343e-01
-2.362796119096528813e-02,-4.421438217776889161e-03,5.505627276205978804e-01
-1.176885638995431999e-02,3.075590032233754129e-02,7.542371652931644244e-01
-1.656359861626536395e-02,2.856615937606752156e-02,7.563024051639760659e-01
-1.693513966772226126e-02,2.807561091976958079e-02,7.509637540711611159e-01
-1.580333599196193442e-02,2.927655582129031278e-02,7.619976949860692850e-01
-2.059825434596367771e-02,2.594569949314142268e-02,7.587569891591990912e-01
-2.269904755757745987e-02,-6.428612473914289971e-03,5.403414400896285885e-01
-1.973132598718874142e-02,-1.320659900692660801e-02,5.438086554467477240e-01
-2.244761407196170164e-02,-6.164444706111352375e-03,5.331688453091039115e-01
-2.337802905739446574e-02,-9.964591934021487830e-04,5.359310696040090471e-01
-4.181500504866445846e-03,-1.573811169714064637e-02,3.729680478692563583e-01
-9.077793142865657472e-03,-1.389164256338060177e-02,3.800811135666719576e-01
-3.535461644079873362e-03,-1.621062600520571315e-02,3.800119758967339667e-01
-1.858791411007737222e-03,-1.684542675660114300e-02,3.881654533073639057e-01
3.485811358984905288e-03,-1.627262995525074335e-02,3.811597886488664044e-01
1.566808539000998828e-03,-1.713676423618370678e-02,3.941335301225446508e-01
-5.406918115931245647e-03,-1.628552266804609780e-02,3.930202160604385209e-01
1.311278191183084738e-02,-2.811060334402073341e-02,7.104418278682778087e-01
1.041603968448299652e-02,-2.890901858106020850e-02,7.037925927059425213e-01
2.881180238790169088e-02,-4.798388875562085293e-03,6.689877805976666147e-01
2.755489912629299765e-02,-1.013235189999030748e-02,6.724262463858522443e-01
2.894715400353801288e-02,-5.492412783631567957e-03,6.748276190934261454e-01
2.926451173266269440e-02,-5.492412385719112368e-03,6.819702405328903483e-01
2.782284632429477683e-02,-1.096850378054530992e-02,6.849791651085590516e-01
-1.557590166822876362e-02,-2.341209942897281779e-02,6.440541773675857451e-01
-2.032928141096928404e-02,-1.953338500412978712e-02,6.457208103928657739e-01
-1.620450065375696538e-02,-2.338590198476834039e-02,6.516458418258077590e-01
-1.334352499954964688e-02,-2.529960631175473540e-02,6.551116535086131121e-01
-1.847709038229495768e-02,-2.192750858068810010e-02,6.567506510096400296e-01
-1.000886965579690820e-02,-2.627820774685273725e-02,6.440487046024033768e-01
-1.487951254597457557e-02,-2.355199503019259760e-02,6.380646928129866113e-01
-1.913844334496868360e-02,2.204502956931102264e-02,6.686422171860549879e-01
-2.135611415476283692e-02,2.031990295763349413e-02,6.751686938010315053e-01
-2.332971288880096236e-02,1.757774381194311675e-02,6.690301576492047042e-01
-3.302225879095698619e-02,-2.418676058650204991e-02,9.375082174258581036e-01
-3.025970937984968565e-02,-2.785598733186564480e-02,9.420121477055627413e-01
-3.182350277237884495e-02,-2.642555781554278491e-02,9.474093366239721981e-01
-2.701952145614075831e-02,-3.118190325346686595e-02,9.450032687078178117e-01
3.706030947061637187e-02,1.923728594089657226e-02,9.563630993357421506e-01
3.874220802795241142e-02,1.500159490819389513e-02,9.515423169854606567e-01
3.929717033942345394e-02,1.410528110625592496e-02,9.562772094305082016e-01
-2.610409361360928673e-02,1.317885876095937527e-02,6.697563992402415511e-01
-2.420583943196824572e-02,-3.376603793206656157e-02,9.515592547655794542e-01
2.560986155934976555e-02,-1.626596761838756261e-02,6.948742442327496827e-01
-2.800307571220603600e-02,9.167258322603262857e-03,6.748690321032637662e-01
-2.907664001155576758e-02,5.760242053924906694e-03,6.789069351425354171e-01
6.705949160780028291e-03,2.300458367564241907e-02,5.488215499632665972e-01
3.738693876590528428e-03,2.383139395324840662e-02,5.525047072461988229e-01
1.113687294488215421e-02,2.119117917962098571e-02,5.483029511021254576e-01
1.598727461950451290e-02,1.775381526985569600e-02,5.471991475917229453e-01
1.353492276091828629e-02,2.003877815449547906e-02,5.538482693864137385e-01
9.654688231177443319e-03,2.161127293544676253e-02,5.421278839474052980e-01
3.368657386427496847e-02,-5.653867539551193575e-03,7.823409608087821265e-01
3.237224732046665998e-02,-1.145486640535526776e-02,7.864955533341765337e-01
3.396414510126515018e-02,-5.968261892303714303e-03,7.898257539381303705e-01
3.078381029483780520e-02,-1.556265982147240698e-02,7.900435913825879508e-01
9.546803470518559417e-03,-4.125231388550419306e-03,2.381980501128431460e-01
9.206092386209445422e-03,-4.125334909447022497e-03,2.310563439753715587e-01
6.903513762605113617e-03,-7.925327619492494868e-03,2.407286221401470638e-01
9.681532130620734353e-03,-4.580122525040533459e-03,2.453051957612405742e-01
4.066586674134507404e-03,-2.752361900505780751e-02,6.372380511685298288e-01
6.990903979271192482e-03,-2.718182898280997392e-02,6.428269620235771420e-01
8.179515305525752317e-03,-2.713656169695713438e-02,6.491500336910550617e-01
8.153110365214143521e-03,-2.753633270695291652e-02,6.577500613063943513e-01
1.313400819604731637e-02,-2.525808620811555855e-02,6.520429285135977970e-01
1.680203501795679783e-03,-2.826807689478814251e-02,6.485880770263626749e-01
-2.572019066245805410e-02,2.023536682436969172e-02,7.495511516262610696e-01
-2.538441198669600871e-02,2.028840671591100944e-02,7.442799910119922702e-01
-2.088058929865748911e-02,2.509986611124212855e-02,7.478008559202231620e-01
-2.439679010401371931e-02,2.223563214617920933e-02,7.560417149812643789e-01
-2.821489951950236635e-02,1.683846578122568868e-02,7.525601901925479398e-01
-2.972223351150270892e-02,1.472672902093863020e-02,7.597313030926617916e-01
-3.047496997520445297e-02,1.236643743321323013e-02,7.532701929243758032e-01
-1.514812727928792867e-02,2.431001490313811769e-02,6.560410068898337999e-01
-1.672922724941818678e-02,2.355920984958609701e-02,6.617973254048243881e-01
-1.222372804945455298e-02,1.414502914088704459e-03,2.818376483457386006e-01
-1.257868575089873125e-02,1.051891131462722329e-03,2.891048708828735658e-01
-1.215839879154852199e-02,-2.894514564402791805e-03,2.862557257493986707e-01
-1.409044354821952123e-02,2.553499284038515324e-02,6.679801681250217005e-01
-1.086511785868266196e-02,2.732172740287445653e-02,6.734359774954611355e-01
-7.995079251380779461e-03,2.798621993946736816e-02,6.666332869096138758e-01
-1.572533942284703307e-02,2.822798235779383838e-02,7.400806290338250992e-01
-1.652999697518408445e-02,2.804946181341109665e-02,7.456971913007219843e-01
-1.914919692483079208e-02,2.582407851783017141e-02,7.363390621636300981e-01
-2.328970293113966084e-02,2.222175798032878513e-02,7.372795737483496259e-01
-1.422469218606516733e-02,2.871227793810317286e-02,7.338992563407893410e-01
2.584145861049343736e-03,4.333684619704910451e-02,9.943400290035423472e-01
-3.415087242494592792e-03,4.331125268691571328e-02,9.950697530350504083e-01
-8.329309465608043025e-04,4.319014708747064002e-02,9.894009402041250567e-01
-2.063216603307953950e-02,-2.975570761152955632e-03,4.774434257860991626e-01
-1.944655037413629481e-02,-7.778663953652880519e-03,4.797100248457109029e-01
-1.932426270544518321e-02,-7.172309552940501522e-03,4.721005323126841735e-01
-2.061482651543742467e-02,-5.837541044684714173e-03,4.907224412993591578e-01
-1.856233335467800602e-02,-1.077801414371604150e-02,4.916184348578632179e-01
-1.933088385085901528e-02,-8.742068884843289325e-03,4.859199112184741098e-01
-1.687931678590058257e-02,-1.246798440467810840e-02,4.806310152639191036e-01
2.973297293436412414e-02,-1.799277805415274226e-02,7.959807368941770322e-01
2.974059254269516284e-02,-1.854228774247426367e-02,8.027171166308314509e-01
-1.125863901957873878e-02,4.420231345882562335e-03,2.770270781153774675e-01
-1.195624936208002781e-02,5.465188322389130529e-04,2.741290660417811664e-01
2.111250584736538982e-03,2.643374028986327298e-02,6.073601895257517702e-01
2.267742370721033570e-04,2.626517950540410359e-02,6.015939355570811831e-01
7.250946815578398520e-03,2.534409860535775591e-02,6.037649658414069309e-01
2.224972062479628216e-03,2.671278790448412127e-02,6.139420632307724945e-01
-8.522161284698341610e-03,7.307707924456859246e-03,2.571245598871071403e-01
-8.288796362384215702e-03,7.027070930605346967e-03,2.488869812995684327e-01
-8.610062943138775335e-03,7.701085870572284275e-03,2.645755791790134204e-01
-1.099525242762386390e-02,3.134216876648494680e-03,2.618641627589203824e-01
-8.086138595370660417e-03,6.769528149207755877e-03,2.415366315567555877e-01
-1.052390618261560620e-02,2.369671401541970524e-03,2.470720222291455936e-01
4.166667304561018359e-02,5.041410899007912026e-03,9.612837460733889561e-01
4.198079010347081225e-02,5.041411233029114217e-03,9.684265055455445470e-01
1.961452991715389657e-02,1.497061349885179214e-02,5.651473644996649615e-01
2.227760769671618263e-02,1.128748875898450722e-02,5.719979672722595998e-01
2.420129549225959187e-02,5.298505082227554855e-03,5.674298061508122881e-01
-2.353143001053920394e-02,-1.536379200528061907e-02,6.436627685738081084e-01
-2.366094345347023731e-02,-1.468943271840268856e-02,6.378687104066472768e-01
-2.461697064784822142e-02,-1.236161940769148031e-02,6.309165888316905502e-01
-2.117486950043351648e-02,-1.763483316734142103e-02,6.311483413295441158e-01
-2.428076312576385454e-02,-3.062088742240974115e-03,5.605257805057924925e-01
-2.633440909991699528e-03,1.493167429491142409e-02,3.472696608675913121e-01
-1.386360578192857504e-02,7.167577095940430576e-03,3.574556038375355516e-01
-1.385096378280721921e-02,6.597331829964748519e-03,3.513873473827011096e-01
-1.088776270941194287e-02,1.092582344642972075e-02,3.532804640578466882e-01
2.794195716169907764e-02,1.966861659653781902e-02,7.826278853069351671e-01
3.059423578976119482e-02,1.474841480483828418e-02,7.778932788518396757e-01
2.300717744306866874e-02,-3.123038924119471774e-02,8.884380475662175813e-01
2.524651823529916114e-02,-2.896585973781243620e-02,8.800554609210614609e-01
3.023463339612183359e-02,-2.375668707330682444e-02,8.806827665282497275e-01
7.418517794038933903e-03,-1.273066535054757573e-02,3.374745668319570346e-01
4.844386826969890140e-03,-1.356948239351359053e-02,3.300041878614097812e-01
8.029510530521417715e-04,-1.473155576242607401e-02,3.379089223013574395e-01
-5.252055783531216736e-03,-1.371084081335490271e-02,3.362809806108884580e-01
-2.520815277372016449e-03,-1.479157517166854695e-02,3.436673239399236635e-01
-1.142320581384199951e-03,-1.532300301615509112e-02,3.519283517339411582e-01
-7.281498360608084589e-04,-1.566033225392755510e-02,3.590680883386958566e-01
4.003128591825384601e-03,-1.486034391864244839e-02,3.524910054611697929e-01
-7.037815999834303241e-03,-1.358058403338055845e-02,3.503326292814464282e-01
-1.380629550678066052e-02,7.919875553816471681e-03,3.645501242641664974e-01
-3.317267405193031343e-02,-2.039465825952668440e-02,8.918858024584583877e-01
-3.485219407097741445e-02,-1.797036180592594123e-02,8.981107462506284778e-01
3.600617169603397005e-02,4.587720147186418428e-03,8.313440885845354567e-01
3.632053044691233717e-02,4.587719564496123975e-03,8.384868376681969826e-01
-1.680396157264130511e-02,-2.038043711933450533e-02,6.049956473847498684e-01
-1.518406792924770904e-02,-2.124315054474804759e-02,5.980590999112309625e-01
-1.138711836796913769e-02,-2.681826527062726451e-02,6.673159850460534948e-01
-1.142772758966817577e-02,-2.714047195019158448e-02,6.744753267295395815e-01
-6.950640047315580390e-03,-2.845400430575002054e-02,6.708660164165428652e-01
-1.593091188942393974e-02,-2.488142252025322271e-02,6.766809446895948321e-01
-1.277261223432219102e-02,-2.327375782970306922e-02,6.080539657511704332e-01
-1.832611589776704172e-02,-1.939517282901390832e-02,6.111569543842650942e-01
-1.394291116338847863e-02,8.242219786408438650e-03,3.709695682847722886e-01
4.051997989286640345e-02,1.457576517898593986e-02,9.862781908772743078e-01
4.188064687317413076e-02,9.991345188004270572e-03,9.861435786351641086e-01
4.251274723766801378e-02,5.978475970498399981e-03,9.832829169539463177e-01
4.296785474755216577e-02,4.079014321350148478e-03,9.885502151033968010e-01
4.219779795581557469e-02,5.978474935405894350e-03,9.761401932067935716e-01
2.441266405585143517e-02,2.802810069795475673e-02,8.513156179940354340e-01
1.907123965408941482e-02,3.203778112876416728e-02,8.539547282765382885e-01
2.396007185253441404e-02,2.810733393043918574e-02,8.459236173608724041e-01
2.845206915556246219e-02,2.377060851037261779e-02,8.491590979043867060e-01
1.506750715656937807e-02,3.139852310911759453e-02,7.976619114953639178e-01
2.045328232200056134e-02,2.812691529713684524e-02,7.965309697159758118e-01
1.921810398752740387e-02,2.938088725523848796e-02,8.041055289954156526e-01
-8.927730095987159234e-03,3.666133209249704174e-03,2.210479154376436550e-01
-8.576780196640583151e-03,3.566830268291835797e-03,2.127505085535515150e-01
7.824734106366368694e-03,3.775544157749004953e-02,8.831175910762837367e-01
5.314248069989871252e-03,3.850973873163004990e-02,8.903766933617727197e-01
-9.088749133396072100e-03,-7.208983704060712479e-04,2.088203709795596330e-01
3.168312315525888267e-02,-9.535503397172644460e-03,7.578156962280958586e-01
2.923205737312756583e-02,-1.499394635622607920e-02,7.524615913197116868e-01
3.229224297235799845e-02,-5.864862127377809889e-03,7.517131571108169874e-01
3.197523618278030194e-02,-5.864866662967063889e-03,7.445705208276606202e-01
1.133571554407863946e-02,3.273821296250888080e-02,7.935052578196254425e-01
9.883689330035024673e-03,3.355133065755553506e-02,8.011012667892558614e-01
-2.101816676841456594e-02,3.321482749556483021e-04,4.814552700771301819e-01
-2.039593833106501108e-02,5.633152690336320004e-03,4.846334553516114529e-01
3.530387782906679872e-02,2.513914004623606785e-02,9.926451169894486837e-01
3.166604733156104523e-02,2.971181832355038535e-02,9.945432944979469836e-01
3.168561249450858874e-02,2.921916806745120110e-02,9.871862574115011224e-01
3.768404063712420260e-02,2.103569371881896036e-02,9.884739113161706836e-01
-3.915290555653343219e-02,5.686182600638652225e-03,9.061566462664908395e-01
-3.789792235850537178e-02,1.089150966071640581e-02,9.031397955042387293e-01
-3.812265872689430540e-02,1.121797843378375542e-02,9.101704416455282942e-01
-3.569353493154247409e-02,1.649662769045674715e-02,9.006065723290589409e-01
-3.750879887916846317e-02,1.119749385495335398e-02,8.965570302763702371e-01
-3.945654311771860934e-02,1.078918759454326574e-03,9.040412086762721344e-01
-3.975288026278002429e-02,1.416751178324128198e-03,9.110686890519654746e-01
3.186515473416429850e-02,1.113124122511046504e-02,7.730801656271815148e-01
3.300579145705142409e-02,6.071967429894217609e-03,7.686426796832740438e-01
3.346911670953816448e-02,5.216819023505979425e-03,7.758249454216675778e-01
2.659899286895467049e-02,3.432313551190310091e-02,9.945573647586553045e-01
2.986035273714951130e-02,1.551503477904877040e-02,7.707234414892439878e-01
4.328110798220599631e-02,4.079014132408049532e-03,9.956930118559577103e-01
3.268865426206497837e-02,6.071965343484190224e-03,7.615000489591512434e-01
4.320672456828780067e-02,-4.479340119326364819e-03,9.949005411963319778e-01
4.289318018466876242e-02,-4.479340649624279774e-03,9.877577570295547060e-01
4.196534806510878596e-02,-1.121711173862179403e-02,9.949080542979987785e-01
3.874167543864667773e-02,1.847533561763969531e-02,9.830640476211615075e-01
3.931419413192033252e-02,1.652299199976517072e-02,9.767362108750894389e-01
-3.921907876403883664e-02,1.745374068561047348e-02,9.832011146073970087e-01
-3.567594157662052484e-02,2.360963539003126457e-02,9.798389616866597374e-01
-3.596786695088480257e-02,2.359215655689080732e-02,9.852020351025073674e-01
1.282432219108638020e-02,-4.682390982782539193e-03,3.126913681161324621e-01
1.249187791232692774e-02,-4.682293554560837921e-03,3.055493551914585382e-01
1.048173162374402279e-02,-9.265057740295651323e-03,3.204137691718905168e-01
1.304950089568845430e-02,-5.222562155798236329e-03,3.219300271190859708e-01
1.338469910813839051e-02,-5.222786389522220997e-03,3.290719331634736622e-01
2.834624696965720031e-02,3.221479905292064932e-02,9.828098925430805988e-01
-1.659467535553360226e-02,-1.664921637335868565e-02,5.383991124597050648e-01
-1.528247745290757693e-02,-1.821616172003965098e-02,5.446006228547528583e-01
-1.374907209521678518e-02,-1.978586843197905829e-02,5.518417762585795527e-01
2.163345759379786334e-02,3.351970456133572529e-02,9.137359829560605107e-01
2.001691268710187668e-02,3.426520370557607081e-02,9.089018128113550699e-01
2.319218857850944074e-02,3.200916163329612513e-02,9.053404083443972183e-01
2.596706496205928097e-02,7.124625382379600955e-03,6.167234943576315187e-01
2.274271368165275628e-02,1.409917718053914706e-02,6.128706246377489952e-01
2.665838045937464484e-02,4.799409401755329665e-03,6.203934562108951445e-01
2.697518898468714843e-02,4.799416619330329134e-03,6.275361007869688645e-01
2.457618141012081828e-02,1.164571911653742957e-02,6.228861971222828808e-01
-2.752032077583240789e-03,-3.336389648731193092e-02,7.667540595858995944e-01
3.213807314490436245e-02,-1.711744032145959271e-02,8.339809578191959005e-01
2.922216732747781945e-02,-2.199671361102369799e-02,8.377239635427741193e-01
3.258987565508156270e-02,-1.699108262235501932e-02,8.417864184742690492e-01
3.420140506820704834e-02,-1.196610039140572242e-02,8.299016499189393326e-01
3.159127784042153886e-02,-1.737740955917421379e-02,8.258016744080813876e-01
2.736439093562572505e-02,2.830545932320687949e-02,9.017247456371901837e-01
2.872293561556445510e-02,2.723468947341612864e-02,9.065770264745408591e-01
2.817001959575838460e-02,-1.523873642393583014e-02,7.335533315978229885e-01
2.841602930107724190e-02,-1.426512850281064573e-02,7.282405645414473661e-01
2.548205714261716701e-02,-1.912525561721567513e-02,7.297323156716575276e-01
1.509532698828808424e-02,2.419375525010425063e-02,6.531416226012377590e-01
1.223003909450395138e-02,2.541160404732382971e-02,6.459200869811306811e-01
1.751042931483703935e-02,2.219494302337411684e-02,6.475047361474240981e-01
2.812275010158328536e-02,-1.596533703713718874e-02,7.406742996163803161e-01
2.479355986802309758e-02,-2.079564938781902281e-02,7.411694077487452903e-01
2.792783502351409847e-02,-1.682694232983389729e-02,7.467856814122590947e-01
3.042558520015378049e-02,-1.076775879676747025e-02,7.392137956266247034e-01
-1.478324577100880062e-02,-3.997298412436331438e-02,9.761368345441688854e-01
-1.345215268706816646e-02,-4.074391166738983855e-02,9.827361657026946196e-01
-1.456632368623804810e-02,-3.974090591400437217e-02,9.694321162622888677e-01
-1.842654172618635178e-02,-3.823309475115458517e-02,9.720771950403687134e-01
-3.364718586676633538e-02,-4.690521194377369682e-03,7.780993042115256220e-01
-1.882168937993150201e-02,-1.940494918415789846e-02,6.191680655490251484e-01
-2.197029894171088557e-02,-1.552572055290120726e-02,6.161675003929785177e-01
-1.394738543123782461e-02,-2.319648423912704788e-02,6.199294324304025494e-01
-1.837308517794512125e-02,-2.016945796394059229e-02,6.248898174333087363e-01
-1.673597821403336253e-02,-2.193245199982464186e-02,6.318805712220112447e-01
1.126075750233160137e-02,-3.071671102290718727e-02,7.493141119052755261e-01
1.632951290479094097e-02,-2.819234100190894793e-02,7.462063275987002031e-01
1.014856938690921265e-02,-3.082079917246264428e-02,7.431963550439408817e-01
5.551107537931612886e-03,-3.178776642516749351e-02,7.390775392658125442e-01
1.096271064274007868e-02,-3.020322400791775747e-02,7.359260959018996129e-01
7.226763808871344667e-03,-3.201743913222716148e-02,7.517679222483177881e-01
1.364489516454088849e-02,-2.999536461544572569e-02,7.547494727999509712e-01
-3.368774705765176236e-02,-1.839092810274708728e-03,7.727251783637962834e-01
2.318400166818327876e-02,-2.386165761979887334e-02,7.620026821267107398e-01
2.301945329467119244e-02,-2.362191227563237295e-02,7.554389546232035402e-01
1.751211577121986399e-02,-2.812826771710986648e-02,7.588974071606969796e-01
2.186273042616928425e-02,-2.551309192687429422e-02,7.695449957755662318e-01
2.611681359178230979e-02,-1.996577980273792421e-02,7.529455087821625980e-01
2.113853476683897822e-02,-2.499716203836794062e-02,7.497951831664755318e-01
3.473155665437648726e-02,-1.591057050579182050e-02,8.749799867895775574e-01
3.381071061829619279e-02,-1.819860818269834063e-02,8.794430089149698482e-01
3.280237340641792287e-02,-2.053306368025828790e-02,8.863498057903073102e-01
1.463160743607204439e-02,-1.366570590479150235e-02,4.585534375270924334e-01
1.500461863846484258e-02,-1.366782792130664427e-02,4.648663837106596364e-01
1.473911380291481610e-02,-1.429525576851168635e-02,4.702784023064471852e-01
1.777346366055125235e-02,-1.033986080546206790e-02,4.709544050294523498e-01
1.441437099015974339e-02,-1.503935714482015212e-02,4.771225198847695581e-01
1.077628595939418739e-02,-1.751911671630721271e-02,4.710875259011063076e-01
3.871952408708910498e-02,6.024802801126254853e-03,8.974944481501468951e-01
3.840388417531579585e-02,6.024801358924137575e-03,8.903517539060773478e-01
-1.071830051558443631e-02,-8.478726055551749630e-03,3.130122498410816134e-01
-6.977510044713879436e-03,-1.147106541415937250e-02,3.075174814113405541e-01
-1.099302656687749236e-02,-7.528364464666682798e-03,3.051645538088861853e-01
-3.692859750007984609e-02,-6.523289703312275430e-03,8.588987271490019504e-01
-3.566622577455036414e-02,-1.130460621943933132e-02,8.569418040179425100e-01
-3.660909981544325370e-02,-6.783644957652228483e-03,8.527598284806089390e-01
-4.215674652792120169e-02,-5.640303011769320918e-03,9.741519148303490194e-01
-4.122447932027428763e-02,-9.802885999713958215e-03,9.705237270864861543e-01
-4.195225685741377913e-02,-4.897716808148913116e-03,9.673904982455626689e-01
-3.662952035033649467e-02,-5.148192376346412587e-03,8.471996207673146984e-01
-3.628375194262286468e-02,-5.503631932235250948e-03,8.405403048310460257e-01
-4.123527320255790385e-02,4.581222554070868425e-03,9.502538417092019074e-01
-4.096917420790868042e-02,7.635076867592338438e-03,9.545039896325012707e-01
-4.173006718493076084e-02,1.380123502429616168e-03,9.562982457618436349e-01
-3.707579015714460025e-02,-2.373676403288288255e-04,8.491926083194564212e-01
1.338489355619112454e-02,4.081939222842586451e-02,9.838968663019257432e-01
1.571579898797380997e-02,3.974320999952315331e-02,9.788537457595232194e-01
1.833997769665636837e-02,3.890196452470755933e-02,9.850530201927818474e-01
-1.646064147201094230e-02,2.950280415088483987e-02,7.737840404235761804e-01
-1.146618436238747325e-02,3.192836861558977918e-02,7.770063579091953665e-01
-1.651741521613686245e-02,2.975253540594493054e-02,7.794142897057344532e-01
1.070526466535054975e-02,4.184937716219070541e-02,9.893719061802614956e-01
7.919129002710256077e-03,4.219047133391176652e-02,9.831955850652516204e-01
-6.460904657189985544e-03,3.320035736174997698e-02,7.746780198064368017e-01
-6.319790045399954238e-03,3.298642044900117198e-02,7.692541499144199824e-01
-1.215458920798033514e-03,3.371017091274250421e-02,7.725915642685563522e-01
-3.977660847231730828e-02,-1.134233876038024703e-02,9.473489245737586328e-01
-3.726072450705324168e-02,-1.804754221741412118e-02,9.482478065446399151e-01
-3.784290276960210198e-02,-1.627615367648658357e-02,9.435124052680105011e-01
-3.615696723243107952e-02,-1.947062288184578036e-02,9.405702409717965340e-01
2.111322953530270913e-02,3.635109633108311866e-02,9.628222909492287762e-01
1.467794049654767494e-02,3.955556506756410795e-02,9.663339079236569207e-01
1.521859757673271925e-02,3.908099332346910704e-02,9.605746845494941288e-01
-3.510366296046592977e-02,-2.215964019017575837e-02,9.508006088825120550e-01
-3.250111421340384082e-02,-2.603307085535006699e-02,9.537550406574483164e-01
-3.779650253537922971e-02,-1.756543426643692243e-02,9.546008358209682187e-01
-5.049088665827934641e-03,-3.434773109553157511e-02,7.951466767143132719e-01
-6.123166075383738513e-03,2.327860581217696193e-02,5.513039853805832280e-01
9.520416834798792888e-03,4.130851576515505441e-02,9.709229617351166075e-01
1.576121875783164858e-02,3.945621114743935037e-02,9.731293878042178713e-01
-8.280227901797641149e-03,9.469520566382489887e-03,2.881089730206565780e-01
-8.600950809126988936e-03,9.625386082808193994e-03,2.956488570791745429e-01
-1.157639306992303344e-02,5.370689866991230216e-03,2.922875741405354111e-01
2.507139932577998574e-03,4.229644632112046498e-02,9.704482825753508735e-01
3.660222857734168715e-03,4.250948561803755132e-02,9.772297871454517226e-01
4.106025696079994985e-02,1.092755628665114526e-02,9.731691629642672536e-01
3.931009370061912950e-02,1.564240551462880990e-02,9.690129061290061463e-01
-9.179934719755346306e-03,9.548034631060702340e-03,3.033656849396798583e-01
-9.430311119784302518e-03,9.695591505393313936e-03,3.097815891575519398e-01
-1.211338936843682317e-02,5.661071442108467182e-03,3.062447853180135793e-01
1.645531504343581211e-02,3.820420013607696286e-02,9.527356143675869138e-01
1.808720221749845342e-02,3.712301466603623590e-02,9.458076918303174319e-01
3.733983225835829645e-02,1.969076084742396593e-02,9.668506987174433354e-01
3.955842438653402182e-02,1.427985849156500169e-02,9.632615027875531810e-01
9.700211500254225447e-03,4.060985246657341369e-02,9.562847984828508618e-01
-2.236845034706518714e-02,4.816446554313498149e-03,5.240638459457102050e-01
-2.279108521205772467e-02,-5.054674730969470385e-05,5.220029560925033563e-01
-2.191353073345549130e-02,5.471967421421124883e-03,5.173135045732922821e-01
-3.675240538513549482e-02,4.983922317912701377e-03,8.494730863700785672e-01
-3.510896361880543742e-02,1.190817659614183677e-02,8.491226266419706903e-01
-3.718122149858758829e-02,3.337390479105713844e-03,8.550136756701812724e-01
-2.284440349520636820e-02,3.902539417995140245e-03,5.308026531109943935e-01
-2.030816597686218791e-02,9.425410745292359463e-03,5.127886484091604968e-01
-2.177711562677865642e-02,4.785937621390474322e-03,5.106810256988411068e-01
-9.012291379512668218e-03,-2.379369643189451974e-02,5.827473198768061691e-01
-3.034469836449667918e-03,-2.534862569761864651e-02,5.847241325412427804e-01
-2.277319301005615703e-03,-2.517289340648874024e-02,5.789085868805310398e-01
4.032726545409763552e-02,-5.744781857348111795e-03,9.329710107899119587e-01
2.995879579409721147e-02,-1.033317419709123275e-02,7.258376160500985552e-01
-5.181671012796094586e-03,-2.534204439803196610e-02,5.924371995924079259e-01
1.712425911642253716e-03,-2.564372724673034606e-02,5.886460016832913977e-01
-4.028232206248232722e-02,1.229378304762464118e-02,9.646272574810877964e-01
-3.769400780247757904e-02,1.871153014998974337e-02,9.638539123746842074e-01
-3.897663743445062279e-02,1.643376157491450301e-02,9.688175830807291833e-01
2.504645529836796447e-02,-6.978082004024169054e-03,5.955060753276587571e-01
2.256507034779138901e-02,-1.301954981005949176e-02,5.966820307699804982e-01
2.542727826209778205e-02,-6.498380483137676349e-03,6.010985942520109537e-01
3.546806869284601510e-02,1.993591774998782970e-02,9.318834666658780685e-01
3.521310848634884305e-02,1.990198780586455857e-02,9.264147432999787490e-01
3.782478095822886660e-02,1.436181253131642820e-02,9.266761967070873407e-01
1.455391206525937474e-02,3.566042286905616449e-02,8.821613921194864094e-01
1.121840422640590570e-02,3.650311418149149861e-02,8.746509762814311806e-01
-1.691056530694757740e-02,1.512886166210454866e-02,5.196932912867082699e-01
-1.770437510905620987e-02,1.383067792109936647e-02,5.145618046655963118e-01
-1.778490457011553186e-02,1.324695156353933485e-02,5.079188521270243672e-01
-4.026078005889918016e-02,7.213469161863441184e-03,9.368072830124979378e-01
-3.971591859391414292e-02,8.441161748220319880e-03,9.299626621957813866e-01
-3.771383485400339047e-02,-4.396572685620587714e-03,8.696385723987309913e-01
-3.741224856719934516e-02,-5.046841324367042601e-03,8.646427679843009528e-01
-3.756791895827719246e-02,-4.000617268382743587e-04,8.604955946640915343e-01
-3.744003792182734602e-02,2.006967875378852517e-02,9.729514334270434883e-01
-4.023276967629826201e-02,1.373705242052607189e-02,9.737151106273632672e-01
-8.230321376398624586e-03,-2.974784289034112031e-02,7.069336734608695494e-01
-7.174076900176503367e-03,4.059939911799115286e-02,9.442849468825874615e-01
-3.956411557126050110e-03,4.078275916151644781e-02,9.384639095798237296e-01
-6.282039938372080889e-04,4.115917771506254208e-02,9.428099524967370471e-01
1.285564982709261860e-02,4.173355131112252252e-03,3.095693028072141750e-01
-1.415798980095610282e-02,3.875256088313822067e-02,9.449599745397738726e-01
3.428563910386665109e-02,-1.553238517732316581e-02,8.620948260391393392e-01
3.407265189929346849e-02,-1.673119966407946024e-02,8.694019151563063819e-01
3.565069366688665420e-02,-1.150536533725353243e-02,8.580037296162930094e-01
3.396468987940169659e-02,-1.549248282461238718e-02,8.550246503454268510e-01
3.295226246687910782e-02,-1.690081082285924824e-02,8.482093492253954814e-01
3.097128543151038416e-02,-2.063073824275048901e-02,8.523302945974300382e-01
3.115008966922983361e-02,5.333034138793211684e-03,7.238348522825372999e-01
3.092177059556762073e-02,7.732143331320985753e-03,7.300310522319305440e-01
2.897065230144073647e-02,1.279304403496056043e-02,7.253520470326164649e-01
3.083365035577927127e-02,5.333036589658301553e-03,7.166921919957307541e-01
2.792514338340499822e-02,-2.463816404326751863e-02,8.529470413303334997e-01
-2.418703251117107489e-02,-1.452538093516343070e-03,5.549721857878638920e-01
-1.534669704321434819e-02,3.573501902978337696e-02,8.907511746143819131e-01
-1.736547596910197749e-02,3.505692894281371014e-02,8.960461326034673268e-01
-2.089194267765337454e-02,3.280667758021863639e-02,8.908214500487438015e-01
-1.417846744333965160e-02,3.586540406311668205e-02,8.833124991031475748e-01
-1.033147025011372545e-02,3.739492767557947572e-02,8.885716182725980072e-01
-2.496774905670265561e-03,2.889193971724625734e-02,6.642005390998296788e-01
-6.031293305256845046e-03,2.811985527715525970e-02,6.586984240591886586e-01
-1.327854211894057522e-02,1.143016454551167059e-03,3.052532960679406049e-01
-1.277112524395023277e-02,-3.303939426492751366e-03,3.021367451380957414e-01
-1.289551282275430526e-02,1.206129677569039733e-03,2.966448814509023424e-01
3.414111291339678306e-02,-2.689782614796604188e-02,9.954864587990290836e-01
1.709580922274439932e-02,2.184498962916039608e-02,6.353350430971922425e-01
1.163196248399408703e-02,2.509675498605765456e-02,6.335488177411765509e-01
1.409241040902209363e-02,2.355092099088914454e-02,6.285996394706904189e-01
1.087890565863016811e-03,2.705094203960449288e-05,2.492449221179304439e-02
1.214052167325449039e-03,2.925517811745729021e-05,2.781443821984584328e-02
1.053675148430916007e-03,5.628649371590979883e-05,2.416753732626193349e-02
2.035480747107513977e-02,-1.860605471973539662e-02,6.316223460062846407e-01
2.124137768134438248e-02,-1.710037128486317434e-02,6.245713762679919734e-01
2.463135379774843842e-02,-1.394008659957555324e-02,6.482330548640645729e-01
2.531236814602390653e-02,-1.188310314909325933e-02,6.404558470276365822e-01
2.230266219471143535e-02,-1.711234585955144494e-02,6.438529681067202137e-01
1.878459492968949374e-02,-2.067016283213861730e-02,6.397151849512092703e-01
1.747382212526323725e-02,-2.222504233562907355e-02,6.475275562873474833e-01
1.424238822016638678e-02,3.818203266560096787e-02,9.333708074617039774e-01
9.000129643194113363e-03,3.992593319481101133e-02,9.374000814887947231e-01
8.272387192560848312e-03,2.873964552245058049e-02,6.849717984244066971e-01
1.272129426123034743e-02,2.724467925647977226e-02,6.886777547037804537e-01
1.693545529311413916e-02,2.507829204672889709e-02,6.930917033800811922e-01
1.253937170589239022e-02,2.769356499609655631e-02,6.962780080447189546e-01
-9.225043376272943838e-03,2.702179810903349369e-02,6.539732990132508528e-01
-3.782549178851703914e-03,2.819374943541624531e-02,6.515286749075364092e-01
-1.315394480627904601e-02,2.508984540824545431e-02,6.488384965246926095e-01
3.823905764097687565e-02,1.563975833614579536e-02,9.462408960338738462e-01
3.537396636141876965e-02,2.137774576337744120e-02,9.466560232686023202e-01
3.740329151785607570e-02,1.702585036363419083e-02,9.412544255198018739e-01
4.446862131544645179e-03,-6.906566990023717137e-04,1.030709899298338089e-01
3.366278750690595428e-02,2.436565919945656022e-02,9.517799179313408686e-01
-1.624031524652016709e-02,-4.565322642596910709e-03,3.863818477198299184e-01
-1.361472222228903711e-02,-1.022174292053509674e-02,3.899326159376405032e-01
-1.309009385034358083e-02,-1.043774454897160656e-02,3.834565557888626186e-01
-1.342091968692445299e-02,-9.487283635657543096e-03,3.764376088915871721e-01
-1.250906684851377931e-02,-1.016573801669892231e-02,3.691835389204055629e-01
-2.391837740685344438e-02,3.470862111135050720e-02,9.654357363219389088e-01
-2.812352168886757264e-02,3.129810108396112456e-02,9.637298193447688677e-01
-1.243342683384409883e-02,-1.858355923642411589e-02,5.121124109921523226e-01
-1.240032759060412729e-02,-1.899905206907139335e-02,5.196339497010631359e-01
-8.771575916811597332e-03,-2.075893002116024899e-02,5.161604920179959644e-01
-4.937445815872719586e-03,3.493524171605581763e-02,8.081003807879048040e-01
-1.065653660069740098e-02,3.355095563086903793e-02,8.062738372952286126e-01
1.167223137935472638e-02,-1.054280274516255708e-02,3.602462179365136796e-01
8.023719206510749810e-03,-1.337115578351863975e-02,3.571576780863600087e-01
8.678402687592063139e-03,-1.324467783992753014e-02,3.626731282592610683e-01
7.550420779041146224e-03,-1.424818159921056177e-02,3.693259947727475789e-01
3.118641580362538530e-03,-1.568629995210667899e-02,3.663069987664799299e-01
7.861504804828074039e-03,-1.443067034836181470e-02,3.763803775813360231e-01
2.510282942015975086e-02,-1.528262914093701623e-02,6.731177827149110726e-01
2.517329139179521474e-02,-1.466526654464874423e-02,6.672683552087180781e-01
2.520327253780883792e-02,-1.578217231232644999e-02,6.810864804387052329e-01
2.191576809619289259e-02,-1.976758552711139691e-02,6.759748036212528399e-01
3.548433499954691678e-02,-6.221319625445724186e-03,8.251215759970210728e-01
-1.609432070827318192e-02,-3.250221690257318330e-02,8.306906423762570046e-01
6.150117375429011747e-03,-6.034004558331345497e-03,1.973357852435308757e-01
5.706616154414359196e-03,-6.032739003524096449e-03,1.901969950273116883e-01
-4.063175144242164860e-02,-1.533019569140628424e-02,9.946549578567753791e-01
-4.172778071135395395e-02,-1.110885430433987235e-02,9.890116283561265487e-01
-4.242605726657087961e-02,-9.213370178269668365e-03,9.943654778147255069e-01
-2.579058715187520015e-02,3.101790105087209523e-02,9.239234158588904844e-01
-8.220073016282178346e-03,2.968946547877604134e-02,7.055824439789598612e-01
-2.486579696635181878e-03,3.057643231378132445e-02,7.026273877443540705e-01
-2.982685057213011240e-04,3.095244998455933677e-02,7.089605720440766978e-01
1.191291805924993459e-02,-3.289266513595481140e-02,8.012538048684381131e-01
5.211333589210219094e-03,-3.461938450243977339e-02,8.018476433031004325e-01
3.719117265891672131e-02,-2.240664286325503782e-02,9.944668800357097105e-01
3.612930121842521103e-02,-2.372375607452002419e-02,9.899470115324642272e-01
2.181728782740589498e-02,4.850406849816713342e-03,5.118981325407281346e-01
-3.771477118096918518e-02,-2.152938707181061354e-02,9.946455562761807867e-01
1.889025735768009445e-02,5.971641268964229116e-03,4.537618761878132179e-01
1.856295108212286868e-02,5.971635728175603459e-03,4.466196614765175488e-01
-1.457535232673970969e-02,2.701308275018081059e-02,7.030178425965550870e-01
-2.053225841051497039e-02,2.258786744818187461e-02,6.991411073182681735e-01
-1.683457840326552449e-02,2.526466384431801104e-02,6.953495215404058571e-01
3.002444118654990987e-02,4.571538876764792703e-03,6.955983462870825029e-01
-1.738040376256817440e-02,2.453250994837556653e-02,6.886086643232948168e-01
-1.094489471717696727e-02,2.818586284211473114e-02,6.925250303665954066e-01
2.658668878069232050e-02,3.242318781216538270e-02,9.603522205836919623e-01
2.615702683244758991e-02,3.309137670222717098e-02,9.661016994136190084e-01
2.601120959368657948e-02,-4.621331414112197014e-03,6.050842512555010266e-01
2.412943305116969223e-02,-1.087941280433162017e-02,6.062325022723382695e-01
2.103524414982532384e-02,-1.613678955991415531e-02,6.072208870832851435e-01
2.234810376717893260e-02,-1.458135823844281496e-02,6.111717593825460870e-01
-3.484407777861620731e-02,8.760441059796522656e-03,8.228972939579682899e-01
-3.590328477364309462e-02,3.077857348770956809e-03,8.253365045823151114e-01
-3.549725768465576692e-02,3.986734186383525391e-03,8.181324287785337601e-01
3.073825686603833679e-02,2.835471545660894419e-02,9.578129994298341110e-01
3.473295238387059947e-02,2.364554890372935064e-02,9.623643267127655054e-01
3.394112005767903339e-02,2.441727037760616642e-02,9.576411194932115123e-01
-3.275835952112703814e-02,1.438552346140415002e-02,8.194471211401171962e-01
-3.345179885216848642e-02,1.354974431002602814e-02,8.266382491905398533e-01
-3.150612410127778124e-02,1.773027109461050230e-02,8.280268358651884375e-01
1.796684212470356021e-02,6.619206108039957064e-03,4.385465907613206316e-01
1.763414408505316680e-02,6.619228823392094528e-03,4.314045858685519041e-01
-1.827209479550873442e-02,1.028798142338541340e-02,4.802761862253315805e-01
-1.788257244321507858e-02,1.150573292835941654e-02,4.870313746673976540e-01
2.585115016773156457e-02,-2.610720481742552501e-02,8.414969726420041818e-01
2.630888863011033099e-02,-2.600235774731334340e-02,8.472165195463663423e-01
2.185559020054061996e-02,-2.962672575287654542e-02,8.432224960200007668e-01
1.692824936158461580e-02,-2.519164073644086788e-02,6.951526365770575033e-01
2.211253630549396554e-02,-2.052603272488340638e-02,6.910268686860933096e-01
1.679364285121378447e-02,-2.490954600183500900e-02,6.880711729554606082e-01
1.891834245025035902e-02,-2.407883853584480080e-02,7.013543450181571881e-01
1.297029352048739703e-02,-2.759896736511908283e-02,6.984452564133624142e-01
1.110118561782151049e-02,-3.253571489458371990e-02,7.873730540603040007e-01
1.229693246135116561e-02,-3.242712401729624244e-02,7.943126673382504555e-01
-1.038069068888988061e-02,-3.538025487312245615e-02,8.445004346181090860e-01
3.886510131306194354e-02,1.270415814594069194e-02,9.365068638646197874e-01
3.641582934592913628e-02,1.863304279897072535e-02,9.369020144048151311e-01
4.084675291832737254e-02,-1.405381776820317265e-02,9.893703042360691979e-01
4.025280876702169025e-02,-1.627763462255629734e-02,9.944692628594592465e-01
-1.877494192738606016e-02,2.515072684570001521e-02,7.188490143251221598e-01
-1.597103359836262587e-02,2.729561341924725479e-02,7.243257195947683247e-01
2.070738183592395198e-02,1.874695730398284396e-02,6.397674317290824586e-01
2.242305735754007365e-02,1.629568436769139941e-02,6.348694232273039972e-01
2.538260575995473015e-02,1.092789697831256755e-02,6.329465482468957793e-01
2.299501877752964385e-02,1.497012079686379712e-02,6.284466917968375421e-01
2.141826313876794841e-02,1.689576598384045364e-02,6.248191336503736704e-01
2.189434410892697469e-02,-2.783856107753720013e-02,8.111774578675494674e-01
1.384591870330984832e-02,4.383171469339706798e-03,3.326346420094346557e-01
-2.216070094456165651e-02,-3.701478209908450057e-02,9.881032627444246152e-01
-1.795007491979698500e-02,-3.906730197779796632e-02,9.847179002140136195e-01
-3.789960708213317708e-02,-2.031430761139753696e-02,9.848755837026788029e-01
-3.688185422172286787e-02,-2.255421256889262108e-02,9.901644272391769697e-01
-3.468657496212229630e-02,-2.547883901944489674e-02,9.857483003471546601e-01
-3.913686116943367044e-02,-1.716919403180736797e-02,9.788446477552196212e-01
-4.062724984392952071e-02,-1.387622368799067314e-02,9.832954971209182382e-01
1.686614233432099860e-02,-3.062847398684663547e-02,8.008363692889604035e-01
-1.350046287799435557e-02,-3.954744921134251828e-02,9.571097602447390384e-01
-1.869032564285803139e-02,-3.747118945855898442e-02,9.590685690469943347e-01
-1.299154488237385871e-02,-4.000717452174294697e-02,9.634169579029066011e-01
-7.885956010434904198e-03,3.730783804176872331e-02,8.733704895472153007e-01
-1.171736273570324859e-03,3.799321177145107559e-02,8.706013547422064569e-01
-9.486199644430965902e-03,-1.034237900567527672e-02,3.214311447547800737e-01
-1.270973869290496251e-02,-5.709481008189206883e-03,3.191240355419306951e-01
-5.267374028231978401e-03,-2.771451159902881337e-02,6.461295488643485907e-01
-4.050767039414880470e-03,-2.819620305957683259e-02,6.524295836612893362e-01
4.043146881201272608e-02,5.546365726964893814e-03,9.347054060765205286e-01
3.995508344197868517e-02,7.314367373897971182e-03,9.303296039939701334e-01
-1.799163348750196581e-02,1.194964830180274447e-02,4.946857966656873495e-01
1.647310630543065424e-02,2.081437385694701048e-02,6.079650830288299002e-01
1.929958648744791588e-02,1.846928379908332682e-02,6.118300526121543959e-01
1.251870096291600280e-02,2.367400116434739341e-02,6.133661789852818957e-01
1.278838607640055310e-02,2.295377760665373232e-02,6.018152244389408656e-01
-4.048861888041606349e-03,1.169772982749354463e-02,2.835169479400680426e-01
-8.370704709129496088e-03,8.913851245315749031e-03,2.800686099751562574e-01
-8.555509294865060524e-03,8.257617176961907016e-03,2.723381782006513152e-01
1.707812809784858832e-02,-1.822348898317812521e-02,5.720249308558300605e-01
1.592611380707087410e-02,-1.881391228976118588e-02,5.645694102588504348e-01
1.307568896449277408e-02,-2.142422976768921378e-02,5.748668412416160223e-01
7.710344045690294482e-03,-2.561291829991524729e-02,6.126365506584096066e-01
1.372456698307135750e-02,-2.311225303856166008e-02,6.156555949660844629e-01
1.322200298377352451e-02,-2.307495310956465470e-02,6.091173766610077367e-01
1.227048515677550862e-02,-2.331176383670716112e-02,6.033754099226681378e-01
1.767236471406163564e-02,-1.971749408962620784e-02,6.064491755514943572e-01
1.773762308858051542e-02,-2.043170089359696434e-02,6.197056714230265717e-01
2.181914928647400720e-02,-1.580521745523163699e-02,6.170769963125615210e-01
1.280050508461879483e-02,-2.400916138978383477e-02,6.231730175344889489e-01
-1.882693971159212290e-02,3.663317152325060860e-02,9.433579517447052698e-01
-1.526880901669436415e-02,3.801716632283475700e-02,9.383394798839427287e-01
-2.530087796534670128e-02,-1.035957592909592627e-02,6.261804215450175182e-01
-2.509258990043465934e-02,-1.023051307643351067e-02,6.206461803922448395e-01
-3.738176220697098096e-02,-1.159738448113524674e-02,8.964404723091932148e-01
-3.642196467045619862e-02,-1.500608343369614142e-02,9.022287334224877720e-01
4.067591425945488171e-02,9.833080040597486429e-03,9.584670275640062576e-01
4.138112120909841207e-02,4.861085942232974168e-03,9.543005426436775851e-01
4.106710074554446172e-02,4.861085540038482915e-03,9.471577790135518038e-01
-3.798399288121978579e-02,-8.393757865679935676e-03,8.909649837166679909e-01
-3.873793792570009997e-02,-5.172910612444282970e-03,8.951203104807877731e-01
-3.833991646248086776e-02,-5.186767918781655037e-03,8.861276435730482959e-01
-3.696730024731796627e-02,-1.160759784038437395e-02,8.874485406435638213e-01
3.410363846952639555e-02,7.677142539992695171e-03,8.006485130847376119e-01
3.263896026766043013e-02,1.212447333237761694e-02,7.974670771242376999e-01
3.447846469439379280e-02,4.629530889051297615e-03,7.967736084351476622e-01
1.993895106965325875e-02,1.819226679284701581e-02,6.181981918612641236e-01
1.178656188885302686e-02,1.829535474880834497e-02,4.984624782643236052e-01
1.750974058218181598e-02,2.086157089912097848e-02,6.238054698627121253e-01
1.380971793245456755e-02,-3.023518024170777571e-02,7.613131854811790999e-01
-7.375778210507132927e-03,1.310218531370707130e-02,3.443719310423331015e-01
-1.062485833850804195e-02,1.040244785106412585e-02,3.405648506886064242e-01
-3.297653915268047853e-02,1.701880508454914689e-02,8.499401499690706352e-01
-3.473766451260917182e-02,1.380041959137700593e-02,8.561098265600719515e-01
-6.964326305750051863e-03,1.360395141696786776e-02,3.500376839237996363e-01
2.190224046843857082e-03,-2.680201445592915455e-02,6.159133270512809899e-01
1.623384900783935141e-03,-2.655673525767469900e-02,6.093846150137730566e-01
1.804960536655132210e-03,2.712310923524241177e-02,6.225953541310045303e-01
8.652574760524282121e-03,2.556673785281222619e-02,6.182002257031931070e-01
1.929678195617421776e-03,2.740784157305200044e-02,6.292967189675623407e-01
1.444652094452234144e-02,-9.996618636035516439e-03,4.023731755586104075e-01
1.692196904296514037e-02,-5.106789107931545245e-03,4.048413590782706240e-01
-4.030939352161480582e-02,-1.115132986619143951e-02,9.579140534694789988e-01
-4.088027511067041098e-02,-7.527509609098947431e-03,9.520531664477588363e-01
-4.147163916373951958e-02,-5.410709117927030645e-03,9.579067327841936930e-01
2.413511008609727990e-02,3.557203282674138711e-02,9.845617425046175875e-01
2.205271205056912043e-02,3.715423158936756454e-02,9.895802527293714457e-01
2.102686763974655898e-02,3.801641190786346491e-02,9.950300309276108868e-01
-2.920681804852763054e-03,-2.694036234645761155e-02,6.206512685294934828e-01
3.261592677369474537e-03,-2.704221867392034295e-02,6.238573628896542100e-01
-4.194221531612501996e-02,-2.336977077496331465e-03,9.621247055649196911e-01
2.451028357073185317e-03,-5.277445941196394930e-05,5.615079029657540216e-02
2.614148344855041564e-02,-2.358041809030360023e-02,8.063339782857451565e-01
2.141875788866956509e-02,-2.775007625570897335e-02,8.028839537997934928e-01
3.014922512194759957e-02,-1.857062857126744182e-02,8.110145506830177542e-01
-2.856854969454498266e-02,2.217770273912817586e-02,8.283480260395759132e-01
-2.735558003996909140e-02,2.320137886274438455e-02,8.215500377282253242e-01
-2.486962458449586480e-02,2.615936451075743727e-02,8.266992194615339073e-01
-2.960170279826851783e-02,2.114098716831736696e-02,8.331438404739116566e-01
-2.363224864941732006e-02,-2.306340776309185811e-02,7.563113157213050552e-01
-2.634152985526094087e-02,-2.027827774495067140e-02,7.613856389637667643e-01
-2.244546979062288228e-02,-2.453604805253937343e-02,7.616377738608925974e-01
1.478903140697353756e-02,4.084987374499483848e-02,9.950434475782264920e-01
3.446103933931105034e-02,-2.486640569001518156e-02,9.733160892670845721e-01
-3.375579904530395109e-02,-1.652175649326877160e-02,8.607740956501721552e-01
3.254713976075815363e-02,2.263704222662727208e-02,9.080272846470258674e-01
3.542713493760743515e-02,1.758537403007989428e-02,9.058800543453376930e-01
3.576703874180651999e-02,1.739088609731486573e-02,9.109032232030650489e-01
-1.013879645583734036e-02,-1.399234108877482792e-02,3.957654063513524334e-01
1.969410198595521883e-02,-1.700047359294478908e-02,5.958826316966833181e-01
2.031224077660561192e-02,-1.664406078286613869e-02,6.014634736753721178e-01
1.740273965243128648e-02,-1.908913375458366757e-02,5.916315187522446228e-01
1.421067970660176705e-02,-2.182347427816917068e-02,5.964693974921524422e-01
1.338806949918791046e-02,-2.185017586473099460e-02,5.869223835713655024e-01
2.037530116288414905e-02,1.336560420473952536e-02,5.581155983310750468e-01
2.082201157566823321e-02,1.210675664920567336e-02,5.516573995388497353e-01
2.259405639401990129e-02,8.999851114992477030e-03,5.570319643170745794e-01
1.702951666061652131e-02,1.753312611119380374e-02,5.598155171878946845e-01
1.232069065555297001e-02,2.116486001041749734e-02,5.609088308649800014e-01
-2.871459433613933812e-02,-3.029176918066667917e-02,9.559734348451349728e-01
-3.249093380226839023e-02,-2.643365227030489151e-02,9.593366674818593065e-01
-1.126888935900526023e-02,3.481671388462941052e-02,8.381624891493666407e-01
-1.134925563574760987e-02,3.504470676871290075e-02,8.436974644403372192e-01
-1.648633867987889592e-02,3.285378824721070512e-02,8.419029076686963542e-01
9.500562525551325271e-03,2.633388861435633638e-02,6.411967878075993665e-01
6.024394196910809463e-03,2.704032085569384181e-02,6.345096593259689222e-01
-3.795638038936682379e-04,2.780864541942738855e-02,6.369820210900004609e-01
1.641339905713286394e-03,2.829832770202747594e-02,6.492275653011793102e-01
-1.674111041290233864e-03,2.808802990269334415e-02,6.444633172961093948e-01
-4.219923887480356989e-03,3.617331139927401629e-02,8.341236386326421615e-01
-9.670625617337582497e-03,3.502774958468084926e-02,8.322814435634268149e-01
-1.261630067753602251e-02,2.828283604688350619e-02,7.093107446761807156e-01
-1.782430361015427400e-02,1.276089445260984723e-02,5.020817955568290802e-01
-3.727150733619728762e-02,4.822838074230985372e-03,8.607748938194313970e-01
-3.720948931418433664e-02,1.891970928869669485e-02,9.560783173907618782e-01
-3.522292364848134127e-02,2.274367451585682445e-02,9.603014060060448553e-01
-1.965381953402350890e-02,2.243594739074536784e-02,6.831484759054557987e-01
3.612569387919484232e-02,-2.327974924002404120e-02,9.843324550418470764e-01
3.741087695870209950e-02,-2.061162099083095611e-02,9.782918264472569847e-01
3.975891527294923150e-02,-1.615404762808682337e-02,9.829224030990463268e-01
-3.168929031297917226e-02,2.712778160219327106e-02,9.554268545717072847e-01
-3.115374328021210115e-02,2.739335916312319805e-02,9.501479786238720138e-01
-2.761290794907465471e-02,3.113050943369943119e-02,9.530777554015195108e-01
-3.892213286926538007e-02,-1.560345886015296855e-02,9.604301186484377473e-01
-1.020133960446436422e-02,2.951250915076335593e-02,7.151902141450505734e-01
-1.638721267081903396e-02,2.644965926077236240e-02,7.126440361036943116e-01
3.248971925400350597e-02,-2.146840804721952475e-02,8.919169785738608747e-01
3.560702828055252456e-02,-1.563586707230511103e-02,8.907005574030952832e-01
3.054561793568620620e-02,-2.441622625689505999e-02,8.956476093169133401e-01
3.390736161266526966e-02,-1.985630504091343354e-02,8.999699506928023895e-01
2.058134833968879723e-02,3.722853154856388402e-02,9.743003051388843261e-01
2.507250089615799954e-02,3.426871658578885260e-02,9.725272309073839105e-01
2.504874507041097292e-02,3.459502307236460988e-02,9.782496291631032070e-01
2.624675058490745158e-02,-2.889410606543805354e-02,8.940573059828053060e-01
2.807968282657198611e-02,-2.761857631889782713e-02,9.020869392370494122e-01
1.986098175118892681e-02,-3.364898001278294332e-02,8.949226774843684895e-01
6.001227316881782570e-03,2.517087604552376706e-02,5.926668453785338686e-01
1.163212067683262047e-02,2.301864588776000864e-02,5.907059593103827222e-01
1.110240986443853696e-02,2.353531912353347411e-02,5.960151070141527230e-01
9.815143468023316414e-03,2.349533021435960475e-02,5.832000277224139717e-01
3.011438655898590958e-02,2.978365028746493212e-02,9.700879291812510852e-01
-1.828763990108622089e-02,-6.448128949816778199e-03,4.441300236465101081e-01
-3.075341979573090190e-02,1.714895521078213178e-02,8.064791154142111340e-01
-3.153404832131009167e-02,1.622374992367089236e-02,8.122303914297254179e-01
-3.371920672956599252e-02,1.065525658469377961e-02,8.099386156211861865e-01
-2.911094932295457335e-02,2.054079057853226351e-02,8.160208438345188942e-01
-3.923528827328225804e-02,-1.548472742805420167e-02,9.660895810874216005e-01
-3.605562442466292428e-02,-2.161273413052222300e-02,9.628080333421314974e-01
3.180099091507103404e-02,7.360594143092204569e-03,7.476181212133715670e-01
3.199953606262415789e-02,4.825779954307235324e-03,7.411972992902771118e-01
3.814330896827906880e-02,-1.609550288592917142e-02,9.482206603872899153e-01
-4.212443752801469515e-02,1.896730126808965789e-03,9.657857795821185309e-01
2.286722333109750954e-02,-4.047962370987838107e-03,5.318883152030620121e-01
2.318386111852629647e-02,-4.047961700479376854e-03,5.390309670659462205e-01
3.112430779099650477e-02,2.519184038235278145e-02,9.171096038081647528e-01
2.697666417713371137e-02,2.950609429159576150e-02,9.156781129210734838e-01
2.914967600800908235e-02,2.710029081916251817e-02,9.115955845178905781e-01
-2.762758312215496045e-02,-1.916573126554085155e-02,7.701282109296184730e-01
-2.854295527998741006e-02,-1.730989945525619050e-02,7.645649221029471310e-01
3.895713122210404944e-02,-4.176754144621880847e-03,8.973785799721177847e-01
-1.801582520507947691e-02,3.635717034373168316e-02,9.293437602197263114e-01
-2.302770116607154305e-02,3.361823674968411613e-02,9.332998828818160897e-01
-2.126429108916379901e-02,3.438071588175078269e-02,9.258912591418901883e-01
2.431113010019237894e-02,-1.567768135240395905e-02,6.625567867420755208e-01
2.688748115753973947e-02,-1.058881151875376569e-02,6.618592133779876985e-01
-5.898465183133859945e-03,3.082883542496377138e-02,7.189042836944652404e-01
-1.002018955286025810e-02,2.989725487158486836e-02,7.221953696840758274e-01
-3.294140153552873955e-04,3.124557459392516764e-02,7.156810853708382991e-01
-1.352260427394002173e-04,3.155302244166449666e-02,7.226896650853250614e-01
2.747864820598727373e-02,-4.210017175748628250e-03,6.367083494475878069e-01
1.379648478649633846e-03,1.203946098287689281e-02,2.775536207592665949e-01
1.122465166453007375e-02,-4.496876443555494762e-03,2.769506649815817179e-01
8.956497007604719701e-03,-7.798578855214697257e-03,2.720025110570475912e-01
4.766392949954227631e-03,-1.063778710841442599e-02,2.669846437935374239e-01
1.061385294400041431e-02,-4.742289520064342512e-03,2.662587955863159883e-01
1.027131820084101893e-02,-4.742442793408911846e-03,2.591171549289431053e-01
2.717383991162034343e-02,-2.139064660652522515e-02,7.920787545770471283e-01
2.396918733165228146e-02,-2.492441037575642351e-02,7.920028649585956204e-01
2.556428382111613704e-02,-2.289687071062440626e-02,7.860361766997424615e-01
3.419150217895084581e-02,2.485256451560826849e-02,9.681302177224626604e-01
-7.644266998691568935e-03,-1.215905905563375959e-02,3.289522460012951899e-01
-1.027919135757092255e-02,-1.039276815605804510e-02,3.347958701989165453e-01
-4.313680435319808271e-03,-1.342326630950994859e-02,3.229284073173985803e-01
5.806053533086413376e-04,1.181141422257504618e-02,2.708525063495623719e-01
-2.544756758761613016e-02,3.208514391713885444e-02,9.379462965090101800e-01
-1.868363900998552471e-02,-1.332869543418452665e-02,5.256563832327073582e-01
-1.570720367794782579e-02,-1.652434488480487851e-02,5.221708051685250984e-01
-1.858899083096087271e-02,-1.296676219129694850e-02,5.191064069705590978e-01
-3.436956745795798768e-02,-2.660805011978009671e-02,9.955251517273988604e-01
-4.347203584237573255e-03,1.084956561101942628e-02,2.677010821101451499e-01
-3.125041844004928723e-03,-1.247841355131237839e-02,2.946288724539164461e-01
-3.487245012118674482e-03,-1.201027805254863655e-02,2.864414701993718837e-01
-7.742300995515461436e-03,-1.010013475210574246e-02,2.914777033999499389e-01
2.751578096319596406e-02,-3.031128261948207170e-02,9.376265806660117885e-01
4.201979223208644927e-03,-6.331444896099642063e-04,9.732753344819367047e-02
3.977327298127348448e-03,-1.517866222340712124e-03,9.750402354388106041e-02
-3.050513607223174443e-03,-1.284132097070388515e-02,3.022994755641972286e-01
1.699118917850761870e-03,-1.287083068014122089e-02,2.973481196876908150e-01
1.985582068028070302e-02,1.317266905485114936e-02,5.457505606675220333e-01
2.208722173175852940e-02,8.813268432229091898e-03,5.446663117329755277e-01
-3.197271999193918718e-02,2.035605729534059952e-02,8.681173416813058319e-01
-3.380625449204503752e-02,1.669854724991609238e-02,8.635978082084582175e-01
-3.028185942837617953e-02,2.230962958227299814e-02,8.614710561778354814e-01
3.902106193126278488e-02,6.041456206287357592e-03,9.043775850913623460e-01
3.933660470257441949e-02,6.041457249208778690e-03,9.115202834796393150e-01
-5.595212437258408750e-03,8.591651251038072770e-03,2.348310398208909300e-01
-4.255922682409312569e-02,2.169761403189159228e-03,9.760325282937355462e-01
-4.211027312054618083e-02,4.635697528959351402e-03,9.703103420753212971e-01
-4.192644929009493870e-02,7.450513426274304671e-03,9.753178822318471219e-01
1.749365144609742184e-02,-3.230325421247499246e-02,8.413909784990400986e-01
-4.265722435067010460e-02,-2.810666524538864459e-03,9.791295843761311790e-01
3.648592428913744606e-02,-1.066887286274467370e-02,8.706587196435302545e-01
3.745507049544544859e-02,-5.841202261959467339e-03,8.682315596714541561e-01
3.713941243974631934e-02,-5.841201703394310538e-03,8.610888661947696532e-01
3.062602354254819262e-02,2.642190657866615167e-02,9.264199350586335147e-01
3.401363031500107686e-02,2.146203457556547858e-02,9.211602864120855827e-01
-4.222227329696493642e-02,-7.703988037900767749e-03,9.830150473118075549e-01
-4.130396178987206374e-02,1.009515993616157478e-04,9.460190826582860479e-01
-4.072973701931090207e-02,6.373477059036664234e-03,9.442166413218214815e-01
-2.259695852477228845e-02,3.472330770677556355e-02,9.488714209159910817e-01
-2.356835445515238769e-02,3.372007925957720698e-02,9.422641094361223768e-01
-2.106566768348050456e-02,3.419818674344234088e-02,9.199443146681377526e-01
-2.058030526895662446e-02,3.413939935983713314e-02,9.130095840840150023e-01
-1.560966880285907105e-02,3.677462290978857073e-02,9.150146496678889241e-01
-8.896833537905223660e-03,3.980267632912474346e-02,9.341274005778000822e-01
-1.379187173967118957e-02,3.830649484242224651e-02,9.324964502731569738e-01
3.765873210222291795e-02,-1.645713698957072119e-02,9.412911146038599464e-01
3.700878065422254920e-02,-1.712276893395874369e-02,9.339680040314009002e-01
3.500893343749874459e-02,-1.157247934591301188e-02,8.445086727788017056e-01
-9.356233749695406707e-03,3.864950713721334447e-02,9.107879027056128285e-01
-8.223240724169637167e-03,3.863453708009314397e-02,9.046984908168114181e-01
-2.240686073921792278e-03,3.955677853770500629e-02,9.074515273461295495e-01
1.196345913489671280e-02,4.819372628994037129e-03,2.954059339567383091e-01
1.252737432482882787e-02,4.173392189743528775e-03,3.024271258436427301e-01
-9.891678840012360988e-03,3.882821640909802502e-02,9.177169597588621386e-01
-1.933753291048543850e-03,8.454610202760384427e-03,1.986429146941942614e-01
6.464505369104366593e-03,-1.937472083295637554e-02,4.678032505500815952e-01
5.978093616634793869e-03,-1.923108087621805407e-02,4.612548139564527916e-01
7.853906138985128219e-04,-2.028219643964244284e-02,4.648868254359965202e-01
-5.041716637901377460e-03,-1.951234835075896235e-02,4.615836988115909478e-01
-4.545394447164213987e-03,-1.992673324378803693e-02,4.681203077663765866e-01
8.257885093667405611e-04,2.494902600628307588e-05,1.892229651809824650e-02
9.157033862394237155e-04,4.078035883324408284e-05,2.099384349203742631e-02
2.507365183662449079e-02,2.240550808383924217e-02,7.701575701112027827e-01
2.725743878410230928e-02,1.932624177940952398e-02,7.652982631628809651e-01
-1.950604707855925837e-02,-3.156467860117938284e-02,8.498546471560967097e-01
1.820420291415510497e-02,-5.199327081264966226e-03,4.336173448004227438e-01
1.852829335616760012e-02,-5.199350839269721580e-03,4.407596880239154080e-01
2.507052773621365124e-02,2.287114421327372804e-02,7.772515586134453036e-01
2.153031281384756510e-02,2.592682580208978405e-02,7.718788733827217641e-01
-1.822832381667002788e-02,2.964088878892124496e-02,7.969898558562649171e-01
-1.488032817147545879e-02,3.174836541643784316e-02,8.030645751693531453e-01
-1.948769694095799088e-02,2.920511615634447875e-02,8.041502435138171423e-01
-2.512323940228999505e-02,2.448271337998808583e-02,8.034556117661053598e-01
-2.234129509930915178e-02,2.738601739199693699e-02,8.094877100574084938e-01
2.380955081236908397e-02,-3.345755917207070967e-02,9.405344176311491999e-01
2.012508826477505536e-02,-3.553353498321054627e-02,9.353184704934927041e-01
-3.782786121373005184e-02,1.706493870527037507e-02,9.504812184587589918e-01
-3.837334809097235622e-02,1.509186286108050480e-02,9.444237036078655390e-01
-3.552799538438300431e-02,2.110370721706731484e-02,9.464563457975208038e-01
-3.262040378434370724e-02,2.532488140589087000e-02,9.458562934695241564e-01
5.334525746963291251e-03,3.459372451993839026e-02,8.016916496777640733e-01
9.277563136344075742e-03,3.393746520743880224e-02,8.058170748548943996e-01
-1.460448498505131053e-02,-2.129319216910111057e-02,5.913834824159238668e-01
-1.441069163628326023e-02,-2.104637723838592711e-02,5.842112771999304899e-01
-1.863700053147090974e-02,-1.759752218876407814e-02,5.870743010119159333e-01
-1.711024834039436698e-02,7.041492864579065349e-03,4.237773638456731606e-01
-1.679878970005351663e-02,7.137411594041992435e-03,4.180435917977086135e-01
-1.376269836657897927e-02,-2.117277817548696150e-02,5.783817137937312669e-01
-1.249317755386609129e-02,-2.157677833822066460e-02,5.710514841299817457e-01
2.678866018882222755e-02,1.655260438451710073e-02,7.212399141023163596e-01
2.347124817436385680e-02,2.069624820152402359e-02,7.167210693653623954e-01
2.723320170336526388e-02,1.522233708255713719e-02,7.145706245349445762e-01
1.297450579069307948e-02,1.506144657821879840e-02,4.553099076627274422e-01
1.677471046754211437e-02,1.074499115204447137e-02,4.562656290053329622e-01
-9.218680754399905322e-03,3.486851211705464110e-02,8.260601810333717543e-01
-1.597961897851022869e-02,3.253215541103586517e-02,8.301436120984657663e-01
-3.821949099899683844e-03,3.564310247552280458e-02,8.210410719826536363e-01
2.859499599284903108e-03,-9.935354202127308354e-03,2.367943671058441724e-01
2.876064858053192959e-03,-1.025359285797756981e-02,2.439094200287721115e-01
3.321627487768234049e-02,2.385691266128428523e-02,9.366697027227591787e-01
3.524565984787858368e-03,-9.397287383150742732e-03,2.298739205293006127e-01
-1.023648082303951681e-03,-1.012698845308079680e-02,2.331281021332204939e-01
3.148236812845150306e-02,-5.059559955029969101e-03,7.303172452566110140e-01
3.114526360976420036e-02,-5.417210745003205388e-03,7.240537874047682232e-01
3.082867839918579378e-02,-5.417212812259576682e-03,7.169111333044656531e-01
1.941307163524874603e-03,2.911073960573641942e-02,6.682264698582123241e-01
3.954205388321020871e-03,2.855780976879379943e-02,6.603216537241300976e-01
2.075262193807751992e-03,2.940029179183000635e-02,6.750528393899126733e-01
8.422531792275386384e-03,2.806959898659925484e-02,6.712176722966872733e-01
5.155603021435198156e-03,4.160579024781140001e-02,9.602175347758018509e-01
6.485185051109519476e-03,4.107222037165302736e-02,9.523629488308181790e-01
-2.559468533461290232e-02,2.468048478228017373e-02,8.143614922022212044e-01
-2.579429542978702028e-02,5.157683214372892413e-03,6.024810920866340291e-01
-1.568974819059605619e-02,5.051318887471750556e-03,3.775191073244285600e-01
-2.381895699389942681e-02,-1.593610779264643257e-02,6.563846165707397651e-01
-2.402647445875556384e-02,-1.520732924772049376e-02,6.512625776725931015e-01
-2.461847121774490485e-02,-1.535301937246822193e-02,6.645188543519219282e-01
-2.180666371581573351e-02,-1.893366541189978047e-02,6.614448353079640519e-01
-9.004004992568183374e-03,4.730470737136410579e-03,2.329544451857640253e-01
-3.030162484688993935e-02,2.052082987976759990e-02,8.381942497411748461e-01
-1.344011744799829267e-02,-3.836710755610869134e-02,9.311082710904645676e-01
3.205847531597826039e-02,1.831254494812541503e-02,8.456097356654190822e-01
3.241746813195722082e-02,1.815651215830056328e-02,8.510070231372512950e-01
2.856935617212698689e-02,2.930866359871031612e-02,9.374346087636966640e-01
3.247955847242978145e-02,1.865587582893173113e-02,8.578869539803889444e-01
3.509925565889132626e-02,1.263259082253326109e-02,8.543872370548070139e-01
-9.450710211604398253e-03,-2.506028126409201584e-02,6.134334902773634912e-01
-7.563446504783074426e-03,-2.541385961635012763e-02,6.073040367256017369e-01
3.142293784263237248e-03,3.008307479414985483e-02,6.927642864944343337e-01
-1.124061827446951219e-03,3.005017662328394318e-02,6.887435472413744320e-01
3.804639735681681224e-03,2.979011725077582509e-02,6.878479252442936120e-01
-7.167920914728916244e-03,-3.088561930685709486e-02,7.261976745645494224e-01
-4.014951261116647512e-03,-3.163908794310956590e-02,7.304655828894879299e-01
3.320906772806381246e-02,1.933012559210181558e-02,8.800817539903388331e-01
3.555617749362156160e-02,1.418233913937876588e-02,8.767627570524281211e-01
-1.881806023865917679e-02,3.848513663443138555e-02,9.811864984745948259e-01
-1.426693681790185304e-02,4.026704343146057796e-02,9.784440049077833823e-01
3.623467724300564411e-03,4.125352477682546481e-02,9.484987807442751828e-01
6.844574976502589697e-03,4.058672875656647167e-02,9.427148604332797888e-01
1.309920889355334697e-02,3.903898097734297135e-02,9.431322659974266109e-01
3.999987232752486022e-02,1.032512692626529928e-02,9.461772676450913577e-01
4.074622510311113471e-02,5.546367895020260994e-03,9.418481380838692463e-01
3.411025012276364121e-02,1.825101250342386211e-02,8.860556734016190594e-01
3.012741995160744118e-02,2.414512981143594056e-02,8.842896585758326378e-01
2.718174643475109245e-02,2.771250041149120324e-02,8.890762747701848046e-01
2.594078498574564975e-02,2.852696126803556595e-02,8.831211587998265555e-01
-2.445326871322496542e-02,2.407877601660915814e-02,7.860196621464382583e-01
-2.149331568747001042e-02,2.708881954142930079e-02,7.920090212952407560e-01
-2.538412323230750112e-02,2.348918737306798787e-02,7.921179271261770127e-01
1.890454765279946103e-02,-4.997730064515849835e-03,4.478604141144628681e-01
-2.880390779633588277e-02,1.911357588081502232e-02,7.917530249741718817e-01
-2.643978947035649160e-02,2.267094756952450080e-02,7.977070597385775841e-01
1.047495855188959775e-02,3.783717216681835305e-02,8.992102228157752286e-01
1.661332104283589142e-02,3.539517063153577170e-02,8.955403199992013619e-01
1.588118638009824307e-02,3.613971350419499518e-02,9.041305975415602214e-01
4.345632927059765206e-03,3.925470428238832243e-02,9.045730014610190439e-01
5.152982487954576446e-03,3.877804386476554899e-02,8.959705758566520739e-01
2.206756923666387121e-02,3.220775649975141791e-02,8.942203792091226733e-01
1.710294339556932622e-02,3.485574067330442921e-02,8.892542434308513544e-01
-2.469151937334092620e-02,-1.028517024295120055e-02,6.126300715477649428e-01
-2.874026726319018135e-02,2.951159999300540307e-02,9.434954552299664732e-01
5.845094664710742509e-03,-3.335062393396338171e-02,7.754977073068564097e-01
9.982609496366331645e-03,-3.259703377876202457e-02,7.808199378412398195e-01
1.101982135257327695e-02,-3.197658136050500477e-02,7.746547251564634973e-01
-4.122149514373457668e-02,1.137480723153038581e-02,9.794133015685994037e-01
-4.147410166470674731e-02,1.133952272461191332e-02,9.847782588968266859e-01
-4.146542394683585403e-02,1.229788015891409257e-02,9.906028835327669313e-01
-3.460570816603822375e-02,6.186027098620656105e-03,8.051649202047282960e-01
-3.503093165066347575e-02,5.140465331699895293e-03,8.109325731545227178e-01
5.924270948780593730e-03,-3.390051955840675535e-02,7.882164491253182970e-01
-3.353058645007339633e-02,9.665553221571011877e-03,7.992472857474730574e-01
-1.058397910592749798e-02,-7.458508723507479600e-03,2.965573036774520888e-01
-1.069593501057513121e-02,-6.643664605774388630e-03,2.883886101220404230e-01
-1.052020217747207630e-02,-6.322059913249160855e-03,2.811133721879707226e-01
3.549825456499344778e-02,1.852691163929143930e-02,9.171156597130006860e-01
3.772590507972839458e-02,1.314309603349567840e-02,9.150003849079051399e-01
1.662861340096860596e-02,2.732568766883579359e-02,7.326355730810214517e-01
1.479450060200722047e-02,2.874268036215519087e-02,7.404043585256753213e-01
1.107989199203340651e-02,3.019283130271402382e-02,7.366226554973991369e-01
5.872594003082373844e-03,3.173704891055112443e-02,7.392374867429831742e-01
7.940023414086056289e-03,3.093256368509766582e-02,7.314400876571347521e-01
4.187736241548666721e-02,-5.570867771047170736e-03,9.675988590067460260e-01
-6.615172566702247087e-04,-9.090675741673192797e-03,2.087612463878021074e-01
1.378645445853631749e-03,-9.275945308968582340e-03,2.147877773638617038e-01
4.863173349543861018e-03,-7.826239233622354560e-03,2.110386261164963195e-01
7.185452823290734356e-03,-5.145502318550274415e-03,2.024191810563535643e-01
1.507669175301467896e-03,-8.597951809000891829e-03,1.999301189474976814e-01
-2.210593719386556247e-03,-8.616476994466226030e-03,2.037410645553254240e-01
8.291857129595866724e-03,-3.759701470011809696e-03,2.085252322901296196e-01
4.199991508588088451e-02,-6.706921129038514486e-03,9.741442040929688684e-01
3.183241658004341400e-03,3.235256501060351092e-02,7.445737266001811738e-01
7.826730537552154324e-03,-2.833478231978391049e-02,6.732762809049259722e-01
1.306659116420317603e-02,-2.610693888224110623e-02,6.686597594967020886e-01
7.892837369331920719e-03,-2.795276314035759213e-02,6.652563605138951397e-01
2.637746003675430894e-03,-2.880092204000496078e-02,6.624103256174200816e-01
-1.958096391320447022e-02,-1.131488018020269893e-03,4.492259428612648264e-01
-1.890899284696378330e-02,4.492521705313274986e-03,4.451426597646605532e-01
-1.362067956201135771e-02,-1.892136372741156508e-02,5.339775652850604626e-01
-1.841296844670544178e-02,-1.424254536608331699e-02,5.331647864615784993e-01
-4.809956691663963731e-03,-2.448290496036643893e-02,5.714699805106688846e-01
1.330875788169729379e-03,-2.500382486493302539e-02,5.734924015420502785e-01
7.393692903615780611e-03,-2.397058595094107847e-02,5.745402560031498407e-01
4.913592361003449836e-03,-2.426583241544806938e-02,5.670585732450049710e-01
-2.200369859950707108e-02,-3.973028292612572170e-03,5.121169842580022280e-01
-2.221850347847573529e-02,-4.432172373654389395e-03,5.189136326632159957e-01
-2.071681474757668812e-02,-8.833845088880704771e-03,5.158298355624765241e-01
-2.237997554712909537e-02,-5.090193040831484696e-03,5.256767821014015629e-01
-2.217315015385482729e-02,2.124668846227843624e-04,5.078719468750728661e-01
-2.159895830579684414e-02,-4.375643184459489590e-03,5.047468502441360139e-01
2.020361091427111747e-02,-2.541747246731573123e-02,7.436616016148274166e-01
2.061302448284121208e-02,-2.473956831782799307e-02,7.375378882639798128e-01
2.612337518543829049e-02,2.036030355083510990e-02,7.585859549681187586e-01
2.060903356440054249e-02,2.588934645052369185e-02,7.579002841083012365e-01
2.530912227306662127e-02,2.089452290916146704e-02,7.516947315273582175e-01
2.309800382479822514e-02,2.302663997538241525e-02,7.470083162525346099e-01
-5.362717713572814036e-03,2.556293584671543925e-02,5.982323394081848766e-01
-1.679713766097131096e-04,2.595904048287227608e-02,5.945722237834673018e-01
-1.364080907182588231e-02,-1.448170452295410339e-02,4.556591408674493526e-01
-1.655548537249600105e-02,-1.080838369966226516e-02,4.528377702919156311e-01
-3.770552377450946818e-02,1.587544955382310871e-02,9.370233704323623902e-01
-3.942202919171058223e-02,1.158228045159788444e-02,9.410760121376492426e-01
-3.654493517671878605e-02,1.773945603246336253e-02,9.304175418458695557e-01
1.002544104654449521e-02,-4.580004656153478272e-03,2.524467863480865382e-01
7.200097788367410337e-03,-8.463998468612654244e-03,2.545109034312059149e-01
-1.198010263008892143e-02,2.944107835933572684e-02,7.280011343853005634e-01
-8.104896532114463925e-03,3.090548703160048843e-02,7.317882042499938011e-01
-3.287213990914870931e-02,-2.635468056282203736e-02,9.649926882003323492e-01
-3.262508211212303277e-02,-2.702458804241414728e-02,9.702994071071597837e-01
-2.835923532909139996e-02,-3.126987979558951136e-02,9.668676470573013271e-01
1.253064389683433352e-02,-2.923476220998451336e-02,7.285011901509937937e-01
1.674587656134899835e-02,-2.725560605842883635e-02,7.326672395746189892e-01
1.468765776078279420e-02,-2.783061174589011866e-02,7.207485102607164018e-01
1.009089930917035811e-02,3.445384429973078616e-02,8.222718621012256035e-01
4.780791927407249467e-03,3.583760480357925382e-02,8.280875009505804796e-01
2.867766079350749387e-03,3.579172225882168434e-02,8.223923744097575428e-01
1.430213364507790762e-02,-1.971566765607173782e-02,5.578647272353187692e-01
8.882265877929236553e-03,-2.284817563605559196e-02,5.614617786111131270e-01
2.067079642727376321e-02,-1.252149720020773703e-02,5.535275408797010188e-01
1.861455277744311979e-02,-1.493791785294838921e-02,5.466486230890608145e-01
1.784338995135980807e-02,-1.634283099755608898e-02,5.541928930205474169e-01
1.136451155870009389e-02,-2.120572877237096934e-02,5.510414929071763002e-01
-2.850286634065452018e-02,2.538790842872730089e-02,8.742398464238211320e-01
-3.254182878891073716e-02,2.012449699543438289e-02,8.763394945022237037e-01
-2.376487407230648899e-02,2.963101309846416856e-02,8.699711798696537768e-01
-2.446950516653729688e-02,2.951920183428927147e-02,8.781854364174859207e-01
-3.484295078138206075e-02,-2.115574689846392437e-02,9.336190808222000204e-01
-3.730517357027512276e-02,-1.613021950018999826e-02,9.308795767107670427e-01
-1.386389006660156478e-02,-2.437949256370182914e-04,3.175843793147515859e-01
-1.396961088444404267e-02,-2.714021385477733556e-03,3.259391254132701365e-01
3.310139019667912574e-02,-2.204188567146635191e-02,9.108521911476389343e-01
2.949132233091190936e-02,-2.646195059466898911e-02,9.075132413334142667e-01
3.660676656745392304e-02,-1.580197982433905607e-02,9.132136381777753442e-01
3.582234811774986927e-02,-1.678250906582006916e-02,9.060439108948072917e-01
3.703874856835985552e-02,-1.342718303348541982e-02,9.023496886142389206e-01
-1.426443443305713300e-02,3.555952132233074908e-02,8.775321982137312959e-01
-1.905221041097655138e-02,3.335198366760204480e-02,8.797376406612138489e-01
1.055966018688222520e-02,-1.691666643316579524e-02,4.567449759564800593e-01
1.193118873777556689e-02,1.788798853137011161e-02,4.924753790850984192e-01
-1.308540765362175250e-02,3.564861490088232221e-02,8.697557238171803595e-01
-1.035829408656780380e-02,-2.383535700687221606e-02,5.952417234051177175e-01
1.825308775957215288e-02,2.591998961901381682e-02,7.260967181094175604e-01
2.143297806160631910e-02,2.358538089707062912e-02,7.299235466289205609e-01
2.849560445623749647e-02,-4.798386351150950302e-03,6.618451101030431438e-01
2.806080421165844593e-02,-5.976506361269891092e-03,6.571135286192446578e-01
1.418236154798377564e-02,2.813867135327252286e-02,7.217136814745371831e-01
9.309864777260616273e-03,3.021605094327377977e-02,7.241659684273953346e-01
1.925700322036834680e-02,2.479085878259381509e-02,7.189808493147813451e-01
1.540786931764397648e-02,3.218475135657256070e-02,8.172699849579572184e-01
1.099428615050689582e-02,3.365443121984412062e-02,8.109016877281389757e-01
1.793630484545626416e-02,3.056226470618837038e-02,8.116349507548065167e-01
8.893673250599233582e-03,2.731707090729093915e-02,6.579880679154498369e-01
4.578741956383404650e-03,2.818098116455453397e-02,6.539145708048300643e-01
-4.708652949194187462e-03,-1.899076019968128082e-02,4.481304116360009804e-01
1.859578347082340224e-02,-2.473708830157046387e-02,7.088064927623558553e-01
1.672752449241806869e-02,-2.633712517062686276e-02,7.146027110770585278e-01
2.000670204732016635e-02,-2.419814400232723692e-02,7.191265569956408754e-01
1.528011695087242230e-02,1.491574894442730843e-02,4.890699684782027212e-01
1.628725086788519391e-02,1.331844758511571171e-02,4.818810682405417767e-01
1.816042123294273405e-02,1.115151475606615712e-02,4.881013198983894519e-01
1.700714998985168938e-02,1.196307054660605655e-02,4.762431513759826651e-01
1.899235713175243022e-03,-3.479027168874465614e-02,7.980146874939944013e-01
1.438980160814572543e-02,-4.325139346875509633e-03,3.441462991114482839e-01
1.371893977900635192e-02,-5.222635159814866847e-03,3.362138810540227229e-01
1.164046010571572788e-02,-9.040430675612753583e-03,3.375720560792577207e-01
-2.612583588730945164e-02,2.872230687060188178e-02,8.892828189688880558e-01
-2.441992950966330109e-02,2.988667559825446129e-02,8.839626153148953946e-01
-3.004307340603475096e-02,2.470750946909224671e-02,8.909085760699448908e-01
-2.711417965487340417e-02,2.830406639781611611e-02,8.977279588601914107e-01
3.189357794707036592e-03,3.963156334705240230e-02,9.106465798971264958e-01
9.218042586522756654e-03,1.912738456446098564e-02,4.863096457827098540e-01
-1.840401266665021157e-02,-1.165244837549665041e-02,4.989064931488282895e-01
-1.631212142697265402e-02,-1.412042692517687971e-02,4.941440372555785943e-01
1.115728856561306638e-02,3.155940165876272574e-02,7.666711526364030638e-01
1.635300878207110453e-02,2.897129985042183262e-02,7.619615384513573897e-01
1.691140432750850436e-02,2.902770543265530134e-02,7.694449316633216185e-01
-2.470973877110243036e-02,2.350999176951459879e-02,7.811798913329081051e-01
-2.076542032159744977e-02,2.705132470834216429e-02,7.810744366860570276e-01
1.528994003674764672e-02,2.920778987610566160e-02,7.550872547364323450e-01
3.069646926843677334e-02,-1.826802780392733014e-02,8.181467634629224772e-01
4.225150726505754427e-03,3.244130775385915127e-02,7.493033836962130767e-01
-1.765958918227024128e-03,3.267647654527427309e-02,7.495065173185722074e-01
4.995791828050658717e-03,3.265785437783172429e-02,7.566890409074414903e-01
4.820375696680802464e-03,3.296963859576955425e-02,7.631571424945452486e-01
-8.950048990386259059e-04,3.320076952734331288e-02,7.606988902662095153e-01
2.309342394809636365e-02,-5.626318154422259646e-03,5.443978325236327187e-01
2.161896236016278353e-02,-9.473993997157405256e-03,5.406143105425111894e-01
1.912442631064041956e-02,-1.375455585155809304e-02,5.395436352625521126e-01
1.975073565149657387e-02,-1.240174559409073368e-02,5.341513910860963277e-01
1.179516784703576147e-02,-4.700880717454004355e-03,2.908185408112129999e-01
1.213016907866169489e-02,-4.700976449071082343e-03,2.979604562268974299e-01
1.155984240722009518e-02,-4.497004297031695005e-03,2.840925727485700825e-01
3.482340348921386664e-02,4.766088243681380551e-03,8.050225692623608209e-01
3.513814311668506107e-02,4.766089669705750320e-03,8.121653019883314784e-01
3.297344774479539498e-02,1.225836534271820648e-02,8.057165077025405520e-01
-5.173467183177717088e-03,-1.776266314369134153e-02,4.237363539945150359e-01
-9.473191402934337318e-04,-1.828434275175164214e-02,4.193419925927137082e-01
-2.594202782305192814e-02,2.600144693866129203e-02,8.412463136814634090e-01
-2.161391623128664299e-02,2.935379037272371761e-02,8.349063082110019796e-01
-2.127278318389742504e-02,3.001825722409427050e-02,8.426678117579744498e-01
2.983059930888602024e-02,1.779178963610722128e-02,7.955267574663752450e-01
2.605327344649756641e-02,2.302454876907119100e-02,7.963474609835496931e-01
-3.013466213820269191e-02,2.135599944489802171e-02,8.459451078791552225e-01
3.638689879603504429e-02,6.135503641570098747e-03,8.451616136575732519e-01
3.670311946538392517e-02,6.135501533610368367e-03,8.523042832195789620e-01
3.691161169067197489e-02,6.687324795984977283e-03,8.591774240160309217e-01
3.682476275910759322e-02,-1.681986469223790623e-02,9.272407810475621348e-01
3.909988719516017258e-02,-1.106121480648053490e-02,9.306799783896845257e-01
4.032697676735292822e-03,3.147520539500132247e-02,7.267936135792181229e-01
1.162496277361295578e-02,-1.342434035620128016e-02,4.067290085116377352e-01
1.099017135231210480e-02,-1.353690259036739209e-02,3.993615512301895709e-01
-1.559520328543942272e-03,3.183356725518868280e-02,7.299829673744534508e-01
-3.900956863654954972e-03,-2.038028522606547335e-02,4.752592006418707715e-01
-3.798066308315585851e-03,-2.072606014728571588e-02,4.826095025934714622e-01
-9.438792162748562559e-03,-1.831999679457006064e-02,4.720138125582208910e-01
1.724743447200489249e-02,-5.106815012661411642e-03,4.119836469174372184e-01
1.713487450000341500e-02,-1.228921115808719391e-02,4.829538180727068752e-01
-1.161936882260425526e-02,7.958921463714215341e-03,3.225726551550126553e-01
-1.320175942034577075e-02,4.376726068163186954e-03,3.185535736881855984e-01
-1.036171751321889913e-02,9.156021894436497388e-03,3.167003029366473044e-01
4.369710446169630495e-03,-3.281345426793787906e-02,7.581863058076545592e-01
2.933350692321561124e-03,-3.323930460704734025e-02,7.642640003370340107e-01
8.324439734396718235e-03,-3.226802280962287606e-02,7.632562919512275723e-01
2.400780424090647597e-02,-1.548928134226945988e-02,6.543796616198802596e-01
2.659633485693349217e-02,-1.002628203872654375e-02,6.510035713136306246e-01
2.155534482510169589e-02,-1.911296757639177959e-02,6.598266072183250897e-01
-1.394650748950143800e-02,-1.459685511057788425e-02,4.623913763267185617e-01
-9.675308761292069834e-03,-1.750789010317012687e-02,4.581542165150853108e-01
-3.890823066211318570e-02,-1.040685143568262881e-02,9.224711496668753785e-01
-4.001114849314563876e-02,-5.517959529740663026e-03,9.250796260413596261e-01
-3.887146733893319384e-02,-1.137394526032284997e-02,9.276329305548426385e-01
1.596075576092830255e-04,-3.457255097452270609e-02,7.918500401363792740e-01
-1.668401490592894346e-02,7.644629417032940523e-04,3.825276892355420344e-01
2.085604584693570920e-03,3.434292777203771380e-02,7.880314836257830136e-01
3.112954383319890394e-03,3.399024935209102316e-02,7.817627707910382862e-01
-9.880087248788683302e-03,1.158147694058454585e-03,2.278405884450196428e-01
-9.316057873496090547e-03,-2.796507444134220012e-03,2.227788749777502575e-01
-1.011044765623247792e-02,-1.656242962574057398e-03,2.346538482833789852e-01
-2.752787383806779356e-02,1.683616805770443009e-02,7.390645869845756666e-01
-2.781697794658557696e-02,1.849447950207698532e-02,7.650783505190292821e-01
-2.383220508084043371e-02,2.319678000543147142e-02,7.617231174587172360e-01
-2.461616520321736890e-02,2.275313266472354587e-02,7.677582162508816976e-01
-2.513298024517758231e-02,2.256812491232310092e-02,7.736548092551936984e-01
-2.049973138363903047e-02,2.666433281470419192e-02,7.703383301477212397e-01
-2.818973900037177391e-02,1.900186668984346974e-02,7.786378643057335625e-01
-3.059353770536614794e-02,1.539257406794622765e-02,7.843982586637602283e-01
-3.894639522279150917e-02,-9.203166333291616999e-03,9.165856819966007318e-01
-1.138429163413507209e-02,3.142282023174738925e-02,7.654778799255553823e-01
-1.583638231352664516e-02,2.955114484167678870e-02,7.678950384608957958e-01
-2.933946510157706480e-02,2.683454324501264449e-02,9.106650443281115725e-01
-2.575132107366647632e-02,3.042406089235351330e-02,9.129252527484498225e-01
-2.076727519196800223e-02,3.376723952805296691e-02,9.079562795903066696e-01
7.175820121401613877e-03,-1.173175659818745213e-02,3.149800811633868269e-01
7.259667959783510510e-03,-1.215281298432838858e-02,3.242267618837866849e-01
6.753509821475682171e-03,2.976166013037886970e-02,6.989838657068861982e-01
-2.998985330354518933e-02,1.196243786931096287e-02,7.395083679052495418e-01
3.932643232958082068e-03,-1.802429776185774518e-02,4.225362951117010990e-01
-6.127523807319829215e-03,2.926332000994682700e-02,6.847760323957463591e-01
-8.099757823768824819e-03,2.851514791724131873e-02,6.789410695290850617e-01
-2.487325198477641306e-03,2.949615637297153814e-02,6.779708149630163661e-01
-6.778980979119529800e-03,2.934007782852744717e-02,6.897018453655705539e-01
-1.420397131268124301e-02,2.608551615576856428e-02,6.802869310977576189e-01
1.199041002214102508e-02,-2.046794554355447701e-02,5.433103058309493028e-01
7.653516800194125336e-03,-2.262506985846930024e-02,5.470453551607079579e-01
1.456766189697507839e-02,2.483931098356472258e-02,6.595362470473904448e-01
2.317642244781857250e-02,3.008230361113651413e-02,8.697677594131140166e-01
1.829802196052765853e-02,3.312551798843180184e-02,8.667547349480905217e-01
1.479947044167557665e-02,-5.474872382176696091e-03,3.614142740729921477e-01
1.440783055678316639e-02,-5.818156340365260824e-03,3.558839275931856005e-01
2.945063798385576768e-03,-1.059462430060411492e-02,2.518575635200918095e-01
3.238718095001210696e-03,-1.081280915454643776e-02,2.585247119554212603e-01
6.686337822491141914e-05,-1.154323981505353536e-02,2.643880936847498031e-01
-3.864605333356647965e-02,1.039581698364521432e-02,9.166058497306552866e-01
-3.678330165106251382e-02,1.543210042468186501e-02,9.136165385972508934e-01
8.971992855732672037e-03,-3.760060027447944490e-03,2.228086826262788978e-01
8.632817513304202189e-03,-3.760276566664707242e-03,2.156669183246971155e-01
6.678775100579950261e-03,-7.225887051504924739e-03,2.253659309828457968e-01
-3.443093952997051954e-02,1.985508126231976325e-02,9.103242294210854846e-01
-2.137118463328093951e-02,-1.386002290576991876e-02,5.834069565978621252e-01
-5.809316849445898302e-03,-6.414038625257151120e-03,1.982043407140475777e-01
-1.013618940768667596e-03,-3.427251477513762468e-02,7.853128733054681732e-01
5.299143173441805271e-03,3.346630933651732059e-02,7.760540641811567442e-01
9.663070572177929335e-03,3.264857724671273859e-02,7.798402661233573285e-01
-7.308702491360882791e-03,-5.324646612590075608e-03,2.071100701958259738e-01
9.870672375709590649e-03,-2.337943078645242020e-02,5.812450262261159573e-01
-5.911346444096746838e-03,-2.261170925808326376e-02,5.352984925153575491e-01
-5.218675850345777176e-04,-2.347514591197830819e-02,5.378020802397569522e-01
-1.409231516508997230e-02,5.210270265763199127e-03,3.441211794422602277e-01
-1.378549100373853767e-02,5.202667790984654740e-03,3.374771066375555351e-01
-1.259690531234983028e-02,6.918039479735145665e-03,3.291624876901488306e-01
-1.449477195837006564e-02,1.012586535305742223e-03,3.327939561962896531e-01
-2.129728463042315778e-02,-2.096179314920889811e-02,6.844245709677490019e-01
-1.973200898741940892e-02,-2.194772549872140224e-02,6.759734472710664521e-01
-4.551700896589019711e-03,-2.257813490872254830e-02,5.275280468515041177e-01
-1.000010694597007997e-02,-2.093885138041589461e-02,5.314649080204351117e-01
-1.244623714612098052e-02,-1.931029783805073355e-02,5.261869951566630066e-01
2.263784881338366112e-02,2.601511014831239810e-02,7.898506111084004910e-01
1.904001825578278614e-02,2.847343803273293811e-02,7.845196588220544331e-01
2.482756909818924565e-02,2.358526650202295849e-02,7.843237198153713008e-01
1.103026012037667050e-02,-3.435999046629020781e-02,8.265294612047275891e-01
3.803920312777351459e-03,-2.208739137012257284e-02,5.133319283890727114e-01
3.785039555991941747e-03,-2.175530769425672653e-02,5.057636544941446211e-01
-3.986874805295180318e-04,-2.222251107079672994e-02,5.090610891422999718e-01
8.238095634072220910e-03,-2.039002002838066069e-02,5.036845482793246287e-01
4.195660625928637408e-03,-2.139568556582100226e-02,4.993750651686763020e-01
-1.152028033599758992e-02,-2.650541607240834707e-02,6.619362358134511792e-01
-8.864754814417953946e-03,-2.727495274374344691e-02,6.568658306969760163e-01
3.168341594537418121e-02,2.299360380209924601e-02,8.966303997248331603e-01
2.682182905051824773e-02,2.843885623168404542e-02,8.953524189654232801e-01
1.534924480166253123e-02,-9.812868682218185354e-03,4.172584018532843331e-01
1.758666492371858264e-02,-5.115814101806376475e-03,4.194969171296297206e-01
1.791119347013684152e-02,-5.115842765813223385e-03,4.266392426063881360e-01
1.275230109597821513e-03,-3.367279252646969423e-02,7.717866105693007572e-01
1.824744883556290087e-04,-3.396625228593064261e-02,7.779663050554198600e-01
-7.982483445294450905e-03,-3.009833219819977104e-02,7.131975317202525755e-01
-1.321535738624717536e-02,-2.805940834818058255e-02,7.103772150984287714e-01
-7.631398018610358221e-03,-3.049151326916048690e-02,7.199111562268856179e-01
-1.519805233172586215e-02,6.236349406467703001e-04,3.483855596158093038e-01
-1.518147659415105752e-02,-2.939509553912102689e-03,3.541709831240769102e-01
-1.449515669186010082e-02,-4.399010941165915241e-03,3.469454548783527659e-01
-1.397810111853973851e-02,-7.098912779914080123e-03,3.590722265074992592e-01
1.167527759167290118e-02,1.974503960896427726e-02,5.253799799419646144e-01
2.232880584296375454e-02,-2.242546543571257572e-02,7.248153706535845897e-01
2.184240448627986289e-02,-2.321977573392422847e-02,7.301412308751560332e-01
3.369844737582648048e-02,1.161106596890401285e-02,8.163520909607211440e-01
3.157042120617288561e-02,1.664909132411840006e-02,8.174699292933705896e-01
3.226463147776555129e-02,1.460610044969084219e-02,8.111764321847916293e-01
-3.328562755866720096e-02,2.061046872387092832e-02,8.966829837209965293e-01
-3.378047383865961234e-02,2.035125127434312536e-02,9.032607013397402351e-01
6.452148299076237081e-04,-1.416030752676985215e-02,3.246608656854421682e-01
-3.585462319190575731e-02,1.155304955729667682e-02,8.627842579240467824e-01
-3.706664986183841326e-02,7.940993779923357157e-03,8.682297363582468508e-01
2.055283915353274538e-02,4.779563554659975629e-03,4.832984482845991137e-01
2.030651115963928374e-02,6.795810524242778747e-03,4.904494915226778051e-01
2.023254199539493980e-02,4.779553769352935279e-03,4.761559497289692966e-01
-1.299030373516243952e-02,4.021874321026610438e-02,9.680181868437253145e-01
-1.862120816516071864e-02,3.794229050912269890e-02,9.680375617135095201e-01
3.435264485975186247e-03,2.519216690984159637e-02,5.823353064037173343e-01
4.275827270303984222e-04,2.572367730625771398e-02,5.892504608994014736e-01
-2.316867146189874327e-02,3.553913187161068798e-02,9.716751412800913590e-01
2.305157839498930133e-02,5.108905429001345255e-03,5.407792854776873881e-01
2.273205872011824918e-02,5.108895766219198782e-03,5.336367546599717349e-01
2.124280083396752269e-02,9.319379253928283813e-03,5.313019116263072439e-01
2.254648189079533002e-02,4.412066796655897578e-03,5.261938528257718017e-01
-1.615985808150005587e-02,3.018849897588721590e-02,7.842613486642668885e-01
9.932235100173618728e-03,-8.777223461664400081e-03,3.035841600544305074e-01
-2.121622170235131291e-02,2.930753741517697075e-02,8.286795750768330970e-01
1.931747259055856605e-02,-1.264589737108870633e-02,5.288158899944169766e-01
1.693592397524898083e-02,-1.547146983546816498e-02,5.253865717607599795e-01
-8.775001658421066955e-03,-5.620089635111146821e-03,2.386678551707452078e-01
-1.041508559820202538e-02,-2.171140386605094515e-03,2.436726639350798307e-01
1.684989028032032529e-02,2.942113185128415742e-02,7.765429758761975831e-01
1.572925572460676449e-02,1.006275191423255597e-02,4.276743680244131651e-01
1.331893170716323509e-02,1.257864583816116835e-02,4.195931547888218094e-01
1.814524593589192727e-02,3.836128788012697043e-03,4.247804715865705072e-01
7.565343271045206659e-03,-1.627940357292061158e-02,4.111550635762050709e-01
2.883578895855316501e-03,-1.757495412956518177e-02,4.079147397681824327e-01
3.088043720530616026e-03,-1.786736674256479696e-02,4.152970038774449479e-01
1.393054047313619682e-02,-1.685607917237316386e-02,5.008479918944597209e-01
1.362941889761444016e-02,-1.745511431390203705e-02,5.072251159868497172e-01
1.086027860004095714e-02,2.073642753060003091e-02,5.361365366149685174e-01
1.987413822206949426e-02,-5.749726529930525819e-03,4.738593289173562151e-01
2.019857025904660264e-02,-5.749710510005011203e-03,4.810016588044664365e-01
3.355502624825950492e-02,1.420669013627843570e-02,8.345806048414878830e-01
3.224962657563563290e-02,1.641737446443419790e-02,8.288405988614977460e-01
3.430921023756567517e-02,1.144592476023203846e-02,8.283855697374348237e-01
-3.814007666869163871e-02,1.352609694767148950e-02,9.268587522710706184e-01
2.783397130429903291e-02,5.032480533271309689e-03,6.478389172067395840e-01
2.725927515976108578e-02,6.353801897769941788e-03,6.410758988711403594e-01
2.693897223880368369e-02,6.353790645592375351e-03,6.339334005682818463e-01
-3.914360670038652401e-02,9.607185608239860244e-03,9.231439236894093403e-01
3.045616443410172763e-02,-5.812141257798223576e-03,7.101493169232268032e-01
1.263506947047293889e-02,1.290015996413727307e-02,4.135757416686285382e-01
-3.901088401935361161e-02,1.746364302295355230e-03,8.943909772644328404e-01
-3.925614478217615694e-02,-1.566546556410760172e-03,8.998291574031255236e-01
-3.907012295135658259e-02,-5.834404569462933038e-03,9.047755024035184501e-01
-2.044058602033211117e-03,-1.583797515391851748e-02,3.657578848702663921e-01
-7.754677421112453686e-03,-1.396253286575950200e-02,3.658064400767871982e-01
-2.303052584344010556e-03,-2.902172436640651498e-02,6.667964481982242564e-01
-2.340822242025268531e-03,-2.933231336006024773e-02,6.739563120409646224e-01
-2.031633149393471255e-03,-2.871323743522354033e-02,6.592854133856484999e-01
2.779410202433043806e-02,-4.210024931830231611e-03,6.438510515869450002e-01
2.848942120366957167e-02,2.170342781543086949e-02,8.202893059466693781e-01
3.504098178446526241e-02,7.000839265798929761e-03,8.184314282385340977e-01
3.071325407211578096e-02,1.883878062630244335e-02,8.252362544054057114e-01
-2.073950950652983169e-02,-1.027666755897553748e-02,5.301304755935833946e-01
2.939122568794691470e-02,2.130756211716029400e-02,8.314591679184843986e-01
2.536247038408407511e-02,1.607116870952897056e-02,6.876995745301830443e-01
2.086736939283626718e-02,2.174799075275738597e-02,6.903204842355216142e-01
-1.568556541956116560e-02,-2.446299952067744476e-02,6.655801591729599842e-01
2.085673507002435551e-04,-3.207823869916816284e-02,7.347279877638511758e-01
-3.761765151746325475e-02,2.166597088768950491e-02,9.942719576907326218e-01
-4.055819406983816877e-02,1.547792688239535072e-02,9.942802216826130968e-01
-3.345254282893923847e-02,2.743768386795940317e-02,9.909417109869292917e-01
-3.197320204178302760e-02,2.943747409663792849e-02,9.954184488849808776e-01
-2.987789783133877261e-02,3.101596644247479537e-02,9.863731940783684315e-01
-2.695016668310666608e-02,3.409665201295133258e-02,9.954296824845676461e-01
3.323380724207661285e-02,1.564172971881314447e-02,8.412730029852732994e-01
3.514440260741579641e-02,1.061056136166468877e-02,8.408249803351671714e-01
-1.904608395327605716e-02,3.447507170612733318e-02,9.020955275556373776e-01
-2.435010882630034637e-02,3.095207580433292915e-02,9.020010011508048375e-01
-1.939727003730785590e-02,-2.191140832527460613e-02,6.702488307449110394e-01
-1.333204248380351169e-02,3.705882421627699347e-02,9.020420050270785417e-01
2.967071315768318382e-02,2.151304880265913350e-02,8.394042554468367223e-01
1.780290459296609423e-02,-2.289732306742466375e-02,6.643003420030423323e-01
1.777667421282978083e-02,-2.335904994873898646e-02,6.723163710385020586e-01
4.095932941459152002e-03,2.944603909779606316e-02,6.809185436810707426e-01
3.013959340221818856e-02,5.632200971272585330e-03,7.022597721169061558e-01
2.876177240020626191e-02,1.006121617743867443e-02,6.978952963088712602e-01
3.338384268326866165e-03,-9.082157737411999943e-03,2.216232532963345603e-01
6.654806779283408726e-03,2.744803032401601367e-02,6.468766349676778882e-01
2.257463439126147081e-02,-4.347778514322483967e-03,5.265462105588283315e-01
2.161220877496269552e-02,-8.256920085378621765e-03,5.298964716044991530e-01
-1.700092795461338345e-03,-1.373900843398297850e-02,3.170750418135660498e-01
1.633581846217905045e-02,-2.951959337487788590e-02,7.727315575950394200e-01
5.441040126513424155e-03,3.320367913094705165e-02,7.706323178383173156e-01
3.042312119085600897e-02,1.315737927128856830e-02,7.591770631956148430e-01
-4.926864421142373128e-03,-2.115254892644413340e-02,4.974412727135896217e-01
5.423040904632221628e-04,-2.155348200288855973e-02,4.938121328856466263e-01
-3.987655386303738669e-03,-2.100793026274461531e-02,4.897522043683005255e-01
-4.709617293409324758e-03,-2.154200941097796085e-02,5.050468123865781145e-01
-9.021284201990073179e-03,-1.992887051396549300e-02,5.010344372302718563e-01
-1.917590819477706099e-02,-6.651809349987391345e-03,4.648742389298541333e-01
-1.909932387178282787e-02,-5.904925671138722826e-03,4.578761878967069765e-01
-1.870832940904677832e-02,-6.109078228782096991e-03,4.507577591124347083e-01
2.065791069882774028e-02,9.066266477094873932e-03,5.167053275153816738e-01
1.865072755638540192e-02,1.309686273488686395e-02,5.219734761841486881e-01
2.687121719107339948e-02,1.392514602318505913e-02,6.931831378884684147e-01
1.637824079276343700e-02,1.606484113869205074e-02,5.254534612220591594e-01
1.303410159419976164e-02,1.915611503983135830e-02,5.306780966508880537e-01
1.959488617923705461e-02,1.208581224224070799e-02,5.272974235857486036e-01
-1.354564410112277240e-02,1.298455882289233435e-03,3.116683804691769422e-01
2.810947751031530814e-02,-4.210020781840764087e-03,6.509937571467588890e-01
-6.032089927591476747e-03,-9.653397926629062736e-03,2.607150838039470897e-01
-5.744407155720999449e-03,-9.372851274696621104e-03,2.517837048398771649e-01
-9.226032889841456058e-03,-6.357694963182020792e-03,2.566243701513580833e-01
-1.255700543106185764e-02,-2.895806020306760861e-02,7.229205018267718108e-01
2.355535274716241342e-02,3.861565899906485664e-03,5.467078145846462345e-01
-5.798368972046235963e-03,-8.928740305388293760e-03,2.438401251864648900e-01
-5.677794339904275629e-03,-8.536283210861535242e-03,2.348116112390854215e-01
-1.636385686465291261e-03,-1.070397013806325716e-02,2.480095360878691313e-01
-4.030279197853531281e-02,-5.988331264614321642e-05,9.230867173742258736e-01
-2.342195020648132984e-03,-9.288121644697463694e-03,2.193925880916065274e-01
2.720946245790029777e-02,1.720203780491514831e-02,7.372967072777203423e-01
2.965458823407943548e-02,1.232916068551540359e-02,7.355649789896401280e-01
2.322045117683255860e-02,2.244813603637249924e-02,7.397271550428340392e-01
2.460065488325214461e-02,2.053722908210059428e-02,7.339826055076569267e-01
3.168411806220235855e-02,4.825777137478598662e-03,7.340545955901618402e-01
-1.709878333372753800e-02,-1.112181005615565065e-02,4.671823897416009230e-01
5.992018438534732830e-03,-1.167068781289773947e-02,3.004754412345175818e-01
-3.981633082034662791e-02,5.213389559938957744e-03,9.197279711688667314e-01
-3.808142463073221212e-02,8.162407922166438692e-03,8.920185476775921440e-01
-3.626344040233882293e-02,1.389674315017064635e-02,8.894675448708448950e-01
-3.248391595751674854e-02,2.118368957797964539e-02,8.882272520608991417e-01
1.599776443217898123e-02,-1.733225957130874600e-02,5.402258353852200656e-01
-3.846603000831611691e-02,4.591185962021147871e-03,8.872702542308446017e-01
2.222863164550768766e-02,4.412061276995379866e-03,5.190512521672415724e-01
-1.925272428843047886e-03,2.421053478697352337e-02,5.562629520945626682e-01
2.747989793696251244e-03,2.423800999275022364e-02,5.586981853925814256e-01
-1.860840680909565253e-02,-1.184468354440067379e-02,5.052185123258784438e-01
-2.036030797106072598e-02,-8.198988378935232954e-03,5.027183762290766689e-01
1.575519099087322947e-02,1.731590132793191239e-02,5.361959271394756144e-01
1.471513877507403881e-02,-4.325088988493628467e-03,3.512885930044335470e-01
1.191223906625389455e-02,-9.578982952336730083e-03,3.501043814844657098e-01
1.215500707231309888e-02,2.428556703363136948e-02,6.220103440617861246e-01
6.746585818543438147e-03,3.388172540610894651e-02,7.912539114278089869e-01
1.208834145549025386e-02,3.220157507741791547e-02,7.877927993383458949e-01
1.411956958286939880e-02,3.109183254226776522e-02,7.821105394634262353e-01
3.886320246964630135e-03,-6.331315290520291754e-04,9.018484009360810960e-02
-1.079955308113359977e-02,-1.865784739330826267e-03,2.510147163236721712e-01
6.784536957778063322e-03,2.431442113988199413e-02,5.781651832293309701e-01
-1.113781471580628513e-02,-2.181146478073874018e-03,2.599434278665716525e-01
-4.629917849057386785e-03,-2.223280721486140671e-02,5.201393498483138922e-01
-4.690945182392334926e-03,-2.188412412688354319e-02,5.126146488615305197e-01
-5.079748991572503175e-03,-8.554311302890992008e-03,2.278666750532547802e-01
-6.674189633674079865e-03,-6.975150554222196188e-03,2.211103624761189546e-01
-1.108436933603403410e-02,-1.035511415110606202e-02,3.474219889934198058e-01
-1.012671815030960140e-02,-1.177096407316166778e-02,3.556402547097992084e-01
-9.242504067916004762e-03,-2.289831351058809264e-02,5.655684306632929870e-01
3.627742844373528334e-03,2.473223152858981810e-02,5.725225803695268567e-01
9.985774542675456000e-03,2.295702036524386452e-02,5.733908540958729816e-01
-1.218985282364071047e-02,-2.116833930615612258e-02,5.594762687234213772e-01
2.689279418112339518e-02,2.457314206707525775e-02,8.343580211732684049e-01
7.655568867597638445e-03,-1.322587503304785070e-02,3.500093359132347981e-01
2.502189585094686738e-02,2.673794427833756440e-02,8.387323093946696950e-01
2.049909216974716425e-02,3.045990645845399886e-02,8.409203160234575147e-01
1.394541720852363401e-02,2.557410953546346288e-02,6.671681500109425400e-01
-3.462467452283153960e-03,-1.163422952059887765e-02,2.780181082770810108e-01
9.369629843553720777e-03,4.239043652455401490e-02,9.943344958522620791e-01
-1.291057133177836956e-02,-7.463234654433548165e-03,3.415524554770504873e-01
2.341427339971408755e-02,-5.626302620829017227e-03,5.515403085103595116e-01
-1.387078751823816666e-02,-4.544568206240384711e-03,3.343101333294806743e-01
2.002728164296003685e-02,3.584918207060310003e-02,9.405212796131312558e-01
-1.304960019605844700e-02,-1.656421711593674545e-02,4.829737596329666260e-01
-1.322775142511896894e-02,-1.682093225897485222e-02,4.901176622876802780e-01
-9.035601495091237848e-03,-1.921320725798441806e-02,4.862882213001527565e-01
1.345927492681277607e-02,3.434339084447316642e-02,8.448418261375867377e-01
1.371917349818892358e-02,3.465952953103351025e-02,8.537603138276812498e-01
7.501717759873983808e-03,3.636917853115004956e-02,8.505266126765590462e-01
-1.548980094248809773e-02,-8.448121149613250017e-03,4.041101113790460664e-01
-1.478884864545849422e-02,-9.174931858736514942e-03,3.986106890131316249e-01
-2.929432350335213486e-02,2.299398181282470005e-02,8.529555989460867460e-01
-2.677681800072569465e-02,2.616750618380473195e-02,8.575117095171190806e-01
-2.135727603195404500e-02,3.025447484455109914e-02,8.482023851871561826e-01
-1.750952022252947465e-02,3.288050832454973704e-02,8.532109580386374459e-01
-2.222808082579280295e-02,2.993544918063300794e-02,8.539814784504841105e-01
-2.343873430251867604e-02,2.947308170820595388e-02,8.624831951051292744e-01
-3.148058313100893235e-02,1.411771809884159942e-02,7.902088156391069429e-01
-1.155001546450247669e-02,-1.697239579574416147e-03,2.673797395334234772e-01
-1.092546972273803971e-02,-4.683745602076579140e-03,2.722595586921137123e-01
2.802406011529578675e-02,2.946348360131260599e-02,9.313260296574734642e-01
2.637102667206459722e-02,3.065125858480300530e-02,9.260971846844444633e-01
1.989296097791435800e-04,4.204160002820360453e-02,9.629217297144900822e-01
-4.097952301920722296e-02,-5.610074466603663310e-03,9.473397912655490138e-01
-1.285640018295858104e-02,-1.750353134968521407e-02,4.974182385844301280e-01
-1.269881292226108724e-02,-1.802559951615883074e-02,5.050174288272354373e-01
-1.584472575728614746e-02,-1.555346927905410480e-02,5.085284545737193129e-01
-3.170413355543456185e-02,-2.892810738086183317e-02,9.829925504118345314e-01
-3.832780974249579142e-02,-2.467924842411878348e-03,8.796690989120109494e-01
-3.855267824727971748e-02,8.586091022470292893e-04,8.832204611623644119e-01
2.815082490524311448e-02,5.032484484721311095e-03,6.549815599007116074e-01
9.353923479378651023e-04,2.124236098433056330e-02,4.870015227466697461e-01
5.170717534253497366e-03,2.048321753564150485e-02,4.838598795269569153e-01
1.002937470786269313e-03,2.098038208509355601e-02,4.810784882215441982e-01
6.477767604123362173e-03,3.483303863423928282e-02,8.114859578533830664e-01
2.378358370609120684e-02,2.995263852287664147e-02,8.759962486378446433e-01
-3.927200785757025553e-02,-1.618373788028225693e-02,9.728585651943959522e-01
-3.614969728404792554e-02,-2.243523047869524709e-02,9.744577047050886343e-01
-1.878339251046882291e-02,3.283850024764697895e-02,8.664718615624124043e-01
-1.272602602659108142e-02,3.543143282477150685e-02,8.622707041314898735e-01
-1.173112605911857433e-02,3.546740519442778683e-02,8.556192499562060849e-01
-5.615320297757118474e-03,3.708016272384075801e-02,8.589584782720781631e-01
-4.367677262887318616e-05,3.511987999941049848e-02,8.043781196448026583e-01
-1.861488695506156963e-04,3.536944635918175955e-02,8.101047263058177572e-01
5.875125185731079527e-04,3.490872999421514716e-02,7.996545934277723422e-01
-3.800378934045989254e-02,-1.111967051689693141e-02,9.069240680325383330e-01
-3.884842915678198699e-02,-8.557683416551603930e-03,9.111077612840363660e-01
1.779352055223834897e-02,-2.378246322449648759e-02,6.802900065091100901e-01
1.188125973314124381e-02,-2.742129075592064646e-02,6.844707158781969669e-01
3.416378179566528089e-02,4.629530531557836566e-03,7.896308732707855160e-01
-7.940655450964949000e-03,-4.942141941262562406e-03,2.142191235996404874e-01
1.172450600421879457e-02,2.181681637076107738e-02,5.672729255266811821e-01
9.817664953134838668e-03,3.132172077647918385e-02,7.518007926494251203e-01
-1.343201682191920389e-03,2.484605491836743701e-02,5.698991858754955953e-01
-3.973820253666098673e-02,-3.865014330904610086e-03,9.144493185022337656e-01
-2.135910794971210627e-02,-4.169194529222873188e-03,4.984364984788764441e-01
4.610645276064829004e-03,-3.550072173606635267e-02,8.199289894749965946e-01
6.462981500906917094e-03,-3.539479216209866219e-02,8.240778161103404775e-01
-3.219019993095135340e-02,1.307977137302604106e-02,7.958158444108415219e-01
-3.158176958538480572e-02,1.499727529280484722e-02,8.007565353000272168e-01
6.260765217172210503e-03,-1.614242090552732087e-02,3.965560201314556332e-01
2.387131681791733115e-02,3.861566661210132523e-03,5.538504950313946074e-01
2.388196105307874642e-02,5.298507273340790150e-03,5.602872675148766746e-01
-4.151951537032057965e-02,7.180580047061803882e-03,9.650699098417807598e-01
-4.079437041116227430e-02,9.640551652613345984e-03,9.600806369357756109e-01
-3.165648648088205397e-02,2.374988495186057189e-02,9.064192840731755130e-01
-2.855094412681710367e-02,2.722750914069889394e-02,9.036090420560728420e-01
-1.349505561109810153e-02,-1.584786946748130421e-02,4.767458783249454712e-01
-2.865929183084459791e-02,2.020118548613844545e-02,8.030841815617623114e-01
2.056288594089992344e-03,2.458591873339322637e-02,5.650761980037961596e-01
7.611433635580019084e-03,2.329758745841834996e-02,5.613579321422411672e-01
-1.711009946078544466e-02,2.999465159999761474e-02,7.909047414605313575e-01
1.748285576257560883e-02,-2.269362121304427035e-02,6.561242037969622354e-01
-6.208404919977357148e-03,3.849512711599020059e-02,8.930762667505618424e-01
-9.178606437486024365e-04,3.909964780611165786e-02,8.957758826106586580e-01
-6.369018264044444023e-03,3.871650817589155497e-02,8.986721972988869211e-01
5.699516735438160632e-04,3.765294323422820055e-02,8.624929777234682238e-01
1.619265119122833933e-03,3.733243465578083703e-02,8.558572683870390163e-01
1.346206592227174384e-03,3.695375492917452737e-02,8.469415717630290885e-01
6.495653970136191536e-03,-1.177749857749299696e-02,3.080560665931307840e-01
3.378470400932722523e-02,5.216820287487481354e-03,7.829676419097093554e-01
-3.472623362828666099e-02,-1.709904608158905465e-02,8.865528666635553723e-01
2.535738102910081119e-03,-1.338117591907734064e-02,3.119336781051664231e-01
-4.682375884464165874e-03,-1.929956870308650180e-02,4.548563261227997478e-01
2.487638344487746078e-04,-1.971647601803164576e-02,4.516174863702182019e-01
6.923335014613425566e-04,3.670254311277412751e-02,8.407759877979813501e-01
-5.224227593177040163e-03,3.657265501317311790e-02,8.461543934954698365e-01
3.675049612434197477e-02,1.241563659279966252e-02,8.884615388929020252e-01
3.802550841361568984e-02,6.556669532296621923e-03,8.837794802081414547e-01
3.770901341937377138e-02,6.556666507336403847e-03,8.766368223221578937e-01
2.357789271696225306e-03,3.637700091512057615e-02,8.349185544846449147e-01
8.703621457413386608e-03,-1.231391268986770267e-02,3.453728913576696313e-01
3.722850051578447533e-02,6.687321671806982851e-03,8.663200652742718555e-01
3.722501512641852861e-02,7.881895572345420931e-03,8.714953605888682286e-01
1.587367001539435191e-02,3.704598065074395791e-02,9.231036110690284957e-01
1.201199409945895302e-02,3.831081159497055910e-02,9.195815624536129995e-01
3.535894207419298246e-02,7.000841074979826002e-03,8.255740243042405391e-01
-3.386458602847251115e-02,1.848471553797821632e-02,8.836505747098314378e-01
1.958847540589440245e-02,1.270452406745888052e-02,5.347493665664105889e-01
-3.613459138389127356e-02,1.274498350132841420e-02,8.775888828558880972e-01
-3.797903661924671020e-02,2.341532964567838264e-03,8.715146132800205558e-01
-3.806831604349013298e-02,-3.153864497203995570e-03,8.748949282638118774e-01
1.604000854417163714e-03,3.555486912826034268e-02,8.151686456830313787e-01
-3.702205005906803598e-02,9.158274543188500358e-03,8.735035520047897961e-01
1.813556437603455751e-02,1.507659051418451177e-02,5.401610571580987008e-01
-1.395305074928536969e-02,-1.502456661786812434e-02,4.696250704738900161e-01
-4.586152723982344151e-03,-1.081790637044869469e-02,2.691167063215942901e-01
-8.828266373446361920e-03,-8.100639728583457211e-03,2.744236737713637297e-01
-3.225619688909423660e-02,-2.786609877963350593e-02,9.762974746558802375e-01
3.467899358836295381e-02,1.778287309600390040e-02,8.926191818722643001e-01
2.171669038936321211e-02,-2.713085620131589978e-02,7.959505055553042219e-01
3.832577976096216213e-03,-2.333993408274179573e-02,5.417315183155897440e-01
2.574134733718192597e-02,1.860706687908701348e-02,7.274749021320406905e-01
2.914560023989639856e-02,1.079383048728326834e-02,7.118513877057246475e-01
3.045679052486682456e-02,5.632197424401116925e-03,7.094024003555698954e-01
-1.072666574214462334e-02,3.552109949128258448e-02,8.498531222680019148e-01
-1.948111990281761394e-02,-2.152133771550766156e-02,6.648730821721061668e-01
3.702935424612747994e-02,-1.255143356969219519e-02,8.955084008385865157e-01
2.017029457696420738e-03,-2.949353562156263597e-02,6.770908820060530520e-01
7.489626303281803413e-03,-2.874927891690614440e-02,6.804444472580027936e-01
-1.077516735190398728e-02,4.120627130913463027e-02,9.755124937805546015e-01
-7.048901781482274503e-03,4.218992668351185388e-02,9.797022275689357684e-01
-5.721120183152141568e-03,4.193143956069143169e-02,9.692858534015204031e-01
-1.751847320304350530e-02,-2.539556061164021175e-02,7.066215917696528903e-01
-1.732258786469466003e-02,-2.585912656238920776e-02,7.128800161360036025e-01
-2.414270557114603019e-02,-3.411039248926780315e-02,9.571442539600527599e-01
-2.371888559818865691e-02,-3.473996187770582444e-02,9.634431572523199927e-01
-2.468391270172036554e-03,-1.331553802747210621e-02,3.101718790174725626e-01
-2.230960767815717404e-03,-2.629978404848114237e-02,6.045274508452975759e-01
3.386235815745701917e-03,-2.603007804966668212e-02,6.012103459156931118e-01
-2.603777745793999648e-02,3.422587047185361026e-02,9.849620680632972247e-01
-2.417434236927977140e-02,3.580391751753069646e-02,9.894637033257424052e-01
3.971737822163953074e-02,7.286666799730046745e-03,9.248600782097715634e-01
3.940027772489431562e-02,7.286667001095478019e-03,9.177174459182797506e-01
8.714081241997200097e-04,4.289820946870325641e-02,9.827332239017483317e-01
-5.120763540029469457e-03,4.263294325868890317e-02,9.834734163983903654e-01
-2.689396268705950433e-03,-2.961692929996570176e-02,6.811301671034972749e-01
-6.292965657099010811e-03,3.272934959209092970e-02,7.633559943089157640e-01
-6.118695627687308763e-03,3.247493606379199538e-02,7.568853883401123195e-01
4.139394248112697287e-03,-2.268268979301905214e-02,5.280989525026791309e-01
4.060830724194784518e-03,-2.236903050069396007e-02,5.207088723376581685e-01
-2.993405517521625578e-04,-2.287720725661792492e-02,5.240190438830737429e-01
4.130964508209735569e-03,-2.300553767833966173e-02,5.353407374881808956e-01
8.343647783496803069e-03,-2.168043969821334058e-02,5.320668097552098130e-01
1.181503916650012039e-02,-1.368617015109326908e-02,4.141127514106984209e-01
1.980281247203354716e-02,2.573499389057891384e-02,7.437347808538001814e-01
1.458687020927453351e-02,2.920470282871535234e-02,7.476918213498440213e-01
2.927528440385972468e-03,-2.736707916260120929e-02,6.303852970872426686e-01
7.935514290401186888e-03,-2.614047781217353206e-02,6.256950624390023030e-01
1.852484028978282002e-02,3.613032729653303798e-02,9.299521861139514733e-01
1.939859286021296605e-02,3.589065893346264635e-02,9.344188443899614782e-01
2.396869818971401542e-02,3.316072781599733316e-02,9.371341954121102935e-01
-6.553939706998113644e-03,3.215170512848879864e-02,7.515389203812049557e-01
8.100236958564899573e-03,-2.109017764240366313e-02,5.174474308034636705e-01
-3.776097305112331021e-02,7.290868834916925355e-03,8.808419755466780909e-01
1.279254418013006829e-02,-1.960606309366108579e-02,5.361863464906633236e-01
1.278161470743641517e-02,-1.923480772982866932e-02,5.289468345832074592e-01
1.317406742813558712e-02,-1.855560663984990796e-02,5.212137165981802767e-01
-1.850642262212694872e-02,-1.256281296714399295e-02,5.123035043400688826e-01
1.348670216594009125e-02,3.502374797839891141e-02,8.595945414103105531e-01
3.212100148562122004e-02,7.360600261295914722e-03,7.547606316774084778e-01
-1.181419467425945391e-02,3.862472722232360156e-02,9.251093590858171511e-01
-5.849940874101977085e-03,-2.549486629300239116e-02,5.991031499278941519e-01
5.616658692551133696e-03,-2.533106450010853133e-02,5.942676189044989732e-01
9.311791861784084884e-03,-2.444718464667762145e-02,5.991750725288673696e-01
7.717234008451717524e-03,-2.442092725214829035e-02,5.865946297109846386e-01
-8.832937600837875020e-03,-2.554976045897864798e-02,6.191693373433529990e-01
3.914862240803976962e-02,-5.094697089749680372e-03,9.042117073212728728e-01
3.946309012204378408e-02,-5.094697584468273720e-03,9.113544517185528937e-01
3.827333479059369381e-02,-9.207594029021036811e-03,9.016139218625591756e-01
-7.809469350313250069e-03,-2.624212069401899231e-02,6.270935190887291233e-01
-1.135836394363254689e-02,-2.514077832791128744e-02,6.318580513956915112e-01
4.112353544550529684e-03,4.997747127055660564e-03,1.482369643203017007e-01
-3.548520818996044913e-03,5.543518041009652154e-03,1.507523556520501684e-01
1.249608489038015304e-03,6.210945163404693256e-03,1.451046392423733233e-01
-1.662092367831665210e-02,-2.666025278082919531e-02,7.195662510808110701e-01
4.147611018334036725e-02,-1.109507971600197547e-02,9.833609803237796099e-01
4.231569368028210293e-02,-6.706920090378134559e-03,9.812868924455417918e-01
3.684122069110192660e-02,-1.611176094747161086e-02,9.209661892745525380e-01
3.861977055966642203e-02,-1.042576191290119775e-02,9.162030670662277831e-01
3.976095589948894227e-02,-5.422107159579127485e-03,9.191041287089358747e-01
4.007567799261932406e-02,-5.422108227595006345e-03,9.262468621886718045e-01
-3.221795724037466307e-02,2.739240263417800844e-02,9.685721878802352469e-01
-2.979330637271717513e-02,3.043612626448465724e-02,9.754957857094092022e-01
-3.374736797397571292e-02,2.594565017619898314e-02,9.749747512896944635e-01
-3.226108565075289786e-02,2.697725000872116391e-02,9.631978835783130410e-01
1.293942814208336872e-02,-1.832695977527806774e-02,5.138342551002597069e-01
3.179818719359230744e-02,-5.059556880321780525e-03,7.374599318999307540e-01
1.283510783328342154e-03,3.463231361952957138e-02,7.937549510929355900e-01
-4.105838682159758043e-03,3.453133996094309016e-02,7.964688064883174157e-01
-9.240842328233000655e-03,3.364479452426240996e-02,7.991298630389975788e-01
-8.566775535209894196e-03,3.355655608235098147e-02,7.932219492284885431e-01
-1.252811681830752998e-02,3.210248669283201350e-02,7.892743162924755751e-01
2.757457836762690438e-03,-1.730437411831446670e-02,4.013357616369196967e-01
5.269208142902269930e-03,-1.909849421307506512e-02,4.537703808706836095e-01
6.057771134336193200e-03,3.738995590539120895e-02,8.675374967093045786e-01
1.286743115037988425e-02,3.557992386119017414e-02,8.665683708921915196e-01
2.015837745883990173e-02,3.275117700678677191e-02,8.808276593727731862e-01
-4.000985157368749934e-02,7.555360141020734700e-04,9.165396335599570454e-01
-2.511149931898134721e-02,3.453878521765990639e-02,9.780511527878531508e-01
3.752960210140730141e-02,1.192407093235330409e-02,9.019125114296637769e-01
3.510325659753159994e-02,1.756160735826708952e-02,8.989979410200170662e-01
-1.098403243392479314e-02,-1.135979680211682795e-02,3.619185980321183993e-01
-3.966215076245591803e-02,1.273115732114192371e-02,9.540644764165450153e-01
7.518166862302865135e-03,3.922951198702193804e-02,9.148549110639621063e-01
1.248661259719555106e-02,-3.109040751397803767e-02,7.673714926101857792e-01
2.544250786209933599e-02,-1.595198422804466193e-02,6.877947813777215424e-01
-2.334504754662978729e-02,-3.527089163408767686e-02,9.687580893366248835e-01
-6.110293188357557997e-03,2.978769606561148045e-02,6.964562173588240146e-01
2.091092468540334606e-02,3.450860578043900978e-02,9.241635750086061307e-01
2.406449078413403289e-02,3.211915106607196591e-02,9.192201904582159022e-01
1.869744611908747854e-03,3.049922584972237019e-02,6.998585484825852188e-01
1.411218590069255110e-02,3.725961421211979735e-02,9.125455311188254148e-01
-5.367445609318687721e-03,-3.528477984366794589e-03,1.471192661951060132e-01
-6.529248770628272650e-03,1.816126865157508181e-04,1.496022222216500941e-01
1.075751041517360087e-03,1.373821532703939491e-05,2.464075877344761023e-02
1.214513948214190290e-03,4.289039573199803103e-05,2.783428312675406691e-02
7.638514184420791249e-04,1.373820226113909601e-05,1.749790319108731826e-02
6.858261362072780440e-04,1.121359970009803968e-05,1.571010056963067364e-02
5.792854268027261902e-03,-1.159020665691814144e-03,1.353077425438750925e-01
5.619829253056444519e-03,-2.078376280379244830e-03,1.372356645640712136e-01
5.768423937201639165e-03,-1.917270760071895612e-03,1.392252104387395328e-01
5.991845158898514122e-03,-6.677572975976669382e-04,1.380854105872580673e-01
4.762212598698902996e-03,-6.906529844104197574e-04,1.102136965549743303e-01
4.812598339301637530e-03,-9.111982340373354092e-04,1.121849372759901042e-01
5.830106506381583847e-04,6.129752953170405313e-06,1.335387728501698408e-02
6.063331801605799896e-03,-1.957638984892002415e-03,1.459319365445630179e-01
3.687403075844986663e-03,-1.794502590729733695e-03,9.392549413799901326e-02
3.715357040435191948e-03,-1.203280571726512201e-03,8.944723090033633583e-02
3.207940280088067159e-03,-5.740609172184236303e-03,1.506181201126383096e-01
4.101014495346480028e-03,-1.918668136799272974e-03,1.037002158431541698e-01
4.657496205934048145e-03,-1.511545909197151366e-03,1.121513978389058752e-01
6.390233221290909579e-03,-1.957614272472201801e-03,1.530741676995616973e-01
3.861333049718268778e-03,1.442201820019231606e-04,8.850073210121571499e-02
3.740928502826657617e-03,1.321969007728989582e-04,8.573483097710872525e-02
4.583006642450988821e-03,5.001633403369475962e-03,1.553751456875950288e-01
1.475793918429643952e-03,-2.288484136230395412e-05,3.380530159845441390e-02
-2.389028339036676496e-02,-2.400337723778255689e-02,1.000000000000000000e+00
2.243842871654200960e-02,2.409814984781726357e-02,1.000000000000000000e+00
2.248421119902255585e-02,-2.190731327504972376e-02,1.000000000000000000e+00
-2.248728481192966561e-02,2.321211781676273123e-02,1.000000000000000000e+00
3.114871263880111818e-02,-5.182891650603272879e-03,1.000000000000000000e+00
-5.736356415255028027e-03,-3.119205039641749500e-02,1.000000000000000000e+00
-2.912748737442959895e-02,4.468445362134604130e-03,1.000000000000000000e+00
-4.169776500801915600e-03,3.008578051527245611e-02,1.000000000000000000e+00
3.071565028447385132e-02,-1.565040551771033212e-02,1.000000000000000000e+00
2.043018908069068121e-02,-1.031854420954445191e-02,1.000000000000000000e+00
1.969601019157574129e-02,1.605321915093525309e-03,1.000000000000000000e+00
8.804090411430855190e-03,-3.738998238393032199e-03,1.000000000000000000e+00
8.069173899278489145e-03,9.100694424677278904e-03,1.000000000000000000e+00
-3.433450818975829644e-03,3.005188753331748328e-03,1.000000000000000000e+00
-2.278646909667041403e-03,-9.812587735133925307e-03,1.000000000000000000e+00
-1.559542133666848296e-02,-3.299154599891723858e-03,1.000000000000000000e+00
1.034126702568646458e-02,-1.601406257878465814e-02,1.000000000000000000e+00
-3.071757246123285427e-03,1.625828423919492213e-02,1.000000000000000000e+00
-1.664834139241140945e-02,1.166222105257161759e-02,1.000000000000000000e+00
-2.884224141750572554e-02,-1.100349718071953579e-02,1.000000000000000000e+00
8.959463949870037636e-03,2.278486807209137432e-02,1.000000000000000000e+00
3.089960589765782320e-02,6.634289567781320035e-03,1.000000000000000000e+00
1.262175572276427390e-02,-2.847865480529289742e-02,1.000000000000000000e+00
-1.324236010702128583e-02,-1.811469785153485557e-02,1.000000000000000000e+00
6.311964047655470485e-03,3.397591264178899395e-02,1.000000000000000000e+00
-3.022071021572207000e-02,1.573065467400670825e-02,1.000000000000000000e+00
-1.565926289384511269e-02,3.053215796732028364e-02,1.000000000000000000e+00
-1.638111228107909031e-02,-2.991298801043085209e-02,1.000000000000000000e+00
-1.399735012252881043e-05,-2.182827720929391910e-02,1.000000000000000000e+00
1.543298299551624717e-02,3.145257236877613966e-02,1.000000000000000000e+00
1.947394098660820347e-02,1.328412915014364967e-02,1.000000000000000000e+00
-1.223687001400589926e-02,2.186427351726850238e-02,1.000000000000000000e+00
4.273245943972803738e-03,-3.470459549957832096e-02,1.000000000000000000e+00
2.992725538693412346e-02,1.661962379952596283e-02,1.000000000000000000e+00
-1.612188136453994447e-02,4.181533226339946216e-03,1.000000000000000000e+00
-2.288791438342050594e-02,8.065333207353111294e-03,1.000000000000000000e+00
-2.236145435554904096e-02,5.846453811214399193e-04,1.000000000000000000e+00
-1.481173619405018807e-02,-2.401384293098285383e-02,1.000000000000000000e+00
-1.105873434816705830e-02,-3.055251920342417354e-02,1.000000000000000000e+00
-9.489358261138156059e-03,-2.465337412397617528e-02,1.000000000000000000e+00
-2.875176882688778527e-03,-2.651016380285570878e-02,1.000000000000000000e+00
-6.628178728571907860e-03,-1.997148753041438907e-02,1.000000000000000000e+00
-2.636626240393624698e-02,-1.750343720925104721e-02,1.000000000000000000e+00
-3.208234311046317261e-02,-1.833337776176326150e-02,1.000000000000000000e+00
-2.960636409689369405e-02,-2.483331779029477465e-02,1.000000000000000000e+00
-3.518313283911839867e-02,-1.224773526494204318e-02,1.000000000000000000e+00
-2.898486439596766051e-02,-3.267525909292465398e-03,1.000000000000000000e+00
-2.221883137708710598e-02,-7.151325890305629610e-03,1.000000000000000000e+00
-3.625159216300889026e-02,-5.501748590359765295e-03,1.000000000000000000e+00
-3.639421514147082870e-02,2.234222681067304667e-03,1.000000000000000000e+00
-2.343452580406674146e-02,1.369643786328916292e-02,1.000000000000000000e+00
-2.967409879507583448e-02,1.009955001807065662e-02,1.000000000000000000e+00
-2.635399751382586780e-02,1.947138624538471974e-02,1.000000000000000000e+00
-1.956781310217053926e-02,1.743716943466717267e-02,1.000000000000000000e+00
2.943853351873376538e-03,1.952157615564314996e-02,1.000000000000000000e+00
2.394843724534061018e-03,2.643532429368191522e-02,1.000000000000000000e+00
-3.620766873462600514e-03,2.317203237723369086e-02,1.000000000000000000e+00
4.031310058009711372e-03,-1.291332515695929259e-02,1.000000000000000000e+00
9.572678718558659886e-03,-9.876530408588844734e-03,1.000000000000000000e+00
3.262721750881906677e-03,-6.775792986763479187e-03,1.000000000000000000e+00
-2.013569783572292937e-02,-2.695818262410670449e-02,1.000000000000000000e+00
-1.856632174869402713e-02,-2.105903754465870623e-02,1.000000000000000000e+00
2.129624296925137356e-03,-2.826643635443611829e-02,1.000000000000000000e+00
8.447500833368537521e-03,-3.159162515243561092e-02,1.000000000000000000e+00
6.303879186320872872e-03,-2.515346600729340826e-02,1.000000000000000000e+00
-2.104230076226350568e-02,-1.455909751612719655e-02,1.000000000000000000e+00
5.163634837781968211e-03,-1.892116989403928862e-02,1.000000000000000000e+00
1.148151137422536924e-02,-2.224635869203877778e-02,1.000000000000000000e+00
-1.441889072184488439e-02,-1.070692622571329036e-02,1.000000000000000000e+00
1.538572805318857289e-02,-1.316630339416455589e-02,1.000000000000000000e+00
1.461713974606076820e-02,-7.028771223968742488e-03,1.000000000000000000e+00
-1.004089610569361933e-02,7.333704902951682959e-03,1.000000000000000000e+00
-9.514436077822156085e-03,-1.469829232799879822e-04,1.000000000000000000e+00
3.740482777365658484e-02,-2.591445825301636439e-03,1.000000000000000000e+00
3.633636844976607938e-02,-9.337432499883963760e-03,1.000000000000000000e+00
-3.532575581758033711e-02,8.980209355649589054e-03,1.000000000000000000e+00
-2.890486480767513744e-02,2.443768807978487223e-02,1.000000000000000000e+00
-2.407527157736834983e-02,2.926728131009166331e-02,1.000000000000000000e+00
-8.830874924983255631e-03,3.580490238800175529e-02,1.000000000000000000e+00
-2.084888250400970811e-03,3.687336171189226075e-02,1.000000000000000000e+00
2.405084352967450795e-02,2.971029732561893816e-02,1.000000000000000000e+00
2.888043675998129903e-02,2.488070409531215402e-02,1.000000000000000000e+00
-2.868178207627595545e-03,-3.742649665246478019e-02,1.000000000000000000e+00
-9.614164882209858681e-03,-3.635803732857426085e-02,1.000000000000000000e+00
2.890332800122151491e-02,-2.378528580892845523e-02,1.000000000000000000e+00
2.407373477091470648e-02,-2.861487903923522202e-02,1.000000000000000000e+00
-2.477677086658693073e-02,-2.966291102060155185e-02,1.000000000000000000e+00
-8.937034123167762398e-03,-6.555871167512824366e-03,1.000000000000000000e+00
-2.856048864321435524e-03,-3.403699490901088490e-03,1.000000000000000000e+00
-9.860049319267347873e-03,1.396025264588326986e-02,1.000000000000000000e+00
-3.252604032549557753e-03,9.631736496263334363e-03,1.000000000000000000e+00
2.685319796227512990e-03,-3.669047425306419356e-04,1.000000000000000000e+00
2.498708326577602293e-03,1.267948933193610052e-02,1.000000000000000000e+00
2.317861540151329534e-03,6.052941589004513616e-03,1.000000000000000000e+00
8.436632155354673035e-03,2.680848093142122919e-03,1.000000000000000000e+00
8.514318924574264258e-03,1.594278124838432661e-02,1.000000000000000000e+00
1.388259204542711608e-02,5.353008169885401998e-03,1.000000000000000000e+00
1.425005030150329824e-02,-1.066838161649753553e-03,1.000000000000000000e+00
2.006309963613320951e-02,-4.356611147225463408e-03,1.000000000000000000e+00
3.728027440308494256e-02,3.317144783890660018e-03,1.000000000000000000e+00
3.102415926822946896e-02,7.256989585890235780e-04,1.000000000000000000e+00
3.621181507919444403e-02,1.006313145847295004e-02,1.000000000000000000e+00
1.914250703278556898e-02,-3.190054980435681059e-02,1.000000000000000000e+00
1.305686453596432636e-02,-3.500133953301201584e-02,1.000000000000000000e+00
1.755298346089341488e-02,-2.519298404017131232e-02,1.000000000000000000e+00
7.635713998762753627e-03,2.838039035694018414e-02,1.000000000000000000e+00
1.071093773426777009e-03,3.203084657853072503e-02,1.000000000000000000e+00
1.377155744294334544e-02,1.119241178741046429e-02,1.000000000000000000e+00
1.421670246823912055e-02,1.803449861111751373e-02,1.000000000000000000e+00
2.095618485157510480e-02,1.869113949898045662e-02,1.000000000000000000e+00
1.569894633320602362e-02,2.344150895995431721e-02,1.000000000000000000e+00
-1.146322129894784998e-03,-1.582043247221392307e-02,1.000000000000000000e+00
3.041343064229597160e-02,1.162695668365364143e-02,1.000000000000000000e+00
2.470059818677116520e-02,1.495187647483480625e-02,1.000000000000000000e+00
2.518677344213301333e-02,9.959209358962484854e-03,1.000000000000000000e+00
1.641273911235451022e-02,-1.896068792691719268e-02,1.000000000000000000e+00
2.145720013985661853e-02,-1.611292874229708696e-02,1.000000000000000000e+00
2.542236141518842973e-02,-1.788784867754873893e-03,1.000000000000000000e+00
2.578945085974589796e-02,-7.750717930073862394e-03,1.000000000000000000e+00
-7.315552356411125778e-04,-3.294832294799790451e-02,1.000000000000000000e+00
1.958497558909197411e-02,7.444725532618587382e-03,1.000000000000000000e+00
2.529780804461678051e-02,4.119805741437422564e-03,1.000000000000000000e+00
-7.760503508344163831e-03,-1.396364279333438957e-02,1.000000000000000000e+00
-8.203323257403907429e-03,2.597502701627047925e-02,1.000000000000000000e+00
-7.654313630064591908e-03,1.906127887823171052e-02,1.000000000000000000e+00
-1.444260570320865522e-02,1.676324728492006172e-02,1.000000000000000000e+00
-1.736207741296778156e-02,2.253819566701561680e-02,1.000000000000000000e+00
3.155982023827721798e-03,3.881842777515052967e-02,1.000000000000000000e+00
9.901968698410007486e-03,3.774996845126003808e-02,1.000000000000000000e+00
3.611983727260244248e-02,-1.457118943343749251e-02,1.000000000000000000e+00
3.301904754394716091e-02,-2.065683193025875941e-02,1.000000000000000000e+00
3.093218146163748475e-02,-1.041664858415680336e-02,1.000000000000000000e+00
2.659993074174820532e-02,-1.877885939638002794e-02,1.000000000000000000e+00
-1.457561812150485504e-02,3.602809111402567599e-02,1.000000000000000000e+00
-9.914519697323515013e-03,3.030896924129636988e-02,1.000000000000000000e+00
-3.587236723822656570e-02,1.461131401158564241e-02,1.000000000000000000e+00
-3.277157750957133964e-02,2.069695650840686074e-02,1.000000000000000000e+00
-1.907327385288738741e-02,2.687213789204150743e-02,1.000000000000000000e+00
-2.066126061832607511e-02,3.292730138537043605e-02,1.000000000000000000e+00
-1.493654281512189069e-02,-3.571850613558094634e-02,1.000000000000000000e+00
-2.102218531194309167e-02,-3.261771640692569946e-02,1.000000000000000000e+00
2.054812066916162500e-02,3.338750858609837446e-02,1.000000000000000000e+00
1.893570585602912665e-02,2.777536110829670335e-02,1.000000000000000000e+00
1.219622347269314240e-02,2.711872022043375699e-02,1.000000000000000000e+00
3.262485009517735596e-02,2.114144107116650365e-02,1.000000000000000000e+00
3.572563982383259590e-02,1.505579857434527144e-02,1.000000000000000000e+00
8.882609646568591713e-03,-3.811430988015472587e-02,1.000000000000000000e+00
2.136622971986320337e-03,-3.918276920404518970e-02,1.000000000000000000e+00
1.446247817234039626e-02,3.648829831475360747e-02,1.000000000000000000e+00
2.618284205173806653e-02,2.035888682367161320e-02,1.000000000000000000e+00
2.557291968258226800e-02,-1.298447486362739114e-02,1.000000000000000000e+00
-1.394806645392550684e-02,2.619821574229439301e-02,1.000000000000000000e+00
1.087247352158585839e-02,3.271424250528257027e-02,1.000000000000000000e+00
2.273392660985895999e-02,-1.651124495718073919e-03,8.508436880435458205e-01
-1.079863162475100917e-04,-5.702039511128597672e-03,8.585244541976956301e-01
2.134812486609508411e-02,4.345623651256437514e-03,8.373558600935622209e-01
-4.852434158271289391e-03,6.767440329249765039e-04,8.335509273061104674e-01
-1.249642164024597100e-03,-9.612464953668329454e-03,8.792376306861995339e-01
2.286516368856424120e-02,-4.505275989666038781e-03,9.794324437589562171e-01
1.856182085858426242e-02,-1.804889732213952507e-03,9.663437695320432619e-01
-3.917999655944270389e-03,-1.676554744849763487e-03,9.781223130576761626e-01
-5.321818410140105766e-03,1.843373418568006183e-02,9.783951239381063480e-01
-9.162438070695338868e-04,-7.160427245389715842e-05,9.584388079828617402e-01
-2.383058296295813370e-03,-2.222824834053754861e-03,9.409894758448869023e-01
1.649883264415390530e-02,1.914710490521304913e-04,9.390775637276470578e-01
2.926017838192318532e-02,1.277213613190173597e-02,9.849380057990694270e-01
6.536676037556115280e-03,1.925490603405690879e-02,9.651149805902773382e-01
-2.481769710772347651e-03,2.133015929969809404e-02,9.379918607683462861e-01
-2.699039534853846841e-03,1.884407774697176297e-02,9.220336563851188050e-01
3.617614482323303158e-03,-7.880303288389964647e-03,9.179453846553594643e-01
-2.017349602264020825e-02,-8.603664378906644358e-03,8.283117834034884330e-01
-3.645955092328250716e-03,-2.908008782859330000e-03,8.079826535728451553e-01
-2.201285907791072655e-03,-5.620529269687314124e-03,7.893697789369977791e-01
-8.054754977356992987e-03,-2.343056308798924930e-02,8.381760843922110293e-01
4.838956087583751176e-03,-2.411927232550585207e-02,8.389405651958106169e-01
5.496620744147045004e-03,-6.159349163289508378e-03,8.437246677544674167e-01
-3.060736219586945514e-03,-3.200641217509156682e-03,7.683878237429644376e-01
-1.286425883940526226e-02,-1.310792166628693516e-02,7.740570418987069434e-01
3.708278965918366307e-03,-2.324236523312475742e-03,7.488744626857488651e-01
-2.651578834966618337e-03,-5.326200409044143727e-03,7.217050764106628380e-01
-2.033871565320048008e-02,4.682946573537028964e-03,7.796370383194441978e-01
-6.689002482418972273e-03,1.359823472170007888e-02,6.594257185504904806e-01
2.157746647163593864e-04,-2.668307815517603505e-03,6.644944097583915799e-01
-6.428361398129478661e-03,2.817083529473870303e-03,6.823418537279244411e-01
-1.333431944196200114e-04,3.506644116823178035e-03,7.067192256350407487e-01
-9.318617785220592933e-03,-1.303246616696235316e-02,7.313885504154179484e-01
-2.120810450626656185e-02,-1.325919206680296197e-03,7.335419359861947708e-01
-9.599309507194493316e-03,-2.595527884627239767e-02,8.490563251921838805e-01
7.639414418674651992e-03,-2.168628935185357848e-02,8.502853406769691480e-01
-6.606096910859244470e-03,-1.494920824705039085e-02,8.516518731841019596e-01
-8.857264358537862703e-03,-2.565449454843086313e-02,8.632112827270401745e-01
-3.621027281382672124e-03,-1.162248577955845609e-02,8.974337757977031149e-01
-5.376313698010514374e-04,1.464482612685430798e-02,8.961142677899613940e-01
1.680450754404634942e-02,-4.818268977964032355e-03,8.050699584269570552e-01
1.883034649656791307e-02,-1.844681185527576300e-03,9.195486721429828592e-01
-1.915433398340105411e-02,-1.297692758987730420e-02,8.818668651105719958e-01
1.139504381775727953e-03,1.146136566035573651e-02,8.782947383410030229e-01
-6.505721698361830937e-03,1.462831854663979199e-02,7.276595532349565687e-01
1.809366312564708937e-02,-1.195102067049369672e-02,7.761823682576146632e-01
1.781030361519309740e-02,4.968552920625086793e-03,7.729014605292588991e-01
-1.153849453241998294e-02,-2.133577236857472220e-02,7.840243478773195607e-01
8.084889961399777114e-03,-1.991551149766251222e-02,7.969580136231820822e-01
-1.059522357369108679e-02,-2.116954989799003928e-02,7.953730292855744066e-01
-6.655069186857262738e-03,-2.139338563634262877e-02,8.060008093837285337e-01
2.705907487852404064e-02,-1.032602765753999445e-02,9.246911769434785766e-01
2.575568752119834076e-02,-1.347285785563631134e-02,9.129875835535282702e-01
-8.158420183075387744e-03,-9.299652157189322588e-03,5.847775039430375132e-01
-1.066579295459527121e-02,-2.162536251896467893e-02,9.322302252308684034e-01
-3.088535498672504570e-02,-8.705907312102833737e-03,9.787227220901770774e-01
-2.799561863195582177e-03,1.949550676056206007e-03,6.482562498392822059e-01
5.789540609501344498e-03,1.013015864435577945e-03,5.750539160996400723e-01
-8.844199149072758115e-03,3.851194148304968191e-03,5.742769703807532045e-01
-5.045591901779192430e-03,-1.046151352187146832e-02,5.744244332963207578e-01
-1.226549325350527117e-02,6.446544674580582598e-03,5.873258883907591654e-01
-1.910638590910273442e-04,-7.374143837539651886e-03,6.097498478456607751e-01
1.660309390017453493e-02,2.868227442595626051e-03,6.255145236884396276e-01
2.149081311800093291e-03,4.472770760533386313e-03,6.251071859625959570e-01
-8.863925304754431689e-03,-2.300617944361602399e-02,8.161817486963939272e-01
7.419135719891115782e-03,-2.476772170402246828e-02,8.171650529131850860e-01
-7.692496318920024993e-03,1.275252510892122167e-03,6.212053620706202706e-01
1.973627667398758587e-03,-1.757320175834247377e-04,4.672936878336305111e-01
1.531477448526371091e-02,8.429742027946758240e-03,7.855756562493733108e-01
-1.456905969412267783e-03,-3.619764079141994531e-04,5.004334098924173579e-01
-1.867817987365837443e-02,-1.179725842803843773e-02,8.161904935636198344e-01
-9.744503118567770031e-03,2.886780419114121261e-03,5.483284570979173322e-01
2.259227322878496272e-02,-1.569311571404445951e-02,9.567200078748208103e-01
2.590550485746769341e-02,-1.222741157089852343e-02,9.435078724806648109e-01
-5.671335975211263744e-03,2.375288138609179742e-02,8.167141162726146986e-01
-1.143193719400584230e-02,9.318262054192102961e-03,8.163418624648337563e-01
-3.124478910556701197e-02,4.917495750363926402e-03,9.899499821687913759e-01
-1.642799329368202846e-02,7.269939804112526133e-03,9.880063976650429458e-01
-3.088842037876777039e-02,4.478081263365480541e-03,9.796720849599358516e-01
1.801009431798498636e-02,-1.210436297706733375e-02,8.396055240571076439e-01
8.428721485051507770e-03,-2.650162134673638911e-02,8.276911672099118711e-01
1.762633594947714613e-02,-8.374843376512465173e-03,8.233090480959852631e-01
-9.710876383413686447e-03,-2.107741333186395616e-02,8.295659614706871743e-01
-2.552689975523263969e-04,-1.186930407096549976e-02,8.267616554353685032e-01
-1.212974134238808434e-02,-1.409322072203239573e-02,6.868846336659621965e-01
-1.934105527655822707e-02,-8.150354353868644736e-03,8.044427130994374897e-01
-1.810490403262737108e-02,6.462881890088575075e-03,6.881680288532847634e-01
-1.162021900173675418e-02,2.704365061780618709e-02,9.343894213809700311e-01
-1.687857469825639056e-02,1.277171217881946028e-02,9.340444268857183152e-01
-1.829899527976823828e-02,4.864288696908532217e-03,7.038439810389276463e-01
1.293434570541670235e-02,-9.630793470475379481e-03,7.024557532443932439e-01
1.114047922997804356e-02,9.728371505334832553e-03,6.916628870719850886e-01
-7.608176070598228133e-03,-1.385690843648315802e-02,6.556971925879044871e-01
-2.322985300205243978e-02,-9.124635706986350403e-03,8.400463695702397038e-01
-2.376991211616856503e-02,2.203355780066038397e-03,8.403429465876524063e-01
-2.175762045318448829e-02,-1.266727940560634889e-02,8.504804988492532525e-01
-6.445586052226496242e-03,3.458087018066983986e-03,6.365138041051721096e-01
7.200631706120124917e-03,-2.401967533368300559e-02,8.632586980259594478e-01
-7.754363009019895302e-03,1.594729786915880312e-02,7.686679336954426178e-01
-2.045026092109644353e-02,3.258169401268858848e-04,7.437896807557178303e-01
-2.070681330034222084e-02,-1.794866975850962750e-03,7.542716886500329121e-01
-7.461475398678311249e-03,1.852048298238810186e-03,5.600706412637258547e-01
7.139732662281102551e-03,2.097946413193491066e-02,8.587409977544870898e-01
1.419671416440999347e-02,-2.410657049570345475e-02,9.199931578961290102e-01
-1.320584434184794535e-02,2.644748637761937943e-02,9.874949770684956496e-01
-3.991137101119821354e-03,1.457182941008800491e-02,7.409857629659533096e-01
-7.843165204071647634e-03,2.459980922869912240e-02,9.545476445641455365e-01
2.157836383227757307e-04,2.213875910305354924e-02,7.833274783602672819e-01
2.441760855242873507e-02,3.005807620145665385e-03,8.835806463645974329e-01
1.967737964894248053e-03,-3.351777111199651799e-02,9.859853410061871770e-01
-2.265841524423897399e-02,1.314985925219474237e-02,8.408414684986275089e-01
-2.139137340345338006e-02,2.456208094127323993e-02,9.573619489571704166e-01
1.675669689508772764e-02,-7.112305528629843214e-03,6.721543932625542173e-01
1.167966079952018846e-03,-1.309613306067356452e-02,6.730850569855452159e-01
1.147756583443878403e-02,7.562982177441167873e-03,6.802382993117098708e-01
1.590999410295514810e-02,-1.046483805902006722e-02,6.866284116176717411e-01
3.529471338931053533e-03,-1.239901074684206933e-02,6.872232065118024646e-01
3.908614050484577815e-03,4.145663358756438571e-03,5.475466493559256742e-01
3.539916504993314249e-03,2.880617269884451492e-02,9.870670017087557202e-01
-2.302229333375664655e-02,8.305157399762510065e-03,9.038377459398568847e-01
1.693307377320276558e-02,-4.986023671269121903e-03,7.397778763515602263e-01
-1.973139162290760140e-02,-3.116050545734968050e-03,7.662750817334181841e-01
-1.921151424605167107e-02,-8.782995242881189157e-03,8.659331016177509444e-01
-2.881633151618031435e-02,-9.713911065587523680e-03,9.659448351788477716e-01
-2.626570853441884471e-02,2.673574059272296882e-03,9.565153461552835523e-01
-7.385227614937907303e-03,-2.281564620643052738e-02,9.463024454310852152e-01
-1.935541254748441783e-02,-2.040314562581094227e-02,9.555295744861143081e-01
-6.777239239815306508e-03,-9.217310856446332733e-04,5.157310528863947585e-01
2.921819877496799681e-02,4.411021597859298739e-03,9.357152016246511606e-01
1.547625513189477414e-02,-8.197086479737937872e-03,7.226688841011567055e-01
-6.646433829975791421e-03,1.771614503587880729e-03,5.314121349597511479e-01
-1.478989670764199911e-02,1.606665831495363017e-02,8.045431740318240710e-01
-2.108571350777081049e-02,1.318513078172820971e-02,8.250610800303005421e-01
-7.741208055409407388e-03,-9.710069887885584491e-03,8.395108234535748615e-01
1.827125042307575428e-02,1.703314251156073933e-02,9.310312804705926926e-01
-2.145900170048470681e-02,-2.274106001726883958e-02,9.884004149749715529e-01
-8.096919989717019442e-03,2.039110817903156889e-02,8.731228786056343116e-01
-4.582666650686893252e-03,2.075225287507709640e-02,8.363550597580280410e-01
-3.124674061738988429e-02,5.013839238252841037e-03,9.668685616149973461e-01
3.938537792940700714e-03,2.682205023327475374e-02,9.147517822302544399e-01
1.927973203787741382e-02,1.515666674978553667e-02,9.137710715259919070e-01
1.561059494603558688e-02,2.394250821546727026e-02,9.030715447492358994e-01
2.898652502233536182e-02,2.835491311830648856e-03,9.147619381112350734e-01
2.525284980614993929e-02,3.015880281549138901e-03,8.967912395604128450e-01
-1.843620754741065806e-02,8.502144731126041327e-03,9.757013322399575861e-01
1.513556321475107401e-02,-1.512249343669451809e-02,8.719196665767978693e-01
2.706201889048402698e-02,1.962031571273992452e-03,8.709256802194885738e-01
2.437972628202516104e-02,5.984591872380222574e-04,8.611112298664237441e-01
-3.001892628000393110e-02,-1.160867040849461723e-03,9.450320318068852199e-01
-1.257469241297262674e-02,2.717226323336606811e-02,9.147092138081643897e-01
8.158193588202784438e-03,1.527782224099679710e-02,8.051936581826576456e-01
9.095124745109638489e-03,1.385327416921027302e-02,8.202748425183460368e-01
2.990725566620841894e-03,2.525728088739013014e-02,7.970052943202120543e-01
2.115133720641355214e-02,1.269096919403995410e-02,9.514946195997303624e-01
9.874721292656180038e-03,1.765524748894386695e-02,8.854221235620490793e-01
-1.808323840698336168e-02,-2.013087982533031187e-02,9.663309006979194926e-01
-1.052624836069069279e-02,2.298190210124449046e-02,8.819987223268247467e-01
-2.283020534609210908e-02,1.150218513665279829e-02,8.829551910327676501e-01
2.909509462825523793e-02,-1.290291150977614446e-02,9.342657749122469379e-01
1.756624788712661620e-03,-2.328841109383616992e-02,7.647883545467730748e-01
3.528967298815214801e-03,-2.239829646161042853e-02,7.512990605173073266e-01
-1.453851322294734448e-03,3.031069809310550059e-04,4.493794814527898307e-01
2.428293507982604016e-02,5.104470210604207525e-03,8.184286194343350918e-01
6.546296668084572098e-03,-1.959949255675755980e-02,7.851416283902025173e-01
1.316385781314424741e-02,-2.421981905534354232e-02,9.353609304796337565e-01
5.232899262912378557e-03,-2.280203809331702094e-02,7.733588600374736721e-01
6.870653496375710503e-03,-8.014173278682105691e-04,5.302465696710458865e-01
-3.185541164578220563e-02,8.794614444339210902e-04,9.232131626866353358e-01
-1.856172449196208732e-02,4.411079836034491677e-03,9.247988349927730445e-01
-3.658478339687650568e-03,4.732737011253141529e-03,9.283023996519224053e-01
-2.794479813703992441e-02,-2.254668278173286092e-03,9.337577421897028662e-01
-7.500298145767488652e-04,-2.285890941123278064e-02,9.671897553027162253e-01
2.392342960489489585e-03,1.425677209825505082e-02,5.846684417764264063e-01
-4.762962359240282059e-05,1.465847798911011505e-03,4.840447792437977959e-01
-2.062671065984237467e-02,-1.558818852534906915e-02,9.089234017158966950e-01
-5.254976646733677641e-03,-2.163005993716834649e-02,9.107921981889156582e-01
4.076134311711993377e-03,-1.127573642854287628e-02,8.154513031846191140e-01
6.042153393727977932e-03,-2.266120882851024171e-02,8.063383047914732815e-01
-9.768708939357053159e-03,1.690785839872129687e-02,7.937315924728870487e-01
-2.137806873666242558e-02,1.201447393380327246e-03,7.940295856473695846e-01
1.274559426015238819e-02,3.501564317153072880e-03,5.949010244460402053e-01
-1.006174827648337496e-02,2.777893999278856565e-02,9.023626577600524223e-01
-5.058173842692103607e-03,2.319606989943689274e-02,8.471430157333877942e-01
-7.583523497897346616e-03,6.783484506358854367e-03,8.508903367773745785e-01
-8.260159203257629035e-03,2.260428301866878806e-02,8.591648650372141205e-01
1.740001451251471307e-02,-1.731770306287103156e-02,8.926886201154190514e-01
8.156113604695666361e-03,2.827098976891619098e-02,9.337353371129859525e-01
1.680656724732178253e-02,2.603861639958519880e-02,9.462283236880226767e-01
-1.816079951200265646e-03,-8.155089788113276811e-03,5.954764233428800901e-01
2.726456014329402266e-02,8.195300071396966661e-04,9.064076446768315476e-01
3.161320732872106160e-02,-1.382486723663861779e-02,9.857974628438088693e-01
2.918506417862729366e-02,4.926208918065937137e-03,9.235826837048451976e-01
9.945440279946511988e-03,1.966473080680318855e-02,8.700985110867236472e-01
-2.920076935677347850e-03,1.701880550880886106e-02,7.543704734574642190e-01
1.568330560671690743e-02,-5.513049700841594729e-03,7.589291287761733562e-01
-7.404169106177044095e-03,-2.236262385465584424e-02,9.878284092537120697e-01
5.872984395729575341e-03,-1.043882977024100482e-02,9.858749348053980066e-01
-2.123632630733013685e-02,-1.043299198591373690e-02,9.885701201633825264e-01
-2.037364993899462920e-02,-2.104887865146925705e-02,9.773855070819691404e-01
2.493149519978120517e-03,-2.252811434882933186e-02,9.842515493960346529e-01
1.528942762479473284e-02,-1.251437915946363930e-02,9.853418871710025728e-01
6.288860891218660785e-03,3.128981273711489534e-03,9.835349352492365194e-01
7.460428335534529699e-03,1.292143759611136949e-02,9.860310140153827341e-01
2.000755678384229935e-02,3.342825762318795985e-03,9.872028980152046662e-01
1.781298800759080828e-02,2.655324567618548917e-02,9.827591133503876808e-01
1.677009376615836919e-02,-2.502258119766342936e-02,9.826157538721131957e-01
2.878434678234575300e-02,-1.081853283233983600e-03,9.858965413408966594e-01
-1.151084737073109973e-02,-9.790677151559993088e-03,9.870164762111093282e-01
-1.000735731326722958e-02,3.456943100553566683e-02,9.888231581825881467e-01
-1.123406658926581238e-02,3.661176680038612241e-02,9.950756696483402663e-01
-1.443255361784652815e-02,2.848982217246983153e-02,9.937474885342478803e-01
-8.687810421324930477e-03,2.826663344644591777e-02,9.937474885342478803e-01
-5.489323392744213832e-03,3.638857807436220865e-02,9.950756696483402663e-01
2.463386758288274234e-02,8.057480947110265759e-03,9.860704519071370466e-01
2.436705968426569613e-02,1.302813264102269282e-02,9.924690028995346580e-01
1.974074888522524968e-02,8.313477456231222612e-03,9.936014490076023886e-01
1.985178348770902032e-02,2.474073838706160756e-03,9.936014490076023886e-01
2.447809428674946330e-02,7.188729023497630530e-03,9.924690028995346580e-01
1.978294388054774311e-02,1.750782158576533187e-03,6.045933693658769315e-01
1.947108000262979741e-02,1.750782158576533187e-03,5.974505122230198140e-01
1.889216097586098042e-02,-2.800626152854699021e-03,6.025522158981606591e-01
7.186586047466885473e-03,2.850296322018854370e-02,8.501751684087447414e-01
1.282039427763732430e-03,2.895498766141655148e-02,8.555281655302395816e-01
7.454762699030091817e-03,2.884518650777405033e-02,8.590924639973781529e-01
2.389183077052477872e-02,9.370273695418292539e-03,7.829158990092963677e-01
2.170921793528930721e-02,1.365942559791776673e-02,7.805679627695869538e-01
2.295698250025400219e-02,1.192883104425693230e-02,7.742308649095297479e-01
1.656253905022840589e-02,6.699147474285922083e-03,7.792385583893161050e-01
2.513959533548947023e-02,7.639679141757456382e-03,7.765788011492391618e-01
5.735161758514576574e-03,-2.744437352768363744e-02,7.609888451417602395e-01
3.314983378148620785e-04,-2.820937348529830788e-02,7.620055532030614032e-01
2.642796043763937994e-03,-2.284335377772329922e-02,7.580437075320402007e-01
1.217669592866138777e-03,-2.776431616918543718e-02,7.552609061883286401e-01
6.621333013565853381e-03,-2.699931621157076675e-02,7.542441981270273654e-01
-2.584372673948143878e-02,1.601878816403234235e-02,8.241426860218483696e-01
-2.672379259304245511e-02,1.488292844800819664e-02,8.289464482134822898e-01
-2.364652283444159883e-02,1.921672193527999145e-02,8.292754855280584092e-01
2.654752477135401828e-02,2.558297682726008715e-02,9.840247607450101075e-01
2.348446101732721766e-02,2.883044794411319597e-02,9.796320783217238315e-01
2.920805620449340445e-02,2.193989317197132111e-02,9.807215245460647601e-01
2.353658319475699506e-02,1.966269090404361430e-02,9.838485595747286094e-01
3.227111995852020854e-02,1.869242205511821228e-02,9.851142069693510361e-01
4.184640410589596064e-03,-3.027377510190647908e-02,8.385970864281320214e-01
4.054006560736156915e-03,-3.006940694178624612e-02,8.336572109211848325e-01
-9.034003829207913790e-04,-2.984041077124802155e-02,8.337673467059890653e-01
-2.897005297411657521e-02,1.301454017230408051e-02,8.766093294590643348e-01
-2.598495954179622786e-02,1.835424771619747347e-02,8.827067640327491693e-01
-2.534505889982370530e-02,1.853312628032380976e-02,8.744884519451041616e-01
-2.911497849085224049e-02,-5.013022135915849546e-03,8.389179749333912639e-01
-2.996722345161758477e-02,-4.330023044521794356e-04,8.358124351896109028e-01
-3.028844587676730524e-02,1.811376355092994463e-03,8.419939913021698974e-01
-1.375542470125513256e-02,6.913301642559859655e-03,8.371961979023689882e-01
-2.187206437600489051e-02,1.316749501696147517e-02,8.329512742644640255e-01
-1.296907383302104907e-02,6.930937407326593323e-03,8.293060036682055047e-01
-1.431117313721992634e-02,1.440049906495507450e-03,8.369469369468813813e-01
-2.242781281196968776e-02,7.694243280897124053e-03,8.327020133089764187e-01
-2.321416368020377125e-02,7.676607516130390385e-03,8.405922075431400131e-01
2.068265265437222583e-02,2.954872307660841649e-02,9.447340401021329104e-01
2.556105684185229834e-02,2.434249802746029506e-02,9.439544245391660038e-01
2.443561866158263166e-02,2.553423739060259323e-02,9.389450084677573027e-01
1.403836534156039512e-02,6.221760093498037228e-03,9.936014490076023886e-01
-2.420673458885615192e-02,2.795164494234939068e-02,9.525821113845244215e-01
-1.957802993380598419e-02,3.102093463209317295e-02,9.536675533939276139e-01
-2.479485272120155598e-02,2.773790819675187383e-02,9.578577702325745680e-01
6.074288137080047570e-04,1.884432010986848705e-02,9.717550522641917876e-01
5.038296271274714765e-03,2.403053936645071359e-02,9.760909911495165847e-01
-8.909509525733957588e-04,2.361995344226228838e-02,9.827310628234310341e-01
6.245584798725351688e-03,2.249348993093277377e-02,9.805771186442470144e-01
1.067645225629206170e-02,2.767970918751500031e-02,9.849130575295717005e-01
1.217483202257346221e-02,2.290407585512119898e-02,9.739370469703325650e-01
3.197821227546337238e-03,-1.060085737756710778e-02,5.052512427824171759e-01
3.581016253529695301e-03,-1.014531719497219209e-02,4.988669895399462928e-01
8.349589201961568272e-03,-6.415668356513365075e-03,5.024516297517694907e-01
-9.205912836864236018e-03,-1.269581194861540453e-02,4.146684529823777554e-01
-1.634476889846598908e-03,3.574877416614823805e-02,9.886091705027181264e-01
5.749272328665596191e-05,3.565818145996686728e-02,9.819326618474539803e-01
4.349478489890978850e-03,3.583188809452771822e-02,9.878769227841402989e-01
9.014701001962598451e-03,-8.091806186038890888e-03,3.722057949940969501e-01
-4.578650266664224637e-03,4.651059068797824131e-03,7.246823148228096478e-01
-3.321357968043219845e-03,4.622814500521930589e-03,7.313454196883080183e-01
-5.248429399740826146e-03,1.460007397836389845e-02,7.343226581004549391e-01
-7.912169741791211935e-03,7.979261898387194143e-04,7.295240518251873141e-01
-6.654877443170207144e-03,7.696816215628258726e-04,7.361871566906856845e-01
-5.985098310093605635e-03,-9.179333288003247576e-03,7.265468134130403932e-01
1.241765888751727130e-02,-8.007067667750909779e-03,4.018857789881633003e-01
3.314212156177963331e-06,-5.952174752449780181e-04,2.008497658398972763e-01
1.730805005977267916e-03,3.327384490934060402e-03,1.972162656443383066e-01
-3.481503033155722900e-03,3.746157974963271100e-03,2.023116118787863793e-01
-1.918073108500787521e-04,1.143793721248214171e-02,3.569563774334738593e-01
-1.311091695082391984e-02,1.269246018457286657e-02,8.104425182483289136e-01
-1.023061634142663143e-02,1.990976985052271553e-02,8.106286451522193293e-01
-8.551636584608553887e-03,1.653557172014195192e-02,8.165279893687242829e-01
-1.636871802901528929e-03,1.229804214759444916e-02,8.107677603237457564e-01
1.243428806495760347e-03,1.951535181354429813e-02,8.109538872276361721e-01
-3.315851559719607336e-03,1.567224027797521277e-02,8.048684161072408028e-01
-2.783117787252933906e-02,5.421543160636609071e-03,8.048648053442044592e-01
-1.808398272215221148e-02,8.634052854166978166e-03,7.992863798395968278e-01
-2.453709185801912496e-02,1.285414862142325934e-02,8.101215995364317024e-01
-2.681267114247724154e-02,7.456422870121227550e-04,8.100713690702383563e-01
-1.706547599210011396e-02,3.958151980542492718e-03,8.044929435656307248e-01
-2.035956200661032806e-02,-3.474453480244158853e-03,7.992361493734034816e-01
5.341429453527549685e-03,1.979061106202213011e-02,6.877429541510026167e-01
-3.442990860526211425e-03,1.633496707409164833e-02,6.830824374789723485e-01
2.356058915924282449e-03,6.272727517404351645e-03,6.870023703999548204e-01
4.675257070829546592e-03,1.998074248155948252e-02,6.926637945044098466e-01
-4.109163243224214952e-03,1.652509849362900421e-02,6.880032778323795783e-01
1.001501871868706525e-02,1.795238142013109300e-02,6.791415549089430126e-01
2.524602218154652685e-03,5.190032853457518872e-03,6.812900765198171005e-01
1.062055102402933906e-03,1.557943209614744487e-02,6.801933321170503532e-01
-5.466720065046656862e-03,1.590740982766222777e-02,6.772333361385229900e-01
3.486243551237474484e-03,1.828035915164587591e-02,6.761815589304157603e-01
-2.325326131450100586e-02,1.078205778930602793e-03,9.292782885912379554e-01
-1.047239139412895099e-02,1.094127500990368408e-03,9.328941554188299179e-01
-1.516392821666786954e-02,-2.238746556113520476e-03,9.373736090172948288e-01
-1.930529554581759955e-02,-1.194001539856898164e-02,9.329939837102856348e-01
-6.524425625445542075e-03,-1.192409367650921689e-02,9.366098505378777084e-01
-1.461375872327867927e-02,-8.607141341465094492e-03,9.285145301118207239e-01
1.092025891417516478e-02,2.383209240776728785e-02,8.052217186951511341e-01
6.433989399534807349e-03,2.508503605039919329e-02,8.058025099112162692e-01
8.194088926008301701e-03,2.498343611625967672e-02,8.108789885861140689e-01
-1.340305204295210925e-03,2.450508113674096378e-02,8.068597052964133765e-01
3.850255388743836511e-03,3.007476537359585894e-02,8.017083279799934736e-01
-4.807753821722163083e-04,2.932256562294669605e-02,8.115627389561947957e-01
5.574459577411813166e-03,2.026755156419346449e-02,8.010994762514348499e-01
1.279324144301277610e-03,2.922096568880717948e-02,8.166392176310925954e-01
-1.383698810343385148e-02,2.136389482508722210e-02,7.665568706602647886e-01
-9.583496628134220360e-03,2.381683672639245408e-02,7.700218393765057012e-01
-1.441455883488026134e-02,2.124442234362722975e-02,7.724495756673930291e-01
-1.645828163454120252e-02,-1.006716248759719802e-02,7.890269667623446281e-01
-1.942089343231870671e-02,-2.136697998556138373e-02,7.892707419644212630e-01
-2.434068053443992630e-02,-1.009837010458385781e-02,7.942733608494463304e-01
-2.654769050550711412e-02,-5.852561877179638869e-03,7.891590107312735913e-01
-2.162790340338589107e-02,-1.712117175815716305e-02,7.841563918462486349e-01
-2.696864844436571221e-02,5.788424341997446335e-03,7.883530058457595135e-01
-2.760337038245179800e-02,4.421026166395277540e-03,7.941752499954504163e-01
-2.777089054959913303e-02,-2.217292461720804866e-04,7.887068454865440170e-01
2.340600657050566011e-02,2.356110127164928736e-02,8.966630646879467648e-01
1.905549937862772644e-02,2.775661199211992836e-02,8.955053829634198603e-01
1.861894879832040606e-02,2.838822918926470207e-02,9.017868280417083993e-01
2.053806974381595582e-02,2.041747090838758744e-02,8.878383540943534102e-01
1.618756255193802215e-02,2.461298162885822843e-02,8.866806723698265058e-01
1.274265811934588433e-02,2.079887785220557034e-02,8.942468341556424338e-01
-1.057493687884144759e-02,2.691791236371224305e-02,8.418964307938945346e-01
-1.049406268218749938e-02,2.668811726110815324e-02,8.363615371944788102e-01
-5.226817411191870405e-03,2.847710909038873861e-02,8.381745397273761000e-01
1.056441224994225138e-02,2.743805130994737829e-02,8.880180639752448535e-01
1.343234907663195393e-02,3.058168167320907821e-02,8.968427745688383190e-01
4.474040847336176359e-03,2.977004647695932066e-02,7.969888896307641968e-01
8.336524903384195245e-03,2.882182173096395350e-02,8.011275367639283385e-01
9.704277321250273647e-03,2.779765960738809008e-02,7.935414280825892064e-01
1.400095966681779401e-03,2.020894336785895862e-02,6.555060521143911689e-01
8.017842874951126159e-04,2.069779114920226870e-02,6.619081279082178471e-01
-3.582851391332490896e-03,2.112408503024699666e-02,6.578539736670767635e-01
2.362678682825281387e-02,2.716563987577474623e-02,9.490904228794200259e-01
-7.719003363883982297e-03,6.395737252097729274e-03,3.923644853261429866e-01
-1.351093156422978128e-03,-7.237058398455211740e-03,3.939326181855040687e-01
7.540877375869121935e-03,3.436092365775716972e-03,3.934319435069439930e-01
1.731082884272230199e-04,3.089298348235361424e-04,3.961491462952537179e-01
-1.703596279044526651e-02,4.260951862213398569e-03,6.238882365670045393e-01
-1.471895863220076817e-02,8.715794874051123811e-03,6.208389337238284789e-01
-1.441109832222745371e-02,9.476861781711917038e-03,6.260999885817427613e-01
1.029612081785179385e-03,-1.661124663733410528e-02,5.882173570314271904e-01
-1.139520416390262317e-03,-1.709391178418338819e-02,5.959091663253954785e-01
4.783635550874874853e-03,-1.568659348130086242e-02,5.938664334946837098e-01
-1.663011365453715730e-03,1.253039427318857271e-02,3.995445966068885690e-01
-2.332435175470205097e-02,1.150029723905961719e-02,9.940031988325215284e-01
-1.653816734304671895e-02,9.466080428342071862e-03,9.940031988325215284e-01
-3.073274966064454272e-02,1.032407521218531646e-02,9.949749910843956879e-01
-2.394656524898921071e-02,8.289858401467772864e-03,9.949749910843956879e-01
-2.383639119962452022e-02,6.093717777238226267e-03,9.889781899169172164e-01
5.166587539077037612e-04,-1.831774879945198553e-02,8.509686069305355538e-01
3.765714051213571011e-03,-1.369416443149108764e-02,8.544048974373323890e-01
-3.357041613553377220e-03,-1.032562387908949469e-02,8.550881636908987948e-01
2.972673976304402235e-04,-1.948444179036669735e-02,8.574552856050307037e-01
3.546322694936307474e-03,-1.486085742240580120e-02,8.608915761118275389e-01
7.420023062397388888e-03,-2.285298234276829377e-02,8.567720193514642979e-01
-2.484644990603931611e-03,4.034410076847443766e-03,2.160339909887037946e-01
-1.038667187396774896e-02,1.217268928288165429e-02,5.504625300525896048e-01
-5.336277884797972250e-03,1.344251316381564823e-02,5.491947510865136106e-01
-8.100353916532866336e-03,1.274741546838103166e-02,5.434190414687922743e-01
-2.115571535570056737e-04,2.980243213219836013e-02,7.937852108668408402e-01
-9.028054952913626245e-04,2.997987706523311952e-02,7.996891674554547080e-01
-5.284406335221439321e-03,-1.042950548370118712e-02,5.462620464698439982e-01
1.542152249304734601e-03,-9.800064013880028027e-03,5.458711425988480581e-01
-2.917944534041596108e-03,3.516221888935279916e-03,5.479375532269215032e-01
-8.706781484440453273e-03,-1.002154814073702091e-02,5.510521226604208067e-01
-1.880222899914279783e-03,-9.392106670915861821e-03,5.506612187894249777e-01
1.198725171559281849e-02,-4.952836558407251386e-03,5.543047125905029571e-01
7.330263410411644830e-03,-9.104416175758323418e-03,5.578462982939014214e-01
5.433336860005497787e-03,-9.527923644899082695e-03,5.511654168386397323e-01
-8.602989258623041507e-03,2.369414358676465507e-03,5.541995491808215935e-01
-1.776430674096866717e-03,2.998855828497624595e-03,5.538086453098257644e-01
-7.565267624495724749e-03,-1.053891420117467580e-02,5.569232147433250679e-01
-8.142975008553503605e-03,4.438014360918634063e-03,2.925457855341999647e-01
1.260576253614001385e-02,7.059997120229236436e-03,5.431486034381516337e-01
1.380513438612411548e-02,2.072831679378216250e-03,5.452018961065338010e-01
1.335350633755893329e-02,5.884343701160827528e-03,5.490660766033057527e-01
-1.041192314158094316e-02,1.048498866716982350e-02,4.090628644928649971e-01
-1.034221577011776999e-02,7.447318030994234603e-03,4.058142930316399610e-01
1.915921612471185170e-02,1.750782158576533404e-03,5.903076550801625855e-01
1.568118929938633332e-02,5.065079322177858286e-04,5.803841009069625745e-01
9.267567434826866346e-03,2.257290090794325521e-03,5.849774702728400833e-01
1.747748503836099587e-02,7.857252973652556483e-03,5.877082615932316401e-01
1.399945821303547229e-02,6.612978747293809557e-03,5.777847074200316291e-01
-1.055484620128901464e-02,5.148869411442775178e-03,5.808014293857561849e-01
-3.237976322001963336e-03,3.729780269508080164e-03,5.811899022451996188e-01
-1.527329269785706808e-03,2.432105006370273177e-03,5.746654432401966384e-01
-3.225928094291634265e-03,9.053983123280009288e-03,5.794727060785898054e-01
4.090941784995416608e-03,7.634893981345314273e-03,5.798611789380332393e-01
-4.936575146507891226e-03,1.035165838641781758e-02,5.859971650835927859e-01
2.622688570481592624e-02,-1.177498554745439949e-02,8.481853807105204091e-01
2.744415714570010850e-02,-1.048411624897899359e-02,8.549903944735690597e-01
2.903602565469372981e-02,-6.559855827069754550e-03,8.508884262211577898e-01
-8.138800793985614956e-03,2.135288530840714905e-02,9.937474885342478803e-01
-2.872708003156707827e-03,1.968446198686537446e-02,9.867629955419392473e-01
2.194335544705622136e-03,1.458986091765314581e-02,9.930155070076913670e-01
-4.593956528438440309e-03,1.229182932434149354e-02,9.930155070076913670e-01
-1.492709286712967653e-02,1.905485371509550024e-02,9.937474885342478803e-01
3.308898454290090142e-03,4.927063434827453313e-03,2.431576272820953344e-01
-1.325720171020723127e-02,1.088309068535985025e-02,5.753036489317532309e-01
-1.603907898756955566e-02,6.426186990533855857e-03,5.724807261791982071e-01
-1.188929373718201898e-02,1.173399918144958469e-02,5.694813889987819788e-01
-2.750479981007215857e-02,1.597263144495192355e-02,8.488904954496743205e-01
-1.512096937106816030e-02,9.966671879276798804e-03,8.458659026380010992e-01
-1.996735393690134835e-02,1.278944407203397998e-02,8.539149295890479108e-01
-2.197324341766834777e-02,7.643260720331789687e-03,8.531031139828073595e-01
-2.951068929083915798e-02,1.082644809324973326e-02,8.480786798434338802e-01
1.311414746204164761e-02,7.247222653437377336e-03,5.555141827545100330e-01
9.949408052791111623e-03,1.151827745221451274e-02,5.572050739944057751e-01
1.094796425205686249e-02,1.011854827377463989e-02,5.501596466972176191e-01
2.101320699007948323e-02,-1.249663993545504885e-02,7.374151709289791246e-01
2.070592527631012064e-02,-1.327874133004425944e-02,7.435325406413706428e-01
1.611316838628181619e-02,-1.672520439326797420e-02,7.399292217177302344e-01
-1.871932547723388976e-02,-2.026701272557062533e-02,9.609302375920169004e-01
-1.005272118103058346e-02,-2.163102751852186145e-02,9.613596648944152667e-01
-9.416634110780055383e-03,-2.149489461828154452e-02,9.667603280003178590e-01
-1.814848419381720479e-02,-2.907072005617407362e-02,9.658514622223326462e-01
-9.481879897613896754e-03,-3.043473484912530627e-02,9.662808895247310126e-01
-1.878457126406773287e-02,-2.920685295641438708e-02,9.604507991164299430e-01
2.364767304181965291e-02,-7.488902275511999038e-03,7.359379884395615967e-01
2.437159466041648528e-02,-2.493011835634564854e-03,7.341746524614942704e-01
2.291926372116565719e-02,-9.094433679746407456e-03,7.273834923143598363e-01
2.364318533976248957e-02,-4.098543239868972406e-03,7.256201563362925100e-01
1.620466445254876986e-02,-6.591555075503529454e-03,7.312233802263584659e-01
1.386671231037948926e-02,-2.839087044146170261e-02,8.250873344344392679e-01
9.016375027836726064e-03,-3.049103940250418032e-02,8.237428977010488040e-01
7.923928602471312643e-03,-2.563467152537942870e-02,8.224281100615484785e-01
8.511582145256530937e-03,-2.962408958114721991e-02,8.184798405526854115e-01
1.336191942779929413e-02,-2.752392062010474219e-02,8.198242772860758754e-01
-2.586577758191977577e-03,6.088678980749142634e-03,2.536623096840724956e-01
1.004244641193052269e-03,1.079709546561474602e-02,5.275698354614197783e-01
1.121098331999595410e-04,4.850985878598350798e-04,5.308293523153985172e-01
-5.754299021982698693e-03,1.208361138134279172e-02,5.281526181057724090e-01
-5.819701726902456670e-03,1.073693858672653510e-02,5.203120770690942143e-01
-6.711836534895548531e-03,4.249417089716237277e-04,5.235715939230729532e-01
4.670712828020199756e-05,-8.615742067564219212e-04,5.229888112787203225e-01
-1.481691881776498604e-02,1.685871309086595105e-02,9.877506873667692977e-01
-1.087490585191106668e-02,1.285183699489629398e-02,9.832007608015747024e-01
-1.098507990127575717e-02,1.504797761912583971e-02,9.891975619690531740e-01
-9.263831375994025993e-03,2.244061028164972063e-02,9.829450505033010543e-01
-2.856816085516568002e-02,2.355938368784685211e-02,9.627185359414013321e-01
-2.471926797160285683e-02,2.812141201485132691e-02,9.632340486561274950e-01
-2.709057792714431728e-02,1.552941558277325454e-02,9.718882275827949169e-01
-2.324168504358149756e-02,2.009144390977772587e-02,9.724037402975209687e-01
-1.991379047543202080e-02,1.653211283619963889e-02,9.665316405985640014e-01
2.574580121516548484e-02,2.484276460312539059e-03,7.721650159789150702e-01
2.452262733334836103e-02,8.455491472290556365e-03,7.694034371334402822e-01
-1.532163387089814990e-02,-2.823615199659296714e-03,5.590560855373416516e-01
-1.184916388243956696e-02,-8.365992836459520618e-03,5.626444218630037852e-01
-1.308961764160937284e-02,-6.595269443969509551e-03,5.550317173971128781e-01
4.222732744222535035e-03,6.160325429162682304e-03,3.106324236752192602e-01
2.540551345679109736e-03,1.764366954315826734e-03,3.090745408706249142e-01
6.836965871669150457e-04,2.903243529763949518e-03,3.134733743924321692e-01
-9.984848113765102534e-04,-1.492714945082906051e-03,3.119154915878378231e-01
2.975419249166381258e-02,4.102848020127352995e-03,9.658973306006026771e-01
2.774242075469198626e-02,9.585326593822109456e-03,9.694769807232777037e-01
2.814070535437656478e-02,8.290774502102830554e-03,9.637184020153649611e-01
4.183066957853847495e-03,-1.648347205953516748e-02,9.850632421007163853e-01
9.774923698926524761e-04,-6.057692257545384262e-03,9.819986239315370291e-01
-7.124250679830749361e-04,-1.210233454683954692e-02,9.811869312268554078e-01
-2.455509793099461789e-03,-2.244536910174258632e-02,9.860399793248733058e-01
-5.661084381060657242e-03,-1.201958929975280310e-02,9.829753611556941717e-01
-7.655923552237343770e-04,-1.640072681244842540e-02,9.868516720295550382e-01
1.049864662033980246e-02,-1.809882039571024642e-04,5.073595620890652969e-01
-4.117072604613787254e-03,-6.418537467794163632e-04,5.080822313894060027e-01
7.838479985138282341e-03,-4.608655428223194014e-04,5.150083835860539416e-01
6.677686043203949484e-03,4.273072038495966118e-03,5.126442334950603863e-01
9.337852678405469606e-03,4.552949377361183679e-03,5.049954119980717415e-01
-2.906029189531191687e-02,-2.082121235650812377e-03,8.528981950187466410e-01
-2.276376628467652666e-02,-5.231961812770155248e-03,8.454117227184527739e-01
-3.006643772680395524e-02,5.353196357185381268e-03,8.478294188879462734e-01
-1.567671780703295409e-02,4.493420143212446816e-03,8.456166416825134924e-01
-1.467057197554091745e-02,-2.941897449623747263e-03,8.506854178133138600e-01
1.018678274242186023e-02,-1.809882039571024100e-04,5.002167049462081794e-01
7.565098460800579253e-03,-6.921284143369775890e-03,4.949920505019629324e-01
9.874918864503917995e-03,-1.809882039571023287e-04,4.930738478033510619e-01
1.457701228989145142e-02,-6.881473579772746235e-04,9.814836895040963682e-01
1.436907404214690827e-02,-7.472052879953521368e-03,9.826536892821771119e-01
6.080922643474118497e-03,-3.654924248264757643e-03,9.847049350273172630e-01
1.185430617637195198e-03,7.262132644308630239e-04,9.808286241534562855e-01
9.473582016309985837e-03,-3.090915367257901242e-03,9.787773784083162454e-01
2.609021995253098247e-02,2.055368175344477258e-02,9.575840602116656441e-01
2.479546177861633935e-02,1.330575229031781895e-02,9.650086351778220939e-01
1.985657903249890555e-02,5.443039730913000473e-03,9.589191945658868121e-01
2.943546352829120791e-02,1.553870396522978418e-02,9.562938270492085113e-01
-2.041386896992988809e-02,3.089300075234068660e-02,9.595772260980530710e-01
1.478082910311300652e-02,1.833006749616824735e-02,7.735261821921244341e-01
1.968745503141710804e-02,1.523119968129016573e-02,7.688421901935897917e-01
1.843969046645241305e-02,1.696179423495100189e-02,7.751792880536469976e-01
1.353306453814831327e-02,2.006066204982908524e-02,7.798632800521816399e-01
6.874644613376595242e-03,8.025209434911429948e-03,9.847829746323095712e-01
-5.069566201231683403e-03,5.199460538912008267e-03,9.857706664571397326e-01
-4.483782479073749813e-03,1.009568870011194781e-02,9.870187058402128955e-01
1.069304962697211966e-03,1.567758589089571566e-02,9.822130689767445411e-01
4.835212405392775095e-04,1.078135772969577612e-02,9.809650295936713782e-01
9.545089091296480449e-03,-8.521429026712920574e-03,6.261602290467009890e-01
1.677209538548370127e-02,-9.323700685681800271e-03,6.263638979096228798e-01
9.376087605987314111e-03,3.670499101564506182e-03,6.253108548255177368e-01
1.269245538301196422e-02,-5.368393195672088725e-03,6.305850579846503656e-01
1.991946167719918503e-02,-6.170664854640969289e-03,6.307887268475722564e-01
2.673743886329441391e-03,-1.681504285197502405e-02,6.007897642787165537e-01
-1.784656457688880635e-02,2.482980209719105533e-02,9.937474885342478803e-01
-1.945763905280584877e-02,1.524102881043762868e-02,9.940031988325215284e-01
1.119081323502647309e-02,3.705313076322133692e-02,9.950445010379016519e-01
1.694132521499414068e-02,3.334179728041958279e-02,9.864240577130956034e-01
1.206247602762313895e-02,3.026457915898723983e-02,9.913795566751938404e-01
4.925940276324392367e-03,3.139104267031675444e-02,9.935335008543778601e-01
9.804789463695395835e-03,3.446826079174909740e-02,9.885780018922796231e-01
-3.398295596539496061e-02,3.566620025723107618e-03,9.585266973722439410e-01
-3.367731741285822505e-02,-3.199508523181443694e-03,9.601373023721906375e-01
-3.389942496109396575e-02,4.833272707806437595e-04,9.542918481753794868e-01
2.476077218807239827e-02,-2.011515514444750519e-02,8.981904229517128080e-01
2.640899728439496941e-02,-1.697826987820153649e-02,8.944751102676080645e-01
2.313837764306000966e-02,-2.158161892451475328e-02,8.901484046355720992e-01
-1.004448018404359433e-02,1.754870107734633408e-02,6.987543414878811809e-01
-1.430289970539814527e-02,1.680147919415375321e-02,7.015593083513004258e-01
-9.947434560473160728e-03,1.834799767393635594e-02,6.909163653950597395e-01
-1.420585408182771167e-02,1.760077579074377507e-02,6.937213322584789843e-01
-1.820194965619780642e-02,5.663585293498554080e-03,6.960060049461062048e-01
-1.326896248658966659e-02,2.652410939595948453e-02,8.660539993488511890e-01
-1.797841622163615788e-02,2.297758780151319680e-02,8.695722957315374924e-01
-1.335058209335997226e-02,2.763069681577809411e-02,8.590749925646410379e-01
-1.806003582840646354e-02,2.408417522133180638e-02,8.625932889473273413e-01
-8.178539596487323371e-03,2.149769559885017847e-02,8.661438718214242716e-01
-1.559546805352847107e-03,1.324169119309287664e-02,3.749539852048611177e-01
1.651353033048895413e-02,-1.297562584061551574e-02,9.197709150195558792e-01
1.997620084280416625e-02,-1.878971417566988392e-02,9.164903707248286402e-01
2.229301700888312865e-02,-7.658769520581944039e-03,9.162681278482556202e-01
2.294471068754597859e-02,-6.085354421533785592e-03,9.221199245432307734e-01
2.640738119986119070e-02,-1.189944275658815290e-02,9.188393802485034234e-01
2.062789452146701619e-02,-1.721629907662172373e-02,9.223421674198037934e-01
-1.794442194267633489e-02,-1.743185399444842180e-03,5.871364061969686077e-01
-1.826439957560437727e-02,1.314039401095587652e-04,5.804055148000729636e-01
-1.021195671829032946e-02,-1.426553741304369995e-03,5.860516961668983393e-01
-1.621086304038943382e-02,-7.741694475775393394e-03,5.791313225762121375e-01
-1.589088540746139491e-02,-9.616283815329794774e-03,5.858622139731077816e-01
-2.082918271368150442e-02,-5.000511332767051563e-04,7.386658083709563005e-01
-2.591741544313685280e-02,3.975118626948648086e-03,7.332389909817011997e-01
-2.553849365055179538e-02,4.800986700352239019e-03,7.383628633664627294e-01
-2.308167280338296184e-02,9.655051056301027640e-03,7.379192661447315782e-01
-2.346059459596801927e-02,8.829182982897436707e-03,7.327953937599700485e-01
2.324361599332368938e-02,4.680797969944963319e-03,7.461146533899254418e-01
2.499532241625237322e-02,-2.493011835634564854e-03,7.484603667472085053e-01
2.261873191008075684e-02,4.417284955158726906e-03,7.556902796022320068e-01
2.437043833300944415e-02,-2.756524850420801268e-03,7.580359929595150703e-01
1.630818968995983650e-02,-5.249536686055358316e-03,7.493535025638667912e-01
1.167162164243894934e-02,2.264676121682105553e-02,9.556716521391499519e-01
4.481701021625067449e-03,2.531921281414216060e-02,9.503879841260840511e-01
-6.532445832577661766e-04,2.192735763137801386e-02,9.598313125772114374e-01
4.213482961231336012e-03,3.048277714832993424e-02,9.607132131003788267e-01
-2.976437659582545012e-03,3.315522874565103584e-02,9.554295450873129258e-01
9.348428566114170071e-03,3.387463233109407751e-02,9.512698846492515514e-01
-5.053453261281229576e-03,-1.763347975104959803e-02,8.712244567066198542e-01
-4.747690910256321430e-03,-2.352838699004636963e-02,8.787008619342688842e-01
-8.551502007512954556e-03,-3.154940178742763474e-02,8.706876879546892045e-01
-8.283163262088688930e-04,-2.483708494105693609e-02,8.632349903764997556e-01
-5.225539751839607464e-04,-3.073199218005370770e-02,8.707113956041487857e-01
2.975494771047763800e-03,-1.681607014367566752e-02,8.712481643560794353e-01
-2.759069486099872959e-02,1.514879438718095238e-02,8.699473567167443910e-01
1.373399255968841409e-02,8.132131679215082523e-03,9.866169560152937557e-01
1.301112459705939563e-02,5.558273931948708169e-03,9.761873917737129425e-01
1.928468882121327915e-02,7.689680150524217392e-04,9.767733337736239640e-01
1.314820883753048050e-02,3.235903518015142977e-03,9.853689166322205928e-01
1.242534087490146204e-02,6.620457707487685138e-04,9.749393523906398906e-01
3.359156825839539062e-02,4.097650035698434542e-04,9.103466794812731244e-01
3.280979528642527510e-02,-4.642808860689931656e-03,9.074297811275611192e-01
3.445255069791605673e-02,1.417745655915319440e-03,9.145238261984748318e-01
3.367077772594594121e-02,-3.634828208344455941e-03,9.116069278447629376e-01
2.812554258281469224e-02,1.827510659485172707e-03,9.105847913940332550e-01
1.075006486217117488e-02,-2.509826983124262972e-02,7.825736588019371887e-01
5.655902214640374029e-03,-2.669681341527607027e-02,7.834062382970234939e-01
6.811515319175885999e-03,-2.678517294567584264e-02,7.899526381670342046e-01
-1.272135717792692230e-02,2.415587994744394090e-02,9.937474885342478803e-01
3.885021858701559298e-03,1.472736618191643199e-02,6.000757040378452700e-01
6.277265200530680357e-03,-1.936289760193289503e-03,6.023254361458505457e-01
-2.583307200920148539e-03,9.289512104570069387e-03,6.075001157376556105e-01
-3.395815246974767838e-03,8.899039129283256924e-03,6.003634034862652680e-01
-1.003571905145646563e-03,-7.764616812826464348e-03,6.026131355942704326e-01
5.464757154476061057e-03,-2.326762735480101749e-03,5.951887238944602032e-01
6.730569709630850224e-03,1.991587730930133304e-02,7.320552210222738276e-01
5.213676037420467320e-03,4.821147437685335477e-03,7.337187147932584530e-01
1.844996744541314848e-02,1.010870620034687480e-02,7.381143825805756009e-01
7.987862008251855883e-03,1.988763274102543777e-02,7.387183258877721981e-01
6.470968336041472112e-03,4.792902869409441935e-03,7.403818196587568234e-01
1.264972811934709368e-02,-2.500052018304522311e-02,7.954284783031176920e-01
7.315593314742174606e-03,-1.975750202721003601e-02,7.910498210066922997e-01
1.188043147268949204e-02,-2.484251071259274690e-02,7.895202856866279095e-01
7.580811965833487640e-03,-2.694318241612831885e-02,7.958608307835239870e-01
7.897259933217723807e-03,-4.684230424909045613e-03,4.511492481609221672e-01
4.230335344738388008e-03,-8.310782427178274590e-03,4.493166810625039975e-01
5.944074839585134634e-03,-8.550201926435515437e-03,4.582737842529243100e-01
2.598881725520120695e-04,6.368748167381513411e-05,4.583365846432101431e-01
9.610999428064471301e-03,-4.923649924166284726e-03,4.601063513513424796e-01
-2.620541052927042452e-02,-1.216126722592111159e-02,8.201679200548994686e-01
-2.376296122135333061e-02,-1.639997164098573601e-02,8.167373584561289368e-01
-1.942583794814928960e-02,-1.020046140347254104e-02,8.222511384835541337e-01
-2.451061929584424925e-02,-1.480317461641984106e-02,8.227980033760632361e-01
-2.695306860376134317e-02,-1.056447020135521317e-02,8.262285649748337679e-01
-1.217007497362859389e-02,1.378301734535966085e-03,3.499938230876943335e-01
-1.558055843477380159e-02,-3.108074873177561759e-02,9.754471963886917063e-01
-1.388890952258583708e-02,-2.170575125306255238e-02,9.826069581678406051e-01
-9.095818018365007737e-03,-3.173762133336890945e-02,9.806686474745631710e-01
-5.768748372564860664e-03,-3.198576411165737765e-02,9.703493204990651932e-01
-4.077099460376896155e-03,-2.261076663294431244e-02,9.775090822782142030e-01
-1.056183987678568914e-02,-2.195389403135102058e-02,9.722876311923427384e-01
-2.696950259316273010e-02,-1.765206067577364127e-03,7.582256476437911896e-01
-2.611686188875754142e-02,-5.319428579128197832e-03,7.521150191816883268e-01
-2.665620128046769163e-02,1.029443767670192716e-03,7.531302770712406947e-01
-2.446295839647476961e-02,1.915445781313847642e-02,9.058561388673085357e-01
-2.697524671361257662e-02,1.624943559320771169e-02,9.015987958739917207e-01
-2.288383677159577800e-02,2.007022565728887320e-02,8.999844164418178138e-01
-1.554518227467486906e-02,1.705323407766079491e-02,8.710600280349909408e-01
-2.030567178958148783e-02,2.069984332818894726e-02,8.580521937189676818e-01
-1.091182126777451820e-02,1.232019205909781409e-02,6.233080085621409694e-01
-1.231708284217236313e-02,1.094464043216319613e-02,6.161680838509924207e-01
-1.450528834167429462e-02,2.051607705769384338e-02,7.608687783291960827e-01
-1.744593050635357204e-02,1.748462960977213362e-02,7.638526813434557416e-01
-3.569890083252891602e-03,-3.072486535499079074e-02,9.119168509752485496e-01
-8.047232728518210684e-03,-2.970561872718733426e-02,9.055165568890258809e-01
-1.080993193904820557e-02,-2.901431676899397794e-02,9.124203090149987094e-01
3.051284369075764683e-02,-5.803406209902621862e-03,8.909659310481259364e-01
2.483522917928933718e-02,3.010843950847402143e-03,8.901859429625051945e-01
3.009522306389704471e-02,-5.808442540604358620e-03,8.843606344502181749e-01
2.658642604394003545e-02,-1.597019788211270774e-02,8.889146213256289286e-01
2.090881153247172580e-02,-7.155947721362683304e-03,8.881346332400081867e-01
2.132643215933232445e-02,-7.150911390660946547e-03,8.947399298379159482e-01
1.320798858517985633e-02,2.629824991719530158e-02,8.534321174219829942e-01
1.991995439114018288e-02,1.040135398988192850e-02,6.981138037212459846e-01
1.428304317894135006e-02,7.290490295626101888e-03,7.056419730027737591e-01
5.503568017779211612e-03,6.617507811079005077e-03,6.991910563535128631e-01
1.203741246769737296e-02,4.878901742972653610e-05,6.970593201581891662e-01
6.400501255498541008e-03,-3.062074676826100940e-03,7.045874894397170518e-01
2.081688762885951227e-02,7.217715019768233473e-04,7.035102368074499513e-01
5.500172420263921974e-03,2.086380514747794221e-02,9.865490078620692271e-01
2.340796294350144108e-04,2.253222846901972026e-02,9.935335008543778601e-01
6.249690227431676376e-03,2.579552038546794462e-02,9.935335008543778601e-01
8.209946142702283234e-03,1.785315283410137191e-02,9.930155070076913670e-01
-2.990010489141106675e-02,-6.876034168696825008e-04,9.284854524381691565e-01
-2.520856806887214474e-02,2.645270640234206275e-03,9.240059988397042456e-01
-2.780936735691225126e-02,-5.826226173753210925e-03,9.249277744350459241e-01
-3.445621093382231215e-02,-7.592035369553495894e-03,9.241349382819770142e-01
-3.250090417945117327e-02,-9.159100230857100677e-03,9.294072280335108349e-01
-1.681723254465957579e-02,-3.478787644834833992e-02,9.953271064408565350e-01
-3.570619609346184498e-02,-1.163402256625994339e-03,9.160941175729715447e-01
-3.464159201011934863e-02,-6.436387038968057958e-03,9.182427247014222083e-01
-3.009184560049192950e-02,-9.397227241517489352e-03,9.089492370876022242e-01
-2.902724151714942968e-02,-1.467021202385955340e-02,9.110978442160528878e-01
-2.624106115281229015e-02,-7.354363540457573706e-03,9.160682822012660154e-01
-2.085839219493145283e-02,2.942196983458677997e-03,7.868333119834068912e-01
-1.505371229627876575e-02,1.079540248612916378e-02,7.866843153961655677e-01
-1.557338883800973850e-02,9.054652896050811514e-03,7.938805890601283721e-01
-1.178967732222674890e-02,-2.209540938153493547e-03,7.916996822921836818e-01
-5.984997423574062690e-03,5.643664564516991805e-03,7.915506857049423584e-01
-1.127000078049577615e-02,-4.687913480751425797e-04,7.845034086282209884e-01
2.584930354923259746e-02,1.843514298985950151e-02,9.924690028995346580e-01
2.012570836206641067e-02,2.532569776200137637e-02,9.913795566751938404e-01
1.864346449709950587e-02,1.991868741316456942e-02,9.913795566751938404e-01
-1.706399529684482844e-06,-9.751394533974210369e-03,9.076895802265312341e-01
-9.702339425716671045e-03,2.124270556862727088e-04,9.108915652976081745e-01
-1.332166030756965977e-02,-1.658664189897973013e-03,9.006357608687800553e-01
-4.438001964058174882e-03,-1.662627285836340216e-02,9.041129869933093310e-01
-1.413863499024516253e-02,-6.662451268702918213e-03,9.073149720643862715e-01
-8.186810822051872414e-04,-1.475518161277915644e-02,9.143687914221375612e-01
1.788426026243825767e-02,-2.015777701125102614e-02,7.708218334116226922e-01
2.182568278651279142e-02,-1.701873590334810130e-02,7.749220671959261564e-01
1.667908150297316497e-02,-1.693879152642497471e-02,7.621952136709020387e-01
2.062050402704769872e-02,-1.379975041852204987e-02,7.662954474552055029e-01
1.688848436618199667e-02,-8.732035185667645291e-03,7.675557485168940097e-01
-2.848652638445019203e-03,-4.806043890094952031e-03,2.033390393321158063e-01
1.900220529034402084e-02,-1.301700000069402896e-02,6.619020506746101651e-01
1.930978822272442011e-02,-1.320823035942381672e-02,6.700789526192855172e-01
1.493788772358723912e-02,-1.640021314545890216e-02,6.663979702689422080e-01
-2.602801396377614138e-02,-4.111812287101288335e-03,7.819627370673108979e-01
-2.725121400786816028e-02,1.519020343906270481e-03,7.815105718225813236e-01
-5.571076865596983306e-03,3.355940711643888574e-02,9.018668226935382393e-01
-1.257897395299342400e-02,3.222010162530846572e-02,9.052226255902562357e-01
-6.730421456547831978e-03,3.375978689371659375e-02,9.079480850453324203e-01
-9.819789382594285021e-03,3.017915168533910272e-02,8.815692563961848860e-01
-1.103324482964944744e-02,3.018072283331351205e-02,8.890018522194149675e-01
-5.640774728044066315e-03,3.092034784005916193e-02,8.860897636693573221e-01
-1.860840236940752498e-02,2.894256987530183928e-02,9.261827797516789529e-01
-1.387078281870759815e-02,3.196370649142900311e-02,9.281681637330849721e-01
-1.209745570735469046e-02,2.710795692558612760e-02,9.245493175945671549e-01
-1.434801952432553443e-02,3.202801279920894362e-02,9.183280599466820959e-01
-1.908563907502545953e-02,2.900687618308177979e-02,9.163426759652761877e-01
2.348313047847184337e-02,-8.735884857719613400e-03,7.629973817630617550e-01
2.165683075348340605e-02,-1.188898838399321360e-02,7.587698916785697856e-01
-2.429550098574774497e-02,1.766660677914824035e-02,8.169423069252261804e-01
-2.768500025808353152e-02,1.141338485481055084e-02,8.203805525356699935e-01
9.609187201526351099e-03,-7.101848407777191369e-03,5.474440402590247112e-01
1.027666751493998970e-02,-6.062511995226886607e-03,5.403297656540329008e-01
1.254563736589623182e-02,-3.394816582064033410e-03,5.467718524120199763e-01
-1.191401780683905461e-02,3.400690308590917366e-02,9.850572690280872123e-01
-8.315387700133973839e-03,3.447883829935430300e-02,9.821466495273240005e-01
2.479874211801152278e-02,-8.879397563172025318e-03,8.062583586389815427e-01
2.470767428118150755e-02,-8.288443703638593077e-03,7.995260305948208579e-01
2.125218168458912343e-02,-1.417305639021843380e-02,8.015541425935437392e-01
-3.061605241771337121e-03,2.730049511303166143e-02,9.085572199951534866e-01
-4.318077310015962580e-03,2.699715673332041266e-02,9.147304980192094703e-01
-1.131822034472799998e-02,2.747560161307731688e-02,9.085359357841084060e-01
-5.299689823142213034e-03,2.121188305982143682e-02,8.992384627750069637e-01
-6.556161891386838927e-03,2.090854468011018805e-02,9.054117407990629474e-01
1.700453211569824584e-03,2.073343818006453260e-02,9.054330250101079169e-01
-2.769720356058844035e-02,1.580085809948620842e-02,9.086585796205635113e-01
-2.958069522137341326e-02,1.225827172011226263e-02,9.055122326373772346e-01
-2.814231740721138963e-02,7.563535092114175799e-04,9.507736889810843861e-01
-2.344875048913016083e-02,5.805422568984999060e-03,9.395382293463017120e-01
-2.157214161633761590e-02,7.722643119045878579e-03,9.452798865205009893e-01
-1.359097617074418902e-02,1.300984893409199957e-03,9.574770770690725907e-01
-8.897409252662961954e-03,6.350053953182781437e-03,9.462416174342900277e-01
-1.546758504353673222e-02,-6.162356566516794540e-04,9.517354198948735355e-01
1.427705036121415571e-03,3.067085013521618931e-03,9.917674676246182042e-01
-9.930722056328928835e-03,5.137564278722137230e-03,9.940031988325215284e-01
2.013488758279349811e-03,7.963313174721559778e-03,9.930155070076913670e-01
2.526189197668363140e-02,-8.536375711469017941e-03,8.133946263865390325e-01
2.900110574457347851e-02,-3.575006117184898434e-03,8.200739568902279952e-01
2.054372131193619305e-02,1.431006163200875848e-04,8.117492889306461290e-01
2.853795588590136989e-02,-3.918027968887905811e-03,8.129376891426705054e-01
5.059143852719985221e-03,-1.696847262852655899e-02,8.108948039880461423e-01
5.747635015801554580e-03,-1.802172906628267401e-02,8.163081780489021000e-01
6.730644556809547291e-03,-2.371446526626635326e-02,8.117516788523291282e-01
1.142333046888716411e-02,-1.373973890323713747e-02,8.057041316092151684e-01
1.211182163196873260e-02,-1.479299534099325075e-02,8.111175056700710151e-01
1.044032092787917226e-02,-8.047002703253454750e-03,8.102606308057880291e-01
-2.106406532986181829e-02,-2.366649969998533415e-02,9.314000909272960316e-01
-1.988160759282745979e-02,-2.459940899774752665e-02,9.251850031032020638e-01
-2.486206644545101152e-02,-2.158082200093972350e-02,9.135315913457162651e-01
-1.564625180721882294e-02,-1.860677552215687230e-02,9.205768134733824937e-01
-2.604452418248537002e-02,-2.064791270317753100e-02,9.197466791698101218e-01
-2.495102037316742488e-02,1.880922440278625166e-02,9.787956750754329693e-01
-3.135531115224560184e-02,1.701689991240519506e-02,9.859200000398499197e-01
-2.484049832648883502e-02,6.709820240744983864e-03,9.828256572043745365e-01
-1.743210042054634326e-02,7.886042267619283730e-03,9.818538649525002660e-01
-2.394691324630311008e-02,1.819312193927949406e-02,9.849482077879756492e-01
-1.620099228814987288e-02,-1.691845937451608292e-03,9.430107538258860611e-01
-9.630816497276102617e-03,5.274443672382852707e-03,9.375169513653025533e-01
-1.649651051682673574e-03,-1.147214553253825915e-03,9.497141419138743768e-01
2.686308542074563287e-03,1.528688500628796283e-03,9.709868716160491298e-01
8.822788525757364539e-03,-9.382470023339248462e-04,9.623912887574525010e-01
7.321910601319996451e-03,-1.740722238531857997e-03,9.722330412948596567e-01
-2.417121731506902300e-03,-8.740795086518303360e-04,9.682805605202688959e-01
3.588848936901577191e-02,1.044696494525371513e-02,9.881704451679282908e-01
3.448645760988548747e-02,1.501122224849671220e-02,9.883070427333896513e-01
3.007989213979050253e-02,9.703212849841528001e-03,9.924690028995346580e-01
3.530617136775280468e-02,1.194229896643650424e-02,9.958380398338548822e-01
3.670820312688308912e-02,7.378041663193507169e-03,9.957014422683935218e-01
-1.712116378803384478e-02,-5.953237136453303630e-03,7.840433137730382640e-01
-1.660148724630287204e-02,-4.212487546374953096e-03,7.768470401090755706e-01
-7.532772373598167238e-03,-9.364225467987125073e-03,7.817134104178523613e-01
8.857616507862795668e-03,2.818781984520819101e-02,8.647712206634964316e-01
1.440478878501903759e-02,2.605986687709632710e-02,8.649424547943602715e-01
8.542586471113807270e-03,2.032209746936904787e-02,8.644197544206053685e-01
1.300193497618633287e-02,2.671723353966218642e-02,8.592636981282419928e-01
2.147098810803146907e-02,3.237159570426992317e-02,9.945582818891047783e-01
1.575132270895686359e-02,3.579146062671490630e-02,9.950445010379016519e-01
2.886024512582961721e-02,2.435542891307597435e-02,9.926452040698162671e-01
2.497371096854435202e-02,2.869438444379048686e-02,9.945582818891047783e-01
7.764801117406509856e-03,1.101106601039432420e-02,9.930155070076913670e-01
1.239576084927795745e-03,-2.217819577906162548e-02,9.921257746980173264e-01
7.557452621371196777e-03,-2.550338457706111464e-02,9.921257746980173264e-01
6.417208272832292115e-03,-1.927108846380699500e-02,9.921257746980173264e-01
-4.456727493210663887e-03,-8.448661462957602480e-03,9.195472989204189762e-01
-1.334038583672214791e-02,6.518947205507825797e-03,9.160700727958897005e-01
-1.294084365328802659e-02,-1.860912423125870782e-02,9.098577999524062321e-01
-2.182450199679951061e-02,-3.641515562793279544e-03,9.063805738278767343e-01
-1.214259449976501197e-02,-5.427725757047963812e-03,9.186129006839095501e-01
-1.344764290990941615e-02,-3.085011787781357512e-02,9.585119538712383314e-01
-4.144951543455580902e-03,-3.207799977052449431e-02,9.643420442795391789e-01
7.374783697803075945e-03,8.839558515579650552e-04,7.706446421361117238e-01
7.516463453030071927e-03,-7.575830944001426918e-03,7.722850960002896059e-01
1.795198337042009512e-02,-3.491233874934304964e-03,7.745419143934367812e-01
7.804508853701012591e-03,-3.259881745311136655e-04,7.811356197331282836e-01
7.946188608928008573e-03,-8.785774970090505856e-03,7.827760735973061657e-01
-2.631011063689008868e-03,-4.410585243598235186e-03,7.788788013399811083e-01
-3.274905186423617692e-02,-9.225780774779281795e-03,9.352300916120391827e-01
-3.401733687804491674e-02,-4.382310182723757504e-03,9.319970023259103176e-01
1.917874101262693684e-02,3.204362797886890768e-02,9.813914443259034170e-01
2.266099061406875309e-02,2.992193235797459966e-02,9.859378385642986187e-01
1.680877294703887054e-02,-1.707540787089632806e-02,7.239637834012785378e-01
1.860788544545988188e-02,-1.523963410312070832e-02,7.178362004746796643e-01
2.066247163305454104e-02,-1.321188258564197360e-02,7.235411278079626474e-01
-2.725787924180435307e-02,-1.016872699396546495e-02,8.583689572272467094e-01
-2.824117074278623477e-02,-5.338327569667534848e-03,8.603382516619134668e-01
-2.048456734961807968e-02,-1.072513732424376989e-02,8.582068002335021539e-01
-2.951422384635264337e-02,-7.280469651030114717e-03,8.526119502776645653e-01
-2.853093234537076167e-02,-1.211086907532804569e-02,8.506426558429978080e-01
3.007879598000608168e-02,-8.255622478590415132e-04,8.539932725932015689e-01
2.897943645451020456e-02,5.755359578958935303e-03,8.560538992261619295e-01
2.885113480814199133e-02,5.225167019333435206e-03,8.491771470298721258e-01
1.733693073222084685e-02,-1.595648759848942999e-02,7.077296350462980445e-01
1.420530041865573911e-02,-8.913939975106657809e-03,7.125623186727749747e-01
1.403844087268653860e-02,-1.820552752032288113e-02,7.035438557500341972e-01
1.530939558592557537e-02,-1.748867402495416293e-02,7.136504211784160390e-01
-1.169972593639371367e-02,7.411526780139361410e-04,7.740124310312043177e-01
-5.407549614303419974e-03,6.373328325824823004e-03,7.685278787192035832e-01
-1.404653933111018813e-02,1.031512222134791518e-02,7.741524860074433523e-01
-4.977824458405484195e-03,5.163384299735744934e-03,7.790188563162201429e-01
1.441854709398155895e-02,-4.387592044186885108e-03,5.327411847180516524e-01
1.175768723788555778e-02,-8.536052338539211123e-03,5.316797258115930624e-01
1.406123523044014098e-02,-4.669568678800135701e-03,5.274020005106940800e-01
3.126828570157062087e-03,2.893997147192108738e-02,8.223488438931074729e-01
-4.115852518921932907e-03,2.991229313745106394e-02,8.224852903106445456e-01
2.801340932854006621e-02,-3.665200665189939991e-03,8.377200447309153253e-01
2.907403123020619456e-02,2.172811825628214420e-03,8.401065014753525961e-01
2.204102573797702205e-02,1.347249577769181906e-03,8.440997740685540762e-01
2.976693210208813251e-02,-8.255622478590415132e-04,8.468504154503444514e-01
2.870631020042200415e-02,-6.663574738677196033e-03,8.444639587059070696e-01
6.583874963053413035e-03,-1.384585652223431843e-02,4.109296593245820306e-01
-2.440931213135544633e-02,1.131947061165941917e-02,7.753785890247190116e-01
-1.811713580926515438e-02,1.695164625947030712e-02,7.698940367127182771e-01
-2.070673515697055156e-02,1.561224669581634181e-02,7.779341279793938746e-01
-4.884142955616860120e-03,-1.251923552024214112e-02,9.436459606379861142e-01
7.603522806923527708e-03,-1.925438096023749518e-02,9.515112266529530682e-01
1.010460746624457402e-02,-8.957970274049107187e-03,9.488547418598538563e-01
1.083801471085771469e-02,-7.882359993249177590e-03,9.575794079288413307e-01
-4.150735711003720324e-03,-1.144362523944221152e-02,9.523706267069734777e-01
1.073174417515833541e-02,-1.079500114413790846e-02,6.580720589225288464e-01
1.355622159157847569e-02,-5.496935780810595536e-03,6.546834579241547214e-01
1.204855332762250382e-02,-3.188006535023690888e-03,6.465643779645999789e-01
-1.291893599239611395e-03,-3.593785697306987490e-04,6.563753297988368374e-01
9.224075911202363545e-03,-8.486071898351004242e-03,6.499529789629741039e-01
8.486235779902043946e-03,-4.890306672073723576e-03,6.683244015104728986e-01
2.147897154027747849e-02,-9.401792565778886376e-03,6.646467255499352023e-01
1.320851042509179479e-02,-7.179793709222766739e-03,6.608167337978538836e-01
3.486368415397996662e-02,2.463104459032963798e-03,9.260770561381370669e-01
3.362707568977468114e-02,9.658591821707664810e-03,9.278640556191311006e-01
2.920163147679764523e-02,4.668615257962617504e-03,9.296489426647481791e-01
3.364364298794503272e-02,9.400998161604346912e-03,9.339303145790340821e-01
3.488025145215031819e-02,2.205510798929644599e-03,9.321433150980400484e-01
-1.882406056738702808e-03,2.918795583280334865e-02,8.743788329736936760e-01
-9.311584175203856117e-03,2.168650514013802794e-02,8.775608004662295292e-01
-3.097070242225539484e-03,3.048335279390981117e-02,8.788167548342888935e-01
-8.605125197107450080e-03,2.888375472423264367e-02,8.771313345355896685e-01
-2.007995458643584141e-02,-2.290165661882405737e-02,8.872345918209654236e-01
-2.425494681541605010e-02,-1.926868439192738411e-02,8.866875856807836520e-01
-2.499113515363671212e-02,-2.057431485966326745e-02,9.002158539834459461e-01
-1.989052232162171613e-02,-1.428255805761318581e-02,8.953951334132344009e-01
-2.081614292465649996e-02,-2.420728708655994071e-02,9.007628601236277177e-01
-1.128830359761092209e-02,-2.701680373827436421e-02,7.982732814373887376e-01
-6.958092387469203347e-03,-2.799854215978109934e-02,7.983364784148885285e-01
-8.679594661325954613e-03,-2.747366926089264000e-02,7.921852165120618627e-01
-8.354621547183874175e-03,-3.016280554156478694e-02,9.175396482534190490e-01
-8.761535974188473797e-03,1.642757813394005173e-02,7.811997630841648332e-01
2.908579460048132947e-02,3.880850114948292996e-03,9.191723109080400800e-01
2.802279995042970123e-02,-3.745268172854672797e-03,9.197265575273567695e-01
2.812206952857566888e-02,-2.699909369737028657e-03,9.241369303241618871e-01
2.400770533759760336e-02,1.540763866269180419e-03,9.215656779239140839e-01
2.390843575945163918e-02,4.954050631515362780e-04,9.171553051271089663e-01
-1.212931438952206259e-02,2.055334898183833539e-02,7.289042838795053436e-01
-1.350447303891598103e-02,1.987055113653722269e-02,7.350958804696146043e-01
-1.610940319201565468e-02,1.680630185955747993e-02,7.298542023843509474e-01
1.670421880545540014e-02,-1.760639321273469241e-03,7.808790122534939870e-01
2.535225207198187752e-02,-1.185481954990342569e-02,7.850822355101496619e-01
2.396280775179018829e-02,-1.664438200683198213e-03,7.897788795060289857e-01
1.605964101465503016e-02,1.805736524991362942e-03,7.953228073381651830e-01
1.744908533484671939e-02,-8.384644824228864105e-03,7.906261633422858592e-01
-6.560497388017851560e-03,-1.247982051866300401e-02,7.116788471939403671e-01
-1.440999439593058668e-03,-1.368078158697416495e-02,7.082573824731861478e-01
-6.787216404391937900e-03,-1.207084852193658631e-02,7.054176946556276473e-01
-2.598858569913465449e-02,-4.259086621139273297e-03,7.468740152345307859e-01
-2.652792509084480471e-02,2.089785725659117251e-03,7.478892731240831537e-01
-2.637136123822699657e-02,1.296291865036235114e-03,7.426142911701911764e-01
1.641811391630294565e-03,1.051325628705173168e-02,5.010992234596257644e-01
7.947597808715208337e-03,6.271095182800627034e-03,4.978563418429112764e-01
6.421216377923545313e-03,8.272530235707413818e-03,5.037974350955058966e-01
2.659190175456572700e-02,2.305719957499391404e-02,9.489313291462637689e-01
-4.776462650517138836e-03,1.952330875088742479e-02,7.885295354165771098e-01
-3.769289685348559907e-03,1.904302848610617618e-02,7.759977060278548944e-01
-1.042948551120892464e-02,2.434015296057460281e-02,7.797793479998054167e-01
-1.542173180004884070e-02,2.172470260840847489e-02,7.849814050561152445e-01
-3.745286600703953694e-02,2.458747875181965803e-03,9.949749910843956879e-01
-3.707111834316360183e-02,3.812420246133247856e-05,9.893500891560531585e-01
-3.701048306714793679e-02,5.945725744985037864e-03,9.913103948921697661e-01
-7.330425944108118728e-03,-1.918988566751982094e-02,8.449139787881565500e-01
-2.076702793411704974e-04,-2.255842621992141389e-02,8.442307125345900332e-01
-9.799475442599206616e-04,-2.382078409906298808e-02,8.496708329345765698e-01
-8.827032242275743151e-03,-2.469292096713082349e-02,8.436162047921974549e-01
-8.102703209026868025e-03,-2.045224354666139513e-02,8.503540991881428646e-01
-1.088458844018236685e-02,-2.863579765417665138e-02,8.372465800093713550e-01
-7.350255915391163894e-03,-2.949605615248972190e-02,8.333851063041892715e-01
-6.723924201410736226e-03,-2.989303486829722467e-02,8.399830331690061325e-01
-2.447932722925182797e-02,2.986353844363372374e-03,7.032621881073427561e-01
-2.414052168363768625e-02,9.306925109011509201e-04,6.969907330241427168e-01
-2.364107600790175956e-02,6.869369888495670436e-03,6.990442663356569719e-01
1.746942477003756919e-02,8.973374425279971936e-03,6.006992950736205206e-01
1.816492754870894372e-02,7.140029483433060070e-03,5.944041052254311897e-01
-1.174373892557345825e-02,-1.390474882978458109e-02,5.771633299099322434e-01
-6.602006042427289653e-03,-9.880582839530395456e-03,5.796009686196791355e-01
-1.330015306622155634e-02,-1.332381814744350822e-02,5.823398652332906211e-01
-8.226591943107059574e-03,-1.654190096733127238e-02,5.808509465281105344e-01
-6.670177802458961483e-03,-1.712283164967234525e-02,5.756744112047521567e-01
-3.031784177541552855e-02,6.298177771122728461e-03,8.746027890230620994e-01
-3.047145053261408193e-02,7.544310367877167349e-03,8.798678879644363793e-01
1.360596096240328798e-03,-2.874437162504120055e-02,8.038191161678380769e-01
6.559443681997588482e-03,-2.831603108155218360e-02,8.005509763676695867e-01
4.686041102572536567e-03,-2.891140288482689849e-02,8.076373188643219958e-01
1.498962648232717455e-03,3.493274846983699961e-03,2.273966242210636590e-01
-7.173652483134325929e-03,-1.232963906746798767e-02,8.455813483188383550e-01
-7.897981516383200187e-03,-1.657031648793741777e-02,8.388434539228929454e-01
-1.122293655631181192e-03,-7.934709525587547302e-03,8.416177456040211391e-01
-1.279067116604973992e-03,-1.479495612563937884e-02,8.409503760733392230e-01
-5.547380833560997329e-04,-1.055427870516995048e-02,8.476882704692847437e-01
2.704870926387181046e-02,-1.786609025584416990e-02,9.928987314219044347e-01
2.602169820470587314e-02,-1.207170572309153485e-02,9.928987314219044347e-01
3.116442880659745646e-02,-1.473763637717447408e-02,9.928987314219044347e-01
-1.236367833894885804e-02,3.840686113191201477e-03,6.930929173834260437e-01
-1.226663271537842444e-02,4.639982709781222472e-03,6.852549412906046022e-01
-9.151230140690403553e-03,-2.755678049618498146e-02,7.865108758079344398e-01
-2.496098932167705418e-03,-2.046763246266614100e-02,7.845829881337610390e-01
-1.088345404381260359e-04,-2.668864059027640026e-02,7.870695160643759181e-01
-3.386493385611903054e-03,-2.756495332118465147e-02,7.828475980405820156e-01
-8.877970503877480324e-03,-2.385410819358297491e-02,8.925384040472335023e-01
-7.230258045842707926e-03,-2.470183164838238646e-02,8.988373456934195538e-01
-4.246571981112008676e-03,-2.509305691388597631e-02,8.938536379687986866e-01
-1.505538348837241226e-02,-7.110138341384946575e-03,6.226933363140439992e-01
-1.460619663894504282e-02,-7.139471004057956760e-03,6.146795911135866097e-01
-1.713195224945579867e-02,-1.601413059739137563e-03,6.191863902866467928e-01
2.561477290576413129e-03,-1.664886959073689360e-02,9.765323450540570605e-01
-2.334014735260509735e-03,-1.226773207804127130e-02,9.726560341801961940e-01
8.715598527006858257e-04,-2.269351188003105452e-02,9.757206523493754391e-01
-4.717550404479091755e-03,1.071449845400103580e-02,8.349529935320691987e-01
8.382729107704095864e-03,1.254893826316676696e-02,8.368554599257951310e-01
8.247845353911896493e-03,2.511183842090707226e-03,8.354533936998362886e-01
2.121345293419174549e-03,7.265009101067624979e-03,8.269128849122282521e-01
1.522162480560236217e-02,9.099448910233355267e-03,8.288153513059541844e-01
2.256229047211372619e-03,1.730276352214368471e-02,8.283149511381870944e-01
5.848889259470035212e-03,-3.126058145240151465e-02,8.280325119282354596e-01
3.976364733592655833e-03,-3.115228839238039921e-02,8.238930655751104393e-01
-1.220137668591262173e-02,-1.722184701743082955e-02,7.790406948880133076e-01
-3.158981085660345078e-03,-1.635370711152224835e-02,7.795993351444547859e-01
-3.152797634753802189e-03,-2.206890523094587331e-02,7.786916039573965609e-01
5.889597965498475328e-03,-2.120076532503729211e-02,7.792502442138380392e-01
-3.815679788246441849e-03,-1.795497987980197718e-02,7.737079509680903078e-01
-2.994452281580722158e-02,1.121491510493422342e-02,8.839370695156063551e-01
-2.903679872250232441e-02,1.414096870843925720e-02,8.884909183393763232e-01
-3.004056680963949205e-02,9.616401236489080170e-03,8.943783469691510835e-01
-2.913284271633459488e-02,1.254245483999411395e-02,8.989321957929210516e-01
-2.292624933992437608e-02,9.903671268207653311e-03,8.933964684863122674e-01
6.942960525363238780e-03,-1.236747919518142377e-02,8.755786486314987016e-01
-6.788142401360536433e-04,-7.657252232398463129e-03,8.688810424419475265e-01
7.513788449251782020e-03,-1.041226647391155745e-02,8.652220603872466942e-01
1.116809746043559946e-02,-1.957108438518876184e-02,8.675891823013786031e-01
9.715741093971042713e-03,-2.582647222292226361e-02,7.651248265562018425e-01
1.145387833107090053e-02,-2.558328572266269085e-02,7.694100793015521411e-01
3.494762025812519872e-03,-2.304522459357659370e-02,7.690736072921233735e-01
4.337345654343600400e-03,-2.807889045232345518e-02,7.670572970019456926e-01
6.075482891443459085e-03,-2.783570395206388243e-02,7.713425497472959913e-01
2.256516060427892628e-02,5.009558725210945876e-03,7.356755949537592265e-01
2.150274686913013905e-02,7.159274516376944869e-03,7.414028435901595104e-01
3.205535897537743067e-02,-1.178900279207793604e-02,9.107197505659094805e-01
3.231940220229807814e-02,-1.210942884104027756e-02,9.184709315705454902e-01
2.990167446314962590e-02,-1.731082765468976159e-02,9.155007509912014285e-01
1.698064072255716815e-03,-4.446183315009445865e-03,6.969712160734216067e-01
8.231908522173878376e-03,-1.101490210865872441e-02,6.948394798780979098e-01
9.163845599384826818e-03,-1.992324593141619332e-02,7.027235658866095580e-01
4.461408416142001107e-03,-2.130735456959953478e-02,6.951072925203141128e-01
2.630001149466664606e-03,-1.335452713776691218e-02,7.048553020819332549e-01
-8.142185676138564976e-03,4.997503043558539949e-03,8.249463948854720563e-01
-1.168406224448101903e-03,1.158576811170118799e-02,8.183083524915899520e-01
-4.249194625299769837e-03,-1.115632374967176748e-03,8.207667904394777558e-01
2.724584826390694103e-03,5.472632693175471727e-03,8.141287480455956516e-01
-7.538946143167046289e-03,3.205126635666386697e-03,8.121622580188394558e-01
2.389043651130236257e-02,2.278671127356236576e-03,7.396735049604346024e-01
2.368223091431885530e-02,9.658086265892066799e-03,7.626764454787747782e-01
1.674680461095500242e-02,-2.722483901082539681e-04,7.659152946527161276e-01
2.345912832911026258e-02,3.214690161557216038e-03,7.624172712568975108e-01
1.009336615958507724e-02,-2.669954259952236203e-02,7.766822746255728216e-01
1.331461482092603614e-02,-3.687071918769829412e-03,6.120177810656872719e-01
1.242383191623927172e-02,-8.238480230201062487e-03,6.099766275979708885e-01
-1.054012917128857585e-02,-1.126803871684998321e-02,6.234323199671849558e-01
-1.372898728773005485e-02,-9.180322468001354125e-03,6.296650828177268178e-01
-1.492731134416611267e-02,-2.856055346488941757e-02,8.648194462049219045e-01
-1.600411773662861747e-02,-2.814919633612739808e-02,8.714259235982884100e-01
-2.883390453000532483e-02,2.189615565374218586e-02,9.488754706145433593e-01
-2.587171678428417526e-02,2.606741920150751346e-02,9.482786213860892044e-01
-2.804419788536170396e-02,2.374512018880114636e-02,9.549449197594919170e-01
-1.093280338471599999e-02,-9.184659458367473717e-03,8.545024765234744413e-01
-1.418185868202186638e-02,-1.380824382632836987e-02,8.510661860166776060e-01
-1.290880557845545777e-02,-1.186610174496579087e-02,8.587924874009265075e-01
-9.659750281149591389e-03,-7.242517377004892981e-03,8.622287779077233427e-01
-1.521436831107816218e-02,-4.614466012561931757e-03,6.953643073524449214e-01
-1.511732268750772684e-02,-3.815169415971910328e-03,6.875263312596234799e-01
-9.279051370258781933e-03,-5.638068596279262497e-03,6.846132436969433188e-01
-2.897645200980793201e-02,-7.425233795722756616e-03,8.857678394126088373e-01
-2.877954220240262762e-02,-1.070640642337533296e-02,8.912253390070193904e-01
-2.762186502652573539e-02,-1.382611950436824985e-02,8.870881555652490036e-01
-9.616541413692855731e-04,1.686987878730365764e-02,7.001919637859377321e-01
-3.280852296274549499e-03,3.161863823148524169e-03,6.945305396814825949e-01
-9.216169237093929309e-03,4.185466406865854909e-03,7.052816033369841975e-01
-1.233510301369447441e-02,-3.010490433384432896e-02,8.530956141314840480e-01
-1.655405766004789878e-02,-2.740609060656044177e-02,8.507759105745358319e-01
-1.238575656339097053e-02,-2.984598624774481221e-02,8.481488107624430839e-01
2.256119247937267078e-03,6.184906729068733768e-03,8.065881558777514559e-01
8.626659166656211464e-03,1.456554820510353593e-02,8.127342503505018412e-01
1.294981614457799482e-02,4.517502595623119899e-03,8.126724004726515460e-01
1.248135056612456606e-02,5.229776631516382807e-03,8.051318083048073504e-01
6.579276225859049566e-03,-3.863138880411681395e-03,8.065263059999010498e-01
-2.099226966474658160e-02,-7.373712266122529543e-04,8.824110280716698229e-01
-2.847990609407000107e-02,-5.941378592142322786e-03,8.740586260619642722e-01
-2.850849622539531128e-02,-3.844412418644264830e-03,8.660917443155536910e-01
-1.918292411472636433e-02,-1.087996141637924755e-02,8.738999833641614146e-01
-2.102085979607189181e-02,1.359594946885804567e-03,8.744441463252592417e-01
-1.138768063239186355e-02,-1.229970668471788015e-02,8.896503204541374998e-01
-1.212386897061252383e-02,-1.360533715245376349e-02,9.031785887567999049e-01
-2.108831365857884860e-02,-2.335885095057397068e-03,8.928523055252144403e-01
-2.616941147424584752e-02,-1.620588761326523242e-02,8.813359217253766698e-01
-1.227930282349952613e-02,1.648725835683746352e-02,7.991373832523556153e-01
-8.052576755771343603e-04,1.609284031985904612e-02,7.994626253277723471e-01
-9.217925899985124696e-03,6.579324766047150302e-03,8.062629138023346131e-01
-6.707332015842651721e-03,6.999924807930983650e-03,8.008571230228660465e-01
3.607824009672389032e-02,-1.353607139302905570e-02,9.813517090136105736e-01
3.229144766869428140e-02,-2.053987535063151945e-02,9.827702013127331826e-01
3.519756144197719316e-02,-1.640370822295753386e-02,9.873726962638244009e-01
-1.196408043936615997e-02,-2.995451218492356169e-02,8.601730928989121949e-01
-1.618303508571958260e-02,-2.725569845763967450e-02,8.578533893419639789e-01
-9.228286932866178877e-03,-2.580488669735163040e-02,8.561338039596120275e-01
1.533697865656914391e-02,1.199085124347477535e-03,4.365331197972317501e-01
-1.567846498018949167e-02,-1.931127912593937415e-02,8.497684120207185110e-01
-1.490618771527073977e-02,-1.804892124679779997e-02,8.443282916207321964e-01
-2.262215121880776017e-03,-2.992942048314817596e-02,8.382148460263322276e-01
-2.770686689403641448e-04,-3.023738948705552432e-02,8.403652735708058152e-01
-1.607899444886620906e-03,-2.377491770674754895e-02,8.385583247940108231e-01
-2.926704861980473915e-02,-1.033954722601804557e-02,8.454255912034911447e-01
-3.001841631970924434e-02,-3.852619388433199937e-03,8.418457027934636017e-01
-2.928230004527526686e-02,-5.623941237743199616e-03,8.470627674329702650e-01
-2.249373672761846576e-02,-1.089595755629635052e-02,8.452634342097464781e-01
-1.601373111125674667e-02,-2.507757754115062451e-02,8.345448772964741968e-01
-2.124504093087000584e-02,-1.884070306467196948e-02,8.339177882628747707e-01
-1.494218620302694735e-02,-1.484053885538530113e-02,8.289388724370878592e-01
-1.894372205404651344e-02,-2.190395826107440283e-02,8.293656131031781342e-01
-2.417503187365977607e-02,-1.566708378459574780e-02,8.287385240695788191e-01
-2.816901540485340638e-02,-5.836512383938521030e-03,8.297968535975288606e-01
-2.797902640401276828e-02,-5.187899039062078381e-03,8.244586428558571267e-01
2.737110627176685129e-02,-5.318683271902831244e-03,9.138747608323816163e-01
3.283713194734754620e-02,-6.736428927818160876e-03,9.136366489196214857e-01
3.348882562601039614e-02,-5.163013828770002429e-03,9.194884456145966389e-01
-2.277321942057612333e-02,-1.910118872871182163e-02,8.397850813462504060e-01
-2.170167451234632228e-02,-8.864150042946498248e-03,8.341790764868640684e-01
-1.564230398970471725e-02,-1.627759939748779985e-02,8.391112269812253111e-01
-1.411412549999859975e-02,-1.601711373344794770e-02,8.332439338978496757e-01
-1.518567040822840081e-02,-2.625415241921327109e-02,8.388499387572361243e-01
3.054002950694938677e-03,-3.109128733892095597e-02,9.497232758449242196e-01
1.804275337255637282e-02,-2.753002209272792378e-02,9.549320570667920727e-01
-4.067628714757328193e-03,-2.283727780883165401e-02,9.567461003669006647e-01
1.092112170710410682e-02,-1.927601256263861834e-02,9.619548815887685178e-01
6.371601850875517788e-03,-3.111291894132208261e-02,9.601669307807396692e-01
2.893860869241421038e-02,-1.819273254083014421e-02,9.083399046707674174e-01
-1.445070095905643184e-02,-2.527281035416855531e-02,7.940721762667293238e-01
-3.331668434282287344e-02,1.351738384889297415e-02,9.738736039427839941e-01
-3.491891765302639061e-02,1.098060067897321801e-02,9.787545143877247611e-01
-3.509807777233744930e-02,1.124847966641689782e-02,9.723527527152555638e-01
-3.106758049807882560e-02,4.745960250809160355e-03,9.732703232874666543e-01
-3.349584446213393213e-02,1.378526283633665396e-02,9.674718422703147969e-01
-3.586984449913296208e-02,-7.922372263080398186e-03,9.943750980716574706e-01
-3.424631538340271869e-02,-1.406915109542393461e-02,9.946570365411804282e-01
-3.544758922743335844e-02,-6.108654629882204375e-03,9.896320276255761161e-01
-3.004351526153636875e-02,-3.043000715177804696e-03,9.949749910843956879e-01
-3.509710201642601141e-02,1.120030792247244181e-02,9.838934629921525232e-01
-3.689219672356510576e-02,4.960373967034947471e-03,9.854914247201642663e-01
-3.671401236016548497e-02,4.740666723535724540e-03,9.803524761157365042e-01
-3.106660474216739118e-02,4.697788506864703471e-03,9.848110335643636137e-01
-2.233583877038607113e-02,2.778189522603292244e-02,9.846924974897020011e-01
-1.550023044368133499e-02,3.254242327212915342e-02,9.808893652408301467e-01
-2.062650344080014034e-02,2.906411473302439666e-02,9.783005627117900005e-01
1.633334549902143787e-02,-8.788571793824955652e-03,6.793914024401129792e-01
1.488497994758587913e-02,-1.681819133350022713e-02,6.744162234993479332e-01
1.446162855151958936e-02,-1.849445759869534217e-02,6.816532326769066952e-01
9.719732720943100382e-03,-1.143192440293106828e-02,6.869258090647371029e-01
8.271367169507541639e-03,-1.946154394260634149e-02,6.819506301239720569e-01
1.014308411700939015e-02,-9.755658137735956706e-03,6.796887998871783410e-01
-2.466231396308921422e-02,6.490112997245760934e-03,9.776867085999467744e-01
-2.606237334304895362e-02,-2.977455361274128180e-03,9.841211025616591890e-01
-2.624055770644857441e-02,-2.757748117774905250e-03,9.892600511660869511e-01
-1.983626692737039746e-02,-9.654236273938477872e-04,9.821357262016701117e-01
-1.106685905305553400e-02,-2.125266113328238074e-02,7.896986885814469836e-01
-1.894925795295425777e-02,-2.128386875026903879e-02,7.949450826685486859e-01
-1.598664615517675705e-02,-9.984051252304856558e-03,7.947013074664719401e-01
-2.869281123734783445e-02,1.299263241285349840e-02,9.767691380277356838e-01
-3.117712678884598104e-02,1.679719266890597126e-02,9.807810514354221576e-01
7.463278009910281202e-03,3.025268794226216446e-02,9.646248117961826463e-01
1.259822361479311439e-02,3.364454312502630773e-02,9.551814833450553710e-01
-9.927511347341483675e-04,8.259114916683117993e-03,7.863486286486325305e-01
-1.168633769836837158e-02,1.894116125196698003e-02,6.671184167259314179e-01
-9.024609292242309622e-03,2.006793093491179847e-02,6.602936602198477001e-01
-1.401705737308595046e-02,1.655921249495163547e-02,6.609577807752649026e-01
-2.057853711071933045e-02,-7.345250178620384325e-04,7.490306847028753712e-01
-1.181344511800978478e-02,7.611969266478948830e-03,7.543210810537486211e-01
-1.168516892838689612e-02,8.672311224467873364e-03,7.490800771065910801e-01
-2.479434010492955615e-02,7.444475770826023547e-03,7.449402281397001779e-01
-1.602924811222000701e-02,1.579097005516701124e-02,7.502306244905733168e-01
-2.492261629455244307e-02,6.384133812837099013e-03,7.501812320868577189e-01
-1.594224865486286447e-02,-1.541977790151462593e-02,9.822009916465392898e-01
-9.457508238454072347e-03,-1.607665050310791779e-02,9.874224427324107545e-01
-6.130438592653924407e-03,-1.632479328139638600e-02,9.771031157569127767e-01
8.962331487519873893e-03,-1.010421929465170343e-02,6.726197251240497721e-01
7.090614540018024513e-03,-1.981010509952208995e-02,6.748815553608433770e-01
2.348718709441536406e-03,-1.274757190375781779e-02,6.801541317486738958e-01
-2.337884029031877045e-02,-2.539763541515088763e-02,9.639438738848935539e-01
-2.306037768585671166e-02,-2.599953429160122703e-02,9.692548854681051207e-01
-2.724346568397977703e-02,-2.082088987283474760e-02,9.673983539373673946e-01
2.478370294330020564e-03,-5.255217021347451112e-03,9.721568713941298734e-01
-8.331368108231414302e-04,-1.146525684184333815e-02,9.628142816427889272e-01
-4.146365318677493195e-03,-1.196218165652747877e-02,6.325501745743661308e-01
5.844797591869660587e-04,-1.153709869961707171e-02,6.343669170796952805e-01
4.881813441200260825e-03,-1.102975682838387012e-02,6.286636080084072598e-01
-2.148252370213201475e-03,3.965428889300185583e-03,6.308104950338839778e-01
1.509683633358014634e-04,-1.145483978529427717e-02,6.268468655030781100e-01
-2.866892750239379006e-02,-2.304508232906619589e-02,9.844254414873494508e-01
-2.091632581973966801e-02,-2.189496933436904658e-02,9.828929610284703466e-01
-2.812625162164875126e-02,-2.219899164616640636e-02,9.789179875408482445e-01
-3.338210414551395777e-02,-1.602750597648319383e-02,9.795865950449521575e-01
-2.562950246285983918e-02,-1.487739298178604452e-02,9.780541145860730534e-01
-2.617217834360487799e-02,-1.572348366468583752e-02,9.835615685325742596e-01
-1.433228238044176317e-02,8.605526430186029654e-03,5.459272064626989884e-01
1.846551954259231104e-02,-1.932748145634973977e-02,8.228962748774759639e-01
1.302752871726432782e-02,-1.743823236162442628e-02,8.255001076529485671e-01
1.252273583468413096e-02,-1.657128254026746586e-02,8.202370505045851745e-01
1.196621254682866953e-02,-2.796554891451626806e-02,8.124696246973781566e-01
6.556744288736319343e-03,1.404606379129722058e-03,7.874727175931854894e-01
7.301610818127638597e-03,-5.219399123825673240e-03,7.972198686819773616e-01
1.173648403673324681e-02,1.185378213447177767e-02,7.953846572160154782e-01
2.978453840205856108e-03,4.828646485654741055e-03,7.972817185598277678e-01
2.941802026804352446e-03,-1.276802038367491274e-02,7.931638962800899861e-01
2.219467434535763416e-03,-1.141176014026092089e-02,8.024703335980136742e-01
-2.923620500059661686e-03,-4.264269026273322279e-03,7.986762162549214672e-01
-4.428177547324167913e-03,-1.350695745301497101e-02,7.976852941603631564e-01
-5.150512139592756944e-03,-1.215069720960097917e-02,8.069917314782868445e-01
7.149103872712571882e-04,-2.065444856700256876e-02,8.014794115034553634e-01
1.127772138374710104e-02,-2.691229247676015304e-02,8.070562506365221989e-01
5.374532265654105925e-03,-2.996465932258301351e-02,8.130506929251779535e-01
1.523669821242206422e-02,1.490453455535226991e-02,6.751195016629918388e-01
9.885068445923990768e-03,1.768016487707281190e-02,6.723144182888275422e-01
2.210402949194540181e-02,-1.600329185114660394e-02,8.189693797613777360e-01
1.700042937715238664e-02,-2.419973101490160289e-02,8.158973821699777584e-01
-7.281655270842487919e-03,-1.020033464946949048e-02,8.315584443883987653e-01
-1.251296509045574795e-02,-3.963460172990833710e-03,8.309313553547994502e-01
-8.726042219411547785e-03,-1.539374160987477119e-02,8.345383924621310179e-01
-1.395735203902480695e-02,-9.156867133396114425e-03,8.339113034285317028e-01
-6.296821106840348389e-03,-4.516662927480303777e-03,8.365308753798426089e-01
1.528615410906968008e-02,-4.007086639341082119e-04,5.365518562640938516e-01
1.497429023115173438e-02,-4.007086639341081035e-04,5.294089991212367341e-01
1.408678225908558193e-02,4.586456776916911920e-03,5.344985635957116843e-01
-1.793947546038894558e-02,-2.699389568120984934e-02,9.359257436270354003e-01
-2.257854073112668461e-02,-2.211233725448878695e-02,9.383408112314152172e-01
-2.093825806129800265e-02,-2.270747909822171118e-02,9.453769213315236231e-01
-9.025510284766589258e-03,-2.222050436269760315e-02,9.392663353309768093e-01
-1.629919279056026363e-02,-2.758903752494277356e-02,9.429618537271438061e-01
-4.987250067137826912e-03,-8.727370972651299699e-03,5.901269636429588017e-01
-2.141558034152381447e-03,-1.718352782187212990e-02,5.828678973315059020e-01
-8.941022091135383820e-03,-1.654326971826046780e-02,5.866742591010928320e-01
-5.769851975197822121e-03,-1.597098853372244665e-02,5.920237188010141205e-01
-1.032406560985404606e-02,-1.300104487191739572e-02,5.948614013384891930e-01
-1.369739165961676372e-02,-6.539575916677841001e-03,5.960408437128494885e-01
-1.166798845508516293e-02,-1.185464215356065582e-02,6.018151217497165195e-01
-1.349523572579160689e-02,-1.357332605645541861e-02,5.895119416385679045e-01
-8.882815680385340584e-03,-2.225398820992660273e-02,8.338710229314491018e-01
2.424017848696074715e-02,2.617343159297708544e-04,9.929482706704483297e-01
2.902226258213446916e-02,5.845141424333876075e-03,9.854172735699830987e-01
2.984197634000178984e-02,2.776218142273668109e-03,9.929482706704483297e-01
2.929493522803523157e-03,-1.613355348976746109e-02,9.929374674026989478e-01
8.107125710708019961e-03,-1.322644617451283061e-02,9.929374674026989478e-01
1.218509911909552296e-02,7.195206581957914148e-03,5.305071169709564272e-01
1.033426119820774966e-02,9.202244918732465154e-03,5.359422881383020254e-01
1.281534732524059958e-02,-1.426422086912414872e-02,9.926709435855012309e-01
1.204675901811279315e-02,-8.126688698928335314e-03,9.926709435855012309e-01
1.058120601026215496e-02,-1.147660446485232119e-02,9.856084109882002897e-01
7.338537403580215265e-03,-7.088914004317018944e-03,9.929374674026989478e-01
2.486989088741293347e-02,-2.613873233114392264e-02,9.811793468268853458e-01
2.043743703796562991e-02,-3.042948598932139134e-02,9.859029261351208717e-01
1.902756700973554788e-02,-3.102314912928599844e-02,9.803728042671183696e-01
-4.841408007922042532e-03,-1.608760579489488390e-02,9.939142046268560904e-01
-1.032326460659916539e-02,-2.023866085309534990e-02,9.939142046268560904e-01
-1.237660373887619278e-02,-1.395268750154742346e-02,9.935082381055546641e-01
-6.894747140199070784e-03,-9.801632443346959198e-03,9.935082381055546641e-01
-1.117710360167746379e-02,3.412794993138138812e-03,9.769118226488169299e-01
-1.017299647481314899e-02,2.796692529631381215e-03,9.830643553613596097e-01
-1.396942033220656409e-02,-1.260368673723733478e-03,9.875114369380761925e-01
-7.714423513337684626e-03,-5.733615948204878396e-03,9.825693946343927454e-01
-1.497352745907087890e-02,-6.442662102169758806e-04,9.813589042255335126e-01
2.769589485325398698e-02,-2.499928992888471660e-02,9.954879095916655540e-01
2.329449575439772324e-02,-2.887185202801453854e-02,9.945950491990642739e-01
1.962715248259046252e-02,-2.346494723635657656e-02,9.913078769360565978e-01
2.483883613682189712e-02,-2.655692389019156940e-02,9.867957865277221519e-01
-8.968397392641890703e-03,-2.192127241115057051e-02,6.905579616286509070e-01
-1.420922827882296555e-02,-1.952042231318153187e-02,6.846442757561295167e-01
-1.580026456657177697e-02,-1.870823693613578309e-02,6.913771491125446644e-01
-1.929368995982283508e-02,-2.952971946924354274e-02,9.713787654143574146e-01
-1.950645554005861482e-02,-2.975215814534272474e-02,9.780839413505540980e-01
2.685552501847493154e-03,-3.826526697161933971e-02,9.871093211587057548e-01
3.080345765070824143e-04,-3.802684482170579083e-02,9.803549025785710525e-01
-3.032027292693134125e-03,-3.792184178141068396e-02,9.863538898971644375e-01
-2.659567956627896870e-02,-1.507216829569551966e-03,7.762318986148366573e-01
-2.544538294252526867e-02,4.578134941915725301e-03,7.272664654148670582e-01
-1.385691310231419726e-02,6.651199669979747896e-03,7.306007446105756697e-01
-1.809419153857290061e-02,1.255525381857576853e-02,7.243252740392480682e-01
-3.055469552489220586e-02,-1.993793251369858910e-02,9.888572440286661491e-01
-2.515062155899521618e-02,-1.687227859899418855e-02,9.942002074874858319e-01
-2.134766400390742183e-02,-1.658702600159128737e-02,9.884852675691770951e-01
-2.503928386241793119e-02,-1.071824458331663635e-02,9.942850600816912632e-01
-3.044335782831492088e-02,-1.378389849802103689e-02,9.889420966228716914e-01
-4.820420246689498429e-03,2.197416138725699630e-02,8.417490377457079731e-01
-1.081269047484405277e-02,2.813982087589214295e-02,8.472904087815744667e-01
-1.536247638510811024e-02,2.497034167643640348e-02,8.480731834048693685e-01
-1.512472278910550506e-02,2.374843316425650358e-02,8.426792054171894364e-01
1.369377996869696607e-02,-1.450927940789449675e-03,6.834333554646907505e-01
7.503518586684918348e-03,-2.418014284700450729e-03,6.837307529117562233e-01
1.411713136476325584e-02,2.253383244056623297e-04,6.761963462871320996e-01
2.726793262241566929e-02,9.039617834481879222e-03,8.299963708509018323e-01
2.873533772928114904e-02,9.419041114155764227e-03,8.205327505212882677e-01
2.281552997296056040e-02,4.725046930930322520e-03,8.278922397639486563e-01
2.441480879193950321e-02,1.391253917836010601e-02,8.326151374224632917e-01
2.588221389880497950e-02,1.429196245803399101e-02,8.231515170928497271e-01
-1.959299497448405147e-02,3.159972055395608714e-02,9.658228511851675302e-01
1.052663307106017909e-02,-4.325867902712846047e-04,3.080411123017667840e-01
3.114348259482273978e-02,7.561937612454969031e-03,8.660948953141333062e-01
3.092662925581759689e-02,8.692315496839785396e-03,8.712798724533095118e-01
2.749620988450436621e-02,1.371935019892716115e-02,8.683936836250520930e-01
3.398910575582653193e-02,-1.182445566811019325e-02,9.291100272499048796e-01
2.807708475338963755e-02,-1.161446958365806859e-02,9.294784759278627018e-01
3.297109588096093502e-02,-1.053601374199211911e-02,9.243227282655206434e-01
3.045346732781118240e-02,-1.640010308796625502e-02,9.276312747737545106e-01
3.147147720267678278e-02,-1.768854501408433089e-02,9.324185737581386357e-01
1.738504153361482979e-02,8.612306780306434179e-03,9.350544220991199307e-01
7.057887173929046180e-03,-1.015676892500812266e-03,9.400335197862670356e-01
7.944096063389969806e-03,7.405158838753492234e-03,9.360103781577397974e-01
1.855079845982183367e-02,7.594230663016581298e-03,9.252899763067877759e-01
8.223644100136049198e-03,-2.033753009790665797e-03,9.302690739939348807e-01
1.766458957036090918e-02,-8.266050682377228771e-04,9.293131179353149030e-01
3.455182027606202438e-02,2.463104459032963798e-03,9.189341989952799494e-01
-4.832963918427315986e-03,2.762682953823194718e-02,9.872809893886256294e-01
-7.343008073881350517e-03,-1.496786530738739018e-02,6.119752281953032558e-01
-2.090172578971091072e-03,-1.691343631421581700e-02,6.112339200378278381e-01
-6.789412941374076658e-03,-1.559273689106586980e-02,6.177045628547052081e-01
1.094443245269952937e-02,4.576419611585387341e-03,9.244883325629760229e-01
6.172780930137448940e-04,-5.051564061221859754e-03,9.294674302501231278e-01
1.122398048944560876e-02,-4.862492236958770690e-03,9.187470283991712172e-01
5.390399758424217237e-03,-1.322132194469864859e-02,9.381752031622603294e-01
1.599710215485607850e-02,-1.303225012043555953e-02,9.274548013113083078e-01
8.390736147733775935e-03,-1.605006117186675435e-02,9.266531575674965548e-01
1.483134522864907635e-02,-1.201417400314570665e-02,9.372192471036404626e-01
1.994223317806607942e-02,8.307351060550249855e-03,6.223793810218281042e-01
1.788938254671717035e-02,1.130696520388952894e-02,6.279648279139868894e-01
1.617657464013196045e-02,1.236698228046040002e-02,6.213583492352579007e-01
-1.574487995305181090e-02,3.139598333690928056e-02,9.355670220775358370e-01
-1.102491252216388634e-02,3.336795403224327577e-02,9.371758475912066455e-01
-1.469245273294767125e-02,3.226171947035964827e-02,9.421812896058274767e-01
1.182176643095567484e-02,-5.401477886209379332e-03,9.019207102372672757e-01
6.889493615566020038e-03,-1.447009442121474296e-02,8.950611979565610277e-01
2.233228732790436960e-02,-8.249086527865667068e-03,8.995481323961252995e-01
2.304745331993096613e-02,-5.125755891939398710e-04,9.129781584099072589e-01
1.811518050454131307e-02,-9.581192124199304147e-03,9.061186461292010108e-01
7.604659607592620038e-03,-6.733583482543016412e-03,9.084912239703429870e-01
-6.096650172555116362e-03,1.424553345974932141e-02,6.265081741257392256e-01
-5.473195039208351986e-03,1.533695071333675275e-02,6.341623951430152006e-01
-7.069041185573260618e-03,2.366669764479553077e-03,6.288595830878962456e-01
-2.771707503559965851e-03,2.874011635712754240e-03,6.231562740166081138e-01
-1.175861357195057220e-03,1.584429258456995435e-02,6.284590860717271799e-01
-1.092876210035516500e-02,9.615406941750838724e-03,5.308860077411488021e-01
-6.551319272236877031e-03,1.218983251061791194e-02,5.349608803997092377e-01
1.881479789346714865e-02,2.537806722517406410e-02,9.155387450447118880e-01
2.199567615586647124e-02,2.313915264383445067e-02,9.119765796627183896e-01
2.419639604033785654e-02,2.145325312486875274e-02,9.174767668984236124e-01
7.140747469118073620e-03,-5.156112040156632381e-03,7.307414763811115321e-01
-1.496784876242348780e-02,1.218076594849765854e-02,5.818281079367562114e-01
-7.638930655426107857e-03,1.608587966033489178e-02,5.804993846295898319e-01
-3.776999192845362143e-03,1.880966948281558027e-02,5.831171749151663475e-01
-3.466119805937670478e-03,1.870878295280258702e-02,5.782577632811171098e-01
1.908423214336425061e-02,-1.564386579561764801e-02,6.923679666015484235e-01
1.442216990418592609e-02,-1.004781576474772335e-02,6.945420824310324370e-01
1.759640794459502514e-02,-1.522684350134530240e-02,7.002816374149092304e-01
2.050168893472517975e-02,-1.038657294439727583e-02,6.970714343093142862e-01
2.198951313349440176e-02,-1.080359523866961970e-02,6.891577634959535903e-01
2.034699840756279063e-02,-2.689570271739512297e-02,9.156743786553003250e-01
1.876907021105970325e-02,-2.787307118274832962e-02,9.102587297062765259e-01
2.454855688945387776e-02,-2.255621486271475878e-02,9.067559425349760449e-01
2.612648508595696167e-02,-2.157884639736155213e-02,9.121715914840000661e-01
2.427034812079747680e-02,2.320502798314004467e-02,9.080599152741258839e-01
2.016110760994555690e-02,2.753207337667531659e-02,9.066268162743403858e-01
1.744516349195649949e-02,1.954958748262640433e-02,9.084213081376139032e-01
2.610491666671838767e-02,1.881210725029917874e-02,9.134096786625038877e-01
7.818369545897197598e-03,-1.422988790249354180e-02,4.256716919794254483e-01
-1.468065387339109740e-02,1.808133921110071859e-02,7.234456040400246701e-01
-1.031708597610458966e-02,2.131870428380612872e-02,7.230836132675941830e-01
3.695058544541839074e-02,-1.136769363644022854e-02,9.878094681564357771e-01
3.019877705553340730e-02,-7.453360259936300802e-03,9.858470020923527644e-01
3.553615517223074338e-02,-4.996186659737911553e-03,9.878590074049795611e-01
3.591078096751096349e-02,-5.409266416169971128e-04,9.858054135275912122e-01
3.732521124069861779e-02,-6.912433618319314098e-03,9.857558742790473172e-01
3.023171972250300946e-03,-1.227360435719235254e-02,5.372211027564082197e-01
3.325655431319747557e-03,-1.200109243960223449e-02,5.308276286651920639e-01
7.605047623982997412e-03,-1.141093384367946467e-02,5.347771972332179269e-01
-2.583443656945149866e-02,-7.012604911775239050e-03,7.583701116152288257e-01
3.520872882278009569e-02,1.230611316327402845e-02,9.829130966223504906e-01
-7.454803072140949761e-03,-3.147406955039731141e-02,8.642757116288201091e-01
2.684791487295772050e-03,1.691962798626930886e-02,7.063952746874908595e-01
3.928815957276973400e-03,1.631977097094843357e-02,6.993091107714596300e-01
1.050881449741900876e-02,-1.259900317563049724e-02,9.053170023853892578e-01
1.468665100176082261e-02,-1.067658057201313800e-02,9.154664841044438672e-01
2.157785101685652518e-02,-1.539528045925367059e-02,9.028381018344736608e-01
1.025035543723233113e-02,-1.755145889640232978e-02,9.118898908712219642e-01
6.072518932890517279e-03,-1.947388150001969076e-02,9.017404091521673548e-01
-1.192984167061659009e-02,-3.326059807862219962e-03,7.276235061984288599e-01
-1.392461014693119120e-03,-9.097781461104828462e-04,7.142121510228518488e-01
-3.319532446390725637e-03,9.067481331731484795e-03,7.171893894349986587e-01
-1.067072385034309109e-02,1.090362455071440919e-03,7.201305808106177597e-01
-1.886323960406841374e-02,-1.822931080908276810e-02,7.776342952950321408e-01
-1.514241321145335870e-02,-2.093027242709412025e-02,7.720212528695276077e-01
-1.909066771470863469e-02,-1.750405443618252566e-02,7.703797736941667695e-01
9.318672165906455307e-03,8.534444008164327258e-03,3.959319053237910779e-01
1.950903078464556392e-03,5.407281477212146428e-03,3.986491081121008584e-01
-7.971192751883295416e-03,-2.742694058400619792e-02,7.791565956884924926e-01
-1.319261947212098732e-02,-2.602244808587393307e-02,7.826332102235531440e-01
1.625208634242484088e-02,-1.165866596697911345e-03,4.228975822326672684e-01
8.907164323366648095e-03,-1.599343689204671057e-02,9.189692712757442372e-01
9.722914138976013892e-03,4.955207926764878049e-03,4.646822066287086272e-01
9.007126904116421334e-03,5.602331059655461451e-03,4.588780589148637734e-01
5.569785246929825386e-03,8.852451489004986573e-03,4.637503699362813259e-01
1.331668930649077334e-02,-1.936181569382798562e-02,6.894473154387983360e-01
1.893812861825391880e-02,-1.534684751307107027e-02,6.852873238084273844e-01
4.470868758838158347e-03,-2.286831521643590062e-02,9.153926780425223342e-01
8.853241475262181581e-03,1.167578526204478967e-02,5.445923279807419748e-01
6.087461935576912557e-03,1.346167566124215065e-02,5.512671066264547282e-01
4.512872776025451602e-03,1.363976087620675029e-02,5.451033125049093986e-01
5.389633773430144159e-03,1.672123015444114055e-03,5.388966095134857248e-01
-1.601170731517525397e-02,1.985392602110401354e-03,9.940031988325215284e-01
-1.883215980050608265e-02,-1.581526090900605384e-03,9.882882589142127916e-01
-1.841587382199930817e-02,-6.866073292902730163e-03,9.942850600816912632e-01
-2.342010522111774573e-02,8.091705752361012718e-04,9.949749910843956879e-01
-3.136411717148789111e-03,-1.757238285246800341e-02,5.702310910733756621e-01
2.853160434279759707e-03,-1.640800461607227687e-02,5.712851902640989632e-01
-5.851438935042840069e-04,-1.776445850421320277e-02,5.776913620081475242e-01
-1.486618168664226997e-03,1.221937318772768101e-02,5.972727946589287962e-01
-1.291603791129890006e-03,2.010497007246742074e-02,5.949594127030384261e-01
-6.663243818495676735e-03,1.759697707827866803e-02,5.921565033241218412e-01
7.568968610320938456e-03,8.879168207704062066e-03,5.897847331112333613e-01
-2.665001574384589979e-03,-9.271276046061622568e-04,1.946629894641827285e-01
-2.407835896443036999e-02,-2.824464816049511787e-02,9.869921024348420335e-01
-2.353568308368533119e-02,-2.739855747759532834e-02,9.814846484883408273e-01
1.839873635172688216e-03,-5.077872440140619899e-04,1.933511617761403678e-01
-1.166494688227145103e-03,-3.710240661382982474e-02,9.941166506556121663e-01
3.838306491386770779e-03,-3.885867916541024120e-02,9.941166506556121663e-01
1.840452820784323554e-02,1.739372759615013739e-02,7.822753009416432146e-01
1.586630178057170729e-02,1.938389017766640327e-02,7.878266090471697236e-01
2.154113943484581989e-02,1.443444611084083659e-02,7.876359191287924943e-01
1.100109571041586222e-02,3.535520347933609336e-03,6.081237067734308610e-01
1.277283430019423606e-02,4.839470356323435397e-03,7.266391949833105324e-01
1.007395795373758340e-02,8.265761356042629349e-03,7.225538734730879709e-01
2.183675128362493056e-02,3.404027320976538325e-03,7.271210988285574661e-01
1.913787493716827964e-02,6.830318320695731409e-03,7.230357773183349046e-01
6.412338148464077903e-03,-6.761643444391040800e-03,7.221869802559097717e-01
2.202355757847675871e-02,1.434113721297809773e-03,6.270429761299338711e-01
2.081269933986922352e-02,7.621433130204841207e-03,6.324366099675564623e-01
2.233542145639470095e-02,1.434113721297809556e-03,6.341858332727909886e-01
2.235481084855604848e-03,1.068349594629951563e-02,5.081480085474161523e-01
-4.246855503459144067e-04,1.040361860743429893e-02,5.157968300444049081e-01
3.761049742722025625e-03,7.992652896842197124e-03,5.114462565924945414e-01
2.171169370055881648e-02,1.434113721297809773e-03,6.199001189870766426e-01
2.113706576432773307e-02,6.159220494327937064e-03,6.260261701308748039e-01
1.292387666406764890e-02,-8.272230979796589556e-03,4.164121467825557255e-01
1.227038670878714995e-02,-4.520406473713332700e-03,4.197818423185931680e-01
8.058165593264037668e-03,-1.537498095716023638e-04,4.183949342605599031e-01
1.322239384843706608e-02,8.118481170224983723e-03,4.162685017637177132e-01
-4.769820452024257570e-03,-1.305359891011491011e-02,6.248959535570901558e-01
-3.941780089005525803e-03,-3.049445663323764859e-03,6.154776049581405228e-01
-1.019104222109758814e-03,-1.737829708433079670e-02,6.191681964446105191e-01
1.664449866478213275e-02,8.544131530726006493e-04,4.516907224325757975e-01
1.096645792707354357e-02,-8.786600879171480830e-05,4.622182724882433202e-01
9.252718432226796075e-03,1.515534904655250635e-04,4.532611692978230078e-01
-2.416259708588154587e-02,1.994723635281532917e-02,8.449224097874892259e-01
-1.385829454346553836e-02,1.817296457581581842e-02,8.439922421160076516e-01
-1.662515121271073218e-02,1.676404897989738560e-02,8.499468439268627051e-01
-6.320848670294724678e-03,1.498977720289787312e-02,8.490166762553812418e-01
-1.362054094746293319e-02,1.695105606363591852e-02,8.385982641283278305e-01
-6.083095074292119500e-03,1.376786869071797495e-02,8.436226982677013098e-01
8.940854554308853841e-03,1.515534904655251448e-04,4.461183121549658903e-01
7.293387409269673841e-03,5.841750558912700564e-03,4.499209557244434610e-01
-3.786719656002944696e-03,5.874204544576935687e-03,2.348706112620588815e-01
-1.805497060684428494e-03,5.073169327923602104e-03,2.396456922933770384e-01
-1.374287731596374879e-02,6.415623661711917537e-03,7.674715077144304010e-01
-2.343444481329742812e-02,7.952955402325247170e-03,7.626562553624435248e-01
-5.337219972348621576e-03,1.648305168898383383e-02,7.615192035764534184e-01
-1.502878746968230005e-02,1.802038342959716433e-02,7.567039512244665422e-01
-1.132573427929247506e-02,6.951377481536946505e-03,7.603227775954412015e-01
4.834126167415675294e-03,-5.533027319177227440e-03,2.565497770982120285e-01
6.124027901037431068e-03,-8.937393500367140156e-03,5.434272370756578763e-01
-2.021910246162491112e-02,-2.455458760792965291e-03,7.602733851917256036e-01
-2.392215565201473437e-02,8.613547187267251229e-03,7.566545588207509443e-01
2.755451240744262106e-03,-1.977251459938556000e-02,6.581693699316173429e-01
-2.349573135285120112e-03,-2.115107786789382008e-02,6.552992692022834298e-01
2.038497939990003595e-03,-2.077069017998902159e-02,6.639932014011038497e-01
-3.220104995323104860e-03,-1.347652074857836127e-02,6.643911247867249070e-01
7.143522316019385379e-03,-1.939212691148076498e-02,6.668633021304376518e-01
4.209011256281824237e-03,7.977812884544490529e-03,5.179370414922317423e-01
-1.973172134730213911e-02,1.753928786668210865e-02,7.955413775035165003e-01
-2.553640124595482619e-02,9.686082364011621565e-03,7.956903740907578237e-01
-2.224231523144461209e-02,1.711868782479827183e-02,8.009471682829850669e-01
8.375016505850920931e-03,-1.444488632574944011e-02,6.184815599882333981e-01
9.790087263545329058e-04,-1.450686538503132787e-03,6.174285169041283661e-01
8.206015020541754593e-03,-2.252958197472012918e-03,6.176321857670501458e-01
2.388606343346078714e-02,2.337360218577417756e-02,9.030389844912695141e-01
-1.874558611072945843e-02,2.290455621443370643e-02,8.307145473306151162e-01
-1.831903740254909804e-02,2.281128661350857734e-02,8.244902150087584092e-01
-4.917909665542481192e-03,1.464923858389245541e-02,6.475242455802096009e-01
-6.740921760057938007e-03,1.540350675489784472e-02,6.416530227131544972e-01
-4.622573957711039426e-03,2.703818847061595105e-03,6.423850269722271022e-01
-9.042292616667921973e-03,1.268968600929863168e-02,6.444920571277164001e-01
-1.086530471118337879e-02,1.344395418030402099e-02,6.386208342606614075e-01
1.891792650075775281e-02,1.734856722834890452e-02,8.087551155432661787e-01
1.614688404467803581e-02,2.035397749047257107e-02,8.041021268587216220e-01
1.502328539969916693e-02,2.175077880813425929e-02,8.116199116805425939e-01
-4.344353465598348521e-03,-1.141560194241286567e-02,5.630541950570782106e-01
-2.517078645759467451e-04,-1.067473117515789667e-02,5.574274127925398226e-01
1.182886510772155134e-02,-1.894479339955564348e-02,6.973609862521591429e-01
5.283500654758739850e-04,-3.825218466178309518e-03,7.352897695482059071e-01
-1.414290676007275236e-04,6.123796443387764799e-03,7.449301128258510873e-01
-2.805169409651113097e-03,-7.678351345137414234e-03,7.401315065505833513e-01
-5.742397321204776965e-03,-1.024259054363718321e-02,3.911042948530183416e-01
-9.336945283569366913e-03,-1.078684064274986962e-02,3.959112637379003652e-01
5.922935456183737318e-03,-1.374648552907188105e-02,3.969787219187013161e-01
-1.492605008129900372e-02,-8.224983603239378535e-04,5.222459054951419377e-01
-1.381451062018603827e-02,-5.094660259292131156e-03,5.191805856009354958e-01
-1.463237984837944053e-02,-1.497575282644934922e-04,5.154885354889870985e-01
1.952703391279148049e-02,-1.615805241512363166e-03,6.792547607964425360e-01
2.174324804704966252e-02,-1.062971535974297985e-02,6.824498169494235267e-01
2.216659944311595576e-02,-8.953449094547868276e-03,6.752128077718646537e-01
1.575972947215313266e-02,1.078896165958646673e-02,8.599261138104554725e-01
1.753506677040290312e-02,2.322806647925761830e-02,8.623013423925514065e-01
2.615506358027493150e-02,1.303756400690917611e-02,8.634864584485196781e-01
2.661965715344990352e-02,1.212300861762963429e-02,8.578325316660078137e-01
1.799966034357787514e-02,2.231351108997807822e-02,8.566474156100395421e-01
9.682946231588700908e-03,-3.528935498038221312e-03,3.885064733804325376e-01
1.407425039637049888e-02,-5.234033528562507046e-04,3.913347967129182647e-01
1.098341433066771580e-02,-8.103883787570584363e-03,3.875288577078092600e-01
1.538817541013807327e-02,9.496700929739570335e-03,7.186287036982954568e-01
1.978891880021689531e-02,5.650582319516526432e-03,7.163553816594273593e-01
7.583376246980876034e-03,1.534856622802012807e-02,7.106538744652375339e-01
2.654031216079217291e-03,1.722317118160534427e-02,7.131153333217665757e-01
-1.696346906539087512e-02,2.467444823605235288e-02,8.540841080567824761e-01
-2.229078555687853333e-02,-1.300724640701327040e-02,7.791727388569422708e-01
-5.127001312949078932e-03,2.225256713058444691e-02,8.265345880153214253e-01
-3.571517856659747660e-03,2.841197888194371690e-02,8.323057620533511614e-01
-1.061184863626932554e-02,2.809516191569037119e-02,8.203167331299154874e-01
-1.006751397400713899e-02,2.659484766018301721e-02,8.301372048726221031e-01
3.671163232419247333e-03,2.743965721641374034e-02,8.321693156358140886e-01
8.548698267984475296e-03,2.499640247959308836e-02,8.350378647333536186e-01
1.325386390982887571e-03,2.838935759175963830e-02,8.389821994105152170e-01
-1.793389216568112149e-02,8.840218117124694006e-03,5.930083394592944313e-01
-1.529896564896296440e-02,1.222277239594224754e-02,5.878765650917538998e-01
-1.866421829035905949e-02,5.660418458821392731e-03,5.860584319592636593e-01
1.949087713344076558e-02,-1.902857920715940801e-02,8.304074145979593036e-01
1.489206990122794727e-02,-2.809196819227137085e-02,8.325984741549226076e-01
-8.499267167211927917e-03,-2.059551749581719354e-03,7.515730756678908886e-01
3.941010151205092283e-04,7.347284492748192876e-03,7.516224680716065976e-01
-8.370990977589039261e-03,-9.992097915927948201e-04,7.463320717207333477e-01
-2.808853481543572422e-02,1.417455341591254345e-02,8.418931679044017180e-01
-2.443287370267568231e-02,1.919908617051325692e-02,8.371656797622218926e-01
1.084576286849663063e-02,1.481672983416540412e-02,7.296164333954573422e-01
1.893792057923560784e-02,2.257069981669175898e-02,8.679800990586696852e-01
2.830584609086039816e-02,6.724055258660372250e-03,8.357489047889518075e-01
2.815823393626005339e-02,8.223541092820691248e-03,8.424332330548802705e-01
-2.751757900155092293e-02,-3.761923374277208101e-03,7.951930541485403570e-01
-2.332217380438782878e-02,-1.477427097820834326e-02,7.994799245754802275e-01
-2.649907227149882194e-02,-8.437824247901693983e-03,8.003996178745742540e-01
2.977325119772587445e-02,7.103478538334257256e-03,8.262852844593382429e-01
3.022957245915373209e-02,2.552235105302099426e-03,8.235000240028818030e-01
2.876216735228825233e-02,2.172811825628214420e-03,8.329636443324954787e-01
2.619934484831042132e-02,-5.975510335246852697e-03,7.809483269859500698e-01
2.511307260351232362e-02,-1.155086025197642197e-02,7.775957132108565206e-01
-2.020533395971712415e-02,-1.824686451169882373e-02,8.066650645714655843e-01
-2.441182583973582065e-02,-1.362950288260753214e-02,8.045662799972541634e-01
-1.583241810828355661e-02,-2.475646228375952274e-02,8.021302226645340427e-01
-1.496813942512465606e-02,-1.465995212592934201e-02,7.999078711925059482e-01
3.220932929378778065e-04,-2.741302565182265720e-03,8.386377975302889975e-01
-3.998238526480867028e-03,-1.078968697942554213e-02,8.331362394444716823e-01
2.620675873297359168e-03,-9.014326617127504937e-03,8.352431615949179600e-01
-2.553851577911808030e-03,-5.596280019020261412e-03,8.301562913707394298e-01
-2.675028303081205747e-02,4.704237916326439641e-04,7.374904187854296467e-01
-2.649804324606953865e-02,-6.789590486749620939e-04,7.308033957635757805e-01
-2.629442186971097870e-02,-4.265225577173027346e-03,7.354888856159074173e-01
1.198099150699863608e-03,-1.278460880568478564e-02,8.071604791821591629e-01
2.150896096918713304e-04,-7.091872605701102922e-03,8.117169783787321347e-01
2.052871962625534702e-02,-4.470772430413589779e-03,6.237524746992051394e-01
6.633838786317629473e-03,-2.531044683612112059e-02,8.333158662028612440e-01
1.869832538472573913e-04,-2.496609221736281747e-02,8.329336258010614502e-01
8.914823158130869181e-04,-3.103158528186329007e-02,8.281426477130396924e-01
2.572063197938170148e-02,1.898068145293331163e-02,9.083887478796475179e-01
2.855938949866810433e-02,1.354948112287552436e-02,9.112831841352899698e-01
-1.064122213399000712e-02,-1.452277374651466009e-02,5.698213178793012368e-01
-1.465444889974133573e-02,-8.322625158116466262e-03,5.739547872528537598e-01
-7.745511558108093657e-03,3.414000074597647871e-02,9.415045104240719054e-01
2.142654745108116612e-03,3.475367032153148239e-02,9.411774682900798661e-01
-1.732052698520543908e-03,2.765732019336118730e-02,9.340623792469779918e-01
-4.500964877563801668e-03,3.393529129974943298e-02,9.357004324567312903e-01
5.387201425652408601e-03,3.454896087530442972e-02,9.353733903227392510e-01
-2.342737379916885743e-02,-1.726388080916164275e-02,8.226778791496445198e-01
-1.853073177258694748e-02,-2.138850828509560043e-02,8.206318249534054754e-01
1.689237289326583555e-02,-2.172167765006767504e-02,7.974981701916563637e-01
1.229908966758300019e-02,-2.553944381133628830e-02,8.023661050523767102e-01
-2.828638244883863867e-02,8.776034293529240025e-04,8.001102142740007528e-01
-2.726787571878654115e-02,-3.798297444271562205e-03,8.053167780000347609e-01
7.050834601990148449e-03,-6.271214672711755006e-03,2.876951824191803508e-01
-9.209312531353101156e-03,-2.861466002756579696e-02,8.149979832824080228e-01
-7.754841079089882377e-03,-2.928386433030311098e-02,8.223879384562806649e-01
-1.362360448813497785e-02,-2.699296879288439616e-02,8.206274525197925218e-01
-1.496676897381522819e-02,-2.567477705657251336e-02,8.125345823699438030e-01
-1.885583393690136098e-02,-2.200443214877453174e-02,8.167329860225159832e-01
-1.377105258920640306e-02,-1.740171893582723173e-02,8.161861211300068808e-01
-1.451871066369731997e-02,-1.580492191126133331e-02,8.222467660499411801e-01
-1.927838984707786613e-02,-1.979171126052970547e-02,8.266924698733397747e-01
-2.659206203398938040e-02,-9.259933680912085102e-03,8.075727313198804991e-01
-1.443535266876816783e-02,-3.062174931870614847e-02,9.699198931966668269e-01
-1.922844417298899544e-02,-2.058987923839978446e-02,9.718582038899443720e-01
-1.414298284248872301e-03,-2.145824628667067791e-03,3.825608473255250885e-01
-1.545784140959537145e-03,-7.717526360518929540e-03,3.798903671168711860e-01
-1.123496474898666615e-02,5.215001622171259316e-03,3.806081189740740944e-01
3.080788780565212395e-03,2.348424719514669197e-03,3.805995824362349289e-01
-1.341858291518652907e-02,3.566509767838140551e-03,3.760486872507989853e-01
1.710087577638256390e-02,1.147074785160445178e-02,8.648333389869877763e-01
2.572087258625459227e-02,1.280245379256007409e-03,8.660184550429561590e-01
-5.374922799510893114e-03,2.946028499265621048e-02,8.152709257190893233e-01
-3.663980646215394404e-02,1.902392369307289322e-03,9.753562390939942706e-01
-3.611894133403605045e-02,-3.026293072928756128e-03,9.784803774555037581e-01
-2.468716941374417273e-02,-1.078200633333020221e-02,9.502808031464997640e-01
-3.471811573205238477e-02,-7.179898953253553012e-03,9.485529895107067677e-01
-2.938635886579263334e-02,-1.680103824573429133e-02,9.538017608503213118e-01
-2.281056054095163127e-02,-8.864785783269322691e-03,9.560224603206989302e-01
-3.284150685925984331e-02,-5.262678403192673493e-03,9.542946466849058229e-01
1.355568039592241689e-02,-2.051832188822404202e-02,9.913078769360565978e-01
1.860014142342452520e-02,-1.767056270360393977e-02,9.913078769360565978e-01
1.836326801626858227e-02,-3.215752279313612710e-02,9.945950491990642739e-01
3.815660690974477520e-03,1.221542464063479078e-02,3.844934256764847014e-01
-6.794263738396071756e-04,7.721175292453053354e-03,3.864546905657748610e-01
6.210417252394094534e-04,3.146227002920690304e-03,3.854770748931515278e-01
5.116128790053494149e-03,7.640476351102427725e-03,3.835158100038614237e-01
-1.639727203183617352e-02,-2.767629461234745458e-03,6.370942366099781040e-01
-1.708696494073708855e-02,2.757358717665074621e-03,6.366708919591387295e-01
-1.526395284622163347e-02,2.003090546659685306e-03,6.425421148261938331e-01
-1.457425993732071844e-02,-3.521897632240134340e-03,6.429654594770332077e-01
-5.598423304462885400e-03,2.691256734333982714e-02,7.773516117089180888e-01
-5.651972520869840214e-03,2.715454673445183431e-02,7.829822251933578059e-01
1.602976069547655188e-02,-1.876848017856353606e-02,9.839788205215578287e-01
1.132153908094397227e-02,-1.773070548395221796e-02,9.842453443387555456e-01
8.010031975790810055e-03,-2.394074530444810500e-02,9.749027545874147105e-01
7.269698905108991881e-03,-1.768664428534821170e-02,9.762658212368593436e-01
1.555872489568056478e-03,3.088254812757306594e-02,9.709566512882148448e-01
-7.314803835008561357e-04,3.023903449406895039e-02,9.634470365138809722e-01
-5.628970253979303368e-03,2.894613310034792331e-02,9.696993670017209910e-01
-6.884074482767772382e-03,-3.675898142362117593e-02,9.933612193940708490e-01
-5.553817025346300534e-03,-1.819816638006155340e-02,7.694226982227400091e-01
-6.520557154371419469e-04,-1.324452615567266352e-02,7.665880891448687562e-01
-7.962497529496103885e-03,-8.154281441898045268e-03,7.712224328208356905e-01
1.086081521662716522e-03,-1.300133965541308903e-02,7.708733418902190548e-01
1.403106262138462731e-03,2.368351590806185708e-02,7.639298409217616381e-01
-4.236132589344775330e-03,2.443491763503118086e-02,7.614486314828435853e-01
-1.818989552673502038e-03,2.497067145485621156e-02,7.542999013638543859e-01
3.820249298809736457e-03,2.421926972788688431e-02,7.567811108027724387e-01
-1.377769373136253882e-02,7.543595557950024018e-03,6.450769205988436950e-01
-1.560070582587799563e-02,8.297863728955412466e-03,6.392056977317885913e-01
-2.626062433253945755e-02,-1.108338571799698247e-02,8.134466215519716714e-01
-2.723136832952185310e-02,-6.784696063627975067e-03,8.183979979359228274e-01
-2.693643801733661136e-02,-5.621749481356458703e-03,8.111906682321259332e-01
-2.075762397911668639e-02,-2.516553721329620186e-02,9.187079650608164227e-01
-1.849579894560255539e-02,-2.599338106308433927e-02,9.114859107784891723e-01
-1.378764318888068933e-02,1.056827903529934838e-02,6.337542095990187363e-01
-1.641250765709850387e-02,5.352369115800829913e-03,6.315424575842805144e-01
-1.655375252338811901e-02,-1.166271323028248439e-03,5.738810557950699831e-01
-8.501309666074072929e-03,-2.724229004442177415e-03,5.795272371618953589e-01
-1.164771248163807421e-02,2.445870695681740675e-02,7.948222143213250490e-01
-1.415830636578054719e-02,2.403810691493357340e-02,8.002280051007936157e-01
-3.388991686368105632e-03,2.108256964305571524e-02,7.953684433965495515e-01
-5.899585570510578608e-03,2.066196960117187842e-02,8.007742341760180071e-01
-5.267995228649125818e-03,2.863341820115182512e-02,7.964590652449876629e-01
2.605766509308342707e-02,2.484276460312539059e-03,7.793078731217721877e-01
-7.462550443636160880e-03,-3.205636816812336420e-02,9.538983893437237294e-01
-7.336983093414789839e-03,-3.173626180204526526e-02,9.461718457641339342e-01
-3.073300926242277485e-03,-3.219936543778976340e-02,9.495670435601084591e-01
9.152750025942277268e-03,1.684351145766844332e-02,7.912904752847926826e-01
1.972517449320849992e-02,1.692993738394754991e-02,7.942931258920793436e-01
1.356315003388706628e-02,2.534370681366923672e-02,8.000079449274988264e-01
-1.139606392124727433e-02,-3.158345881622062583e-03,7.673314527381913663e-01
-2.990406577632146682e-03,6.909082145649851972e-03,7.613791486002143838e-01
1.411699826404205771e-02,2.072831679378216250e-03,5.523447532493910295e-01
2.272408683176924127e-02,-3.556152764314925076e-03,6.646486252027054009e-01
2.162250313460924861e-02,2.497632756300520538e-03,6.696050615518138738e-01
2.174203480432016986e-02,1.397423216461107353e-03,6.625069054347114683e-01
-7.212799394340984119e-03,1.168067101108502190e-02,3.885518373598005337e-01
-3.275647938206117937e-02,8.671730986402535063e-03,9.580836709309397126e-01
-3.312695898408829498e-02,6.718741715484591141e-03,9.524981885673011739e-01
1.324034372878296270e-02,-1.873477106110141635e-02,7.194643494948314011e-01
3.237713731657103963e-04,-2.762438870410816212e-03,7.586311432143566513e-01
-8.011556328494618198e-03,-2.720143534523721679e-03,7.575747722095835801e-01
1.217116829586142174e-02,9.458977646970128869e-03,6.158023758318984520e-01
5.598260148985071544e-03,1.475067448701339323e-02,6.173298882561164547e-01
4.428187563539511158e-03,8.827217187976873700e-03,6.096512191976488637e-01
5.027970303086600617e-03,1.045792539489194539e-02,7.707846971123507585e-01
3.964471298848505632e-03,5.217124084158603764e-03,7.637985312358079870e-01
6.381614335519779357e-03,5.752877903983632732e-03,7.566498011168187876e-01
7.445113339757874343e-03,1.099367921471697436e-02,7.636359669933615590e-01
-1.111010141582486829e-02,4.571908423643816603e-03,9.265506173223476694e-01
-1.026852651897201991e-02,8.752224595036300903e-03,9.311734132688203047e-01
-1.772014959510923721e-02,8.591396007426976844e-03,9.294216309392456798e-01
-3.020768317991731969e-03,1.254956088599693334e-03,9.346459377484046538e-01
-7.162135647141461108e-03,-8.446312753855768699e-03,9.302663124413954598e-01
-7.960384800664474861e-03,-2.162771122806651097e-02,9.215112117098920308e-01
5.559235214308446901e-03,4.341375450208247166e-03,2.086047031817460928e-01
-7.921401004314737593e-03,3.291148609139005893e-02,9.581633685008150714e-01
-5.856984659275540385e-03,3.291808005142295157e-02,9.515836220156597136e-01
5.113674431335438197e-03,-1.537408495016068244e-02,5.780113861938279696e-01
-2.533987012155381607e-02,2.801326274411869779e-02,9.954312533209577207e-01
-2.920658282345001827e-02,2.427253117274068631e-02,9.954312533209577207e-01
-1.206178547709752837e-02,-4.150936841533748103e-03,3.861771162063883378e-01
2.122482195743685338e-03,-1.258921547604219954e-02,3.834980994598952697e-01
-1.251201191449533880e-02,-8.532806947395013769e-04,8.010061196101073699e-01
-1.149350518444323954e-02,-5.529181568363987151e-03,8.062126833361413780e-01
-1.077117059217464964e-02,-6.885441811777978996e-03,7.969062460182176899e-01
3.719743538610760340e-04,-4.724248828717945298e-03,5.747391746979804150e-01
-6.253533650228751406e-03,-4.304732611816328852e-03,5.672475372800233062e-01
-8.359673945884833757e-04,1.432532081337194174e-03,5.675622786816829635e-01
4.849077329992961156e-03,2.579339611596008150e-03,5.613002827277828732e-01
-5.684889256473073076e-04,-3.157925081557514876e-03,5.609855413261232160e-01
1.939817459004864256e-02,8.656705988001247437e-03,6.160060446948203428e-01
-2.408587203183236436e-02,-1.505852834569923297e-02,9.607372048324810399e-01
-2.754102002529958126e-02,-3.520168503157613399e-03,9.612300906670656619e-01
-3.411681835014057640e-02,-1.145642096562258377e-02,9.590093911966879325e-01
1.088987133229949583e-02,9.951953705054082319e-03,5.709587073662629741e-01
7.027925215085295899e-03,1.189535191408172023e-02,5.650207399983119272e-01
-2.799640121982633484e-02,-1.138643957021404432e-02,8.774640363566166279e-01
-2.505127926611686040e-02,-1.750362175620760394e-02,8.759734757813752992e-01
7.103414584447896932e-03,2.782002548775949768e-02,8.805284554519010598e-01
4.559710098629370101e-03,2.825702053390884844e-02,8.878014642869694883e-01
1.375011146863740555e-02,-3.309041478295417227e-02,9.784017102455324633e-01
1.814445696022309873e-02,-3.113596051163941558e-02,9.728997374832977219e-01
9.384395169855539592e-03,-3.005412461842409122e-02,9.651867381985992367e-01
4.990049678269846412e-03,-3.200857888973884791e-02,9.706887109608339781e-01
3.149573211087323531e-03,4.305602205937463650e-04,3.906036201744582659e-01
-3.676018914348426047e-03,1.237280163709888851e-03,3.894890894941707149e-01
3.873749616141533743e-03,2.779940392475992866e-02,7.844318664510557815e-01
-1.599028117706038660e-03,2.824317124003006968e-02,7.869463028868683985e-01
-5.715152224634422861e-04,2.804021226428591446e-02,7.806710707179460584e-01
1.165770904679984052e-02,3.315407309673773506e-02,9.357841330224794252e-01
1.073725020901216028e-02,3.328945216040311850e-02,9.313224541160631809e-01
1.668902991246783846e-02,9.478872189907240273e-03,8.193517309763405088e-01
1.828830873144677779e-02,1.866636443733702549e-02,8.240746286348552552e-01
2.408236165932438159e-03,5.701577067546165917e-03,3.582491160994064616e-01
7.657161450130899570e-03,7.985158648822822738e-03,3.614895110411738832e-01
-1.149485461174754725e-02,-3.542740764134165443e-02,9.953271064408565350e-01
-1.029399831858703387e-02,2.538042104701652979e-02,8.921806900434385845e-01
-1.677427084722367054e-02,1.564352975050349939e-02,8.929182341333408157e-01
-1.654202080512000989e-02,1.804204869627553873e-02,9.031002018499546535e-01
-1.640356424295914481e-02,2.980711695380190013e-02,8.992468723519155827e-01
-1.663581428506280199e-02,2.740859800802986426e-02,8.890649046353017448e-01
-2.382854096893611412e-02,1.361782750027276841e-02,9.569386475562269290e-01
-3.031931181657844879e-02,1.961598442740300485e-02,9.585069723318830892e-01
-3.524699542354670090e-02,9.841863575892806706e-03,9.632602786607965539e-01
-2.631905701042163218e-02,1.478796008976304005e-02,9.621152552860838814e-01
-2.875622457590436276e-02,3.843706648762568959e-03,9.616919538851405047e-01
2.634721726581700646e-02,-2.228664771244950535e-02,9.560840333746183362e-01
2.898108353185484265e-02,-1.847751451676189066e-02,9.509633124105398849e-01
2.940740652990261883e-02,-1.821712558444167282e-02,9.563670084284969786e-01
1.603254602471808907e-03,2.369801999522183969e-02,7.901663863402397237e-01
-6.655466192798159021e-03,2.707415730898353468e-02,7.896201572650152212e-01
2.011693652919193526e-02,-1.908488544766635472e-02,7.810779818611606196e-01
2.329450954197970214e-02,-1.554222530380569914e-02,7.811550112910949917e-01
-1.347756267632416963e-03,1.562217608055039252e-02,6.393468616555719741e-01
1.172942062641902684e-03,-3.319888802061265499e-03,2.684922329861779700e-01
-1.023762364587479240e-03,-7.633369142822145695e-03,2.633683522304907099e-01
2.857354106152950463e-03,-2.722215554922078826e-03,3.873919427001450422e-01
-7.137994706158773753e-03,2.408897923921880790e-02,7.569752467239482252e-01
-7.549418321552564537e-03,2.368175355242837371e-02,7.516325777594725643e-01
-1.208814530500302090e-02,2.105183087751887061e-02,7.537200482102068833e-01
-5.986622649952116036e-03,-4.134369750500057651e-03,2.398936650509235768e-01
-2.420558345186234542e-02,-2.645853370467069615e-02,9.747821886601300001e-01
-2.838867144998541425e-02,-2.127988928590422019e-02,9.729256571293921629e-01
1.093832134200410297e-02,-1.975030039633189280e-02,7.272350840664174587e-01
6.726294518051862542e-03,-1.985451871377441613e-02,7.229489755192264333e-01
2.008207225217528008e-02,-2.742425892483590227e-02,9.208370135288443947e-01
2.402228697075415795e-02,-2.329037450704798604e-02,9.252822652500796163e-01
1.963199750364303178e-02,-2.810901434909304775e-02,9.265134944317016119e-01
6.311284693564980959e-03,-4.356845459175375489e-03,7.636584762595688414e-01
-1.029128732645318706e-02,-5.844101940725293654e-04,3.726241080203694378e-01
-1.265171320612170844e-02,-4.684897238313936660e-03,3.714259846704648926e-01
1.057955703741384965e-02,7.329238994555031502e-04,4.848795324790412531e-01
8.269736633710510904e-03,-6.007372039957170791e-03,4.867977351776531236e-01
8.785598694911004106e-03,-4.793105644115619977e-03,4.802025766153906194e-01
-3.081438769115345949e-02,4.814322567542294630e-03,8.863120023737066644e-01
-2.863351485126855445e-02,-4.695245995387883897e-03,8.793237250033385521e-01
-5.110637778566571796e-03,-7.166602457908687746e-03,2.759066539472649349e-01
1.290618836322971440e-02,-3.825216691197168284e-03,8.750816554528439983e-01
2.109879105261755136e-02,-6.580230932710262604e-03,8.714226733981431661e-01
2.573981372145638102e-02,2.483919595709828919e-03,8.772531632920430589e-01
1.977658588358990541e-02,-6.058342908274426571e-03,8.777501564706976511e-01
1.158398319420206844e-02,-3.303328666761332251e-03,8.814091385253984834e-01
-1.367710198304077085e-02,-4.659874886012236282e-03,5.123804187272242849e-01
-1.121020951479174098e-02,-8.555612548139751236e-03,5.156750540995258536e-01
-3.555571378112627138e-03,1.023927068270372859e-02,4.975077967936635259e-01
-8.003799296332299654e-03,7.899061183614249429e-03,4.992448535998620374e-01
-7.299161123422367135e-03,8.812973287026855396e-03,4.910505382755522286e-01
-7.522677965023352644e-04,5.519356954984059715e-04,4.922390945681075491e-01
-2.850933205202694620e-03,1.115318278611633455e-02,4.893134814693537171e-01
6.440217070684609024e-03,9.059894424241047434e-03,4.834612652751278938e-01
9.387093833501204687e-03,5.387245616747173872e-03,4.824878364693342414e-01
7.368260061668641288e-03,7.898059136936343150e-03,4.778109926784613326e-01
1.576531855235784388e-02,3.076394756037675871e-02,9.323821397988869553e-01
1.325298867687627405e-02,3.193522873473939039e-02,9.255208778382089108e-01
-9.643554234401517655e-03,-2.101277201541061537e-03,2.840233320780137793e-01
2.728537034920909543e-03,2.355753375794397697e-02,9.278844967490523787e-01
1.311314055921762286e-03,2.937105731022158356e-02,9.219708993689682552e-01
6.738890625696518887e-03,3.408451332119379756e-02,9.278217397329018290e-01
6.047325698818183104e-03,2.754652000109547236e-02,9.242435596716201962e-01
4.630102719819036497e-03,3.336004355337307548e-02,9.183299622915360727e-01
6.197491290434269367e-04,2.283306399012325835e-02,9.183927193076866224e-01
1.850372958521526862e-02,1.081338118903859072e-02,8.705120956531060550e-01
1.947894157909992735e-02,2.237122714313891092e-02,8.742127682380896880e-01
2.803723088436868571e-02,1.351987752537431482e-02,8.746263528044722069e-01
-1.582102594462930084e-02,1.747481555437271211e-02,9.815981546542266178e-01
-1.187901297877538148e-02,1.346793945840305158e-02,9.770482280890320226e-01
-4.060001552744531284e-04,-3.030346582162569968e-02,9.046452379452865067e-01
-1.510964467199773370e-02,2.223089441248631351e-02,7.898248214863210492e-01
-1.064421880970975454e-02,2.453909638228570986e-02,7.881842822496676337e-01
-1.023614283237211757e-02,2.865790379180772722e-03,4.809699926381951762e-01
-1.016742283156808931e-02,4.222161880369271723e-03,4.877100538845783317e-01
-1.045738408949227483e-02,-1.073677247612980345e-03,4.845463123482157686e-01
-7.610807098989663504e-03,5.359016283161850171e-03,4.667567884257451949e-01
-9.203318021782572536e-03,-1.255614815104342478e-03,4.685667203859074093e-01
-9.225514186876535710e-03,2.045000470933554682e-03,4.725944469331115894e-01
1.383438790013768668e-02,2.672262363475344515e-02,8.719111782176776071e-01
1.921541131835770300e-02,3.173781638836647989e-02,9.756679907692340503e-01
1.422883691915201310e-02,3.394630575165797498e-02,9.802358061712598269e-01
-5.686561638697367263e-03,-8.280696406565760809e-03,3.078828675892885114e-01
-6.106667125916365527e-03,2.290205970863237045e-02,7.267853454782169376e-01
9.695792286317636219e-03,-3.918643112077035452e-03,7.539017957309610551e-01
-2.724870302705425379e-02,6.429664140950806447e-03,7.991041924038307931e-01
-2.395461701254403969e-02,1.386226960173745845e-02,8.043609865960580363e-01
1.357725533334035867e-02,2.808864656730219317e-02,9.668459243891789345e-01
8.590680934134665298e-03,3.029713593059368132e-02,9.714137397912046001e-01
1.753718226769286626e-02,-1.546987646666192137e-02,7.325182795264802982e-01
2.028479766942548751e-02,-1.410217133968945727e-02,7.288606748037773642e-01
-2.372435466256582123e-02,4.404330053692219644e-03,6.811978757018806174e-01
-1.788608334531687633e-02,2.581430873384867042e-03,6.782847881392004563e-01
-2.315581446838312074e-02,-1.276956967417456571e-03,6.832071045828485012e-01
-1.731754315113417583e-02,-3.099856147724808740e-03,6.802940170201683401e-01
-1.281889087479318526e-02,3.161858469766902491e-02,9.644156989886550901e-01
-1.363976487023902187e-02,3.091186489605362783e-02,9.581700739015406310e-01
-1.461726930376251385e-02,2.458094508498618116e-02,9.559547967606579766e-01
1.920454477152359896e-02,3.090395788353763815e-02,9.516482839338561428e-01
1.390292760148268900e-02,3.298036612948400392e-02,9.473326963984143312e-01
6.322765957195401222e-03,-2.766575441616198321e-03,6.766616781486275434e-01
6.918703723341891165e-04,-7.882220438095584661e-03,6.687897333719683424e-01
5.846670249577572143e-03,2.447337180961781967e-03,6.723663545350506698e-01
-5.597040607191404102e-03,2.129798542377533271e-02,6.657752685498060652e-01
-6.558681940274225033e-03,8.207659125586973942e-03,6.708837861392074053e-01
-1.155601715622362434e-02,1.355058565585387509e-02,6.785764843146484537e-01
-1.068892247897130880e-02,1.172891021935841029e-02,6.496030986178001898e-01
-4.744282172807277008e-03,7.773892698878142118e-03,6.538409841948863432e-01
-1.263364278858300320e-02,1.755325224218034705e-02,6.551878329734043271e-01
-1.098701292627961637e-02,1.851402803212056844e-02,6.500767914833205374e-01
3.078818673337090604e-03,-1.061477632335014465e-02,7.270287172582873270e-01
3.807227993991086322e-03,-9.009244919115737965e-03,7.355832133834890874e-01
-1.414821709457511970e-02,-1.951012803762581030e-02,7.342105852590606885e-01
-7.654856123596278858e-03,-2.233968381405535691e-02,7.345479504060872245e-01
-1.014011922116400503e-02,-2.191659680369258123e-02,7.400923757499493494e-01
-1.820035745057577148e-02,-2.234323616022666076e-02,7.826179482843385049e-01
-1.492233643842088078e-02,-2.535592158946090025e-02,7.883978355626019008e-01
-3.176286912625890611e-03,3.128325508692243739e-02,9.433057301177600884e-01
-7.050994356254550698e-03,2.418690495875214230e-02,9.361906410746581031e-01
-5.162467457421997426e-03,2.296498426419860822e-02,9.462697526662459113e-01
-9.731692102904200906e-03,2.582172992325265648e-02,9.444685329725577283e-01
-2.228428525683352063e-02,-2.638278723463298100e-02,9.475754182546582971e-01
-1.925879841200338338e-02,-2.866273362604652292e-02,9.541475761001316780e-01
-2.405440907036807130e-02,-2.516043921318500409e-02,9.529598411020554494e-01
3.344816276293474666e-03,1.438460134503702359e-02,6.499213177587870316e-01
4.752558268830400692e-04,1.486790790954500320e-02,6.452180845226269668e-01
6.012622729369828875e-03,1.282479438100294841e-02,6.442623724479065173e-01
1.893365084856791711e-02,1.059402288702074313e-02,6.802343838806582665e-01
2.039638517936271517e-02,3.781491088720580467e-03,6.758334353701404007e-01
1.898293760428477334e-02,9.835276609336026515e-03,6.736470145763916451e-01
1.148601424118972543e-02,3.470542458319820361e-02,9.857229786049562792e-01
9.150711437679726404e-03,-1.333696316082623630e-02,6.109753466506171460e-01
8.320632377787288980e-03,-1.374356545127402608e-02,6.052243280992046781e-01
3.486251932384060257e-03,-1.642456987668821158e-02,6.079264765301068962e-01
9.552998061308170391e-03,-2.559020433184496998e-02,7.585609352673061689e-01
8.719965197714785177e-03,-1.440073039733888276e-02,7.618587416614732710e-01
1.651633847031029265e-02,-1.670252363534768109e-02,7.556313223820063651e-01
1.043916931635944720e-02,-2.514514701573209929e-02,7.518162882525732948e-01
9.606136452766061984e-03,-1.395567308122601206e-02,7.551140946467402859e-01
-2.337622465378833697e-03,-1.841907567842751905e-02,7.224670716739794996e-01
1.874404358573406298e-03,-1.831485736098499573e-02,7.267531802211706360e-01
-1.459115116553581001e-03,-2.216799023994410131e-02,7.315949172235480802e-01
-5.671141940505820996e-03,-2.227220855738662464e-02,7.273088086763570548e-01
-1.310553215438329047e-02,-8.088905214413922781e-03,6.373193038350026818e-01
-1.128252005986783366e-02,-8.843173385419312096e-03,6.431905267020576744e-01
1.010882399490226069e-02,-1.079615917321549712e-02,5.932864974209535180e-01
1.738966110057858783e-02,-4.967832120582322056e-03,5.929987979725335201e-01
1.791447237479435253e-02,-4.546385052327238038e-03,5.985845864595280563e-01
1.063363526911802540e-02,-1.037471210496041310e-02,5.988722859079480543e-01
-2.043192868217370492e-05,-1.573783138568411559e-03,9.231238921536408792e-01
7.306386041694051640e-03,1.088293976140694043e-02,9.296668400612575489e-01
1.144867326010035914e-02,3.638181730697786012e-03,9.158582280906757411e-01
1.877549123047658405e-02,1.609490463067313887e-02,9.224011759982922998e-01
7.810626849094881412e-03,9.944701880519338233e-03,9.210367355889571561e-01
4.592874737347281584e-04,5.481887229290899159e-03,9.199895205202390791e-01
-3.178758937270748704e-03,1.178840737911245225e-02,9.251680280185206051e-01
8.290346251511784142e-03,1.700037224837865069e-02,9.179023639555553560e-01
8.652235981625139988e-03,7.185007286213232133e-03,4.896620265186014676e-01
-1.023057820503813463e-02,-9.197730098274759306e-03,8.725853661519752391e-01
-4.416582830960971533e-03,-1.414490223654737543e-03,8.650639837317870562e-01
-1.339751887197450884e-02,-9.997553682611673952e-04,8.584117191975627614e-01
-3.845754907072428293e-03,5.407224976151283474e-04,8.547073954875350488e-01
-2.143157116093993148e-02,2.198299997995866589e-02,9.319575609556622897e-01
-2.361531743168568398e-02,2.017223482028062537e-02,9.366198603503631537e-01
-2.519192063377441448e-02,1.774611861630782939e-02,9.306219744495380919e-01
2.959371688442865439e-02,1.469587996571384940e-02,9.924690028995346580e-01
3.260465846102567067e-02,2.061616588893032398e-02,9.926452040698162671e-01
-2.742177292541377737e-02,-2.513450766145386775e-02,9.897262466994827257e-01
2.413312853010638609e-02,8.996079030808092764e-03,9.142665048186134902e-01
2.327214609058571998e-02,7.988098378462616181e-03,9.100893581014117828e-01
1.905503926722266345e-02,6.655992782128979969e-03,9.166598718344873831e-01
-1.669190325038217779e-02,3.787122796318065279e-03,5.501496125626610390e-01
-1.510470718653987923e-02,8.017415899873509000e-03,5.527261507694284370e-01
7.829352378247370417e-03,1.767090485113540291e-03,9.056024236618475109e-01
-2.970356792108414662e-02,-1.398115257958964033e-02,9.321638494067132630e-01
-2.501203109854522461e-02,-1.064827852248574971e-02,9.276843958082483521e-01
-1.577716512649313466e-02,-2.818412421010400501e-02,9.303613768183023325e-01
-1.302991511088421976e-02,-2.978643674122101459e-02,9.350819430213270778e-01
-2.192585916251153788e-02,3.167328281939747747e-02,9.954312533209577207e-01
1.878288936810226448e-02,2.383565017345325165e-02,9.643942407069391320e-01
2.442104535311961228e-02,2.748481999451753838e-02,9.732163070869943589e-01
-4.162614585612732163e-03,-1.367626527100643079e-02,4.325717450357509097e-01
-1.263220904361212100e-02,-6.507343963958026750e-03,4.349453368875667025e-01
-5.353736505919970412e-03,-6.313380049812127026e-03,4.338214028322059379e-01
-7.925876774540199440e-03,-1.519687986940223244e-02,4.453072959202688530e-01
-2.606084064702759301e-02,-9.569449649008285319e-03,9.836464211267798019e-01
-2.080498812316238302e-02,-1.574093531869149784e-02,9.829778136226758889e-01
-9.676225677240095704e-03,4.215270229336071962e-03,9.670700701114096631e-01
-9.593118680993703573e-03,-7.178382340053369656e-03,9.714455437713369612e-01
-1.063038201340796643e-02,1.162757879150312645e-02,9.234162456889458692e-01
-1.556820845246735703e-02,1.579167153470028076e-02,9.197540244004687171e-01
-7.636865973913237009e-03,2.300817049016891380e-02,9.183714350966416529e-01
-1.286066643430524604e-02,1.357461757336713565e-02,9.129357011624879004e-01
-1.779849287336463665e-02,1.773871031656428995e-02,9.092734798740106372e-01
-2.079200891285936520e-02,6.358118617898500871e-03,9.143182904663149646e-01
-3.149299979043006757e-04,2.944597660705848552e-02,9.935335008543778601e-01
-9.111069119938815242e-03,5.177299271333654120e-03,4.485756389718111858e-01
-1.067103739305024813e-02,-2.346723048366602330e-04,4.526190679317501631e-01
-9.324546593836410130e-03,5.598435782419089284e-03,4.577996852353248824e-01
6.998552186545322490e-03,1.608817181508413741e-02,9.755729973028299806e-01
1.263670817156266855e-02,1.973734163614843107e-02,9.843950636828852074e-01
-1.651869549530934900e-02,3.238001783506085085e-02,9.877926051525016682e-01
-5.408524685940407396e-03,3.331886678583120126e-02,8.962717313859711599e-01
-6.464662325992452576e-04,2.675180985286407243e-02,8.931475364009255902e-01
-8.090184122558216010e-04,2.699235018347175691e-02,8.987426277084927806e-01
-1.975354989301739833e-02,1.769184745114118010e-03,7.186929585125612086e-01
-2.609668749491145592e-02,-2.647724894903555944e-03,7.245106589444104683e-01
-1.555930683898798517e-02,-2.314432331518188283e-04,7.110993037688334573e-01
-2.464213288166229587e-02,4.473790568908582628e-04,7.096616814707769061e-01
1.347157368913448616e-02,3.619422073017227424e-03,6.586769136826302606e-01
1.335204201942356318e-02,4.719631612856640610e-03,6.657750697997324441e-01
8.507670549694638928e-03,-6.763041615756658353e-03,3.165672780500919381e-01
-1.959421757590223273e-02,-5.588554344657288737e-03,9.168611183543349252e-01
-2.731677044408806210e-02,-1.041653221540219179e-02,8.329023933413092218e-01
-1.548553052873092445e-02,-9.417352797435968315e-03,8.397785965119073381e-01
2.567280617939902976e-02,-1.031466291074323478e-02,8.225141712210530809e-01
2.317385931116682299e-02,-1.523354254844224570e-02,8.266150358027599676e-01
2.615251487023109722e-02,-1.002543417907439047e-02,8.306966387321268463e-01
1.549175097815259569e-02,2.103850477224099638e-02,8.191605038483867895e-01
1.138872449262859354e-02,2.311981837187402494e-02,8.127623108629953297e-01
8.662554504461728727e-03,2.427116208036641382e-02,8.184195807539582646e-01
1.781821513373106625e-02,-1.023960317678989859e-02,8.314572860765464535e-01
1.142452520278436877e-02,-1.811181765128659291e-02,8.392730446264591304e-01
1.123264601853044865e-02,-1.624705785100915775e-02,8.311248066458979400e-01
1.309718720249406811e-02,-2.690079368165610232e-02,8.382231731478719805e-01
1.968275631769468570e-02,-2.089333900743684316e-02,8.385556525785204940e-01
-2.057729066409430194e-02,1.319932428623508784e-02,7.115378179420102089e-01
-1.149446462141999296e-02,1.252050199619241140e-02,7.129754402400667601e-01
-1.240235848906503374e-02,9.746303621774161235e-03,7.157517671369421075e-01
3.126847005636753957e-03,3.016380854692705428e-03,8.914279496798760416e-01
1.363736790258544655e-02,1.687722130364176926e-04,8.890553718387340654e-01
4.668544961427564463e-03,1.615003680789908747e-02,8.907681956760051811e-01
8.431191571356830977e-03,-1.336438468008361788e-03,8.944014439526901672e-01
-2.079329325591861618e-03,1.511170173647925948e-03,8.967740217938322544e-01
2.346703877518740988e-02,1.170525833458007509e-02,7.934734691847367127e-01
2.421190530457872914e-02,5.081252831624678487e-03,8.032206202735285849e-01
1.988874832665694578e-02,1.512929844110509278e-02,8.032824701513789911e-01
-2.700117259866558102e-03,-1.809720384990782735e-02,7.157503078609971370e-01
-7.819615208291351427e-03,-1.689624278159666468e-02,7.191717725817513562e-01
-1.538649623528203468e-02,5.839538501617291127e-04,8.103922877821356785e-01
6.585629528410815933e-03,1.288768870333698371e-03,8.178630728514826309e-01
-6.410774491810893386e-04,-2.378951733930017437e-02,8.286285643402995227e-01
4.086726243749590551e-03,-1.918546270885094357e-02,8.272264113226401872e-01
-4.155011987454659828e-03,-1.764993357947737540e-02,8.324688699137897663e-01
-4.983072690483006557e-03,-1.647335870141472883e-02,8.281638084530278388e-01
7.092301167853264782e-03,3.507276926298748265e-02,9.823897503504438466e-01
1.876510754633754774e-02,1.167671755096757677e-02,6.859466777607958754e-01
1.130902253220841466e-02,8.645676841388000647e-03,6.859505931918474797e-01
2.070824905728066087e-02,3.781491088720580467e-03,6.829762925129976292e-01
2.053970575505029150e-02,4.864185752667412807e-03,6.886885863931351270e-01
-2.026539142395281166e-04,-3.651057974710797405e-05,1.794290005823081513e-01
-2.496583252652254288e-03,-3.152841849924713225e-02,8.622126476770607395e-01
5.532364779676739522e-03,-3.071100889187320521e-02,8.622363553265204317e-01
5.741449601880440484e-04,-3.065665994302338437e-02,8.642994192782798013e-01
2.169311528923000346e-02,-1.422500465187238709e-02,8.098498349268636876e-01
1.626778886363289267e-02,-1.622009824978277309e-02,8.823041433461085159e-01
8.075186174245057441e-03,-1.346508400826968051e-02,8.859631254008093482e-01
5.389720245804892687e-03,-2.304762263618367196e-02,8.795398907837278513e-01
1.471454858407454658e-02,-2.690024169078502475e-02,8.862653854983375545e-01
1.358232293519272792e-02,-2.580263687769676628e-02,8.758809087290270190e-01
1.662298550155352772e-02,2.900290902248081615e-02,9.913795566751938404e-01
-2.320053463383601328e-02,-3.689223280493108929e-03,7.029574348894656044e-01
-1.974893692201469542e-02,-8.851507004924591762e-03,7.065007625253372225e-01
-1.888489153526185307e-02,-9.229482226665317382e-03,6.998568227990273893e-01
2.586663093542800052e-02,-2.409134488982020515e-03,8.025349792134786053e-01
2.960584470331784415e-02,2.552235105302099426e-03,8.092143097171675681e-01
2.795111907246857277e-02,1.004262242590879886e-02,8.098999507772176587e-01
2.232455522668830034e-05,-1.076691945432967264e-02,4.932834036098998620e-01
-5.336738244711196344e-03,-9.917337923403485647e-03,4.969326812774729762e-01
-4.632100071801263826e-03,-9.003425819990879680e-03,4.887383659531632230e-01
7.269627281366208187e-04,-9.853007350917066670e-03,4.850890882855900532e-01
1.332854566473601690e-02,-3.179337376337746518e-02,9.442525183691985458e-01
1.395634943860022542e-02,-3.120452466497199845e-02,9.365012477278995551e-01
8.811566025684912373e-03,-3.252375865831284157e-02,9.380150309103700845e-01
2.933352127230023920e-02,-1.343729877570512543e-02,9.731648930962808475e-01
2.595860860528056285e-02,-1.762755255994051182e-02,9.741692790337912466e-01
2.071349227357425354e-02,-3.155082860939995536e-03,9.728881066454997395e-01
2.380693719029057173e-02,-1.627735943121446857e-02,9.676249419203348801e-01
2.718184985731025155e-02,-1.208710564697908219e-02,9.666205559828242588e-01
-3.524089236135984245e-03,-1.475283290367732092e-02,9.250878049431139338e-01
2.027453163391883598e-03,2.029253266687749968e-02,9.515534206793118122e-01
1.384400662198483414e-02,1.597293761404842971e-02,9.583048000950038503e-01
9.334783747820601593e-03,1.701056424686902407e-02,9.447432401840383243e-01
7.162398768274717657e-03,2.368438784964164642e-02,9.421100922281844259e-01
1.897895222686766734e-02,1.936479279681257645e-02,9.488614716438765750e-01
3.017579024979433200e-02,-9.024448661069813492e-04,9.617433133374502230e-01
2.948340505110908644e-02,3.925309030525426894e-03,9.589134726751333826e-01
3.149863123620944005e-02,-3.018803960389826284e-03,9.541015918465221013e-01
2.057704704368461257e-02,-8.749002723129206335e-03,9.615318887034320916e-01
3.219101643489468562e-02,-7.846557857022234961e-03,9.569314325088390527e-01
-6.131542268403852337e-03,-5.293288302604609065e-03,6.968019296505014726e-01
-1.278541547837616990e-02,-2.087078094136437384e-02,6.955003986710883712e-01
-9.802065492587544102e-03,-9.908304516707993823e-03,7.012944450970839405e-01
1.948723040778611512e-02,-2.014609862628013830e-03,8.303324540947737420e-01
2.095463551465159141e-02,-1.635186582954128824e-03,8.208688337651601774e-01
1.336073034729339318e-02,2.739215396348903923e-03,8.217919453071655944e-01
5.983569114677845559e-03,2.691517058738247814e-02,7.787391911076286810e-01
7.765279061793243197e-03,1.528425056550015287e-02,7.844515673048202409e-01
9.013043626757937313e-03,1.355365601183931845e-02,7.781144694447630350e-01
-9.012594543556212701e-03,-6.839158702205433253e-03,4.936420754981664105e-01
-8.307956370646281050e-03,-5.925246598792828154e-03,4.854477601738566017e-01
1.338622597873042296e-02,2.466905687413843001e-02,9.913795566751938404e-01
2.736800432919525572e-02,2.376439429802183062e-02,9.776846526324498576e-01
-2.823155551308581881e-02,1.052885933512020741e-02,8.275784173119131726e-01
-2.843513514657806940e-02,5.706498541255348653e-03,8.228332911692630702e-01
3.309159951636144598e-02,1.687383952587995228e-02,9.787740988567907863e-01
2.279696363620457161e-02,-6.355720230362006846e-03,9.366716693199470534e-01
2.112947622069974440e-02,-1.856136528255984339e-02,9.348133526959403472e-01
2.750029974286146567e-02,-1.256516154033733394e-02,9.388868236964558189e-01
1.953468133530596867e-02,-1.822361531312103461e-02,9.394344014801492282e-01
2.120216875081079935e-02,-6.017970260923196334e-03,9.412927181041559344e-01
2.308565614551079392e-02,1.666410279293796537e-02,8.182373923063812615e-01
1.417953469576901590e-02,-3.085633108969334376e-03,8.169399613094771029e-01
2.971304603209000417e-02,1.181211308161039114e-02,9.047070344550673937e-01
3.224228831218772795e-02,6.362665826134647658e-03,9.007186886200670983e-01
3.255180355137640702e-02,6.380912751552605608e-03,9.076014707107097346e-01
-1.222069901110813331e-02,7.448823175107445287e-03,7.423877218608355699e-01
-1.488443935315851910e-02,-6.353324613417733746e-03,7.375891155855678338e-01
-2.866121663155111673e-03,2.470750152942719630e-02,7.495778375003946392e-01
6.728430406624900939e-03,-1.422087308328158668e-02,5.885373812171076358e-01
1.400926751230122808e-02,-8.392546030648411620e-03,5.882496817686877488e-01
-7.472149094853464471e-03,-3.392744199114122380e-03,9.935082381055546641e-01
-1.355313435369979135e-02,-6.544915875725858256e-03,9.935082381055546641e-01
-1.735068090375299632e-02,-2.042787893440184757e-02,9.942002074874858319e-01
-2.267464254542573415e-02,-2.337221862752569823e-02,9.942002074874858319e-01
-3.709083228149786561e-03,-2.209545053197488340e-02,9.939142046268560904e-01
1.072513051555395568e-04,-1.617035104198162945e-02,9.921257746980173264e-01
3.303067227712234294e-02,-1.141771511191135360e-02,9.473893169185968466e-01
3.261037581014307463e-02,-1.180172113153897182e-02,9.404568068420833260e-01
3.353576837131810873e-02,-6.113705785449266919e-03,9.431825076689038800e-01
1.221740262715691888e-02,-6.121859751227478989e-03,9.761093521687206342e-01
8.905895522003756670e-03,-1.233189957172336690e-02,9.667667624173796881e-01
-2.153941425472755827e-02,-3.183061215707612412e-02,9.927918949473562016e-01
-2.529399980937139733e-02,-2.887580677075197652e-02,9.927918949473562016e-01
-1.892005699078189856e-02,-2.632702401384984583e-02,9.942002074874858319e-01
-3.526787216801237357e-02,-1.292035616111558358e-02,9.840183975862688559e-01
-2.986379820211538388e-02,-9.854702246411184766e-03,9.893613610450885387e-01
7.508124331732668813e-03,-1.413403842656083854e-02,5.980876158478143356e-01
-1.231330123542664912e-02,-2.222443571366463158e-02,8.950180471645310387e-01
1.634177400651191155e-03,-1.035902730162103699e-02,4.693619058490665630e-01
-3.440473944262188721e-03,-9.564663036401604979e-03,4.732190918052402440e-01
6.235487551556104886e-04,-9.538237393373817652e-03,4.777374515541501498e-01
-4.451102589757768846e-03,-8.743873128154385638e-03,4.815946375103239419e-01
9.629990219031779207e-04,6.450578906637933563e-04,4.756692335387141535e-01
1.085123513059457062e-02,-9.825289902527671593e-03,8.193801756403021885e-01
1.721542174676174777e-02,-6.596556177238248331e-03,8.141895032614712147e-01
1.254924844807018929e-02,8.725008150921477815e-03,9.657293750611603000e-01
9.605802627560852333e-03,9.788889558872884006e-03,6.672475568863327489e-01
-6.862629975154176457e-03,2.047358060671439217e-02,6.531089799358137382e-01
1.665889845890628634e-02,-1.799082255148704707e-02,8.064220774542640857e-01
6.158769940289114501e-03,-9.149417923451008336e-03,4.726164986339177476e-01
5.148141294793534377e-03,-8.328628015203788995e-03,4.809920443390013900e-01
2.391783497298510114e-02,2.722750535621739493e-02,9.549509122558117458e-01
4.285654426439628253e-03,-9.231405091559586121e-03,4.906726742156365395e-01
8.089381281144223876e-03,-2.013857283133853576e-03,9.536666226884651376e-01
1.753032675136908386e-02,-8.067093415809109807e-04,9.527106666298451598e-01
1.882508492528373045e-02,6.441220121546042433e-03,9.452860916636887101e-01
9.384139455058868734e-03,5.234072179993099622e-03,9.462420477223085769e-01
1.663121858968148736e-02,6.011691543923286182e-03,7.506629465570198168e-01
1.167158781790983250e-02,1.196864478699184893e-02,7.499467062247402449e-01
1.489034946548793877e-02,8.490168090355267733e-03,7.459511367572537743e-01
2.213897904619306634e-02,-8.288995596793130929e-03,6.693681118072002389e-01
-7.901464501572507890e-03,8.326434450085792166e-03,5.050856405072787769e-01
-1.086909917117095253e-02,4.207536043459155981e-03,5.032922768353651488e-01
-1.352926580637247266e-02,3.927658704593938420e-03,5.109410983323539046e-01
-1.056163113677402628e-02,8.046557111220575473e-03,5.127344620042675327e-01
-1.648734056760983377e-02,5.003171839724523257e-03,6.169102170351181691e-01
-9.287400844084059068e-03,-2.204179638773998834e-02,8.228738550835406063e-01
-1.021438251009626659e-02,-1.023648422493607206e-02,8.275367194194285236e-01
-4.559597151153379178e-03,-1.743774175729076101e-02,8.214717020658812707e-01
-1.458433512241612967e-02,-1.091372521994241063e-02,7.185194946884581046e-01
-2.386259795806610143e-02,-8.913584618760487729e-03,7.244379244762241266e-01
-1.681842465926148417e-02,-4.647865496085479275e-03,7.185922291566444464e-01
-5.602132704882632416e-04,2.179187357530185110e-02,8.589529313958506052e-01
1.040779409794499472e-03,2.208776701568590170e-02,8.529420067439374975e-01
-6.659166522974865887e-03,2.290017645905283866e-02,8.531539403853010128e-01
-6.417906505005633797e-03,2.976739710478348844e-02,8.557400991716030969e-01
-4.816913824722870649e-03,3.006329054516754251e-02,8.497291745196898782e-01
-8.007301922346367340e-03,1.503525746463459968e-02,8.263484611114308986e-01
-1.625882535088832639e-02,1.125169641796015634e-02,8.207014712475670937e-01
-1.283419007922885144e-02,1.696869182840265305e-02,8.307080698941642360e-01
3.510337125333327229e-02,1.139136095218519842e-02,9.751944487341157597e-01
-2.778723879174550826e-02,-1.399791542882325088e-04,8.606244964029955424e-01
-2.124585916021143328e-02,-1.466185373929550576e-02,7.738137322891809333e-01
4.520465444210619230e-03,-2.940476875077181057e-02,9.115616244193778250e-01
2.143636023620327027e-02,-5.812251136736213981e-04,9.833176708870804417e-01
2.582475523545499710e-02,-2.793564636450011299e-03,9.826644925499263827e-01
2.439595178309402618e-02,1.130486239542406301e-03,9.865497196780506073e-01
1.764849220431851523e-02,-4.585776698572421872e-03,9.862723925931036195e-01
2.203688720357024206e-02,-6.798116221348811557e-03,9.856192142559496716e-01
1.907729565667948615e-02,-8.509827574564839472e-03,9.823871654649793950e-01
3.033541493121258079e-02,-6.811478205991451478e-03,8.965264199901049613e-01
2.394281676009905879e-03,1.058060844957062381e-02,6.698320089311001757e-01
-3.236613908851306443e-03,5.464963453091237905e-03,6.619600641544409747e-01
-3.106293366706559637e-03,7.438785697813339939e-05,6.734181317431580105e-01
1.417766496354405919e-03,-2.146255218312630858e-02,6.786737905539454996e-01
1.767070025679506841e-03,-2.112479133094067110e-02,6.715022501938148203e-01
3.338272868027002821e-02,9.629414148793168093e-03,9.223948266967030296e-01
3.328345910212406056e-02,8.584055345675523085e-03,9.179844538998980230e-01
5.251189903777405202e-04,-8.902184768110162766e-03,2.829226656887391944e-01
-1.427928360461887952e-03,-5.458974347056647428e-03,2.807645456032700215e-01
1.196938901554392594e-02,-1.945162455647013455e-02,7.093577840664497813e-01
3.515873173016796291e-03,7.638712310403156930e-03,8.586327259760913044e-01
-2.218954178081220321e-04,1.388147431914688208e-02,8.548156672659308342e-01
5.157590327641088830e-04,2.879663074613569417e-03,8.684095962693493265e-01
-3.222009558060809440e-03,9.122425083357295003e-03,8.645925375591887452e-01
4.139618522028415577e-03,1.622041489614532359e-02,8.685178680477450008e-01
-2.692335052757125619e-02,-2.150122880791191515e-02,9.499904858590382251e-01
-1.361106895730710906e-02,2.670500766756339628e-02,8.735407655341582700e-01
-7.373938327318628819e-03,2.879715497357288045e-02,8.693628385090016453e-01
1.797168743031266969e-03,-1.012570875268746506e-02,9.929374674026989478e-01
6.649330305320054132e-03,-3.079171313997589032e-02,8.674365132617065655e-01
-1.379617727008939677e-03,-3.160912274734982430e-02,8.674128056122469843e-01
-1.050849313228416045e-03,-3.269741397132391869e-02,9.709571097268355766e-01
-1.110591729984274252e-02,1.490455577097834702e-02,5.844458982223327270e-01
-1.094184354897484793e-02,2.759699721705902858e-02,8.134663257517116275e-01
-1.457730972091654878e-02,2.538607081986515163e-02,8.183128729706072857e-01
-2.655975981074224640e-02,-1.533443220475483662e-02,8.419665524048003391e-01
-2.884494893379417613e-02,-1.067701787944204395e-02,8.387696864246848572e-01
-2.582364353630826892e-02,-1.710575405406483673e-02,8.471836170443070024e-01
-2.810883265936020212e-02,-1.244833972875204406e-02,8.439867510641916315e-01
-2.349988255911050067e-02,-3.460639963460156003e-03,8.401946580789461105e-01
-2.197170406940438664e-02,-3.200154299420302981e-03,8.343273649955704752e-01
-1.575556008578898534e-02,-3.753357053909773047e-03,8.399268850206136339e-01
-5.464571007194475583e-03,2.969901760256863504e-02,8.435685177150560321e-01
9.191272507793567942e-03,1.657383182196382060e-02,5.757659702046561412e-01
1.230085938852954440e-02,1.323485686420354523e-02,5.825919702584247961e-01
5.694477214745859855e-03,-3.044958707795426128e-02,8.566839132119518085e-01
8.599820719778004767e-04,-3.044538949869704525e-02,8.585121623661475798e-01
-1.161347929847222210e-02,-2.858362836860323802e-02,8.427086903624565473e-01
-1.595794767314714924e-02,-2.751651029835484527e-02,8.442900591572225499e-01
1.315430441125004391e-03,1.973134499230135355e-02,5.810023611363672735e-01
-4.313867927399632658e-03,-1.071186067740294984e-02,3.231841463911171441e-01
-6.596094525408730674e-04,-8.816164623201254089e-03,3.285886359302059301e-01
7.434699248568983447e-03,-6.599585238318571301e-03,3.025100814807167859e-01
6.233366967701044897e-03,-2.636213553742996867e-03,3.049662194442213092e-01
-1.614140508961445925e-02,2.175195149971566669e-02,7.959165632068028184e-01
-1.882123554731801943e-02,1.846910061827639407e-02,7.899442701032114433e-01
-6.334023430834646862e-03,1.361421027878595598e-02,6.132278728501352472e-01
-1.413234615474588153e-03,1.521296940360658892e-02,6.151787847961232014e-01
-2.644897190263473946e-02,7.529173932075796868e-03,7.811567321817968201e-01
2.690127289397928334e-02,-4.187421688256236924e-03,8.259402383337068887e-01
1.428170805992190137e-02,1.606805141451081095e-02,6.828662794041649997e-01
-9.210392020961759643e-03,4.479214260915491928e-03,3.088623526409338682e-01
-1.393295535338233936e-03,-6.077069643094049414e-03,3.109577604468340417e-01
2.442979739383018423e-04,-3.222099704019089350e-02,9.600106984959239087e-01
-1.940492874320264363e-02,-6.273366960171607859e-03,9.765434196609633632e-01
-1.214582479746944936e-02,-1.136271669815950951e-02,9.777539100698227070e-01
9.768703073858597298e-04,-2.767302416064521681e-02,9.929926705030935885e-01
3.120491954433525679e-03,-3.411118330578741947e-02,9.929926705030935885e-01
7.294746843829261196e-03,-3.099821295864470944e-02,9.929926705030935885e-01
1.785980835274270789e-02,-1.141646168450404647e-02,9.926709435855012309e-01
1.359646068702582283e-02,-3.450831515514640041e-02,9.933151997146169032e-01
1.567062970872287048e-02,-3.278027835133166812e-02,9.846230766506735010e-01
1.469592474446132155e-02,-2.675061800147816166e-02,9.913078769360565978e-01
1.368028598877711957e-02,-2.416319477552349854e-02,9.276770441878814388e-01
3.170421827664547665e-02,-8.876275769542765759e-03,9.781691994711843030e-01
2.723918550864265140e-02,-9.165071613152327851e-03,9.826149533013825987e-01
3.466380982353622908e-02,-7.164564416326738711e-03,9.814012482621545796e-01
3.380068950392833838e-02,-5.163013828770002429e-03,9.266313027574537564e-01
3.403409053101255632e-02,-2.909895454189153317e-03,9.237684816462039539e-01
1.338043462560160879e-03,-2.402161043278294023e-02,8.820135621979148244e-01
2.424193370247693016e-03,-2.358810794996855226e-02,8.754259795918266640e-01
3.263932554270226882e-02,-2.252637994833024595e-03,9.754305075937639291e-01
3.559891708959302126e-02,-5.409266416169970044e-04,9.786625563847340947e-01
2.889315099103170054e-03,-2.351773263088703658e-02,9.408316879553595413e-01
1.249032429274488099e-03,-2.292259078715411236e-02,9.337955778552511354e-01
9.317345602581871000e-04,2.097000769226054981e-02,6.687352645283333175e-01
2.345131747675789635e-02,-1.316962319805112941e-02,9.855696750074056656e-01
2.330113678128366977e-02,-1.834573693334076716e-02,8.728419982964410462e-01
2.052721182449333825e-02,-2.115664898847754993e-02,8.661494976452879246e-01
1.817961276198063608e-02,-2.337910080383014122e-02,8.722242448694572658e-01
-2.624615866821792404e-02,-1.704975477624119315e-02,8.928962595629765797e-01
-2.698234700643858605e-02,-1.835538524397707649e-02,9.064245278656388738e-01
-3.597264363241606255e-02,-2.815245321420154021e-03,9.267247125743764968e-01
-8.977265763243471794e-03,-3.114111995831234103e-02,9.391357356640255283e-01
-1.462976688356165851e-03,-3.182167223385633237e-02,9.434857883860958694e-01
-3.103259358184847806e-03,-3.122653039012340814e-02,9.364496782859874635e-01
-8.152837273875534682e-03,2.851621223271889188e-03,5.671738058222395296e-01
-1.669135061024230177e-02,2.666192276618758669e-03,5.686620107381448186e-01
-1.599998873504507660e-02,1.666619351585679667e-03,5.615588461796310327e-01
-1.586239064819089384e-02,-2.165844248061327658e-03,5.667778912365563082e-01
2.364497544814616811e-02,-1.721980071946721536e-02,8.655283837401950287e-01
-2.344978496158183628e-02,-1.492239544545891777e-02,9.661378679383836321e-01
-1.013582817727697559e-02,-1.023737494913241897e-02,9.569841912344880797e-01
-9.499741107026447515e-03,-1.010124204889210377e-02,9.623848543403905609e-01
-1.486628766162492385e-02,-4.892757669020710541e-03,9.621918215808547004e-01
8.889006514695802982e-04,1.902317783398771792e-02,8.792725010838416955e-01
-3.257635340172563773e-04,2.031857479509417697e-02,8.837104229444369130e-01
-2.884186044085239667e-02,-1.582586035444499134e-02,9.169900577966076938e-01
3.481999611239094961e-02,1.693496608230882564e-02,9.958380398338548822e-01
-2.007584615659770838e-02,-2.222176998561263897e-02,8.741472373966878706e-01
-1.400579917096945841e-02,-1.931571106915408453e-02,8.725390739188061406e-01
-1.403438930229476689e-02,-1.721874489565602614e-02,8.645721921723955594e-01
-2.010443628792301513e-02,-2.012480381211458058e-02,8.661803556502774004e-01
-2.240435546277457987e-02,-2.339878838258093591e-02,9.066001110750698810e-01
-1.020198807371282615e-02,-1.129469627177281596e-02,8.805522478983858203e-01
-1.370003681994455026e-02,-2.521061830815085614e-02,8.800154791464550597e-01
-1.203992375505835363e-02,9.448600914922344191e-04,8.810964108594836475e-01
4.494990226955007662e-03,1.147866070394357868e-02,3.391760528771967653e-01
5.935119135698334498e-03,7.294434771320449165e-03,3.422269160089627116e-01
2.341155396141346434e-04,-1.279946883955979282e-02,7.598434421301358821e-01
1.583303409917280122e-03,3.371366884373609273e-03,2.119585632243334572e-01
1.891027239571655555e-02,1.494803571925214236e-02,9.849810056827961180e-01
2.391099962025372561e-02,5.483623199843891405e-03,9.756408876655563445e-01
1.818740443308753535e-02,1.237417797198576801e-02,9.745514414412155269e-01
-2.285811210120104742e-02,9.479950491042495736e-03,8.160209437529365450e-01
2.072243909388743650e-04,1.090331659488986624e-02,5.343780977553564959e-01
-1.368909889745606803e-03,2.958638931172159758e-03,5.394793921578384666e-01
-1.273795332006691979e-03,1.337685693820219075e-02,5.430281375977964453e-01
-6.398254740741079506e-03,-1.339503958383867627e-02,7.923714041112861484e-01
-3.071352187758042557e-02,-6.536392855542496466e-05,9.022107794216618348e-01
-3.095630220206622291e-02,6.828261981668024179e-03,9.014827177336824926e-01
-3.091043168498572649e-02,3.215808699097150516e-03,8.967532798272512817e-01
-1.337032008121116257e-02,-2.160939591612073482e-02,9.509160099585998172e-01
-2.241168641764815922e-02,5.258521950323087092e-03,9.339010845377105907e-01
1.971129381474465148e-02,1.486205585280034672e-02,9.412629500351614720e-01
2.285851570956095105e-02,2.301246323455714751e-03,9.373963826761491092e-01
2.518476799069077621e-02,8.550995395949625988e-03,9.436049106121907615e-01
2.374472459902187554e-02,1.072208205471001860e-02,9.333732410476218710e-01
3.226039291810324505e-02,-2.095806690967916275e-02,9.883866410135699887e-01
2.419165054743971366e-02,-1.942372421715102271e-02,9.842066083579610325e-01
1.783486431304918962e-02,-2.947945478523845281e-02,9.416996974623579320e-01
2.148909254957769022e-02,-2.628286877133766478e-02,9.387950007900083271e-01
1.911556932801015962e-02,-2.816563862891308806e-02,9.341973807234540406e-01
-3.225510739383101455e-02,-1.188008951543117683e-02,9.447417145194236809e-01
-1.870207694747091920e-02,-1.198825662363999477e-02,9.456672386189852730e-01
-7.986893524792457871e-03,3.345644851400534497e-02,9.141213630693884040e-01
-1.383544602123804902e-02,3.191676324559721695e-02,9.113959036143122194e-01
-7.168965960351193767e-03,-3.126279910607097923e-02,8.584884547166878876e-01
5.913868571023122959e-03,-2.928289408703954599e-02,8.501972345374566586e-01
1.079373428255064014e-03,-2.927869650778233343e-02,8.520254836916523189e-01
2.143757754466480564e-02,1.238101911130348384e-02,9.047395947130336680e-01
2.870719086351796248e-02,1.291028821881511253e-02,8.998988318968579314e-01
2.043172237609276395e-02,1.347919424850820523e-02,8.999313921548244277e-01
2.625870497472198098e-02,1.917705144344417729e-03,9.015994421186221963e-01
6.814333684622095669e-03,3.262750339555113566e-02,9.112795768338397551e-01
2.697215781642060741e-04,3.328134201395968605e-02,9.141426472804334846e-01
-1.411369212244859006e-02,-8.980396109714435318e-03,5.662329815536391031e-01
-1.399216192549305668e-02,1.369186336644143479e-02,5.934852266312882207e-01
3.095831315894736341e-02,1.265151953132173310e-02,9.139051119551254709e-01
2.843006260989509176e-02,1.474464306465296699e-02,9.174890206072764398e-01
1.996753922242013382e-02,9.383071160015018369e-03,6.914450622950674141e-01
2.085156963296823721e-02,4.864185752667412807e-03,6.958314435359923555e-01
1.730092228264704449e-02,-4.469500241448516945e-03,5.854518923369207428e-01
-1.553590682582528526e-02,1.845416221662168552e-03,6.485121364244910147e-01
-1.457129291184346490e-02,-4.259515377866127453e-03,6.487533732663113284e-01
-1.310269349319434506e-02,-9.617813534892662511e-03,4.394998844755445555e-01
-1.036018241981870834e-02,-5.935009703852689444e-04,4.459865136237147754e-01
-9.889697970236484281e-03,2.516968600549366383e-03,4.414319660357369224e-01
-4.196362395670371823e-03,-8.721205583576337531e-03,4.428928523046196108e-01
2.822713400056283545e-02,1.309778730469022406e-02,8.935229120935352931e-01
-8.754175691302752346e-03,-2.506133167767651826e-02,7.606906886169662041e-01
-7.868004436251477274e-03,-2.461627436156364757e-02,7.539460416022333300e-01
-1.116285619545255570e-02,-1.501744673951301186e-02,7.624904232150618855e-01
-8.566366612257863070e-03,6.619942257947309533e-03,6.104403267385126730e-01
-2.534672573073418894e-02,-7.673196696717241375e-03,7.643718081569215173e-01
-2.467942555196260546e-02,-9.665918179019520468e-03,7.699227522065364981e-01
-2.252423410645980340e-02,-1.250811887590654037e-02,7.664887936115223344e-01
-1.723934320717571134e-02,-1.427384491872429537e-02,9.942850600816912632e-01
9.422205797630088184e-03,-3.762128550228911045e-02,9.933151997146169032e-01
8.269451808090810124e-03,-3.702787330849820896e-02,9.863078702177104917e-01
-1.251223675549966233e-02,1.965660163103228816e-02,7.172252494667734624e-01
3.151259358823214896e-02,-4.790040748140309002e-03,8.679999896909219581e-01
2.926436461915014539e-02,-9.803474429356509937e-03,8.723450051177863429e-01
2.554936575036567681e-02,-1.333230325212456449e-02,8.684969828695765504e-01
-1.945160181457186764e-03,2.328599934748316891e-02,7.308691450031548076e-01
-6.878678828361819726e-04,2.325775477920727710e-02,7.375322498686531780e-01
-7.224041952057785529e-03,2.251725900551129061e-02,7.393294096207061461e-01
-8.481334250678790321e-03,2.254550357378718589e-02,7.326663047552077757e-01
-7.731680634698553586e-03,-2.030185139774062786e-02,8.574315779555710115e-01
-4.482625337392686336e-03,-1.567826702977972997e-02,8.608678684623678468e-01
3.017144728400272119e-02,-5.471826940158294045e-03,8.630927645143895433e-01
3.090169581608918220e-02,2.992295936190065208e-04,8.591270435046405307e-01
2.985892549077683034e-02,-5.435063985591705865e-03,8.560221971325967516e-01
2.468830923793693261e-02,-1.195487034254566483e-02,7.716240015037822975e-01
-9.751504374959960031e-03,-9.952871123398026459e-03,4.014238513229513305e-01
-7.812743838719165765e-03,-3.240852409471120868e-03,3.981277918476500144e-01
1.490280699728201673e-03,1.407195463363680732e-02,5.488038472155178926e-01
1.931183841086245301e-02,-2.447670561691839969e-02,8.826087216387679124e-01
1.123160496605086264e-03,-2.902089800022938926e-02,8.460376613113851363e-01
6.239185253129201150e-03,-2.290278083867971354e-02,8.446129529363899380e-01
5.584869576135046039e-03,-2.905728361508034055e-02,8.442694741687113424e-01
-9.136385623331333070e-03,3.214603333768974169e-02,9.472549591827943427e-01
-1.280392583411511798e-02,3.103979877580611418e-02,9.522604011974151739e-01
9.577700780169630043e-03,3.409655281414950001e-02,9.410862031108959691e-01
1.598293586811289774e-02,3.203788641207223897e-02,9.420306263099977873e-01
1.248134042600872531e-02,2.715480308425069489e-02,9.399818304005043146e-01
-2.492996218755565499e-02,-1.518127193298818463e-02,8.622215474431307314e-01
-2.761832487232392802e-02,-9.918387654359506547e-03,8.645060187553796904e-01
-2.657750517740683008e-02,1.600097127251529430e-02,9.372167095788173086e-01
2.303595070968719044e-02,-3.556152764314925076e-03,6.717914823455626294e-01
1.954555293646943401e-02,-7.750822332496164375e-03,9.478987858012339895e-01
-2.410623890423973376e-02,1.235664470568426099e-02,7.828969930264899624e-01
-2.462591544597070650e-02,1.061589511560590872e-02,7.900932666904527668e-01
-2.973269744080250798e-02,7.284628091157346018e-03,8.422432522576575042e-01
6.467881566421174698e-03,3.363748363686598630e-02,9.474239615775982282e-01
-2.716070742409635794e-02,2.871949982537086790e-03,8.680982847515559264e-01
-3.550731982276829346e-02,3.738812111718082913e-04,9.425026495789050607e-01
-3.503621502800093740e-02,-5.311557489332173476e-03,9.438298375853916289e-01
-3.577603383388651415e-02,-1.433893279280235543e-03,9.485501910011803206e-01
2.845191094389391134e-02,4.923489421158468854e-03,9.452803697729352805e-01
3.077816322502373303e-02,1.117323849365238139e-02,9.514888977089768218e-01
2.352842103194062451e-02,2.317788115707153374e-04,9.475012460401975867e-01
3.315524705055080540e-02,-1.285951888816858242e-03,9.474955241494440461e-01
1.263409357470964348e-02,9.747753380280995339e-04,6.455566963482122222e-01
1.414176183866561534e-02,-1.334153907758805222e-03,6.536757763077669647e-01
1.196390542517851430e-02,5.928351318804131638e-03,6.505578337230755182e-01
-2.578134931097850885e-02,5.006204197413958654e-03,8.614363120092360937e-01
4.189610634854372059e-03,1.357906255200833773e-02,6.383911495808514136e-01
6.915951814912496901e-04,-2.580235106755208573e-03,2.291073129555495358e-01
-2.955165603005963787e-03,2.258183407236277231e-03,2.298297672041000883e-01
3.439990350670485419e-02,7.701186995275584660e-03,9.382935769648953483e-01
3.519211533006826043e-02,2.205510798929644165e-03,9.392861722408970548e-01
5.376545923448179838e-04,-1.088073471643232447e-02,5.129000642794058207e-01
5.215003610115355112e-03,-7.787910984866164635e-03,5.166962450607246460e-01
7.875170245316875234e-03,-7.508033646000947074e-03,5.090474235637358902e-01
-9.462740480765672799e-03,1.043495088687506657e-02,5.257217089768857488e-01
-9.528143185685429908e-03,9.088278092258809948e-03,5.178811679402075541e-01
3.159884906395984266e-02,-1.336848374037255885e-02,9.602607818716371035e-01
3.137405646278097759e-02,-1.315056718348432165e-02,9.539953846156747908e-01
6.412768464387388033e-03,1.119194365388419959e-02,9.743249579197569288e-01
-1.671140902777656229e-02,8.086252599107744254e-04,5.457149820791400430e-01
-1.396319332659514897e-02,7.500049839435854113e-03,5.585972428523326982e-01
-1.534771711237233223e-02,5.426614065500777288e-03,5.653775616206844212e-01
-1.080099478754578853e-02,3.257924177908554791e-02,8.991838199360286943e-01
3.384763224923605096e-02,-6.113705785449266919e-03,9.503253648117611085e-01
2.424888904312632806e-02,-1.396026364247149147e-02,9.501139401777427551e-01
-6.944895525425974839e-03,-3.305159686783250284e-03,5.743507018385369811e-01
2.254881508820126036e-03,-3.229862272924720334e-02,9.653577853509094364e-01
-7.284729032967716435e-03,-3.514408749869912807e-03,4.257550468391342324e-01
-8.014804680969682057e-03,-1.430966691082283943e-02,4.287792299385393413e-01
-1.521322512956179221e-02,8.003179387319966920e-04,4.279609519263687378e-01
-9.220536637966791904e-03,-8.352983614459399617e-03,4.246282802476864515e-01
-2.648179175444542038e-02,-2.425797852519366669e-03,7.642273441854837701e-01
-2.568074003526660265e-02,3.490033172403797859e-03,7.633666204583846593e-01
-2.660987003532283568e-02,4.798099787802160426e-04,7.694719570741607173e-01
-2.409439892280326040e-02,-1.457651960390084038e-02,8.108634682240377645e-01
-1.668449047494622098e-02,2.505723863705473786e-02,9.737506361465954052e-01
3.123643314361568973e-02,7.460840963339368179e-03,8.959104860618576360e-01
3.227384921190540323e-02,1.507940140774564680e-03,8.983956197802065446e-01
3.327970438047744839e-02,4.097650035698435084e-04,9.032038223384158959e-01
6.263948915836684353e-03,-2.794066555554226491e-02,8.914810601276567104e-01
1.066287180082981650e-02,-2.787422948738429301e-02,8.887390569125246387e-01
1.092149542434974266e-02,-2.814728738447704395e-02,8.955934489085382033e-01
1.829012295985604428e-02,-1.952447071739010775e-02,7.915428339738787011e-01
2.264993175117933216e-02,-1.197584945754086652e-02,7.955988063757661877e-01
1.244469875272306326e-02,-1.236689023781327272e-02,8.010139860250695687e-01
-1.335659590679674248e-02,2.149790756347665088e-02,9.678785364476383268e-01
-1.255166806145654838e-03,-2.054253069782627575e-02,7.961655214543782444e-01
-2.024463452803257346e-03,-2.038452122737379954e-02,7.902573288378884619e-01
6.604621062194764719e-04,-2.684665006072887647e-02,7.929777086808657005e-01
2.876428673411161180e-02,1.638337597222128822e-02,9.515644771021175563e-01
2.773344182139818315e-02,1.766867442468767271e-02,9.465875724950197911e-01
3.036647272242763360e-02,1.184116079336591104e-02,9.461832859524349493e-01
-1.873171353185090066e-02,-1.505616457374483498e-02,6.866947071191908947e-01
4.031769153840085787e-03,-1.655830966724708420e-02,6.144601126849535966e-01
-7.539988534679508206e-03,-3.141319125499174303e-02,8.514109759492597407e-01
-1.199338900537184199e-03,-2.498747708997769990e-02,8.561575116090716087e-01
-1.138963244105553781e-02,-3.038157858495393882e-02,9.421180531214354836e-01
-1.327370594573012985e-02,-2.986898391635631547e-02,9.495340115726170760e-01
-2.910214310275802824e-03,-2.093134228234324115e-02,6.755554260412831580e-01
2.598519125843923045e-03,-2.111399102621056012e-02,6.857428653170740684e-01
-1.729461680786285697e-03,-2.058278112542749269e-02,6.826245008044118379e-01
-3.378611593571818200e-02,-8.678880156117368960e-03,9.408672364206303040e-01
-2.898186220852192602e-02,-1.707767659511373907e-03,9.393948869982939875e-01
-3.121804332234900947e-02,-1.242699013409308967e-02,9.391045697108324486e-01
-2.753076210298524562e-02,-2.105842412768337696e-02,9.563399537554038154e-01
-3.226122158733318868e-02,-1.571380684757166940e-02,9.615475841017705472e-01
2.230443742436184068e-03,-2.802294273041292666e-02,9.851184452011109149e-01
-1.106002970111467053e-02,-3.016045683246295142e-02,9.282586617743954216e-01
-7.340428582962902314e-03,-3.103940982381541216e-02,9.316595625882966303e-01
-2.310348901026557794e-02,-2.889926683903087500e-03,6.951194587966440519e-01
-2.404347606006725438e-02,1.729989107491172349e-03,6.891527569313211643e-01
1.749271890818523620e-02,-5.454528622185057102e-03,9.926709435855012309e-01
-1.774540477130793353e-02,3.442235362991129949e-02,9.940451166182538989e-01
3.055336814181247584e-02,-1.573741255564160141e-02,9.213525476861765817e-01
2.792582180249426199e-02,1.568288094554056919e-02,9.261191250795768326e-01
2.516796024945961580e-02,2.103150044659036350e-02,9.313464868590424217e-01
2.369215523293702677e-02,2.239149100575635321e-02,9.261068713707238942e-01
2.914906211071279646e-02,1.633802420900895211e-02,9.223825729878502022e-01
2.423239810825235374e-02,1.004143783392573777e-02,9.186768776154186078e-01
-5.531939865245871953e-03,1.881336411404940095e-02,8.890564950583930148e-01
1.167540210606545989e-02,-1.220888076736079651e-02,7.951057934085797863e-01
2.172505380146749938e-03,-1.261001091322243653e-02,7.872557036636000927e-01
7.287587980609702698e-03,1.052448425374899119e-02,5.304510835838269767e-01
5.993892498971017946e-03,1.116622053289442577e-02,5.364532726624694492e-01
-1.322561631373739104e-02,-6.015032145282889903e-05,8.901944834152353270e-01
-1.168391835794658010e-02,1.307350563175355314e-02,8.895347294113644665e-01
-1.177996235177884883e-02,1.147499176330840989e-02,8.999760068649091949e-01
-1.900961757510830075e-02,-9.973806390953542100e-03,8.103166033315286620e-01
-1.266662453025781815e-02,-1.659532203219053412e-02,8.110956514736742395e-01
-1.299806223170774447e-02,-1.477186999510563675e-02,8.052217612415830672e-01
-1.116206748299331322e-02,-7.352633605448883648e-03,8.120865735682325504e-01
1.714122255355322172e-02,-1.643901062056144641e-02,7.460556961696998002e-01
1.023102053600899106e-02,-1.369216006643977565e-02,7.455384684344337209e-01
-2.969719389455952041e-02,-6.096998047978374052e-03,8.356641466809044960e-01
3.671833810045842250e-02,-7.046705843422556084e-03,9.949107367345313424e-01
3.709296389573864261e-02,-2.591445825301641644e-03,9.928571428571428825e-01
2.774423334776105962e-03,2.586072410412791622e-02,9.027171012546442164e-01
9.774566369488143364e-03,2.538227922437101200e-02,9.089116634897451696e-01
7.536481788117267884e-03,1.929366717116078739e-02,8.995929062695986467e-01
2.105554669153639549e-02,-2.647122776982992892e-02,9.599518644846516402e-01
2.082288696154788871e-02,2.514502393169903288e-02,9.310301114776903253e-01
1.831055708606631888e-02,2.631630510606166456e-02,9.241688495170122808e-01
1.321368201388570945e-02,2.265206614023846515e-02,9.323833087917893225e-01
-6.053827995483262135e-03,8.616985410531196460e-03,3.277577353176277519e-01
-1.108867941784002185e-02,1.232112351352150116e-03,3.307216323218088450e-01
-5.080040878106479967e-03,3.224564382895258978e-03,3.292902585638292079e-01
3.341278599089707313e-02,7.388893403898081323e-03,9.117786174279114420e-01
2.200615199417819273e-02,-2.048401411142649481e-02,8.797639278662614526e-01
1.579836433846235413e-02,-2.071213677928724489e-02,9.063408890057740308e-01
1.455759453900866245e-02,-3.022079510686453974e-02,9.098084802820147754e-01
1.615924471306102311e-02,-2.682636139044832987e-02,8.961562113916596850e-01
4.831749133436827326e-03,-2.898253982759698560e-02,9.052080004284079884e-01
2.078493590782435479e-02,-1.052349262273407499e-02,7.042585702569613693e-01
3.683275649745473834e-02,1.469451054001210712e-03,9.957014422683935218e-01
-6.220686883912775883e-03,1.392738309059568524e-02,6.198082629147343425e-01
1.213164074662256668e-02,-9.591958070481229615e-03,6.158701367778156577e-01
1.111137145818416432e-02,7.162094746935130860e-03,6.438074730429776960e-01
6.901766018489476594e-03,2.408889059325916137e-03,6.368853867638608612e-01
1.536932542146838589e-02,5.065079322177859370e-04,5.732412437641053460e-01
1.505746154355044192e-02,5.065079322177860454e-04,5.660983866212481175e-01
1.292771499510120096e-02,-6.519160305567681807e-03,5.680583459623600451e-01
-1.987389625826720130e-02,-2.007031654878372109e-02,8.125389548035567566e-01
2.381964380076228606e-03,-2.737152295961733581e-02,7.991289705836923662e-01
-4.988015194052291754e-03,-2.811046002895739582e-02,8.036503684639656475e-01
-3.064578965646424027e-04,-2.202729723242643350e-02,8.061695570876008521e-01
7.063521677563877957e-03,-2.128836016308637696e-02,8.016481592073276818e-01
-1.417683035400967018e-02,5.072531472962894458e-03,5.321484223983147244e-01
-1.278324773614577387e-02,8.047943472422909930e-03,5.374690453936158407e-01
2.187180521759925916e-02,-1.501073260002252704e-03,9.541073137372755308e-01
5.201624909532949134e-03,1.528360111223250363e-02,6.259777646178164012e-01
-1.299898068552717174e-03,1.552614221541631818e-02,6.217591748607222968e-01
-4.100661703262503156e-03,9.210965002692977563e-03,4.461053499767595465e-01
-5.381916381287720624e-03,8.882250156796268198e-03,4.513027995901797707e-01
7.439170545099309598e-03,-4.852932273990901053e-03,4.440523473443993563e-01
6.443956789175099217e-03,6.355124379269432890e-03,4.418602539056221690e-01
1.641672922184951068e-03,9.633185523204105746e-03,4.485283307837906741e-01
-2.499152615733047592e-03,1.005231142287923811e-02,4.550585836502130110e-01
-1.259962080369319073e-02,6.622955101703854354e-03,7.372638494760740402e-01
-1.526336114574357652e-02,-7.179192686821324679e-03,7.324652432008063041e-01
3.106402234424398418e-02,-1.648427351286870651e-02,9.497609407314190344e-01
7.863875091051932692e-03,9.276822878484976276e-04,2.811476807365745900e-01
-1.141984506676257775e-02,2.189964864491225280e-02,7.594081405412755892e-01
-6.994655484794823005e-03,1.892772719408471627e-03,2.627439085464852164e-01
1.486525386215721990e-03,8.991811807088547631e-04,2.605563662331911168e-01
6.364110842257948361e-03,8.688326837072608833e-04,2.637511523280986481e-01
-2.117070028752596634e-03,1.862424222406877748e-03,2.659386946413927477e-01
8.378888707164222280e-03,7.077269228689124676e-03,4.694354469733776902e-01
3.115897616164000315e-03,9.911732465454459184e-03,4.678091086672035437e-01
2.372815730085152397e-02,1.097967571481333823e-02,9.273069820877188896e-01
5.435544565625764594e-03,-1.288290576282085688e-02,7.114895202617734782e-01
1.445362571658355931e-02,-1.334153907758805222e-03,6.608186334506240822e-01
-1.484016838770630883e-02,1.703824406785380691e-02,6.869721824466613613e-01
-9.001897070457363925e-03,1.521534488754645517e-02,6.840590948839812002e-01
-7.496201466329486390e-03,-3.115539274743879886e-02,8.454231535689924470e-01
5.979523109323474361e-03,-3.146494961252174760e-02,8.329723874351826485e-01
1.043437964789005815e-02,-3.034494497988873135e-02,8.304789058724839634e-01
1.678514815724790193e-02,-2.630993555219587193e-02,8.910138667947380409e-01
2.037072038511206218e-02,-2.447863746633211976e-02,8.966064608159214355e-01
1.429066169115054529e-03,3.308096223668197805e-02,9.080613849286393036e-01
1.647241807513137330e-03,2.843396628745868682e-02,8.678506547495463685e-01
7.138774078093062907e-03,2.882476714668916196e-02,8.728666492142382882e-01
-1.667822685339140007e-02,1.724204361894864437e-02,8.824769566797961984e-01
-1.482573314279394400e-02,2.800040462866985533e-02,8.779786873947534875e-01
-2.097771163549465301e-02,2.226054614637400925e-02,8.784569217477249392e-01
-1.983298104909551884e-02,2.409410619849331608e-02,8.822285296797777177e-01
2.651012383224618171e-02,-6.326663924248306960e-03,9.096976141151799089e-01
4.825201036820533050e-03,-4.935213015596055623e-03,2.273835428404159531e-01
-3.655480408320926564e-03,-1.441938168612353494e-03,2.262087384900512421e-01
-2.818931487500762195e-03,-1.011475346090049895e-02,9.864457055082536119e-01
6.276250670375136190e-03,6.051063429640558128e-04,2.503731351636036551e-01
4.157822205231967091e-03,-7.297163844454441876e-03,3.864143270275217645e-01
-4.877098001206797533e-03,-5.059823751778456079e-03,2.210690246206920562e-01
1.162638910910348926e-02,-3.527074408645254622e-02,9.820575978341553602e-01
9.368915865526308839e-03,-2.927017615482997367e-02,9.843005474391501863e-01
2.082091079587205379e-02,-3.117294590133422652e-03,6.178589655193602592e-01
6.153414053993186070e-03,1.792216082748172498e-02,6.647132112823821437e-01
6.652128326463309718e-03,1.701551905801663642e-02,6.570904953846001817e-01
1.068680405727825272e-04,3.060289961078193482e-05,2.143676627721794459e-01
-5.215618719015393222e-03,-7.570510290454525795e-04,2.111205739309423013e-01
2.174850287068756660e-02,-4.815396735237693210e-03,7.012278766221964332e-01
1.032067636956056529e-02,-3.655130097290799039e-03,7.443261695186544902e-01
1.104064143196884645e-02,1.693820105705550957e-02,7.420067868973561076e-01
-6.869890220105527578e-03,-1.347815081913101773e-02,7.866970634071586144e-01
-8.604596548716338805e-03,-5.066258189777492031e-03,4.792288156184603132e-01
-2.410565011620900699e-02,7.419972052023419799e-03,7.686976107317060602e-01
-1.475238881279761563e-02,2.833289152437812666e-02,8.837577052407005196e-01
2.292446319153884290e-02,-5.232419029510037081e-03,6.861713486659785088e-01
6.127019132838382696e-03,2.614550405218800562e-03,7.769817399961689297e-01
-1.422476290632084797e-03,9.469058942772196064e-03,7.758576510516158597e-01
3.780205738121907803e-03,1.218851994855277981e-02,7.771217949724079643e-01
2.454662948270993836e-02,-3.495083546986272206e-03,7.699835476396044154e-01
2.468230221092738985e-02,-2.756524850420801701e-03,7.651788501023722988e-01
-6.570262760716035627e-03,-2.677733712553666962e-02,9.939142046268560904e-01
3.171326310670950083e-02,-2.644919333539457254e-03,8.957839861768341905e-01
3.196198533398746100e-02,1.507940140774564680e-03,8.912527626373494272e-01
1.352523666646659670e-02,-3.682332768426173353e-04,6.891456493448284704e-01
2.709536585436652517e-03,1.012369711373825587e-02,3.059457044958666105e-01
3.797146408207331160e-03,1.526298240103135528e-02,4.385861224295919403e-01
3.255470599823655914e-02,9.810157856369916725e-04,8.711771258240301741e-01
2.945471095713318721e-02,-2.062441499855396584e-02,9.382474230063149179e-01
3.223249423158997679e-02,-1.708241241462773313e-02,9.397361959292529487e-01
3.063769934619620799e-02,-1.674466244518892089e-02,9.443572447134618297e-01
2.785991607173941495e-02,-2.028666502911515707e-02,9.428684717905237989e-01
3.202312528376893841e-02,-3.913226025584732801e-03,8.735849662467409793e-01
3.856045752083079193e-03,9.091870988262227421e-03,4.547932667458609579e-01
9.796227340406585965e-03,-5.613895552362837583e-03,4.718270309103069771e-01
-2.362626953179548794e-02,-6.058831672307411764e-04,9.708230837094027343e-01
-2.985084325145268003e-02,-9.209909188845177841e-03,9.723337786345124245e-01
-2.466078126706785362e-02,-1.018812904883962048e-04,9.772120271650672763e-01
-2.484147408240026944e-02,6.757991984689440748e-03,9.712849469274774661e-01
-3.106604780205746499e-02,-1.846034036924996350e-03,9.727956418525871563e-01
-3.003153606678509932e-02,-2.350035913667341322e-03,9.664066983969226143e-01
-1.124260489878330625e-02,-1.054427759402355377e-02,6.670341808382587168e-01
-1.399547511971125507e-02,-5.842551820220545644e-03,6.713702950354019094e-01
-1.389278540879002564e-02,-5.395432951921631283e-03,6.661341675106191573e-01
3.058683378873678152e-02,-1.505584727458417552e-02,9.046245919866626739e-01
-2.436942407411160638e-02,-9.056243148470930274e-03,7.360352686228063268e-01
-2.399050228152654896e-02,-8.230375075067339341e-03,7.411591410075678565e-01
-2.591550007712591780e-02,-3.439357503769436414e-03,7.406127580006689470e-01
-2.023260181330761853e-02,1.337484929402741295e-02,6.898356682134576534e-01
-2.032964743687805040e-02,1.257555269743739108e-02,6.976736443062790949e-01
-4.413223679091258893e-03,2.471271798235553235e-02,7.679182113375404573e-01
1.998495791006510165e-03,2.381943997043510508e-02,7.714094187752162934e-01
-2.160650772345982032e-02,1.097140826227993408e-02,6.818748867656200252e-01
-1.576823640621087541e-02,9.148509081972580614e-03,6.789617992029398641e-01
-2.354403038433132422e-02,7.668666485085691431e-03,6.912062902428355304e-01
-7.954947228285933966e-03,6.781519110381318410e-03,6.046972063587390256e-01
-1.189667746847399878e-02,1.929873861064576764e-03,6.042203191867452361e-01
-1.270918551452861894e-02,1.539400885777764301e-03,5.970836069353548936e-01
-8.767455274340554133e-03,6.391046135094505948e-03,5.975604941073486831e-01
-7.342724931492031204e-06,-4.184511983620458871e-04,1.721298651406946156e-01
6.019317317110357227e-04,4.815960363722558354e-05,1.665006494174846585e-01
1.655974607017786371e-02,-2.560523993697179368e-02,8.618190133698686584e-01
1.477667055878351815e-02,-2.679333684932415360e-02,8.560990667406898069e-01
1.081082001204640430e-02,-2.933877924810936871e-02,8.615151433739172138e-01
-1.564739369838849883e-02,6.254572035280464223e-03,6.099480762992248728e-01
-1.706871802858067957e-02,2.426281823987455708e-05,6.137726925475914808e-01
3.134127009978462247e-02,-7.909653343196171998e-03,9.013346225483143126e-01
1.089651662316121900e-02,1.426507126532323630e-02,6.022268074978386343e-01
-1.109372430379584884e-02,-1.064316713317150359e-02,6.177029853077830035e-01
3.351313581369258585e-03,-1.068428555265790551e-02,6.399790912170174595e-01
-2.998651798167066476e-03,-1.229037641185303995e-02,6.393954448161474069e-01
-1.175639703651609226e-03,-1.304464458285842926e-02,6.452666676832025106e-01
5.174325675884715835e-03,-1.143855372366329483e-02,6.458503140840725631e-01
1.021813379551412583e-02,-6.630003237910679637e-03,6.421595899229934901e-01
8.395121700998669015e-03,-5.875735066905290321e-03,6.362883670559384974e-01
5.078753923974018911e-03,3.163157230331305018e-03,6.310141638968058686e-01
-1.892209831076926627e-02,7.612413146690887034e-04,5.919655762367890262e-01
-1.656477819494124246e-02,1.456748200580658403e-02,7.435382692448178066e-01
-3.455607018398584602e-03,1.579531745944843385e-02,7.476781182117087088e-01
-1.262367538772425635e-02,1.982834282815844340e-02,7.470276929644514841e-01
9.322264755981884976e-03,2.125632597538205243e-02,7.595766966576924517e-01
8.357409867111975643e-03,2.164016580305251625e-02,7.526947116105978663e-01
-1.389743200140267781e-03,3.744401013009911357e-03,3.389499815073379052e-01
-8.983961295759857954e-03,6.854609851707235343e-03,3.413706177909242578e-01
5.038570860305905535e-05,-4.398249196132175080e-04,3.420008446391037960e-01
6.905121719310611250e-03,2.072057215555702520e-02,7.667254267766816511e-01
-1.798268586783813294e-02,2.889134910965150682e-02,9.051185947774063045e-01
-1.923915793608275970e-02,2.858801072994025805e-02,9.112918728014622882e-01
2.174988120930756302e-02,-2.728668151753980975e-03,6.351935148891787453e-01
-1.354941061710695539e-02,4.572897992606842453e-03,5.175789268483992345e-01
6.369161358940264583e-03,1.240335176400505189e-02,5.713916548177733201e-01
-1.424787516488223299e-02,-1.664124321073532503e-02,6.545071717269362876e-01
-1.368682716356915685e-02,-1.674640294168899465e-02,6.469109980763688705e-01
-9.188102309912645968e-03,-2.005792492765998136e-02,6.528647400111898813e-01
-7.260525048928632291e-03,-2.099915950557207714e-02,6.597017162076868058e-01
-8.425701507259434828e-03,-2.006867964877226407e-02,6.468815548472128807e-01
-1.170299007000264596e-02,-1.898367445885703469e-02,6.579497784725675258e-01
4.444844192845734052e-03,-5.170155781085509702e-03,2.414597937517007908e-01
-1.002209592723347833e-03,-7.187905887018959661e-03,2.477669480556832227e-01
8.283258044273671475e-04,-3.037667546592413663e-03,2.452750049738307847e-01
2.579675731736680300e-02,1.099821677615158561e-02,8.526987607545688519e-01
-1.413050984472080142e-02,-4.690908331262825040e-03,6.009082231837215016e-01
3.583683288938173395e-02,6.386068065950862779e-03,9.781832886138204231e-01
3.497081302299137606e-02,5.379118455706168554e-03,9.833923643932641623e-01
1.960475569700585036e-02,-7.069904564921698081e-04,6.916750012231102085e-01
-2.432153041447690164e-04,4.104660045461776263e-05,2.216686508634104769e-01
1.936148001432021204e-02,-1.367058124787595870e-02,6.780503146308685114e-01
8.685533475962410599e-03,-1.012207372373898247e-02,8.250353517656768831e-01
1.910432657079833571e-03,-1.157252024975418889e-02,8.211064793099938086e-01
3.581933361169394557e-03,-1.831851288749398315e-02,8.219633541742767946e-01
2.791742584861587120e-02,-1.588007972714522778e-02,9.795876917703068010e-01
1.981762872736130693e-02,-1.476392859366473451e-02,9.810240988155347619e-01
2.291107364407762512e-02,-2.788620516393920667e-02,9.757609340903697914e-01
-2.837452188363582400e-02,-1.071907872271954734e-02,8.822329818447856020e-01
-2.004913142080365362e-02,-3.059824882824251774e-02,9.835913952970553042e-01
-1.739428847347257098e-02,1.537348483616122856e-02,6.814895718773286148e-01
5.475476095045912067e-03,7.067925665007615890e-04,2.166205358507745093e-01
7.671455968737576903e-03,-2.345221181457380136e-03,7.146940548680986716e-01
-1.965928449282581224e-03,9.807950037402859630e-03,4.701728477407411955e-01
-2.976557094778162216e-03,1.062873994565007897e-02,4.785483934458247823e-01
-7.240070485566111984e-03,8.413105528884134987e-03,4.833932377203829511e-01
-6.229441840070531859e-03,7.592315620636916514e-03,4.750176920152993087e-01
-1.464832897030639552e-03,-3.576838982711484389e-03,2.165289369940513187e-01
4.485433512078572729e-03,1.952147329532782916e-02,5.860100291041869802e-01
3.906242056409073033e-03,1.989822789361426342e-02,5.913256147476182445e-01
9.290523094632531162e-03,1.726217749731152884e-02,5.893884287547414003e-01
-1.677944171507670269e-03,1.971079673812820010e-02,5.879415443009026188e-01
-3.500356785688084338e-02,4.801521165423711622e-03,9.467565313931018967e-01
9.164579063468056286e-04,9.365157345621570248e-03,3.353396151347319831e-01
2.460726793151821884e-02,-5.700198746389217863e-03,9.929482706704483297e-01
2.021887293226649202e-02,-3.487859223612828179e-03,9.936014490076023886e-01
3.471571851012459405e-03,-3.028533857102343879e-02,8.186300084267470467e-01
-1.067782019030327420e-03,-2.949543115776902258e-02,8.154896353908036577e-01
-7.223947924316579533e-04,-2.388695057381924614e-02,8.166734008047895621e-01
-4.669958661310313897e-03,-2.940456744082021318e-02,8.181383563183514118e-01
-2.277774033405581544e-02,5.869192583123565565e-03,9.940031988325215284e-01
-3.018613823999830720e-02,4.692970556249264832e-03,9.949749910843956879e-01
-3.611740863801468637e-02,-9.618287360662912400e-03,9.780056960206242600e-01
2.800383308015837180e-02,-2.055379564087653904e-02,9.494779656775402810e-01
3.075238147630991303e-03,2.411455501490891717e-02,7.493904619366018593e-01
1.166673066265809869e-02,-1.814476899209748612e-02,7.357895801916192191e-01
4.964677425464322433e-03,-2.685090538726813900e-02,7.415501722744928248e-01
-2.894825243202689066e-03,-1.771538131428639085e-02,7.413438054663625820e-01
-1.884309225180389987e-03,-3.235491075420700302e-02,9.929926705030935885e-01
-3.261001223857825509e-02,-1.561240549296335350e-02,9.672053211778315340e-01
-3.495262890373895814e-02,-9.393251085611353107e-03,9.648520468839727471e-01
-3.508289690274232070e-02,-1.012228923740525824e-02,9.716167525649597181e-01
3.565057356922705228e-02,3.519970237685855242e-03,9.886497129388418514e-01
-9.788807116555118051e-03,1.580789496289561336e-02,9.280390416354185046e-01
3.048765412771227423e-02,-9.024448661069814576e-04,9.688861704803073405e-01
2.958362287885948905e-02,-6.424370749457304804e-03,9.650726627002483848e-01
-3.536656800090760139e-02,1.117084046293160063e-02,9.892576432392687913e-01
1.530914341926368182e-02,-3.035280978515068895e-02,9.308621572896129681e-01
1.582557159489655571e-02,-3.029618550533064864e-02,9.231782709978606505e-01
6.348933568005345196e-03,-3.733800974012072005e-02,9.800865038125694539e-01
6.088540751587495940e-04,-2.818834026161464931e-02,9.765875481544517012e-01
-2.862512414741870750e-02,5.057885196378906004e-03,8.281715019109350262e-01
-2.326549033606559527e-02,7.780817256726545172e-03,6.858856207133920968e-01
-2.718215570641398238e-03,-2.794019748332618111e-02,9.869068751299496789e-01
-1.313027591810215187e-02,-2.722822279246957938e-02,9.016972583601372548e-01
5.261220580290566946e-03,2.935866481692821911e-02,7.912707744310281122e-01
-1.998589473583019249e-02,-1.431455961868391413e-02,7.554323556685961227e-01
-2.399295840733336321e-02,-1.019217673262498916e-02,7.551726240678011681e-01
-2.350524756861605349e-02,-1.085276851756699149e-02,7.611743206094938596e-01
-1.949818389711288624e-02,-1.497515140362591646e-02,7.614340522102887032e-01
-2.459499072758747351e-02,-1.538139485852839036e-02,9.716651711304085115e-01
3.420517069553684342e-02,-1.213947110097778233e-02,9.358357580578744450e-01
-3.602839987589293719e-02,2.641603686743172058e-03,9.247420981995531086e-01
-3.534522643150808663e-02,6.636999808775835563e-03,9.284425514332266260e-01
-3.463065047859935353e-02,7.761603543384471698e-03,9.216302720286159156e-01
2.955254686165548900e-02,-7.526082640816723381e-03,9.716248623577278254e-01
-1.546356266790456513e-02,1.594664665784218532e-02,8.780390348192009808e-01
-1.825972297719700987e-02,-5.814367547102135270e-03,9.710161164689385949e-01
3.481159400930095710e-02,7.033264695562053276e-03,9.435991887214372209e-01
1.293752737103599088e-02,-1.914051700874560592e-03,5.413912245604916018e-01
-2.393895496521219156e-03,-1.714095793607944840e-02,8.158165259405065761e-01
-1.171264914321071444e-02,-2.745922277611400480e-02,8.329415185486093165e-01
-1.404708002746460523e-02,-2.602858573700836051e-02,8.273195589069390898e-01
-8.178316618419509756e-03,-2.831948127442707533e-02,8.290800448434273440e-01
-1.474941425429694697e-02,-1.118867464674596669e-02,8.449956611514140015e-01
-4.203753211635687451e-03,9.110294731797061868e-03,3.007227677503829799e-01
2.756185181621784511e-02,-3.908194986519612779e-03,9.396115370526579857e-01
1.022362657231692430e-02,-3.200453236344547731e-02,9.225276593749003329e-01
9.707198396684050407e-03,-3.206115664326552456e-02,9.302115456666526505e-01
1.176122328058593937e-02,-7.225118202476139145e-03,9.422486741627758011e-01
-1.190972555748423013e-02,-5.755836580882986962e-03,8.181472184881668497e-01
-1.950612044940288475e-03,-7.388656426912414664e-03,8.173721545041068293e-01
-2.547446868969044376e-02,-6.240093391161334602e-03,7.305255311921015071e-01
-2.039464802891944456e-02,1.611843849989418043e-02,7.827775444095996793e-01
-1.686856177555432629e-02,-7.111857101215863890e-03,5.906913840129282001e-01
-6.217978828084318003e-03,3.730114269641915219e-03,8.422206320417424674e-01
2.698029724656938327e-02,1.226189121315261060e-02,8.153725961691049573e-01
2.918346798569784739e-02,7.274933755539694964e-03,8.142508496670558538e-01
2.991770858123578639e-02,2.552235105302099426e-03,8.163571668600246856e-01
8.281439214309372146e-03,6.352480676897195172e-03,3.008084982529207752e-01
2.617855590324757488e-03,-2.471045614213726593e-04,3.033185797336379608e-01
6.568017581410848932e-03,-1.392281925757154343e-02,8.470050042157182268e-01
5.167788415865398090e-03,-1.513931074439768022e-02,8.413326164751390168e-01
-9.326047503528557894e-03,1.409576441612398097e-02,7.067550856668156634e-01
-1.840887354620286687e-02,1.477458670616665741e-02,7.053174633687591122e-01
-3.407309312152179831e-02,1.074538825439568576e-03,9.300143879510869294e-01
-3.338991967713694775e-02,5.069934947472231647e-03,9.337148411847604468e-01
-3.447025575128628838e-02,-1.730194074901038933e-04,9.368655047703139394e-01
-1.447613184817790784e-03,-6.002252005468805551e-03,2.947632675545846515e-01
1.021389719896734390e-03,-9.753503056643787056e-03,2.978276378552527359e-01
-5.385398503265778451e-03,-7.894029932106593622e-03,2.916020008575761491e-01
-2.003505363805404074e-02,7.834480139010304572e-04,7.729560600264311354e-01
-2.691353205046927502e-02,4.379308538416214550e-03,7.761529353671736686e-01
-1.058035895364307401e-02,-6.214553603495438783e-03,3.571035860926962124e-01
1.424631084978245435e-02,-3.064302403003936470e-02,9.161621042729845010e-01
-1.117116951142747491e-03,-9.234624151491073463e-03,3.537529179523677403e-01
2.668009804495035525e-03,-1.266766422913568821e-02,3.566492322977906637e-01
-2.133363940664215891e-03,-4.332168606476804497e-03,3.551785847738904156e-01
1.231997989686582987e-02,-1.577525661362562739e-02,7.806619983239085903e-01
1.538759396588273987e-02,2.154691312665967667e-02,8.269977561135126720e-01
1.051005893031751320e-02,2.399016786348032865e-02,8.241292070159731420e-01
-3.187539687909745744e-03,-1.834669473238291146e-03,3.594957699170130416e-01
-8.277853386258041124e-03,-1.573447545530994029e-03,3.589648043362764218e-01
-5.084186790022303740e-03,-1.078379265081919058e-02,3.625004110779514455e-01
-1.267336866614481722e-02,2.454030957511435431e-03,3.623600162168948424e-01
1.149843221814236469e-02,1.592521414311575886e-03,3.500239173228751333e-01
9.997418042054952506e-03,-7.536246540784460532e-03,3.583895109604630647e-01
-2.689467503273471755e-02,-2.092229122744306002e-02,9.617406168613064077e-01
1.214551794599239877e-02,9.790987990655839607e-05,3.660164330378180009e-01
1.511254994706827913e-02,-2.306713086125076334e-02,7.914658045439442180e-01
6.611639345547280777e-03,-3.184318135853712872e-02,9.792196080074931919e-01
9.631621643068244421e-03,-2.377534777324637888e-02,9.834336516340739243e-01
9.291117704792182727e-03,1.313928840508602966e-02,4.265079075943760678e-01
1.938639207921118157e-02,1.663629319245564508e-02,8.162957077111103743e-01
1.622056433401441317e-02,1.019114622580050145e-02,8.118111388084963131e-01
3.371365935527161680e-03,5.212661521469734091e-03,2.585373898460212594e-01
-3.021607502103107294e-03,-3.203657977074898799e-04,2.579443098013763924e-01
-1.443158540333087589e-02,-2.255184193596234191e-02,9.881144121143418113e-01
-1.432024770675359090e-02,-1.639780792028478970e-02,9.881992647085473536e-01
-1.066611087934038644e-02,-9.530329294967268203e-03,7.079383848233937737e-01
-2.240804334481694138e-02,-5.818480666966073522e-03,7.095889470025905643e-01
-1.332521730214263067e-02,-6.497302957008750830e-03,7.110265693006471155e-01
-7.840221743807183896e-03,1.358729634269521119e-02,8.620066076915045006e-01
-7.921841350577487825e-03,1.469388376251382078e-02,8.550276009072943495e-01
-1.520686442199472785e-02,9.142834821505825896e-03,8.669227639050711698e-01
-1.988194669071459419e-02,6.939361768448859893e-04,8.206257867969601882e-01
-1.505505853383210836e-02,-1.239498186923167385e-03,8.162661780142268508e-01
-2.062960476520550937e-02,2.290733201410782675e-03,8.266864317168944876e-01
-1.580271660832302527e-02,3.572988376427293014e-04,8.223268229341611502e-01
2.545420039505821505e-02,-1.487259306902444927e-02,8.785301445563183931e-01
4.021951270591164231e-04,3.406444431237642956e-02,9.310151669307813460e-01
-9.485971176157093412e-03,3.345077473682142588e-02,9.313422090647733853e-01
1.265036226116953919e-02,3.118773238664739045e-02,9.054394580933304848e-01
1.698022934754623431e-02,2.977098795801493003e-02,9.101889816563338842e-01
1.114420077099879253e-02,3.121075896691867177e-02,9.160291003968431545e-01
9.411115149088041670e-03,-2.543134078843863055e-02,7.456898138006037291e-01
-1.115313468341833786e-02,-2.074937566055577026e-02,7.240135095841289115e-01
-1.131524638353391052e-02,-1.486943195877063820e-02,7.221109141535875242e-01
-1.464876585866089695e-02,-1.872256483772974378e-02,7.269526511559649684e-01
-8.084948404273801723e-03,2.245826550306794650e-02,7.449402225137171651e-01
-1.224718074029497797e-02,1.984230656826133088e-02,7.417589853351129747e-01
-1.920527373658483927e-03,-2.816904043068006909e-03,2.511302035413163769e-01
-6.171101536220096120e-03,-4.199693021818685749e-03,2.551880375576761617e-01
2.025676507813524863e-03,-7.776826357866230277e-04,2.544309691799634399e-01
2.251271442806582201e-02,-9.434767156835733790e-03,7.211231497532180068e-01
-9.974206623994090123e-03,-1.241245656892030896e-02,7.483231460957110448e-01
-1.648765499956356823e-02,-1.776657139074524702e-02,7.395801899605456420e-01
-2.205347656750149266e-02,-1.108742983720062761e-02,7.457807551306955274e-01
-1.440999823724928471e-02,6.853125286245697993e-03,6.511155788733534733e-01
-2.115265254906021491e-02,-2.181041285685061948e-02,8.807537147900543761e-01
-1.664462385488667262e-02,-2.453132909874240070e-02,8.847549487036678872e-01
1.434325330041067575e-02,-2.290912139079828713e-02,7.855576119274545466e-01
1.752082631319844264e-02,-1.936646124693763155e-02,7.856346413573889187e-01
-6.402097611396488815e-03,-1.601387938323649632e-02,5.986946935327472907e-01
-1.184439786787021623e-03,-4.143318146376872430e-03,5.799157100213387928e-01
-7.040786602352768625e-03,-8.542725567663471062e-04,5.914011558668196278e-01
-1.695357123814280470e-02,4.362743195683585311e-03,5.795339729542606788e-01
3.557260290687340107e-03,-1.479315426781960957e-02,5.831879215171863473e-01
1.986730329150539209e-03,-3.571036961838849541e-03,5.852651697212600812e-01
1.053124068697570623e-02,-9.636820257007159413e-03,5.783261275954876268e-01
1.282475436832981874e-02,-1.689532616446045438e-02,8.449454323670384515e-01
1.175335753106601655e-02,-9.131856070178421061e-03,8.416650959057875303e-01
3.121355969400712443e-02,2.992295936190064666e-04,8.662699006474976482e-01
-2.648123344102731175e-02,-1.077809750072773742e-03,8.159452593023295286e-01
-8.625146380274175198e-03,-2.128146776716633576e-02,8.006869193346515257e-01
1.765460604907361127e-03,-2.286596650733406511e-02,9.261116915634987068e-01
-2.207626987185708472e-03,-3.076392837507609113e-02,9.286461930422700295e-01
8.596848636075004116e-03,1.119117703519469965e-02,6.515057610289960444e-01
-2.176019098514619596e-04,-2.475390039517620655e-02,8.219364579531529547e-01
-5.093434200639941276e-03,-2.844018438494418100e-02,8.248304627054980909e-01
2.206036674860550884e-02,-4.815396735237693210e-03,7.083707337650535507e-01
2.254907202086954901e-02,-2.521610311458891140e-02,9.523792361599514589e-01
2.915664670161161737e-02,-4.245944955958423292e-03,9.349904882684489937e-01
1.756378554940305967e-02,1.033556388524650357e-02,8.911066815612309622e-01
2.780951337370223334e-02,1.309275097398848731e-02,8.869176154956275315e-01
1.714616492254245755e-02,1.033052755454476682e-02,8.845013849633232006e-01
1.235760921817444409e-02,8.830353204201724093e-03,8.964527536751871750e-01
-1.337852474149103799e-02,1.846900608391000356e-02,8.208875981514576203e-01
6.155955322318943518e-03,-3.196312063425834488e-02,9.165173308288552256e-01
-6.275298237183687955e-03,-3.072251664588895870e-02,9.226358644962249222e-01
2.817016881199891493e-02,1.571205861845506591e-02,9.315883540020049036e-01
2.629339842972928248e-02,1.983976108344806533e-02,9.363559029304509007e-01
3.176687260567540722e-02,1.352870062659734460e-02,9.386978635074801902e-01
-2.751014346127653859e-02,1.486529268324146211e-02,8.368366424476458842e-01
-3.616783345434374658e-02,-2.029375933691171616e-03,9.653139101020475898e-01
-3.681896658146499579e-02,2.170271356750969570e-03,9.689544774215250733e-01
-3.560376203086021429e-02,-5.193603795169213222e-03,9.684926142034502305e-01
-2.590404622813097246e-03,2.008711852333492850e-02,9.300127585767326011e-01
-3.070124025229999110e-03,1.303144815547561779e-02,9.331471302101344012e-01
7.894740356151702665e-03,1.918165090562941669e-02,9.345115706194695449e-01
7.786105444110953504e-03,1.793861012926625115e-02,9.265324684278557488e-01
-2.697655900542693039e-02,2.616421094560459487e-02,9.909450089554542318e-01
-3.084327170732313259e-02,2.242347937422658338e-02,9.909450089554542318e-01
8.949568345944741363e-03,1.316925393942927972e-02,6.211546803723360100e-01
2.291843545015712254e-03,-1.799428819823567505e-02,8.328511103155895601e-01
3.034440334631265460e-02,7.963987963575761345e-03,8.827372210955950482e-01
3.154436470712685542e-02,1.502903810072827922e-03,8.846474660394416656e-01
3.076202397317325671e-02,7.969024294277498102e-03,8.893425176935028098e-01
6.386950895602928370e-03,-3.849049671793744118e-03,8.284299877010479207e-01
2.443336243016548670e-02,-1.944334174642902216e-02,8.832264750657515817e-01
-1.637358683903061829e-02,-1.011183456873686499e-02,9.877932981872459273e-01
-2.436699317201929810e-02,6.825586811626691008e-03,9.286287947861768810e-01
-2.098613958342586405e-02,2.730820403977398877e-02,9.367923575979890671e-01
-1.932115738799784072e-02,2.919242978061586252e-02,9.410958475964241732e-01
-1.289467437572634680e-03,-1.633456103244275426e-02,8.107260562841738238e-01
2.773032772953328874e-03,1.266880021333402842e-02,7.896536243611301797e-01
-1.589855694835562092e-02,1.453908467808568555e-02,6.675037316142229393e-01
-5.231087214815645890e-03,-2.196109601380572679e-02,6.855735788941539344e-01
-9.559068021445854199e-03,-2.142988611302265589e-02,6.824552143814917038e-01
7.648647263382553352e-03,-1.017694368142470392e-02,6.342757821457294387e-01
1.061679605963552868e-02,-2.634312219148164658e-02,8.717669975371258317e-01
2.151409402637546181e-02,1.679308786768275719e-02,8.355382649011207086e-01
2.623212172652653051e-02,1.167364544931438070e-02,8.362048745614389933e-01
-3.442698374861895283e-02,5.616835566134143615e-03,9.393519859933516791e-01
-7.301022780973190525e-03,-1.153649742829065614e-02,8.158208983741195297e-01
-9.466724435605349680e-03,-1.183328124950196875e-02,8.214760744994942243e-01
-1.449445029599212564e-03,-4.790963608684099297e-03,6.847825301198634529e-01
-4.300135001728514969e-03,-1.324611573443723253e-02,6.870539200888823306e-01
2.350585879512128579e-02,-2.334699878686802982e-02,9.329661515418320450e-01
3.123250082920891318e-02,1.502903810072828139e-03,8.775046088965845481e-01
3.070092011474129592e-02,-3.391338001148896768e-03,8.799124493192953533e-01
8.639496949156178981e-03,-2.915377046927346283e-02,8.361036048654333364e-01
9.095347838509593510e-03,-2.926307917541203646e-02,8.421212132506060710e-01
-1.679891154321819582e-02,1.218973044979124523e-02,6.616830632883086150e-01
-1.635471854686097737e-02,1.267746730906763389e-02,6.567003132289576106e-01
-1.735409716898770813e-02,-1.735106797767084312e-03,6.247199949067094860e-01
-2.290498944782166924e-02,9.419805021917913510e-03,7.052944773594347350e-01
1.103295762437733404e-02,8.037969763432701448e-03,5.251947998845574173e-01
1.350163241129945929e-02,4.333228917384177904e-03,5.199019918873859503e-01
-8.745906624265404467e-03,-7.634132705015602392e-03,5.009359795078207611e-01
-1.140607325946692459e-02,-7.914010043880819953e-03,5.085848010048095169e-01
-7.800357757575872644e-03,-1.065060110129187332e-02,5.121841208274060531e-01
-5.140191122374353390e-03,-1.037072376242665663e-02,5.045352993304172973e-01
1.518667051426680556e-02,-1.166870692378582652e-02,8.505645143602574842e-01
1.989690105010795754e-02,-2.050169867704674381e-02,8.547112207902807235e-01
1.496727915798954159e-02,-1.283539991470054008e-02,8.570511930347526341e-01
1.967750969383069357e-02,-2.166839166796145910e-02,8.611978994647758734e-01
2.355682644594206052e-02,-5.263326542400258851e-04,8.559774589549847823e-01
2.826705698178320902e-02,-9.359324407500944909e-03,8.601241653850080215e-01
1.579017899407264211e-02,-1.171060807322249139e-02,8.621849639461915960e-01
1.677913742645512768e-02,-2.443854694605707839e-02,8.553323346953735085e-01
1.421214700766516154e-02,-2.782769175232438497e-02,8.678937605940379996e-01
1.824369463003864145e-03,1.020196137809684794e-02,4.951077082033336074e-01
2.529007635913796664e-03,1.111587348150945391e-02,4.869133928790237986e-01
2.469503045999176319e-02,1.411854926673879705e-02,8.405601855845774573e-01
2.593979084137680059e-03,1.083279099779316246e-02,4.809912839424801412e-01
-1.659526054625421083e-03,1.117717834552979690e-02,4.841510528205645869e-01
4.312539564315791794e-03,4.021391267637768746e-03,8.823298771241243621e-01
-5.506889112443457378e-05,9.244503533437035264e-04,8.787661845136012229e-01
5.507112837215954321e-03,1.455830657464980173e-02,8.818584309515260511e-01
1.277855646710223184e-02,7.233586640250700729e-03,8.809376923528002834e-01
1.410076163612987779e-02,6.711698615814864696e-03,8.746102092802457983e-01
8.951054000868737329e-03,-8.903201244097965275e-03,8.490649891274015815e-01
1.131297014680572414e-02,-3.676582003423335687e-03,8.546840711206207253e-01
2.037201046392197318e-02,-6.877743736392704157e-03,8.452246060503267877e-01
-1.244616837478795465e-02,6.405813409476844578e-03,6.700380772181734335e-01
-1.456401531389395557e-02,-1.612647991108696454e-04,6.693610661544340257e-01
-1.801640388746162183e-02,7.972006469497971981e-03,6.668267205504835315e-01
1.967910959204003524e-02,-3.879369662905448116e-03,8.384806920753349324e-01
2.634439405448501387e-02,-1.189019397935182562e-02,8.388448767126880368e-01
1.652374809095243438e-02,-2.127403388811070079e-02,7.780940287356432616e-01
1.166328119427973396e-02,-1.737652938190535970e-02,7.747706141475441122e-01
-5.287655044776414827e-03,-5.319439649767011488e-03,3.216516231449156882e-01
-1.016987038645311182e-02,-4.633657075450619937e-03,3.199173608428634852e-01
1.446714874446398090e-02,1.188457360676054182e-02,5.945047200895483552e-01
9.966331590259797785e-03,2.404937667826454947e-03,3.446222123109746183e-01
9.910080786301345146e-03,1.865998914787352775e-02,8.777603173243864187e-01
5.542472330861120296e-03,1.556304823357946253e-02,8.741966247138632795e-01
1.718152441618762266e-02,1.133526921347442762e-02,8.768395787256605400e-01
-2.484531185155207898e-04,3.833364413762047757e-02,9.950756696483402663e-01
-4.017417860713630266e-03,-8.916950022163697837e-03,4.660891018840627176e-01
-7.593967903220757813e-03,-5.887048098024709637e-03,4.708532699133766708e-01
2.933296805746784565e-03,-1.267431269888857383e-02,4.228662737967509022e-01
-1.048402827890905931e-03,-1.602885257590399432e-02,4.197505338826768573e-01
3.462335472001623095e-03,-4.004797090024152240e-03,4.209937969218721099e-01
-1.101693534783925073e-02,-4.379997547147018722e-03,5.047315972302356402e-01
-1.348400791218719655e-02,5.919570787223099942e-03,5.254194678850774292e-01
-1.486064737637924488e-02,5.241744342923190933e-04,5.300864465318201324e-01
-9.374729976552971999e-04,-1.112681618814538413e-02,5.009630879048772023e-01
1.382289545732152264e-02,-5.713774467807264737e-03,5.755283381637206208e-01
8.270726689920028171e-03,-1.067073992291875384e-02,5.715999316657587315e-01
6.585180629259213686e-03,-8.535736608165443717e-03,4.657652120222154357e-01
1.124604011507825477e-03,-1.009278416578157124e-02,4.628188746942649701e-01
1.160913491540905770e-02,2.098935849153014607e-02,9.142614268781231734e-01
9.371050334038181356e-03,1.490074643831992146e-02,9.049426696579766505e-01
-1.618335452327449193e-03,1.674445193691303374e-02,9.090739620875400995e-01
6.399260817749594099e-03,1.046377548632250985e-02,5.230545884367303611e-01
-1.049855482702307177e-02,-8.897113906469548625e-03,5.437886502538045175e-01
5.735502261222056967e-03,3.841675806599995774e-02,9.943434219297624388e-01
1.440582359763657727e-02,-1.980862380371181068e-04,9.936014490076023886e-01
1.539991556261125806e-03,3.382261419232171669e-03,9.070298262226603736e-01
-5.203868966896904938e-03,-5.953678880213476333e-03,6.519767212135934020e-01
-3.696200702940934373e-03,-8.262608126000381414e-03,6.600958011731480335e-01
-7.148589276508600203e-03,-1.293368573915395711e-04,6.575614555691975394e-01
1.975764474838811666e-02,-7.262017124728247647e-03,8.665154482216108622e-01
2.980233629059330508e-02,6.880151420436983987e-03,8.611876701376008914e-01
2.468345853833442752e-02,-2.493011835634564854e-03,7.413175096043513879e-01
7.265094745662497612e-03,3.164119122777823978e-02,9.022212661881300333e-01
-3.106507204614603057e-02,-1.894205780869453667e-03,9.843363521294842267e-01
1.087632794980282393e-03,2.961126610393953473e-02,8.443761773981950380e-01
-2.705493391911449694e-03,-3.141738883424895212e-02,8.495827267950639694e-01
2.694317213949767517e-03,-5.930694337209052591e-03,8.511245609760815789e-01
-3.924597185828458679e-03,-7.706054699507091515e-03,8.490176388256351903e-01
-2.620301529112206360e-02,-1.712341401435076363e-02,8.544952460588819410e-01
1.493682963607003214e-02,9.664169818108418047e-03,8.547923428990165107e-01
7.575201555980806689e-03,2.566180005320390332e-03,8.508670124104602550e-01
9.562338838736126646e-04,-1.683151208521303788e-02,5.646043088088372741e-01
-7.455557934088932748e-03,2.990374239339149004e-02,8.623838317247916052e-01
-1.820414055020937172e-02,-7.191992473349933385e-03,6.577192515494437730e-01
-1.429216518255207839e-02,-1.597692162867155909e-03,6.621178601346873194e-01
-1.774455375611974639e-02,6.535579105741685067e-03,6.595835145307367142e-01
-1.189264069362806764e-02,-2.613780593254334816e-02,9.939142046268560904e-01
-1.232876095720855485e-02,-3.101269437046083252e-02,9.892413110677125143e-01
3.474878291985358802e-02,-1.731647736349339189e-02,9.944739648419199662e-01
1.294027058978593735e-02,-3.548002003961104635e-03,9.865389164103013364e-01
7.546475651324758421e-03,-3.050084823407713322e-04,9.917674676246182042e-01
-3.399915095651893232e-02,-5.858458107994085444e-03,9.381926927768005076e-01
-3.088688768274640978e-02,-2.113913024368676598e-03,9.791974035250564645e-01
-3.663827376613257997e-02,-4.689601918426867383e-03,9.748815576591149945e-01
6.578830079856848485e-03,-5.713809472071178404e-03,8.365782256816090001e-01
8.877412660216330714e-03,-1.198683352401641589e-02,8.331835897462380736e-01
3.650180692329478560e-02,-1.228046277697608657e-02,9.949107367345313424e-01
1.342237280512106543e-02,-9.068627560165354318e-04,8.405402639240148188e-01
1.411527367700300337e-02,-3.905236829503791040e-03,8.472841778990065631e-01
7.334975284454548980e-03,-1.335319620753618389e-03,6.894430467918937211e-01
-1.791785459754311610e-02,-1.476685809890151621e-02,7.233612316908357709e-01
-1.952972532916746190e-02,-1.209336687130236308e-02,7.294488384067130404e-01
-3.111139757468099707e-03,1.699326009696136563e-02,7.093083719686221755e-01
1.402014205012078532e-02,3.928640378909411396e-03,5.270502290384071475e-01
1.198411963705969981e-02,1.150244761779708504e-02,7.083805524263693254e-01
-9.241815209599319250e-04,-1.096912330381938187e-02,5.269652194318621419e-01
-3.432888231856003405e-03,-1.071457652387418878e-02,5.314104113095445836e-01
-7.682725184135682887e-03,-9.682607388091336170e-03,5.275480020762147726e-01
-3.648666596524743726e-03,-2.693021557877894184e-02,7.566849579434336004e-01
-3.716326679146101167e-03,-2.659951195101661892e-02,7.500476308008939830e-01
-3.364452397385062077e-02,-1.510840361622100766e-02,9.735942646334960759e-01
-3.689293397976398103e-02,-1.815830410378904518e-04,9.842111405516253964e-01
-3.689140128374261696e-02,-6.773577328772047157e-03,9.837364591167458983e-01
-1.697560001554478809e-02,-1.216274493413581001e-02,6.524738446406225245e-01
-3.211061689679859527e-02,8.487781044018920251e-03,9.370733672308095841e-01
-2.785680795774518256e-02,1.258312517596860483e-02,9.338581835327681713e-01
-3.268033910753732202e-02,1.179999324911506185e-02,9.252063423499966577e-01
2.770018572183392640e-03,-1.934178327993297739e-02,6.495707854583836482e-01
6.819768807501041218e-03,-1.638930145462068680e-02,6.536734503372853000e-01
-2.570514984172865558e-02,1.170060695021188889e-02,9.511969903820278738e-01
-1.913497405085488531e-02,1.866689656004635184e-02,9.457031879214443659e-01
2.579917180779869867e-02,2.049181627300212388e-02,9.517235708352738133e-01
-1.579983344650804852e-02,7.112370829197489554e-04,6.539987801751325769e-01
-2.431810456812162624e-02,5.765233004558924235e-03,7.076286897455248415e-01
-9.606954677237440621e-03,-1.014214751447885948e-03,3.446520274268669581e-01
-5.731157355560376893e-03,-8.677530522906456989e-03,4.571319986936424051e-01
-5.891354833389211496e-04,-9.853364666524330392e-03,4.538617715038446576e-01
-1.842468071358862453e-02,-1.490951662861195876e-02,7.349585758374179711e-01
-2.304798133727324616e-03,7.728589854417600158e-03,2.822483471258491194e-01
-2.218175275712438305e-02,-1.214777179518955127e-02,7.510217590778530683e-01
2.443879986804326117e-04,2.909133295002454961e-02,8.621718980834280899e-01
-3.478707803970645853e-03,1.592623691969365096e-02,8.757088084733186673e-01
-3.560327410740950650e-03,1.703282433951226055e-02,8.687298016891085162e-01
-1.174958941307720911e-02,2.792659025616214818e-02,8.530640679127279302e-01
-5.220073662723836300e-03,1.612265690411107677e-02,7.029969306493569770e-01
-7.094810204378295543e-03,-4.082861870345767807e-03,8.512711049807382135e-01
8.426405383444414768e-04,2.113450691273598830e-02,8.646316880619688838e-01
9.242601451147462732e-04,2.002791949291737872e-02,8.716106948461790349e-01
2.400505033235585117e-04,4.974054495866827956e-03,5.911134564183997409e-01
6.882300684098868748e-03,5.564554078807645507e-03,8.441230984354683997e-01
-3.579946807352932421e-03,-2.094787413912811008e-02,6.489871390575137067e-01
7.179017395248574532e-03,6.114837849194384653e-03,9.917674676246182042e-01
-2.629201755113252936e-02,-5.406715389205550906e-03,7.695509203218237060e-01
-2.498308756710904133e-02,-5.766419619383522828e-03,7.766037304995494495e-01
4.161524055304728457e-03,-3.493930696903922717e-04,3.172102596774832861e-01
7.183419233910620823e-03,-2.340105688542223547e-03,3.217311875428933710e-01
-1.629782523115643270e-02,-8.111986106010951603e-03,7.701660618160626193e-01
-2.616845087398391237e-02,4.150624957345800184e-03,7.573649239166919678e-01
-1.471848845622023179e-02,-2.641972408849057458e-02,9.075345093115794182e-01
2.009054537367090110e-02,2.964776087571126262e-02,9.386286330864053173e-01
1.753890883519877014e-02,2.153587945557296907e-02,9.386298020793076846e-01
3.166660851534029708e-02,7.442099939139925312e-03,8.764097380230406742e-01
-3.626512383137627665e-03,3.353515005341873439e-02,9.183086780804909921e-01
-1.706592778818366400e-03,3.333997454455571441e-02,9.215233894894155897e-01
-9.963207881775029695e-03,3.351508104460136639e-02,9.215021052783705091e-01
2.794215945012249944e-02,-9.281586404920673036e-03,8.786724881903407169e-01
3.806954440791505273e-04,2.751582437918879270e-02,8.832809570137970523e-01
-1.452013877069395845e-02,3.073141047015016253e-02,8.939396729573143574e-01
-1.447953105796071990e-02,-2.504419777823801291e-02,7.770049058588339719e-01
-2.570321036336589010e-02,-1.592756944863559995e-02,8.346058171529544545e-01
2.538793133187370113e-02,1.112017519325154101e-02,8.473040995595693126e-01
1.759083435808477328e-02,2.243546950707803189e-02,8.512527544150398917e-01
4.419927873778655911e-03,9.919850491223866293e-04,8.235182489768573255e-01
4.109745274010496302e-04,-2.529967874282075535e-02,8.979660267496802906e-01
-2.435334722703634720e-03,-1.061747536661339364e-02,8.883357032419513244e-01
9.565727169475804481e-03,1.943063466520426191e-02,6.917809414899318554e-01
-7.717980828228779983e-03,-3.234426815274035055e-02,9.872754240209269394e-01
1.406959916664076576e-02,2.751210270077349140e-02,9.610916123849835291e-01
-4.693371989457482095e-03,1.722163388080011348e-02,8.801467303339138848e-01
3.009365059873382576e-04,1.305309589360502225e-02,8.872045030654822639e-01
2.005106990775809908e-03,-3.341803230711217886e-03,9.917674676246182042e-01
-2.114759258568333841e-02,1.910737054576094884e-02,8.066833539259878894e-01
-1.658831221946796899e-02,2.295048208133003420e-02,8.127688250463832587e-01
-1.550112391519021388e-02,2.375388568148994670e-02,8.073808546313163692e-01
-1.084535048215819024e-02,1.148177539850426740e-02,8.806249646868853365e-01
-4.409864482829361880e-03,-3.731519496203924979e-02,9.797471133508006691e-01
5.358235918713635804e-03,2.593284062890259534e-02,8.933641360892010663e-01
-1.935617725436238751e-02,-3.120191245176733019e-02,9.895273139283422559e-01
2.386496955887893942e-02,-1.700160478812903081e-02,8.425662987173012652e-01
2.508224099976312516e-02,-1.571073548965362318e-02,8.493713124803499159e-01
-2.901790638131990230e-02,1.051122357035347288e-02,8.354686115460766560e-01
-2.957365481728469608e-02,5.037971834289120890e-03,8.352193505905891602e-01
-2.610993239756219473e-03,-3.330847938924251777e-03,9.852757057301728683e-01
-5.397424345400263571e-03,-8.526205990929073414e-03,4.504017514835860769e-01
-8.763775921710103764e-03,-5.333782040686769511e-03,4.475515804634304651e-01
-6.159521751248301247e-04,-9.559990847784407761e-03,4.471351969096282186e-01
-1.302171512364982270e-02,-3.040903074693602007e-02,9.833053924364255627e-01
3.138095998376108642e-02,-9.503879443620945333e-03,9.928987314219044347e-01
-1.361924124788845697e-02,-4.748347473706882732e-03,5.345223412286590481e-01
-1.120831839423755069e-02,-7.543251672123611057e-03,5.300673774579778286e-01
-8.949520182727082468e-03,-9.454696864232668349e-03,5.353304891847214808e-01
3.181161439597963991e-02,-2.187083605021502078e-02,9.954879095916655540e-01
1.402665708884179643e-02,-5.868356925376357926e-03,5.381218125695801380e-01
-8.936367669128242146e-04,2.516180586592989266e-03,8.876759492380804639e-01
-1.865199897375693222e-02,2.133135145783183334e-02,8.013223539862712741e-01
-6.708378049316551794e-03,-1.297473398726952352e-02,6.801838244124727151e-01
-1.100009224294180334e-02,-1.099806495411637282e-02,6.766499646735439910e-01
-1.385078221507110574e-02,-1.945321707986950518e-02,6.789213546425629797e-01
-1.086923542189011625e-02,-1.131298522993234856e-02,9.482595251655006052e-01
-3.662449907222995859e-03,9.316892075830215600e-03,3.141163560198235727e-01
1.031325196887414482e-02,1.957655064735806111e-03,3.787956650709333184e-01
1.234859197836242657e-02,7.249706696323564639e-03,3.817118926385597577e-01
-2.507986939744217061e-02,-1.540665558270954728e-02,8.680065940349648290e-01
1.943273809474516198e-03,-1.047321751628712237e-02,3.132751329434454446e-01
-9.412858833204629933e-03,-3.174015511676313815e-03,3.140206758547581245e-01
2.996652971057343559e-02,-3.132372466918628348e-03,9.929482706704483297e-01
3.696841052516700032e-02,3.317144783890654813e-03,9.928571428571428825e-01
-3.675725237460050233e-03,6.643170042409924205e-04,9.890611565288380813e-01
1.904032050643604534e-02,-1.952711477891467748e-02,9.647637453132628105e-01
3.062486712723538895e-02,1.497803364984296240e-02,9.276221884761686187e-01
-4.619909033042188078e-03,8.378589720415149933e-03,9.782587184978912553e-01
1.309338190805922446e-03,8.789175644603573409e-03,9.716186468239766949e-01
-1.374910791526627943e-02,-3.747987464675873667e-03,5.270211266376136905e-01
2.810216115243290534e-03,9.591650880801506560e-03,9.617768942865695392e-01
-1.158999957917617764e-02,-1.933506093709488546e-02,6.633276341035341250e-01
-7.678024211518884312e-03,-1.374076062661210886e-02,6.677262426887775604e-01
-7.201928503901054365e-03,-1.895467324919009044e-02,6.720215663023544339e-01
-5.949765754927270958e-03,1.387852538259147506e-02,9.704081564151174621e-01
-2.766998246668668244e-03,-2.908388819237978790e-02,8.125590408167823187e-01
3.820332665169265222e-04,-2.308055367018254853e-02,8.115829311484568098e-01
-7.759497245805846780e-03,-2.219978253997932638e-02,8.110912790400612860e-01
-1.662570187720083768e-03,-2.827749128874309376e-02,8.074685711604496774e-01
-1.515458026644059958e-02,-1.613857790450633212e-02,6.626355722530152814e-01
-8.104884472404516246e-03,-2.780826312392910282e-02,8.099075136260753816e-01
-9.318226404194010493e-03,-2.712872160745066069e-02,8.035871714864657456e-01
-8.773157067732774428e-03,8.688999916593149672e-03,3.542881717548658216e-01
-1.386234091486664328e-02,-2.486838015293581922e-02,8.074441127136111618e-01
-6.021394403558111633e-03,-1.216545009250258325e-02,6.431610834729016846e-01
-7.844406498073568448e-03,-1.141118192149719393e-02,6.372898606058465809e-01
-6.254940198541340986e-03,-1.295709411323767678e-02,8.120822011346195968e-01
-6.466147590492602945e-03,1.889395888235041818e-03,2.455754893987835141e-01
-1.518454388900508656e-02,6.927985406638275355e-03,4.382092538026037820e-01
-3.490574218376256508e-03,1.059773989154208160e-02,5.050670730600964609e-01
-6.150740853577776196e-03,1.031786255267686490e-02,5.127158945570851056e-01
2.011146634583414403e-02,-1.727292335644176752e-02,9.300260537115561110e-01
2.177895376133897470e-02,-5.067278304243931844e-03,9.318843703355628172e-01
-8.195468474271780726e-03,2.329197461351001103e-03,5.398702960288341846e-01
2.651325260923230454e-02,-2.053398750575417125e-02,9.231860230525191779e-01
7.629911393393140617e-03,1.801006214352103563e-02,5.818688770776301311e-01
-1.516237438348057298e-02,2.510423021476541590e-04,5.372568210100570063e-01
2.412218778475545139e-02,-2.262768397472333243e-02,9.190035381625016875e-01
-6.331941223998406414e-03,1.363522963752860154e-02,5.553975153533392550e-01
6.755174929602197377e-03,2.639840814686071277e-04,2.365914550540579309e-01
4.773952334283681175e-03,1.065019298121940711e-03,2.318163740227397740e-01
1.144614331517264556e-02,-9.984239129673600638e-03,6.060089981593383968e-01
1.203637879878853914e-02,9.481632032738575994e-03,4.452671614859667337e-01
-7.778348602699900437e-03,-1.457924439241467182e-02,7.527337426864540992e-01
-5.589589565341869515e-03,-1.562340640794968386e-02,6.058314057841376332e-01
-2.399082832927610515e-02,7.673238893710139508e-03,7.124174879412334960e-01
7.126427924478727360e-03,-2.032890203773898841e-02,6.897447128858638088e-01
3.190586390665380023e-02,2.752654891401310183e-03,9.724416677140591547e-01
3.618623132366790771e-03,-1.236126649246145279e-02,7.500867616015280959e-01
-4.534837851576020533e-03,-2.737527289489181254e-02,7.634296049581665855e-01
-1.184527966563498139e-02,-2.228502818111719602e-02,7.680639486341334088e-01
-1.606461750536171407e-02,-1.997108696390190175e-02,7.653250322929331384e-01
2.919707604241059823e-02,-1.903121863789433710e-02,9.618086751542130886e-01
2.582216337539092188e-02,-2.322147242212972001e-02,9.628130610917235988e-01
1.787806552096460333e-02,-1.995646738469400092e-02,9.460404691772272834e-01
9.260138621264893052e-03,-1.752152888866452540e-02,9.449051589558750130e-01
-8.059988759549507192e-03,4.362737251684341983e-03,2.772271797922529202e-01
-1.258104020476938411e-03,-2.619816483945052940e-04,2.741500192094024069e-01
-4.751508428109724527e-03,-4.096614579826782232e-03,2.710695129059282893e-01
9.940774410641922687e-03,-4.895827575121889513e-03,4.664215715956646635e-01
5.501909121979516037e-04,1.123353972535109588e-02,3.692311414637998723e-01
2.620646745935688998e-03,5.991984496769308527e-03,3.718135211377291416e-01
-2.630197659088729691e-03,-5.139524765599846889e-03,6.777134553567347730e-01
-1.091705751662932003e-02,-1.016195315847102498e-03,4.596096171954870968e-01
7.412176924469614930e-04,-3.744642062809422443e-03,4.157550628949708837e-01
-4.124493378356650607e-03,4.373839107415565183e-03,4.177378503729750614e-01
2.176662694564943101e-03,5.857834026622414474e-03,4.138806004872297439e-01
-2.689048376238668998e-03,1.397631519684740253e-02,4.158633879652339216e-01
-1.517022453222877272e-02,2.113191963812996801e-03,4.153499490964871477e-01
-1.316507030355787596e-02,1.202868252591983954e-02,4.754736068402222182e-01
-2.263321313304289539e-02,-2.076209088622741825e-02,8.514879974030704624e-01
-2.136016002947648679e-02,-1.881994880486483751e-02,8.592142987873193638e-01
4.113145299778000509e-03,-2.732226104704870567e-02,7.488269991010638726e-01
-1.530744240586117549e-02,-1.916088697701860688e-02,8.568458907881466580e-01
-2.203710314614214932e-02,-2.087251057802182175e-02,8.450021459857572914e-01
-5.881789239250900456e-03,1.411743650212402522e-02,5.683717719947571911e-01
1.435080640036150634e-03,1.269834736018933020e-02,5.687602448542006250e-01
-5.190427364053677023e-03,1.311786357709094665e-02,5.612686074362434052e-01
-1.767520981431743021e-03,1.208690483589285047e-02,5.734505004427239427e-01
-9.084390860718794328e-03,1.350599397782754549e-02,5.730620275832805088e-01
3.481869937879393528e-02,-6.451455754888077432e-03,9.314186017418378816e-01
1.711894384949187373e-03,1.880307777765103522e-02,8.184944793954803677e-01
-7.427348682948631958e-03,2.190849348766507609e-02,9.612384647737238774e-01
-4.379704505570590489e-03,1.226410247812261337e-02,9.564932262735036383e-01
-1.115380860526145670e-02,1.224523833440967213e-02,9.579003784700160784e-01
-2.872453973653509018e-03,-2.061877181766727865e-02,6.683956484065072257e-01
6.259297987860495266e-03,1.294640442935533070e-02,4.083551170074814496e-01
2.838458580123493988e-02,2.303137758583272479e-02,9.870272847886394363e-01
-1.699006758920940715e-03,1.062927751362209919e-02,9.482153343756040131e-01
1.564742003120093636e-04,2.643539949880765669e-02,9.441414908385656890e-01
2.837171946961659572e-03,2.480057453430714251e-02,9.358635989406660638e-01
-2.432414003534080511e-03,9.553667232822169592e-03,9.394906683066166497e-01
-5.113111750183730285e-03,1.118849219732268377e-02,9.477685602045162749e-01
2.960442408678995094e-02,9.214203521275622297e-03,8.776073555258638859e-01
2.671502571534103976e-02,1.404176554981015172e-02,8.809538358770265809e-01
2.588748097039247908e-02,-5.975510335246852697e-03,7.738054698430929523e-01
-1.236086995116401910e-02,1.868576070375928960e-02,9.442960357249319259e-01
-1.880239331268011155e-02,2.911896919945203277e-02,9.321300582032880921e-01
-1.646314773084288016e-02,-2.306249139221640959e-03,5.531849934544375014e-01
-1.423113150155410137e-02,-6.077903383531854664e-03,5.491606253142086169e-01
-9.680172204514369758e-03,1.705093573925877543e-02,9.360181438270323007e-01
-1.516827589218444627e-02,-4.190764515943763008e-03,5.429805022977420847e-01
-2.011590766514593717e-02,-1.316797798996357377e-02,6.944777612029828795e-01
-2.190976519551332373e-03,-1.074121277996071405e-02,5.347477065403687391e-01
-3.671996242496898717e-03,-8.267672436648389536e-03,5.433977463828086885e-01
3.711740855754700440e-03,-1.695321412742038791e-02,6.209849389499396688e-01
-1.085548040903054276e-02,-1.146416917827384335e-02,6.089518340011068620e-01
2.813863682674602046e-02,-2.957503029840347856e-03,9.302031892840648686e-01
3.426672276889322633e-02,-3.482504547160060731e-03,9.365604714140765008e-01
1.110489410800822793e-02,2.192759637241774653e-02,9.228915313504235662e-01
-1.331800179866618125e-02,-4.300435355976012577e-03,6.080449354351118441e-01
-2.247340310019643045e-02,2.523441101628799005e-02,9.140943135547172638e-01
8.628462303134677019e-03,3.256498239258240335e-02,9.218306766746974246e-01
2.370362812640611910e-02,-8.262276230418324000e-03,7.430540243119752031e-01
1.764156577296434325e-02,1.406181628114295569e-02,6.934207602128444892e-01
8.146886522039976236e-03,1.824302083388459547e-02,7.255311118852347807e-01
6.324258426707377034e-03,1.093214396508646741e-02,7.181467998530485231e-01
4.397186995009770734e-03,2.090940344292843353e-02,7.211240382651953329e-01
5.465843488242033352e-03,-7.719174546313017915e-04,3.445500618642051149e-01
9.286123714989175798e-03,-7.320693853082156644e-03,3.441016483991811148e-01
-1.608149221222970882e-02,2.471117482899471817e-03,9.626536847989295431e-01
-1.112684020129327267e-02,9.928513543519952925e-03,4.215686616367965156e-01
3.271911827528153904e-02,-3.743094470744178209e-03,9.005921887350436528e-01
2.333132146184454386e-02,-4.098543239868972406e-03,7.184772991934353925e-01
2.205589062106338982e-02,-9.806639127365353314e-03,7.143651356853431000e-01
2.208784234209854730e-02,1.438624997345544151e-03,7.136168022358317931e-01
1.298830189887749398e-02,1.251763337398404882e-02,5.892878138906243457e-01
8.025393717357113404e-05,-8.844798909166274453e-04,1.861033027089566416e-01
-2.951573054062328963e-02,-1.201203689111121457e-02,9.047536073096817955e-01
-2.835805336474639740e-02,-1.513174997210413146e-02,9.006164238679112977e-01
-2.802499135115164505e-02,-9.289473396715985931e-03,8.694971546102061577e-01
-7.662365776653377002e-03,-1.463292690763365062e-03,8.452005801154747200e-01
2.253138177111814466e-02,1.157144545485134200e-03,7.209035920795098251e-01
-1.946861282886525740e-02,1.573317241538018524e-02,8.125826981424928430e-01
4.670562534434336693e-03,1.902522988091479017e-02,5.761989176561665982e-01
-9.555137742830047479e-03,2.355322541939377720e-02,7.641239768429374246e-01
1.022920627799554782e-02,1.533747969429000504e-02,8.473274239264836361e-01
1.172963470160077494e-02,2.232186387864912649e-02,8.400597854168103673e-01
-1.043451376875150806e-03,3.120676715346729947e-04,8.473075022659209976e-01
2.402427263576795494e-02,1.283170206165861220e-03,9.276319368838170654e-01
-1.741536290233552942e-02,-1.625673404728095184e-02,6.782292927920441361e-01
2.420568783521091435e-02,-2.348325104301594163e-02,9.457731684628735147e-01
4.145041457828848967e-04,-2.816007344637734555e-02,7.738238517685696038e-01
1.071202848368981667e-03,-2.655880067809761672e-02,7.797152359449339709e-01
-8.673357931020331604e-04,-6.353634322624751064e-03,2.316298041583103040e-01
-1.698889846099014070e-03,-2.737613185284092608e-03,2.366706482162690972e-01
5.846360505090630877e-03,1.920026010440727474e-02,8.495067869334267385e-01
7.346788928695857993e-03,2.618464428876639272e-02,8.422391484237534698e-01
-8.393028985521570895e-03,1.250642105279446692e-02,5.659588630247668339e-01
-1.119793186198479555e-02,1.073442625641650612e-02,5.623782244402681929e-01
-4.673281076870807946e-03,5.389321612681619716e-03,8.761802546459169783e-01
-4.373374734280054479e-03,3.047196220338464073e-02,9.775967229621294052e-01
-2.970198318657657835e-03,-1.312133999172278125e-02,7.004752576131901831e-01
-9.793116632422783560e-03,2.538456577901487127e-02,8.034581073112607719e-01
1.045810243481464299e-02,-1.415754389707930827e-02,7.661439944068235697e-01
-1.752714757680023591e-03,-4.392598091558855278e-04,3.059996480130793284e-01
-3.485452855598512867e-02,1.657741992475299242e-02,9.942826521548731034e-01
-5.233836266207415877e-03,2.922767731458395662e-02,8.095435784316560301e-01
-3.649844362222547101e-02,1.135230520680642965e-02,9.963354038077740782e-01
-3.595183220157922854e-02,5.721200550870376295e-03,9.963354038077740782e-01
-2.401492736056929853e-02,-2.553376831539120109e-02,9.585432107789910727e-01
1.103021136832366654e-02,-2.817208625719465342e-02,8.550284646994219528e-01
2.228171483672633513e-02,-1.162547536920697719e-02,7.491942654662632206e-01
2.008104119306719504e-02,-1.354225434483049585e-02,7.531081668536772078e-01
1.359583274951533041e-02,-2.684313534523557684e-02,8.439400003256153360e-01
1.127832180499148754e-02,-8.786600879171488961e-05,4.693611296311004932e-01
-2.687920271978030962e-02,1.784794946165285667e-02,8.911575184204469924e-01
-3.602770294541117468e-02,7.174928115768959211e-03,9.746407351037832401e-01
-3.620686306472223337e-02,7.442807103212639025e-03,9.682389734313139318e-01
3.370754309237865287e-02,-1.809709439919141363e-02,9.763474026387071181e-01
1.049557700405504349e-02,-2.804658768858589793e-02,8.477936009911852810e-01
4.999203512054278126e-03,-2.829808618355580258e-02,7.775148541206590158e-01
1.379902840649251984e-02,2.571788197582378782e-02,8.795729844553403787e-01
1.294108095343464784e-02,1.782697005043138577e-02,9.913795566751938404e-01
-4.423010562726066922e-03,-1.201687304260600810e-02,4.178814953918130737e-01
2.480990052811873209e-02,4.214871013973374783e-03,7.856449709818293936e-01
-3.626670845594525197e-03,-1.656248198186764317e-02,7.488353318851147522e-01
-2.863741377035480817e-02,-2.576566627171072640e-02,9.955260392119968937e-01
-3.111339278392429020e-02,-1.926572624317921673e-02,9.955260392119968937e-01
1.011754669967200940e-02,6.309682460793028351e-03,9.549667137912960513e-01
5.969372319372815219e-04,2.612874998427373602e-03,2.852304475846295095e-01
-1.112007428063892418e-03,-1.575157569714351422e-03,2.836459430656991243e-01
-2.104390551076344099e-03,2.862244960609534958e-03,1.891505978081098882e-01
8.486944316867667260e-03,1.408640442324153932e-02,6.326878405095633928e-01
1.066237625252994953e-02,1.210923686285841037e-02,6.277611590510651096e-01
2.667410950875673953e-02,-1.178647506774438414e-02,8.452693442279386460e-01
-2.620719066125320150e-03,3.844773077075304153e-03,2.793669496634200167e-01
1.499606191506078039e-02,-2.562664385840943831e-02,8.496123880661945460e-01
3.821686179710977356e-03,5.633679030599260916e-03,2.734495582414807613e-01
4.181165672947249716e-03,-7.799458230035435577e-04,2.762897890805694479e-01
-2.849629202074236041e-03,-2.430923462580546549e-04,2.417602781766535203e-01
1.097991825349161309e-02,-2.475224271092060085e-03,4.342496907020911845e-01
1.316495214070742721e-02,-8.678795159895967559e-03,4.313648918085778439e-01
-5.025381442715639961e-03,2.935098830140421555e-02,9.251643265668477722e-01
-1.351534009297900192e-02,-2.901196805989214589e-02,9.231393225359750820e-01
1.025647153799062392e-02,9.387463899002771936e-03,4.302810692011956872e-01
-7.159629268295300726e-03,2.294386418238897329e-02,9.282115388830444180e-01
-1.555038939043744926e-02,3.269756735880409958e-03,5.560207046455654112e-01
6.199490973050883133e-04,8.800969470612951887e-04,4.248534139672548449e-01
2.114341596758368032e-03,5.797788049842459053e-03,4.267540986991956720e-01
9.312762045350477316e-03,-9.312196799712376197e-03,4.275723767113662754e-01
2.436289313444444521e-02,8.802967684795310818e-03,7.895750304364763661e-01
-1.323633091316973572e-03,-2.840325994663692177e-02,7.695385990232193052e-01
-3.588235189722911722e-02,-1.821657882249794885e-03,9.215685858543817277e-01
1.766595731237131581e-02,-1.341373546493869126e-02,9.744797617020781733e-01
2.510775966383576446e-02,2.178962181839915521e-03,7.993221815252682383e-01
-2.171929487697054489e-02,-4.778113267684349144e-03,6.873364047128521781e-01
-1.072029304143246389e-02,-2.123608762549274512e-02,7.302957836055621321e-01
2.606267103524371326e-02,4.133430071117848159e-03,9.821852247790128221e-01
9.272411984872171165e-03,8.009887599744972692e-05,2.934472858352080715e-01
-1.315858507693987156e-03,-3.958477917528190754e-03,4.237266473758070640e-01
-1.410560937811720580e-02,-6.797408410854431648e-03,4.218228620650119609e-01
-2.743885248976942609e-02,4.592309422098215903e-03,9.135254543132460547e-01
-7.868198414391486262e-04,4.711037691336230834e-03,4.218541705009282161e-01
1.148987763559926843e-03,9.549612555925717644e-03,4.229809370923760525e-01
-9.916674037941811473e-03,-1.017662146326255186e-02,6.310865409844608198e-01
-1.028836613442775383e-02,1.341160931268524543e-02,6.309622295794168334e-01
2.497139284828532590e-02,-3.091073456417030210e-03,7.759552593466786385e-01
-1.650579620259506886e-02,2.580286577953971178e-02,9.458756851690701684e-01
-1.009541361458663085e-02,-3.266963803060145624e-03,4.902258842422346774e-01
-9.242190274064631186e-03,-5.169294220262354855e-03,4.546658470255358075e-01
2.061385596288715667e-03,4.489121080383656759e-04,3.627361648587804632e-01
-7.424443381946355808e-03,4.737612538788092686e-03,3.656004111586622640e-01
-1.177494930265061447e-03,-8.391191458709958140e-03,3.655668556863785335e-01
5.968077456045957525e-03,2.841513300147598120e-03,3.658026094672075512e-01
1.756948366564034698e-03,1.031819100146633486e-02,3.227001262650219249e-01
-2.278779277776351100e-02,2.166873952573401818e-02,8.895431389882731965e-01
-2.133140396346794310e-03,-8.677865415047548298e-04,3.198177805365985948e-01
3.604607729633261051e-03,1.001200108954594312e-02,4.726157382373964433e-01
-3.401651745876347992e-03,2.348401348006676909e-02,7.428854822546391290e-01
-7.987675457417011890e-03,9.876656101350727440e-03,3.678191945432849330e-01
1.692562424168949850e-02,-7.159634445838796227e-03,9.758428283515229174e-01
-6.278212791481114184e-03,7.824593357954599468e-03,4.416022216316788374e-01
1.405461074155003008e-02,5.680898906276946915e-03,5.692678161263671210e-01
-1.155821747782741389e-02,2.853554717615949810e-02,9.763394386756354404e-01
2.336573849542074310e-02,-1.709830234871968085e-02,8.347632737833212691e-01
1.944358208545476224e-02,2.136648548420925359e-02,8.818745744757523486e-01
1.336346438674648578e-02,7.732178066997002705e-03,9.012609562333964153e-01
1.039772247899678655e-02,4.566455708499956266e-03,4.741122907642506545e-01
1.026769315949590568e-02,7.329238994555032586e-04,4.777366753361841356e-01
-5.034575733663759420e-03,-9.311804904465665472e-03,4.038309465755661742e-01
2.063300575175739185e-03,7.449875999580839875e-04,4.057549044324010867e-01
8.803744443599000047e-03,-8.839548717744843617e-04,4.027812674829510664e-01
-3.601771901694509996e-03,5.818375559261666254e-03,4.028406560821898852e-01
-3.052036967784468174e-02,1.548479418060790371e-04,8.475431741468641977e-01
-2.228449848719632476e-02,2.010219551768335777e-02,8.224863548494502075e-01
-2.961730319316308296e-03,6.981359123635127659e-03,2.678155135932214215e-01
-1.138791051982320900e-03,-2.107416742355540384e-02,6.907272480515710411e-01
-3.314768096828060034e-02,9.034681662680833086e-03,9.427105120394008164e-01
8.324326802415406637e-03,1.454278553837890821e-02,7.037043059493606201e-01
1.411316475769153200e-02,1.715074607845764459e-02,6.885785732843026086e-01
1.466242635323379215e-02,-4.007086639341080492e-04,5.222661419783796166e-01
2.949577414380877803e-03,1.612951795178359238e-02,6.336435525842838423e-01
9.082867706240522337e-03,1.452062400306327293e-02,5.964419060824250884e-01
-7.854131208863011828e-04,9.812891923621997262e-03,4.640156868406333235e-01
8.140974389929479804e-03,-8.951169885805985993e-03,4.131991043731203517e-01
-1.518800451351390475e-02,-6.372926233492176226e-03,8.459974098858771274e-01
8.053361476905732119e-03,7.173383444541550462e-03,3.298162473656611748e-01
2.307874404316319003e-02,-8.525789245204560413e-03,7.526296505242817680e-01
2.539708064909754551e-03,2.289106696554848996e-02,7.426981066908464602e-01
-3.211376271660121989e-02,1.208801012182191513e-02,9.183462879939527923e-01
-2.546691913969115900e-02,1.385381931762219923e-02,9.191391241470217022e-01
-3.128963693744906543e-02,2.549445721038300257e-03,9.064064091995823746e-01
9.288359363668707500e-03,7.916362917940520175e-03,6.379362501759227033e-01
5.219588028644702761e-03,3.484690176387028604e-03,3.492169298878473604e-01
-2.494312878235111636e-03,6.796831154517696955e-03,3.550951591898935944e-01
-1.485211089339465163e-02,1.677805729128158813e-02,7.365173072498493179e-01
-1.300699280078647727e-02,8.314357051376652583e-03,4.427123821476845467e-01
-7.528450779217884560e-03,-5.408713719519593968e-03,4.636229502159561755e-01
-1.688034097045132062e-02,-1.295178221252372280e-02,6.575903400613251071e-01
-1.780476077644731897e-02,-1.098973326240440876e-02,6.617355589253754999e-01
-3.399725437738619627e-02,8.545423742447967597e-03,9.151999410107665156e-01
-3.563437973538181869e-02,3.450073757611468468e-03,9.181994303228839804e-01
-3.121782057936903568e-02,7.162921735275763063e-03,9.085117219494946994e-01
-1.774972603978581392e-02,7.723862253671663278e-03,5.790051851842010766e-01
2.132712776894871848e-02,2.420678605081143242e-02,9.224000070053899325e-01
3.264971908785200064e-03,2.182885537618810962e-02,7.282506011958991277e-01
-6.341019540327569835e-03,1.518525194884523533e-02,4.284637393289636442e-01
-8.262217108636773708e-03,1.175287900908661247e-02,4.327375802248238368e-01
4.709591003621489344e-03,7.086687391068078462e-04,4.330745324383458161e-01
2.556994208605617956e-03,-4.128417913419064021e-03,2.134477249923230069e-01
-1.456467293020622528e-02,-7.801581921527816869e-03,6.759579028230251474e-01
1.203894997821086318e-02,-7.727754105977952849e-03,5.239540034530502099e-01
-1.087206100447802096e-02,3.308249776956665757e-03,4.959043692088880850e-01
-2.123758021766734144e-02,2.180660065580847240e-02,9.260102825040530394e-01
-2.462534424283831236e-02,1.803413548901468266e-02,9.237619200934943375e-01
-7.970047541965584459e-03,1.612788610777948078e-02,5.865478417845875203e-01
1.120783988277616536e-02,-1.600891376671588831e-02,6.623673825361056089e-01
-6.093834160294539157e-03,-2.577733064060916401e-02,7.716721619389110831e-01
-7.831971397394396975e-03,-2.602051714086873677e-02,7.673869091935607845e-01
-1.469464482728654979e-03,2.069224993236693996e-02,6.508028188782311041e-01
1.762103084925853089e-02,1.461331131205291164e-02,7.008523831448415509e-01
1.396123801461423772e-02,1.765364923263473482e-02,6.961761366678327345e-01
-6.297329009439205441e-03,2.255409731186967456e-02,7.197785357685799745e-01
-5.321580358918880094e-04,2.278400839651364973e-02,7.235854971217243747e-01
2.543393733724753913e-02,2.484276460312539493e-03,7.650221588360579528e-01
-2.016823312326347650e-02,-1.155500827347794197e-02,6.825654069891872178e-01
2.018140186471594627e-02,-2.083568067101631768e-02,8.442724797562638495e-01
-1.721030975729037626e-02,-1.627279396662555111e-02,7.297979531101761452e-01
1.213586998288882467e-02,-2.551790161945287870e-03,8.598178420320596871e-01
4.918726981849501009e-03,6.981345647837295873e-03,8.643114826422095831e-01
-2.410954927301385206e-02,-1.891112789517497561e-02,9.344663331326219513e-01
-2.034235961729960115e-02,-1.139311477990707054e-02,9.386311285188768672e-01
-1.424939684999657237e-02,1.990768139831282368e-02,9.342169241333442287e-01
-7.639348670712202589e-03,1.588819381452966431e-02,9.313459105164462182e-01
7.821879784390740192e-03,2.041667775369208904e-02,7.460023563648423561e-01
-1.231063581578375424e-03,-2.702259896137939460e-02,7.445032054570318580e-01
1.539530085514543428e-02,-2.244424461475976254e-02,7.735103130858556053e-01
4.574396800906856998e-03,-3.233663809200484213e-02,9.332249152126792513e-01
-1.165411907295977115e-02,-2.796650163309562947e-04,5.004658053691960484e-01
-1.431428570816129127e-02,-5.595423551961732590e-04,5.081146268661846932e-01
-7.748127889055440864e-03,-1.102928018270759279e-02,5.197074610395365779e-01
-1.127372109915730954e-02,-8.889924466739867678e-03,5.222268364212996339e-01
1.571395061105488808e-02,1.328413276427265963e-02,6.328915093724851726e-01
-2.143996142920780688e-03,-1.463761924621323138e-02,4.040974856549341410e-01
-7.770467834746254410e-03,-3.093335859183567182e-03,4.127939905746366156e-01
-3.647347200688048213e-02,4.736752615213379695e-03,9.637033051021007823e-01
-1.472663355561450865e-02,1.997198770609276419e-02,9.243768203469413525e-01
-4.237791644888036502e-04,4.741168655681398530e-04,3.260664921195404187e-01
-1.397566281865585819e-03,5.866537893204078202e-03,3.245339688733389627e-01
1.083767770876938041e-02,-4.444096343405277982e-04,3.271356770819821569e-01
-9.692831480632666322e-03,-7.218236486345152789e-03,4.112499862788911997e-01
-4.281503554199230649e-04,2.780844859930290541e-02,7.752479836699528448e-01
5.334626666424182630e-03,-1.811679050640338344e-03,2.902860191381995691e-01
-4.826783282790283666e-03,-3.658339674284377934e-03,2.872113442895245505e-01
-1.130462418025142326e-03,-2.103850523982788573e-04,2.906198638006992074e-01
-1.119270703628684298e-03,7.072410620498790698e-03,2.878212843036487278e-01
-7.756910078211306028e-03,3.786544371578879839e-03,3.528625049333431463e-01
-1.668259977256841484e-03,1.717677136798190316e-03,2.502990541984393413e-01
2.661433710286555208e-03,2.988655000640525958e-02,9.780538114651191606e-01
3.245659538148152907e-03,-1.167737739543986755e-02,5.234379916460126791e-01
-3.578286829947355599e-03,-1.173753427432807847e-02,5.161802332536871152e-01
1.134552787164595442e-02,-6.831196289318339568e-04,3.332066187431290682e-01
6.181415995151704097e-03,2.306037882986591327e-03,3.303594435262709461e-01
-4.873228714921145135e-03,-1.116267838851470184e-02,3.490638794334852690e-01
-3.060879422432971272e-03,-2.408804650094091560e-02,8.847555654130470071e-01
-4.556588546134777463e-03,2.494448164733854140e-02,7.733412983855336709e-01
-1.080005178749656250e-02,-4.180875906472750723e-03,4.984201995665444307e-01
8.316806357101240443e-03,2.623839871521979963e-02,7.867025201026167647e-01
-1.745761033031383719e-02,1.816876115391530266e-02,8.181267460667167590e-01
-6.357325876046164906e-03,-1.669569511122981353e-02,5.641001107596225195e-01
-1.539499940589963978e-02,2.300028298195443480e-02,8.349224753919222142e-01
1.536842075124390285e-02,-7.003374747819946303e-04,4.093594036575624040e-01
-3.048136545084443455e-02,1.280086674780067484e-02,9.545216183585485403e-01
-3.235797432363697601e-02,1.088364619773979532e-02,9.487799611843492631e-01
6.195632676888763318e-04,9.631473901940829085e-04,4.116111554386914229e-01
2.467442125749095411e-03,-1.132772483747357915e-03,2.398144718887124105e-01
-9.666003631850805453e-03,-2.616252255669957328e-03,2.997426010936685703e-01
-1.831002770465415402e-03,1.176906266841936527e-02,3.454800055184141794e-01
-1.302800378197535580e-03,-3.161753236967502698e-03,4.100671511429460070e-01
-8.447365541380414539e-03,-7.583216873064847242e-03,3.358198138656761089e-01
3.282817720781910226e-04,1.799046099166984195e-03,2.703690519380066437e-01
9.846475416456695884e-03,1.903507608407792664e-02,6.848538487890807325e-01
-3.727406129033798352e-04,-7.985823266056945105e-03,3.491360298802547724e-01
-2.069914988651295334e-02,2.963094702454702190e-02,9.891787418552054900e-01
1.075405587990299790e-02,3.437205288774466613e-04,3.546408053949881012e-01
-3.694064968790349967e-03,-2.100407583113641889e-03,3.462760975954290998e-01
-3.270123703356432338e-04,-1.670343880889657573e-02,6.030458785767858210e-01
1.765910113830910372e-02,1.037423819822728965e-02,7.549740392699524349e-01
1.872260014254719870e-02,1.561503950896063128e-02,7.619602051464952064e-01
7.609131046853262470e-03,-1.107060459059595880e-02,5.275361970975890324e-01
-1.094948090004983950e-02,6.342470870816491841e-04,4.922714900448862396e-01
-1.702072716518293963e-02,-3.859046714822176368e-03,6.294400155927022400e-01
1.691416267208169927e-04,3.089374514876402564e-04,3.570398030174706250e-01
4.522264207406204856e-03,2.180061080791221781e-02,7.349137060613974981e-01
1.727774554181622096e-04,3.135858514434824648e-04,3.317908172842505277e-01
2.245130330687674855e-03,-4.128417913419064021e-03,2.063048678494658339e-01
-1.239686914624226009e-03,2.129575367891848800e-04,2.077667138883549369e-01
9.899653445855896919e-03,1.285290288146548159e-02,6.632407241957819499e-01
5.864783302105136195e-03,3.857368631280657864e-03,4.087425375385558279e-01
-1.192522869961388544e-02,-1.394675155790093060e-02,7.154313102112047629e-01
4.176426745352265595e-03,-1.729932802575451928e-02,7.189824456495845784e-01
6.471714890077777046e-03,-7.143391953451633421e-03,3.366761120837145627e-01
3.373234006542083843e-03,-6.234501021416400703e-03,3.424775782306189731e-01
-3.095815197422965154e-03,-2.599786190538759881e-03,4.005348871002648581e-01
-7.390966489492613659e-04,1.283223419142099156e-02,5.516580104974505572e-01
4.024172109954680249e-04,1.231486813098333667e-02,5.575291025803548184e-01
2.807322900422844908e-03,1.681392874239509214e-03,2.937811304977077098e-01
-7.692277945198442053e-03,-2.284909778063791419e-02,8.834403314914817118e-01
-2.635181844697768224e-04,1.932022547709906501e-02,5.735675076925936811e-01
-9.181201947458361278e-04,-1.145765693546286178e-02,5.085314117566983594e-01
-2.603349553062726113e-02,1.356580244491534595e-02,9.259991785030654565e-01
1.347701628711825764e-02,-1.870003969927302610e-03,8.647250672085921019e-01
1.010451690003097598e-02,8.882247789407795441e-03,6.596248409885506758e-01
7.109035332693252815e-03,2.740655280094629262e-02,8.476331264114334019e-01
-7.498856435214900501e-04,3.618595741175780964e-04,4.196068888638388450e-01
-4.999040956962261771e-03,9.077694355477960303e-03,4.204672624428950067e-01
-1.740727005735716662e-03,-3.252147896147323386e-03,3.677856390710011469e-01
-3.010166516596210137e-03,2.706791863018306182e-03,3.482677873564704041e-01
-1.021394666727815440e-02,-4.348249068571243296e-04,4.769422660909910516e-01
1.742780224248813292e-03,-1.140006688713335846e-02,7.767647260665835329e-01
2.555476705751005134e-02,-2.409134488982020515e-03,7.953921220706212658e-01
2.196447737611029530e-02,-1.964758375866395429e-02,8.499924263854428119e-01
-8.107669160253322405e-03,1.064081660260589833e-03,3.771835397436446025e-01
-8.752059719443908495e-04,6.733120054817267469e-04,3.753796223783429364e-01
1.581511447773805736e-03,-1.186844632242959989e-02,3.764657878864416385e-01
3.304987579344145256e-03,-6.576394690841841362e-03,3.722391583112110158e-01
-2.568881534070661683e-03,5.147048249609081222e-04,4.341984664937065252e-01
3.701445715799462494e-03,-2.669188185237959809e-03,4.353736247574519491e-01
-1.233944572192952407e-02,1.125179231685416101e-02,5.565071323573640427e-01
3.082110142021779638e-03,-8.527241669430437807e-03,4.417689182492589017e-01
1.931440284491641596e-04,2.365415110083836630e-03,4.310279395950559200e-01
-1.997654864149971815e-03,9.784143663273750513e-04,3.006368298491275404e-01
-6.368225212154752894e-03,7.862591185928621829e-04,3.033178981285689080e-01
1.304039707341260977e-03,-1.172004003951706598e-02,3.694093995943875663e-01
1.234531745606407861e-03,-1.334839462260054878e-03,3.696567786372817466e-01
-4.530643491527932068e-03,-3.859798085992705366e-03,3.157549381568102720e-01
7.361600960440326490e-03,-1.082057783754411355e-02,5.201578226717313846e-01
-5.632956716469017522e-03,-7.760518772695370465e-03,3.432453501811426611e-01
-4.942908744340033383e-03,1.408763957980984846e-03,3.694429550666712969e-01
-3.063233351963186302e-03,1.391626922006744711e-02,4.215940290343427321e-01
-9.623124109169493151e-03,-1.025590712252074169e-02,4.080014148176661637e-01
-1.478065888713643236e-03,1.894375609503427121e-03,3.536694923683709191e-01
1.260522717052839706e-02,2.228426159548089515e-03,4.057689005891057521e-01
-1.771042007408385466e-02,1.665941464077643494e-03,6.290166709418627544e-01
-2.133423651068911200e-03,-5.307170481168176426e-03,3.354011836568564497e-01
7.421882728981202965e-03,8.752055267708990297e-03,4.110119825870942045e-01
2.517767106262583550e-04,-2.625908176170400898e-05,3.434714215510015767e-01
1.736295393049754748e-04,9.539017389468301689e-03,4.406850956418767451e-01
-3.432538937610766106e-03,-2.881007110053504169e-03,4.295475619363458009e-01
6.483640140111852392e-03,1.973043930823231706e-03,2.988078045119671455e-01
-4.466657768864496988e-03,4.729665417502356556e-03,2.975724595484594559e-01
-2.602652152415980882e-03,-1.411264123162629842e-02,3.663429549859604784e-01
-5.104283105126932590e-03,-6.274134268290076574e-03,4.070795180367912103e-01
