3.061616997868378704e-16,-7.498798913309267239e-32,5.000000000000000000e+00
3.061616997868378704e-16,-7.498798913309267239e-32,-5.000000000000000000e+00
8.229729514036708826e-01,-2.015702381442708820e-16,-4.931806517013611391e+00
1.623497346023416776e+00,-3.976421656463594870e-16,-4.729086208503173516e+00
2.379736965185369257e+00,-5.828674514453789636e-16,-4.397368756032444814e+00
3.071063563448341860e+00,-7.521936325910141741e-16,-3.945702546981965764e+00
3.678619553365662487e+00,-9.010019322620236351e-16,-3.386407858128701154e+00
4.185832391312644951e+00,-1.025233247957667025e-15,-2.734740790612130823e+00
4.578866633275289644e+00,-1.121498873232638578e-15,-2.008477123264841069e+00
4.847001329696654537e+00,-1.187172932775192929e-15,-1.227427435703987380e+00
4.982922465033349901e+00,-1.220464009440504528e-15,-4.128967273616551692e-01
4.982922465033349013e+00,-1.220464009440504331e-15,4.128967273616659384e-01
4.847001329696650984e+00,-1.187172932775191943e-15,1.227427435703997816e+00
4.578866633275286979e+00,-1.121498873232637987e-15,2.008477123264847286e+00
4.185832391312645839e+00,-1.025233247957667223e-15,2.734740790612129047e+00
3.678619553365663819e+00,-9.010019322620240295e-16,3.386407858128699377e+00
3.071063563448344080e+00,-7.521936325910147658e-16,3.945702546981963987e+00
2.379736965185375475e+00,-5.828674514453804427e-16,4.397368756032441262e+00
1.623497346023427657e+00,-3.976421656463621494e-16,4.729086208503169964e+00
8.229729514036776550e-01,-2.015702381442725337e-16,4.931806517013610502e+00
4.128967273616618860e-01,-1.011305311083751795e-16,-4.982922465033349013e+00
1.227427435703993819e+00,-3.006330160641075066e-16,-4.847001329696652761e+00
2.008477123264847730e+00,-4.919350160333952358e-16,-4.578866633275286979e+00
2.734740790612136152e+00,-6.698183111441699848e-16,-4.185832391312641398e+00
3.386407858128708703e+00,-8.294307088129523038e-16,-3.678619553365654493e+00
3.945702546981970205e+00,-9.664183989098044108e-16,-3.071063563448336975e+00
4.397368756032448367e+00,-1.077044714349141814e-15,-2.379736965185363040e+00
4.729086208503175293e+00,-1.158292057627059615e-15,-1.623497346023410337e+00
4.931806517013612279e+00,-1.207944213014953699e-15,-8.229729514036642213e-01
5.000000000000000000e+00,-1.224646799147351482e-15,3.216245299353274680e-15
4.931806517013611391e+00,-1.207944213014953502e-15,8.229729514036705496e-01
4.729086208503173516e+00,-1.158292057627059220e-15,1.623497346023416554e+00
4.397368756032447479e+00,-1.077044714349141419e-15,2.379736965185364816e+00
3.945702546981974201e+00,-9.664183989098053969e-16,3.071063563448331202e+00
3.386407858128710924e+00,-8.294307088129527969e-16,3.678619553365653605e+00
2.734740790612142369e+00,-6.698183111441714639e-16,4.185832391312637846e+00
2.008477123264858388e+00,-4.919350160333978982e-16,4.578866633275282538e+00
1.227427435704004921e+00,-3.006330160641102183e-16,4.847001329696649208e+00
4.128967273616687139e-01,-1.011305311083768558e-16,4.982922465033349013e+00
4.340989470970164632e+00,7.018991305426441896e-01,2.379736965185366149e+00
1.159604335134023279e+00,9.399060005417022579e-01,-4.771990621961037071e+00
3.878160422935236884e+00,7.269390092977536799e-01,-3.071063563448333866e+00
1.014635339678657266e-01,-7.316940507341211930e-01,4.945131845299480133e+00
1.214836206873086688e+00,7.143392415975569065e-01,4.797279691490171416e+00
3.916244823501906946e+00,-6.998098884876755577e-01,3.028744393700033566e+00
4.949203557219206573e+00,-7.108906529107995587e-01,-4.316110842041358253e-03
3.351669318794662900e+00,-7.143392416009669565e-01,-3.640883440232531854e+00
4.948708866755972657e+00,7.143392416008080836e-01,5.347783388368814402e-15
3.351669318794730845e+00,7.143392416008091939e-01,3.640883440232499879e+00
1.214836206874203794e+00,-7.143392416010980739e-01,-4.797279691489361397e+00
1.987873709715374027e+00,-7.143392416006687506e-01,4.531895581556554475e+00
2.747087993689819818e+00,7.877481463867737066e-01,-4.102799094860658968e+00
4.684796900990989776e+00,7.200649959399180178e-01,-1.591912182906853435e+00
4.355846976622815170e+00,-7.144161926250895966e-01,-2.348660601270637471e+00
4.682171883130298085e+00,-7.144609859171999755e-01,1.602127322164593526e+00
8.002505912589185089e-01,-8.077351779962000933e-01,4.869000192382127779e+00
1.776916133685520149e+00,8.186291119376557512e-01,-4.601349305468589002e+00
2.245345463979874445e+00,1.465339426273187140e+00,-4.220332227822161997e+00
2.955741090699431695e+00,1.426773765004444527e+00,-3.771990353678807750e+00
2.498747912004946503e+00,2.119141796145567191e+00,-3.776969277089748278e+00
1.775750522692067124e+00,2.157081310775965211e+00,-4.146529910643343086e+00
1.988644084564732850e+00,2.759136435556841516e+00,-3.665032173788980607e+00
2.820586061456414217e+00,2.658588003923539667e+00,-3.158512956331134269e+00
2.172182303719728758e+00,3.320128697541897989e+00,-3.042756886635143321e+00
2.814007793901254662e+00,3.218308098547612683e+00,-2.593039359262761856e+00
2.237917025244804403e+00,3.775776605895248217e+00,-2.394835779441589096e+00
2.871767732702280806e+00,3.636972360595148945e+00,-1.877600100574385866e+00
2.259135125279617906e+00,4.142114658538867289e+00,-1.655051250337975288e+00
2.856297369203802727e+00,3.948469498347590534e+00,-1.118549935987734223e+00
2.167998017562740465e+00,4.420475193578428552e+00,-8.713114591245664231e-01
2.765973821114044107e+00,4.153096706526560489e+00,-3.180826420130599685e-01
2.083801231471077209e+00,4.544630364664460132e+00,-6.408803546212879509e-02
2.620866021511629729e+00,4.230245317162235175e+00,4.858866677660417244e-01
1.908010150358428580e+00,4.562358312950215655e+00,7.378237529269893180e-01
2.410141129644334690e+00,4.192774895111090139e+00,1.269589860593933306e+00
1.672791062129148409e+00,4.456174981802731416e+00,1.531102411341666247e+00
1.141012274966961337e+00,4.772394595043651044e+00,9.603857649782556738e-01
1.576198860853726957e+00,4.232042694262021953e+00,-2.146022316982480582e+00
8.771618517273259696e-01,4.609990522356270937e+00,1.725854706995824328e+00
1.231558767257463494e+00,2.743447715998669434e+00,-3.994591046949982793e+00
2.111162324578812033e+00,3.999628227818156301e+00,2.132127500530675679e+00
3.053067399717390717e+00,3.819414934077619339e+00,1.044437175768723636e+00
3.273101608774612981e+00,3.732503202520102370e+00,-5.960081390503155774e-01
1.544170017690212005e+00,4.721700646645976107e+00,-5.666409444521101069e-01
3.407359906556627571e+00,3.031006496871322398e+00,-2.050097091143307182e+00
9.890501463259124826e-01,2.087831547364163765e+00,-4.434268737670693739e+00
4.345659725730241618e+00,7.299497837892149343e-01,-2.362713453068789882e+00
4.387089069548778753e+00,1.423732784447159672e+00,-1.930397486098644810e+00
4.659362996368297871e+00,1.403532890165377411e+00,-1.149100471802990020e+00
4.315897682649854517e+00,2.085056503631570912e+00,-1.423224005405090420e+00
4.515561498729648626e+00,2.048160344428914481e+00,-6.440058654230390589e-01
4.102182007417154885e+00,2.701528280771718471e+00,-9.347982275408743824e-01
4.263232476583394437e+00,2.609412963349817982e+00,-1.257491045953874065e-01
4.600045796955218869e+00,1.952883736878287646e+00,1.606977789234532161e-01
4.284842786554158955e+00,2.485050840766202640e+00,6.816484528860766723e-01
4.575226573350934522e+00,1.767021606491338437e+00,9.720784148906085331e-01
4.192205562595017199e+00,2.287075609618309802e+00,1.481451206363690654e+00
3.897332436355562368e+00,3.106038430852006371e+00,4.041350598515597858e-01
3.902867287600531920e+00,2.235267750163716372e+00,-2.184308819845699023e+00
4.435013518291468060e+00,1.405580347698192956e+00,1.831665629621454849e+00
3.979207776367175153e+00,2.033623050718121217e+00,2.242829186560341359e+00
3.691111740935494545e+00,2.750705048287628962e+00,1.951746872228336871e+00
3.440144473097638933e+00,2.494318173398673455e+00,2.635105852535886140e+00
3.103812682174452942e+00,3.142992902888207318e+00,2.342635790379585803e+00
2.803242735239874328e+00,2.835157116295236701e+00,3.017236201102814874e+00
3.075249851458773609e+00,2.103765655468794016e+00,3.334217812017197247e+00
2.397781613219083674e+00,2.434204425790751802e+00,3.650382466094368450e+00
2.066055567990434660e+00,3.111995361595632836e+00,3.323687599547073379e+00
1.636868208419821391e+00,2.675473109329596699e+00,3.893906278984986979e+00
1.281646457195058986e+00,3.317295095587970977e+00,3.514674324535254080e+00
8.281337634413872273e-01,2.789365595075187443e+00,4.066157159636017759e+00
4.694557206533587768e-01,3.442971029391751703e+00,3.595213737333975867e+00
1.189023682475416448e-02,2.944122549492877994e+00,4.041287051897676008e+00
-3.550681330700318772e-01,3.481753137900714279e+00,3.570899285557728398e+00
3.409015903505902556e-01,4.854595485260237098e+00,1.147470601012227975e+00
-8.041465454721854478e-01,2.920747703987097044e+00,3.977760825270826750e+00
-4.256176549297949752e-01,2.324812120866935228e+00,4.406143235810910497e+00
-1.239383804899028441e+00,2.283580849037324612e+00,4.271906634052759166e+00
-8.494227294334885103e-01,1.656003251239180463e+00,4.640704069277314048e+00
-1.648846776317937524e+00,1.587722120870842302e+00,4.445271957386109918e+00
6.868773509366367380e-02,4.627205945550354471e+00,1.893210799808398459e+00
-4.703848366767698908e-01,4.806707237390673626e+00,1.293948855032795997e+00
-2.042390387506291205e+00,2.202625572320626279e+00,3.997134235071563957e+00
-1.169318688127714001e+00,3.432578111082064343e+00,3.442397611682237013e+00
-1.846070487132343840e-01,4.967954525875364347e+00,5.341798071809564785e-01
4.386478718056565085e-01,2.661221318180979623e+00,-4.210164977791185592e+00
7.035144396261923116e-01,3.314751069278801143e+00,-3.676614309653989832e+00
1.863358674800172365e-01,1.973009783925137484e+00,-4.590480512650734646e+00
-1.241732154944796385e+00,9.378725496309394671e-01,4.751683526501413901e+00
-7.354220668689567253e-01,4.506702858768073305e+00,2.036856334240062516e+00
-1.270603527937479660e+00,4.630042829393283377e+00,1.395804453631193320e+00
-3.683562359178690904e-01,2.514576954884252924e+00,-4.305951279499740991e+00
-6.194184797857676950e-01,1.795553674932078847e+00,-4.625181915053481418e+00
-1.516417341254233220e+00,4.269494627567078204e+00,2.114685336478999034e+00
1.939069031384405450e+00,1.958907667498570149e+00,4.171653394248046709e+00
-2.690193401192841546e-02,1.669901563563317204e+00,4.712823469424163747e+00
8.998389705268170502e-01,3.870399209442465960e+00,3.034847572229678825e+00
2.645906129159260711e+00,1.677964122773235589e+00,3.896616116371140137e+00
-1.903769943131617126e-01,4.295399757096599380e+00,2.552116283943730135e+00
-6.175295916605657437e-02,1.228110993965150666e+00,-4.846434767799538079e+00
-8.628302093491081459e-01,1.029893879498908760e+00,-4.816102431095632852e+00
2.211655572253342861e+00,1.250833529819047829e+00,4.306273924218147364e+00
4.745444095581139443e+00,9.975674423442124628e-01,1.218859931940057706e+00
3.376582296174588826e+00,7.274939203939041477e-01,-3.615168681119906857e+00
3.988908377739742939e+00,1.429698872281401023e+00,-2.654161089420719488e+00
3.512747060913833153e+00,2.075690910566762248e+00,-2.890002652218809587e+00
3.900601308408640389e+00,-7.094344661148587194e-01,-3.046639488211416946e+00
4.010362912984251516e+00,-1.413997833859298225e+00,-2.630132968502103097e+00
4.404601958418361107e+00,-1.404289082807834266e+00,-1.904587556350159083e+00
4.349669814822062719e+00,-7.086211904761403613e-01,2.361827366772173864e+00
4.003198658821917610e-01,-7.094344661372009586e-01,-4.933198429339396007e+00
2.718437337078434268e+00,-6.862214260535536292e-01,4.139951521310718974e+00
2.353397973430928936e+00,-1.407245610465434948e+00,4.181049840707111720e+00
4.388679895103062556e+00,-1.413586614999034152e+00,1.934234127558951855e+00
4.657999276808500788e+00,-1.404249637388358174e+00,1.153744206115962623e+00
3.015964655629346236e+00,-1.284992865762265124e+00,3.775281516779197766e+00
2.631061473696580499e+00,-2.003561387691182194e+00,3.750100970291674773e+00
4.303862001076916854e+00,-2.084385252120708021e+00,1.460174645865311760e+00
4.004926732051462324e+00,-2.084596834820838129e+00,-2.148259273727112895e+00
7.810931833851607609e-01,-1.413997833836397433e+00,-4.731860476046944264e+00
-4.153494175547979561e-02,-1.394513208858739528e+00,-4.801417265655201660e+00
3.555653336433033385e+00,-2.070283636247287617e+00,-2.840995427064139101e+00
3.498304919046848038e+00,-2.712354516939091464e+00,-2.324864655805308544e+00
4.545424980177935614e-01,-2.235623054682523758e+00,-4.449200003918425850e+00
3.896988408613958121e+00,-2.694804811360576480e+00,-1.597344161975226884e+00
3.000597839026001967e+00,-2.665202906434827934e+00,-2.982131129907576117e+00
1.900591136553854366e+00,-2.099909088060134987e+00,4.120453270398218848e+00
2.193333388410232399e+00,-2.694574262033114120e+00,3.595630430630154084e+00
3.338667055570351927e+00,-3.284369600452382798e+00,-1.751062140437470216e+00
1.407277818439688133e+00,-2.735791566963906352e+00,3.941448165821390681e+00
3.685566137965505362e+00,-3.226096747969589451e+00,-1.004441145822927650e+00
3.081116623514907449e+00,-3.770645640278358357e+00,-1.135320134477453058e+00
1.667457086085773144e+00,-3.284101596065128081e+00,3.381458793595571777e+00
-2.421320146676533280e+00,1.479208504445269190e+00,4.116934654287716988e+00
8.867145959647981801e-01,-3.315050470707123775e+00,3.636506235656343122e+00
1.126728565676295535e+00,-3.822548908657569910e+00,3.019702399278752836e+00
3.327205953584318476e-01,-3.778372833711165057e+00,3.257790007796357301e+00
5.653414953936067855e-01,-4.229366456354127557e+00,2.606309339171512640e+00
-2.292741092820055337e-01,-4.158428010706487044e+00,2.766750777100212666e+00
-6.071595066187494665e-03,-4.539057009719098090e+00,2.096884498071669434e+00
-2.743022018109655402e+00,2.042826530944622743e+00,3.647285288078571774e+00
-8.061821833686818595e-01,-4.395627539981012966e+00,2.242438141171204435e+00
-3.091965861183262110e+00,1.296939523227508717e+00,3.709136690170322215e+00
-2.044015512295823012e+00,4.333378047873265970e+00,1.429627671704815084e+00
-5.732121433242290953e-01,-4.730356034907604368e+00,1.514978422869069030e+00
-1.360902350820698548e+00,-4.521698093372968685e+00,1.643834281160349242e+00
-4.904768995829312805e-01,-2.036453054235957794e+00,-4.540076141307385349e+00
-1.106657016480760092e+00,-4.786579691357197852e+00,9.294972330032655883e-01
-1.878411528888403570e+00,-4.516375261194434110e+00,1.036303347582181233e+00
-2.097750893160778229e+00,-4.208873396450361959e+00,1.698477530877449571e+00
-2.609329773803271024e+00,-4.128424041011688139e+00,1.071220364416441084e+00
-2.330068113690956899e+00,-4.413380117934578628e+00,3.047269600485568719e-01
-3.041440483130066319e+00,-3.949304589840472612e+00,3.906827923553000126e-01
-1.137082199743283673e-01,-2.693469855780020072e+00,-4.210972640223945795e+00
-3.260412468743011161e+00,-3.622506834669887876e+00,1.116760836721567562e+00
-3.645615088686806615e+00,-3.396335360974885198e+00,4.176083583103761265e-01
-3.413553562401286268e+00,1.836178490035993205e+00,3.158496577384029447e+00
-3.395339075155539899e+00,-3.658574335337766215e+00,-2.941196993228172296e-01
-3.939159895107541942e+00,-3.067150996349774505e+00,-2.749619725833541417e-01
-3.696094123739242843e+00,1.082410599528684347e+00,3.188616553066265791e+00
-3.957870374224878862e+00,1.614953737400116163e+00,2.593682040437959024e+00
-3.321091495610962063e+00,5.272952501726644314e-01,3.700312283703348193e+00
-4.697161922241813170e-01,-3.640166340707810200e+00,3.395372690992894071e+00
-3.630292769586376700e+00,-3.292340137977632253e+00,-9.906920929079314764e-01
-4.136158407562014361e+00,-2.641611281618901241e+00,-9.560771226097868336e-01
-4.199076910519673689e+00,8.292253573566779057e-01,2.584596372019669630e+00
-4.394180028054292642e+00,1.345272304723817536e+00,1.970133068397115661e+00
-3.783534814621731357e+00,-2.827577618233674706e+00,-1.640021072855251338e+00
-4.224910126972845070e+00,-2.146382209915120409e+00,-1.594734406715481168e+00
-3.156970262916552361e+00,-3.495297682173060583e+00,-1.678223129400923774e+00
-4.532034116254030742e+00,-1.921182492630435501e+00,-8.773395004898919547e-01
-4.556649151376952034e+00,-1.395153114550475637e+00,-1.513438567704618709e+00
-4.185219466772682750e+00,-1.593164333170330016e+00,-2.223907691982948798e+00
-4.460973055864394965e+00,-8.243085039844814110e-01,-2.102435465147681981e+00
-4.030177133941839074e+00,-1.005720940450749223e+00,-2.783199177024743065e+00
-4.247629032900928969e+00,-2.242998159607132447e-01,-2.628181346752370473e+00
-1.167328261827866420e+00,2.307526556720040478e+00,-4.279330078314792729e+00
-4.618630202752448177e+00,-3.568745533912312529e-02,-1.914936410368317743e+00
-4.344408926790429781e+00,5.661063497932313782e-01,-2.409488468025403840e+00
-3.094947783967853527e-01,-4.931051852689958714e+00,7.674246596429183942e-01
-3.820782613587696996e+00,-3.016441604508270036e+00,1.141358955936973230e+00
2.691647289973713164e+00,-3.786116626049177647e+00,-1.849420384966910191e+00
-4.656320286474112002e+00,7.543435685304539229e-01,-1.658206009634022093e+00
-4.328193056980746967e+00,1.336447324629985722e+00,-2.116755396826239366e+00
1.312145205655561808e+00,-4.208237587212728670e+00,2.359875286714344433e+00
-4.565721313563635420e+00,1.514413012930924785e+00,-1.364090214441930682e+00
-4.168720113875984623e+00,2.087537651543938555e+00,-1.806643065343073395e+00
-4.357322973304589731e+00,2.234078430430302742e+00,-1.011251735720700928e+00
-3.901800595655408266e+00,2.793819497185858314e+00,-1.403753799242324130e+00
-4.589958842034727482e+00,5.453603069597831032e-01,1.906530871509810821e+00
-3.905593065644955786e+00,1.132824637428595738e+00,-2.909132370041076054e+00
2.392277294797848342e+00,-4.217159844648558753e+00,-1.221708717116492426e+00
1.968935228733314835e+00,-4.183432750671844502e+00,-1.903203742550726218e+00
3.393951420595846979e+00,-3.662249071738278072e+00,-2.627270278969339734e-01
-4.032360128050650694e+00,2.891042365689295845e+00,-6.180176676252673307e-01
-3.523559775909788527e+00,3.397210596849800091e+00,-1.021511951100910309e+00
-3.360178033003083264e+00,3.256132909908452167e+00,-1.762612282816230724e+00
-9.057217795086717205e-01,2.993440404293500556e+00,-3.901151445928087824e+00
-2.914149617466218256e+00,3.809521449526924730e+00,-1.412543214424172966e+00
-4.084960747376849888e+00,2.110961227685021147e+00,1.963908956036639175e+00
2.403391162997816188e+00,-3.242273697352949569e+00,2.951503377785165583e+00
-3.759996277412568588e+00,-3.972667194452754180e-01,-3.271789594008883917e+00
-3.489055714823841026e+00,-1.169054690595503709e+00,-3.385232835308636279e+00
-3.391490890987178819e+00,-3.198466962369875155e+00,1.807650028899238093e+00
-3.894226345932109812e+00,-2.553204369991381562e+00,1.821029547180704755e+00
-3.406795656225016344e+00,-2.699213031730429702e+00,2.471435284619643902e+00
-9.359374909680736598e-01,-4.909507070359043546e+00,1.440879561065055714e-01
-4.805406416618401622e+00,-1.150074434631136233e+00,-7.651130412759720167e-01
-4.831763178422370686e+00,9.225391890812001394e-01,-8.960948790452644142e-01
-3.169101626926900117e+00,-5.498458387699729499e-01,-3.828114997201184089e+00
-3.867571127902958317e+00,-2.014387152578477114e+00,2.446249776727269953e+00
-3.330193391133207115e+00,-2.128031428902918076e+00,3.062889847065041860e+00
6.264165591147147216e-01,-2.746472940024297316e+00,4.130918624734839284e+00
1.639659070845887356e+00,-4.552284588079281491e+00,-1.260247261662823970e+00
1.185883006259059291e+00,-4.445851370904226663e+00,-1.956549790650619292e+00
2.037040151069977600e+00,-4.532926575710519046e+00,-5.504943979243697161e-01
1.484101414149559206e+00,-4.034228253823981092e+00,-2.553907866107856695e+00
1.149131045229369041e+00,-2.075288519426252698e+00,-4.401440150908296545e+00
6.938401043588090511e-01,-4.232470551661950076e+00,-2.569976447148445864e+00
-4.289377998224078503e+00,-1.854836824665069717e+00,1.777868595317885880e+00
-1.759446610335387406e+00,4.622881273422001058e+00,7.302851204998594969e-01
-1.700310891359117615e+00,2.765625919053905868e+00,-3.802664348661711990e+00
-1.932444296651783189e+00,2.029353029835831990e+00,-4.140940149366339362e+00
-1.411027569047223595e+00,3.396471117472991796e+00,-3.387179526916229033e+00
-2.852445016745424944e+00,-1.309831544762042332e+00,-3.892030158001152262e+00
-2.268994624213122258e+00,3.915413055773062645e+00,2.126312300198116123e+00
-2.750982582508455732e+00,3.913158270108348269e+00,1.455777175194661099e+00
-2.787281758947216748e+00,-2.819241066773809035e+00,3.046791788694493519e+00
-2.742159928059196616e+00,-2.180589247731588909e+00,3.567294417569674803e+00
-2.491145959241263252e+00,-6.778538298093392811e-01,-4.281904482256550182e+00
3.763233566368973104e-01,-4.603831238865616626e+00,-1.913927547033748233e+00
-1.234081672418839148e-01,-4.320088899848859576e+00,-2.514279682465867971e+00
-3.128857275519523640e+00,-1.912019939531270474e+00,-3.399181063177332263e+00
-2.430700431236002323e+00,2.439003333962386666e+00,-3.625321799579932058e+00
-4.473791048805671799e+00,1.817260765701557368e+00,1.297211224538251662e+00
4.224368101801745823e+00,-2.558038086426670965e+00,-7.817642156497660588e-01
-4.482613565017784518e-01,-4.631662552818332834e+00,-1.829416232869804926e+00
-9.387450176147384973e-01,-4.292388777663338040e+00,-2.386243150496895282e+00
-1.254848186219376105e+00,-4.540256128619837739e+00,-1.676732034665031623e+00
-2.451177932436623852e+00,-2.030675010112685808e+00,-3.855915682018936863e+00
-2.689276714667710788e+00,-2.605792186719185111e+00,-3.313251851516767932e+00
-1.976302130389987477e+00,-2.692612480177029699e+00,-3.720761739350009201e+00
-6.011832487652258861e-01,-3.949461934958245823e+00,-3.006714007969490510e+00
-4.084635724980325122e+00,2.576528818658329278e+00,1.295086962654464546e+00
-1.034048085536519619e-02,-4.999982201032445062e+00,8.429935612102866169e-03
5.348300193208495035e-01,-4.925670472627918350e+00,6.721065730334125909e-01
3.991130869545599591e+00,-2.090722044665828339e+00,2.167891997796136394e+00
3.837694893597291657e+00,-2.720849804040887054e+00,1.693834185364062606e+00
-2.768938340965976685e+00,9.056147218001818489e-02,-4.162304539997665032e+00
-4.299677366098319631e+00,-4.719455081797611917e-02,2.551577398754524939e+00
-3.052113161183425571e+00,3.913884607547496675e+00,-6.050723346292565807e-01
-2.407745117074280294e+00,4.274067875980817277e+00,-9.670094325878015873e-01
-2.228578598401665278e+00,4.117624654864859401e+00,-1.754595290200882562e+00
-1.685678370979853291e+00,4.527975528895735735e+00,-1.286827898101407630e+00
-3.181967582575638165e+00,-1.500532392247985181e+00,3.552954382377049747e+00
-2.524653514228684337e+00,-1.528016580048205286e+00,4.036247014763906016e+00
-2.002330946632368214e+00,-2.171111083714603485e+00,4.034469908467521293e+00
-1.770772306576493316e+00,-1.486188718271178599e+00,4.433464619453417299e+00
-2.242780994516088366e+00,-8.096916716184837659e-01,4.394807482421623668e+00
-1.482306741317942489e+00,-7.648942440186667913e-01,4.713565902807607344e+00
-9.879618559978696757e-01,-1.425934969867128199e+00,4.689417963116881083e+00
-1.298143825423681674e+00,-2.147617062864241699e+00,4.324646061796125984e+00
-4.247717379383029734e-01,-6.755037764114313337e-01,-4.935915681887482975e+00
-4.716692801267689639e+00,-1.654968128647422709e+00,-1.178537722383381364e-01
-4.940562649074070833e+00,-7.546776352086331796e-01,1.459533401128925989e-01
9.170931988596607853e-01,-3.768571219292658370e+00,-3.155441495214956760e+00
-2.232040770973206634e+00,-3.249236338358645337e+00,-3.075785625527734268e+00
4.105539706029246005e+00,-2.696580576262541662e+00,9.343430408264790099e-01
3.582258829456625993e+00,-3.285897973416085804e+00,1.170596509084197212e+00
-2.951056084161100213e+00,3.447966612187072677e+00,2.098283638924669958e+00
-1.460396823786581644e+00,4.315235614072269854e+00,-2.060578247025911303e+00
-9.190050733903347702e-01,4.659869057519035351e+00,-1.562386009236985895e+00
-7.018094670425572001e-01,4.377577710406099776e+00,-2.311769205895159107e+00
-1.261393568567696077e-01,4.667145356037565307e+00,-1.789369466674991305e+00
-2.423248944115399262e+00,2.770571716450388244e+00,3.384050371795424450e+00
-4.658501635683281350e+00,-2.699191561802704031e-01,1.795969420525619364e+00
-4.837976699932357683e+00,2.450960893379592609e-01,1.238510943796161889e+00
1.097803202665238037e-01,4.343696800955603621e+00,-2.473913172011142247e+00
-2.654765066616336266e+00,1.693092762935758611e+00,-3.884026176169275146e+00
-2.054866034417192289e+00,-3.341406903966195885e-02,-4.558114641009895607e+00
-1.169188051647574556e+00,4.801140966205044158e+00,-7.629185556219229003e-01
-4.426972743745294814e+00,2.313034367165724525e+00,-2.275617332648865732e-01
3.012929913995595843e+00,-1.990617364841717141e+00,-3.458279317831500776e+00
2.416584506054717973e+00,-2.553568976387325051e+00,-3.555194060516031485e+00
2.391636605967237816e+00,-1.847782273814827736e+00,-3.983186540142604759e+00
-2.943107430094017651e+00,-8.227619348874121163e-01,3.957421060921582523e+00
-3.566338223982666644e+00,-8.507102822372890616e-01,3.399635816945089761e+00
-1.731147644451897616e+00,-4.159768988968182590e+00,-2.167821439032114217e+00
-1.994706413183574334e+00,-4.345208045800653451e+00,-1.462980985492833286e+00
-1.745859956471669250e+00,-7.969456839297155426e-01,-4.617017499344630238e+00
-1.467004053905015981e+00,-2.777424946530815841e+00,3.890219758858687982e+00
6.920137709984234275e-01,-2.712554045037388839e+00,-4.142845337868629407e+00
-3.108047772303279999e+00,2.085616769211471322e+00,-3.315153350459751902e+00
1.231792985323204359e+00,-4.820565458000610981e+00,-4.948077469481493296e-01
1.644848271688307051e+00,-4.718895200955406821e+00,1.627951028870891215e-01
2.361736933444817499e+00,-4.403941593265302323e+00,1.658224963946078045e-01
1.958362380454015783e+00,-4.516368127517976561e+00,8.759199298807168743e-01
3.268871838116370832e+00,-3.265551896575812574e+00,1.910666825152887993e+00
-2.868004913898558161e+00,2.768435794233066627e+00,-3.018329184675331955e+00
-6.103822752266042651e-01,3.596044628936204468e+00,-3.419926388796734607e+00
2.967702707993404854e+00,-3.784234956491936863e+00,1.368322487951242561e+00
-4.707194546468084773e-01,-2.059313078932971663e+00,4.531848721874177421e+00
-4.769744292700610622e+00,-1.352288907761228121e+00,6.487326816153926590e-01
-2.146870887290130092e+00,1.257198787586093935e+00,-4.337095410732641376e+00
-4.214916335197533392e+00,-1.319411964139515225e+00,2.343849900520615925e+00
-1.755822739380963782e+00,-2.122884100451368994e+00,-4.172583085322988161e+00
3.195889843972691047e+00,-1.855998807869135625e+00,3.367722751412378202e+00
-1.928738339460114526e+00,-7.758582104031411242e-02,4.612369115570666978e+00
-2.691222655054550383e+00,-9.928684913164836923e-02,4.212773758761636067e+00
-4.516018888298156675e+00,-2.082286345832098817e+00,5.192850609207713131e-01
2.367057130164905487e+00,-3.192321537244589447e+00,-3.034159479226466338e+00
1.780691599914776324e+00,-3.002222102282988470e+00,-3.579916182616076803e+00
-3.321190260997689325e+00,-2.431736515896701256e+00,-2.838371499206661319e+00
-4.952101065250524847e+00,-3.496052458945043129e-01,-5.953748496431997550e-01
-1.546620262065114604e+00,-4.661514750056236167e+00,-9.371478004977507048e-01
-4.033430047823774345e+00,2.951654508892765261e+00,1.384836071357176401e-01
-2.014883275233142257e+00,3.870462090796323640e+00,-2.441263728255165244e+00
-7.876001799638698505e-05,-4.832386231861734771e+00,-1.283761387450957914e+00
-2.527472668125504196e+00,4.310200739732745312e+00,-1.845304719710021135e-01
-3.107749130193331766e+00,3.913545720536490968e+00,1.614163469203320211e-01
-1.422038525696177391e+00,-3.275840531996247584e+00,-3.499525002106198102e+00
2.562511973241777152e+00,-3.689272980414173286e+00,2.196086806794861790e+00
-4.998758988128211733e+00,3.590404594507564870e-03,1.113359223353305727e-01
-3.433834376821266687e+00,2.365904349812070873e+00,-2.758854486938524087e+00
-3.419779641217388644e+00,3.352420408771771054e+00,1.437492472455273118e+00
1.552008163017618125e+00,-1.389612541010307067e+00,4.545354512883847065e+00
2.403688367559085881e-01,-3.283956035628410319e+00,-3.762692596848213000e+00
-1.388916334796033381e+00,-1.770244818142929499e-01,-4.799955598521212785e+00
-1.278093651594038871e+00,-4.029826480689174817e-02,4.833720375405322400e+00
-2.324456021102940362e+00,-4.370948280410805964e+00,-7.012241695293375265e-01
-3.306209720339790881e+00,1.338060693191204686e+00,-3.504079175256654022e+00
7.034098141109137448e-01,4.545380581644297813e+00,-1.960798307175777522e+00
4.462254980908376134e-01,4.827874926229543284e+00,-1.221681833186396782e+00
3.257605360854925802e+00,-3.743718126971457227e+00,6.103948711404536542e-01
-2.429888088873496166e+00,3.397087419584142509e+00,2.748716234763759481e+00
-3.049401271497488075e+00,2.921114310280994442e+00,2.677357479243497984e+00
-1.797969247110574598e-01,-1.317469109259758797e+00,4.819953133798164480e+00
3.365122904448362706e-01,-2.110897540101253966e+00,4.520052107395891916e+00
-2.000276878557211369e+00,8.684039345581753278e-01,4.499418519714886600e+00
-3.591199772795596434e+00,2.838201087882287421e+00,2.011939058872473485e+00
8.917676370426870225e-01,4.144406527647603866e+00,-2.651159183284781840e+00
-5.904367702861620382e-01,-3.232794721298298590e+00,-3.768344823691152534e+00
-2.474192797812781563e+00,-3.875131961205725784e+00,-1.965126530911745828e+00
-4.856538138450828157e+00,-5.604584266748124932e-01,1.048772454702050272e+00
2.282459526013422835e-01,3.847197169542869499e+00,-3.185432109429180425e+00
-1.214307171407761787e+00,-2.789399768720491224e+00,-3.967960058232661957e+00
1.379309790260604407e+00,4.631542955816255080e+00,-1.283087818865127572e+00
-2.513682851624233106e+00,4.270563013571036848e+00,6.661006444744845822e-01
-4.606894437342543114e+00,-1.119861118598263428e+00,1.588217465662112193e+00
-5.145851187875486454e-01,-4.933650923607667771e+00,-6.279257277000273030e-01
1.110460418081053779e+00,-2.117681304619756233e+00,4.391161981974613937e+00
-2.689388817938803022e+00,7.603758096338829597e-01,4.145963870328507994e+00
-1.655335242871901258e+00,6.449238944744136726e-01,-4.673749929557867944e+00
3.910800821609834443e+00,6.635654434284560255e-01,3.043898460195976874e+00
3.590183283402720082e+00,1.344911223911997356e+00,3.209641380492717744e+00
4.880516586621425290e+00,-7.094344661332667723e-01,-8.229584351444235724e-01
4.781222114668483236e+00,-1.380434333691299642e+00,-4.840621247022866003e-01
2.700013745629613382e+00,-7.094344660458465901e-01,-4.148087331746691753e+00
4.003198658819037692e-01,7.094344661359358595e-01,4.933198429339602065e+00
7.777404644144049195e-01,1.362507405021111007e+00,4.747493374537251398e+00
7.129936233003332235e-01,2.040537915339387443e+00,4.508641159950018462e+00
-5.733568299753281083e-01,1.191798887461432699e+00,4.821916357359004479e+00
4.687176359747271093e+00,-7.110145706597729154e-01,-1.588973270050766162e+00
5.956454014177755552e-01,4.328665128281465435e+00,2.430609956979906894e+00
1.926597871905808113e+00,-6.663291779440374540e-01,-4.565547729088858198e+00
4.884087214820208800e+00,-7.121442315166431891e-01,7.990886506185359561e-01
-1.229640538446714171e+00,3.959642852502425203e+00,-2.794496846810696766e+00
-1.685649531803309342e+00,-4.704340219496681463e+00,-1.666395966065517542e-01
4.884508525396457301e+00,7.110228459428225012e-01,-7.975104876280282307e-01
1.572877901624939678e+00,-1.335582954293534907e+00,-4.554368592766781632e+00
2.951745260478612742e+00,-2.566971135724864350e+00,3.114138581630149893e+00
4.504966098672478658e+00,-2.078348024352159484e+00,6.210877067557684095e-01
4.242569629426290234e+00,-2.643934974067366550e+00,1.010484654661225334e-01
3.805032736337257138e+00,-3.217592034762075226e+00,4.108860830418196164e-01
1.834780339749812139e+00,-3.720987202340240163e+00,2.790669336357805008e+00
3.479333794545924619e+00,-2.691601690192046981e+00,2.376871197075257403e+00
7.788564494239191838e-02,-3.241325588096818588e+00,3.806276692288767638e+00
-7.013047765080400175e-01,-3.084548048945559451e+00,3.872174446508466872e+00
-1.216813080473222897e+00,-3.457571669586619212e+00,3.400671121537816255e+00
-1.986519204369372682e+00,-3.195157100055826316e+00,3.293131117437403610e+00
-1.664854230542031743e+00,-3.746928462931867099e+00,2.861605752845303385e+00
-2.344669024907697796e+00,-3.426275870442960780e+00,2.786244932388162621e+00
7.491569939856808080e-01,-4.552432019534447427e+00,1.927206918283518533e+00
1.491550565339304413e+00,-4.496644705644794904e+00,1.598581653289142590e+00
1.990810450924765940e-01,-4.800083669949928300e+00,1.385483128358087068e+00
-2.793443185633631920e+00,-3.768195158423322422e+00,1.731294433847710312e+00
-3.918529408021886873e+00,3.562681647785320704e-01,-3.085158062925297262e+00
-1.530211555316258076e+00,-4.177014041643507980e+00,2.282762863700381395e+00
1.714856086664910961e+00,3.699724957352243049e+00,2.893320556380376107e+00
2.484714903610647951e+00,3.483527491428904277e+00,2.586740818913671802e+00
1.359232007451588231e+00,4.212058039118697472e+00,2.326167540185934079e+00
3.509139955142978273e+00,-1.375760962537263099e+00,-3.285303418130155251e+00
-3.021722114439886031e+00,-3.882916879241535835e+00,-8.900291972773224369e-01
-2.761948032101528394e+00,-3.400453712245481874e+00,-2.410094939799347635e+00
-4.386235682989725326e+00,-2.390621718324521083e+00,-2.141595973632134664e-01
-1.619598774210634362e+00,2.836801595891562666e+00,3.785426860490437750e+00
2.905120972101909338e+00,-3.247080767168775139e+00,-2.452904121431633389e+00
-3.825793209753680202e+00,-2.307543851677573699e+00,-2.244670953344312547e+00
-3.717950141705645084e+00,-1.754281178759187876e+00,-2.845934695252554825e+00
4.334675991128590589e+00,-2.048637422912884976e+00,-1.419037970377898361e+00
-4.712513253076648034e+00,1.053902545981900030e+00,1.296729834294643613e+00
-4.737574348234820931e+00,1.465176641322213369e+00,6.392548041830958816e-01
-4.389374480143676038e+00,2.322707189820346407e+00,5.817413372112246739e-01
-2.744633012205987654e+00,3.618188482094947922e+00,-2.091817806680242420e+00
-4.681694544439521266e+00,1.653073091292853292e+00,-5.908346193383628986e-01
-4.897618921569557138e+00,1.003930787106645850e+00,-7.383680507227571854e-02
1.757631437506054772e-01,-3.893053878493947018e+00,-3.132608947258201937e+00
-3.595277294277058999e+00,3.465295187205280847e+00,-2.563404821477740514e-01
2.747494924498195878e+00,-4.147277576852285819e+00,-5.013584948865336122e-01
-2.137799339071849491e+00,-1.424191747904837602e+00,-4.289696009167051294e+00
-8.456979908291583081e-01,-7.868282491548135305e-01,4.864740097337111990e+00
5.953367818414859736e-01,4.952601940461698327e+00,3.425027525752842861e-01
1.020090684796716163e-01,4.987481970929641406e+00,-3.385524178021721564e-01
1.366830475608248996e+00,4.806343867910709555e+00,1.755934917520065031e-01
-1.436304161145252944e+00,-3.817837449788367810e+00,-2.891564898747783552e+00
-9.784495008334582744e-01,4.860576063051473383e+00,6.460935765117850060e-01
-1.428266960793674656e+00,4.791662152564190258e+00,5.225360189593194517e-03
-1.728466314198451981e+00,3.790326281179249079e+00,2.765109560737711192e+00
-1.914227618830096178e+00,3.259680839052410128e+00,3.272646245902944173e+00
-8.243463712790409792e-01,4.049701958704667426e+00,2.814314677825253685e+00
-3.712791972039881094e-01,4.884261119960354947e+00,-1.003067829095908969e+00
-7.914179210511546048e-01,-1.440789111823959079e+00,-4.722052986730306046e+00
-3.400617874980107480e+00,1.792906069379186784e-01,-3.661099964031249154e+00
-4.774283512590369760e+00,-6.072604676129027546e-01,-1.355526342747466195e+00
8.639914952634640821e-01,-4.752467518414786873e+00,-1.291344718704035222e+00
2.802454593828240359e+00,3.710669534271919812e+00,1.837710493238040144e+00
-2.985277150195817519e+00,8.671548394855926878e-01,-3.916141317786610898e+00
1.319102712312238745e+00,2.282410805564755840e+00,4.248596115072805546e+00
-3.842523760936565225e+00,3.125120752183756512e-01,3.183920122974289946e+00
3.341530981449980064e+00,3.713460363044434054e+00,2.106723335130614716e-01
-2.194419511811113388e+00,3.078786919969236369e+00,-3.271940419324443905e+00
-1.120979960030833444e-01,3.152727932249914655e+00,-3.879141738130133632e+00
3.882662495816902037e+00,2.925083868416117561e+00,1.169964232918541791e+00
-1.417675726470479347e+00,1.579118511924459956e+00,-4.527314906197036137e+00
3.524614250170938323e+00,3.323155902109900861e+00,-1.238438225251500269e+00
1.441079285900336071e+00,3.323679860336921088e+00,-3.446221507352614566e+00
2.281717620841314353e+00,-4.179100743168945975e+00,1.526067389464506041e+00
1.771116026011807953e+00,-2.364067895128072916e+00,-4.034145635649371009e+00
-3.756746649902017676e+00,-1.453310682193876380e+00,2.962219213608462631e+00
4.016030234043080682e+00,-1.382764414362580796e+00,2.638079554074209021e+00
-3.578215400693318671e+00,2.324418345529379426e+00,2.606425502715857156e+00
2.950873335401855702e+00,-1.258475553558028981e+00,-3.835177419561074608e+00
1.563777865444560877e+00,3.811615899754471570e+00,-2.833051891562271329e+00
4.785313972814682515e+00,-1.420435216792611532e+00,2.883296316369317047e-01
2.784029812682482508e+00,8.117637964462514066e-01,4.073109075494333986e+00
1.253331261098636462e+00,-4.763259710630214805e+00,8.605333689287509857e-01
4.655909340910926453e+00,-1.379702074781185006e+00,-1.191188647554566549e+00
-6.792023064939139987e-01,4.951850714241045281e+00,-1.336365620771476637e-01
4.796074162260025808e+00,1.370232290593542013e+00,-3.466065491541766574e-01
1.002976267328753002e+00,-3.232553654040784430e+00,-3.680303721287532248e+00
2.218661186395263663e+00,-3.729474865253269655e+00,-2.483658545256830052e+00
-4.143621494774676783e+00,-2.760805920918071976e+00,4.564554469660702662e-01
-4.862831942019432141e+00,1.730549656060366426e-01,-1.150181499831492538e+00
3.517474461669763297e+00,1.386627341978447170e+00,-3.271794312908254287e+00
1.426249608563454618e+00,1.460614549288485442e+00,4.564254286570741392e+00
1.447399250498003331e+00,1.504597564523101783e+00,-4.543261117137003424e+00
1.657336415452449918e+00,-3.565548353101474444e+00,-3.088705383766892520e+00
-1.640840416223036669e-01,-2.668621814558966854e+00,4.225107577109119994e+00
8.220578609722886121e-01,4.904068766504783738e+00,-5.237656027326624830e-01
3.400004297754924742e+00,-6.742178399765356156e-01,3.603526200751898667e+00
-4.254860383858757977e+00,-2.352811000535309560e+00,1.166380516653692689e+00
-1.448533538904566154e+00,-1.497166268873909134e+00,-4.545354084118726767e+00
-9.800492520836349142e-01,-3.986713746556370896e+00,2.854052726651834071e+00
7.096981678433340601e-01,-4.948377642586149427e+00,-9.943448553373759879e-02
-2.265890939789868330e+00,5.181051604849488124e-01,-4.426884377489099798e+00
3.913653161684602200e+00,-3.096510718949904817e+00,-3.081238346257371141e-01
4.570361797512246582e+00,-2.018579924992562447e+00,-1.926866011367862896e-01
-4.917374475679881840e+00,6.238524018160220841e-01,6.559241165564727583e-01
4.817252921282141997e+00,1.261298769863542724e+00,4.507767801688358222e-01
-3.814529331220692043e+00,3.109465857125177646e+00,8.835089499432390303e-01
-1.891865613996957407e+00,4.600179120382737352e+00,-5.091135030330875555e-01
2.657858533362170483e+00,-4.162992915476566580e+00,7.779961454440560420e-01
-2.512055623355645473e+00,3.358701602407478060e+00,-2.721892740567255053e+00
3.894522004155593464e+00,2.686451952877086491e+00,-1.617304629323365273e+00
9.419814749392227404e-02,3.936898581389752128e+00,3.080901859660587494e+00
-3.912998938935966287e+00,1.855461044784583846e+00,-2.499140575312421397e+00
-2.853375325880686209e+00,-4.098955064640412260e+00,-2.383623873726855025e-01
-3.341704023349273189e+00,-1.925115940432874651e-01,3.714290444551986425e+00
2.255091387139478432e+00,-1.190451960470982451e+00,-4.300858863699218659e+00
-4.065136249387828471e+00,-7.805092061476301968e-01,2.804544999288094420e+00
-2.163633248918775287e+00,-3.749397973221089142e+00,-2.502140284352333932e+00
4.056359425223584836e+00,1.355177105299399942e+00,2.590259297188627130e+00
1.935491311054042596e+00,-4.092371245957605375e+00,2.122821464488642729e+00
-4.960031671175907597e+00,3.541895777617388164e-01,-5.221451560025220928e-01
3.810038307902090526e+00,3.213811869777621233e+00,-3.937275174470867278e-01
3.391224978595562156e+00,3.335264754405042886e+00,1.541298855697039505e+00
-2.893901314031151806e+00,-3.317017616936198454e+00,2.371229494077635724e+00
3.282218402962632453e+00,2.667500061048839743e+00,-2.666736916075124864e+00
2.952217400221889054e+00,-3.137639346429679676e+00,2.537642952340506408e+00
7.868179535683511583e-01,-1.445664543161184534e+00,4.721331542752434274e+00
-3.342757696470442408e+00,-2.932032737194408156e+00,-2.286734573733446130e+00
7.836372141912472111e-01,1.606085946093109396e+00,-4.669732396004805608e+00
-4.406143643760704887e-01,4.074821135050965992e+00,-2.863859580923519665e+00
-3.189089482491232808e+00,3.751379360244304184e+00,8.699776825854993456e-01
3.053756621155236939e+00,1.991004386483570698e+00,-3.422056696162956602e+00
-3.955285957559143140e-01,5.747929167383771798e-01,-4.951077683980200206e+00
1.994586647547937908e+00,5.870268001867745555e-01,4.547199538318716705e+00
-3.710676586842892366e+00,2.596220073172406551e+00,-2.119084849531194692e+00
-3.157830287449650442e+00,3.023523653271903200e+00,-2.426193024837675516e+00
4.914153397964570402e+00,6.266908539852543703e-01,6.770191687127442570e-01
9.907857338811291159e-01,3.717491498876599909e+00,-3.193524790152386661e+00
4.629280630316691791e+00,6.259656424338436720e-01,1.782674356203924670e+00
3.593521107423406580e+00,-1.353402134770607113e+00,3.202328638990822540e+00
-4.414329183356617392e+00,-6.921015570160626851e-01,2.243812223815094153e+00
-7.925882519533393733e-01,-4.785032481133807636e+00,-1.214606116138061687e+00
-4.534439678234346793e+00,-1.770152437272262347e+00,1.142548534318372777e+00
-3.028821024866937162e+00,2.399431068363041319e+00,3.173164626598846016e+00
4.273548627188161753e-01,-4.937228125385565214e+00,-6.641884214681206267e-01
3.596942389897260561e+00,-2.059009682007303166e+00,2.796870496315546628e+00
-3.579588109568876853e+00,1.738523082285805321e+00,-3.027224216702914639e+00
-2.231258444697582277e+00,-3.841991026673147847e+00,2.293597764196838806e+00
3.680692644411019288e+00,1.896294216753267259e+00,2.802957349102324525e+00
-2.242519482732289404e+00,-2.630076351767178799e+00,3.613004947884952411e+00
-3.581357396136890525e+00,3.470551233516897760e+00,3.593790988217449023e-01
-1.566938145722230447e+00,5.121320656959302831e-01,4.720426420861424610e+00
-1.124402348020792752e+00,-9.504653828081200961e-01,-4.778319256375482382e+00
4.294789212677160850e-01,-1.039604386133905933e+00,4.871834415958517184e+00
-1.093937229418573853e+00,3.738564692627049935e-01,-4.864517723113200631e+00
2.932350306761755565e+00,-4.048377868002337010e+00,1.093540868147709622e-01
-8.085244466237474503e-01,-2.549965129184547319e+00,4.224211886157534401e+00
1.416207583917769686e+00,-5.364793808625925031e-01,4.765138607969666040e+00
3.118638671671619900e+00,1.332737044343430544e+00,3.673949483347452194e+00
-1.037427810318245935e+00,-2.181767371434894631e+00,-4.377628887345334618e+00
2.126986507402104376e-01,2.425937148205610239e+00,4.366873966229083415e+00
-4.674595122223005106e+00,1.773892545660299858e+00,3.828419699700442297e-02
4.086611391493887857e-01,7.143392416000754475e-01,-4.931806517013756164e+00
-1.128017648756644009e+00,-4.848215231722938334e+00,-4.715774072018584784e-01
-2.024249771071548576e+00,4.569593965823380621e+00,1.456840822716316541e-01
3.553000690533139494e+00,3.408039151005594292e+00,8.726140259496768525e-01
-3.521935743559358567e+00,7.418825830661128773e-01,-3.470674120568242316e+00
-1.590083994073229645e+00,-4.716401463128977234e+00,4.766446584059894076e-01
1.286322636863619140e+00,-2.702254360061758565e+00,-4.005395791606547462e+00
-2.596931495181355132e+00,-4.049701155464675573e+00,-1.362302228128251302e+00
1.891473645376481771e+00,-1.795216332702515682e+00,-4.266090220288869972e+00
-3.848634523001911667e+00,-3.124359596761009383e-01,3.176538379975775150e+00
-1.880406375717799561e+00,3.542889553294211957e+00,-2.985298222174559868e+00
-3.390629356190112964e-01,-3.639852530080101900e+00,-3.411232898082290355e+00
8.296415378901798032e-01,-4.748907795908543505e+00,1.326487717457749849e+00
-2.275755955406316478e+00,3.810184915267915140e-01,4.435736662669159891e+00
-9.083896253924850228e-01,-3.566857613317020004e+00,-3.384132836459247784e+00
1.088149305595022431e+00,-4.870040843787950990e+00,3.140593392501074277e-01
-4.955231219411321497e+00,-8.694542550098455225e-02,6.619094010178780962e-01
4.552048157306029630e+00,-1.890522776357291379e+00,-8.395124809322990211e-01
-6.413182123657907852e-01,5.253818244553430938e-01,4.930789479284217514e+00
-2.910731619252685753e+00,-2.924883677197937626e+00,-2.823596450547369852e+00
-3.217745487465331622e-01,2.636047070300949202e-01,4.982667327668036883e+00
-2.728518448907303884e-01,-1.042737496148643944e-01,4.991460593441661153e+00
5.087152026993654180e-02,-3.668548421061446074e-01,4.986264093812992293e+00
-7.501692806027748794e-01,-1.318943774194078211e-01,4.941644455406020597e+00
-3.738156257532827542e-01,-7.627265286093719565e-01,4.927322814723851252e+00
-4.133963471719686589e-01,-5.075397363535512352e-02,-4.982622551860123927e+00
-1.982498344981477034e-01,2.881020533959384178e-01,-4.987754425585776197e+00
-2.130696875630932463e-01,-3.388393476605984778e-01,-4.983953170397842136e+00
-1.243883706840434256e+00,9.861077016418784424e-02,-4.841800206520765926e+00
-7.653244814832669274e-01,-1.520094197746143794e-01,-4.938741901976873905e+00
-9.123185975670625725e-01,-4.288374592209768799e-01,-4.897323065727047009e+00
-1.129080525442740068e+00,-2.492677003386933432e+00,-4.184702919425927981e+00
-5.788854799024872877e-01,-2.451668584465621858e+00,-4.319052298028168480e+00
-6.682971455482374923e-01,-2.759144316583136192e+00,-4.115884056374651934e+00
1.829792495842647027e+00,4.412317140015316497e+00,-1.477605115748111153e+00
1.781115832184934744e+00,4.545050419237583128e+00,-1.081731518875378883e+00
2.221355399405841258e+00,4.296359424303790142e+00,-1.267626083167478823e+00
3.625568778200644049e-01,1.423438157241489810e+00,-4.779369866714054282e+00
9.745272693588423740e-01,1.276803998157163278e+00,-4.734983437306395260e+00
5.533151677131410429e-01,1.092676762246460598e+00,-4.847669524464840229e+00
4.552943712181226843e+00,-2.055361807265429608e+00,2.149218344980589890e-01
4.692769587321285130e+00,-1.724996255096059361e+00,4.797416197276366256e-02
4.659658200296172836e+00,-1.754859260992041703e+00,4.561298395447322962e-01
-3.853863889229998119e+00,2.718613766904857343e+00,1.660383181583221290e+00
-3.516474665721938564e+00,3.105010351984085482e+00,1.730120411823247828e+00
-3.772336262404089258e+00,2.980377428111300464e+00,1.373619128199594197e+00
4.027721463132913349e-01,-4.065391951569548024e-01,4.967142083830029087e+00
8.142907038753659510e-01,-4.052006574254922722e-01,4.916578391198914488e+00
3.607086479964462189e+00,2.461307804506315922e+00,-2.435342074028592485e+00
3.353655228444939684e+00,2.856805829614408765e+00,-2.364668488521181278e+00
3.671613090688120806e+00,2.645023328416115760e+00,-2.126760189683394753e+00
2.107528182501539060e+00,3.604869881443796942e+00,2.750134196329545144e+00
2.305009412247475353e+00,3.753090761515645912e+00,2.366694180767017208e+00
1.920963241802465360e+00,3.865683032497283289e+00,2.523171598585076225e+00
-2.748114215600504728e+00,3.168867137489247643e+00,2.721424135072503248e+00
-2.748918500094224893e+00,2.858940440040070641e+00,3.044652137789012336e+00
-2.436286946851373703e+00,3.096180335236770276e+00,3.078664198040236499e+00
-4.975209110253766553e+00,3.148060862643998203e-01,3.849564096086913190e-01
-4.924203337397283775e+00,8.166623335374300074e-01,2.920344584918778130e-01
-4.974252660990374331e+00,5.064140652826705224e-01,1.884831860025818623e-02
5.838995052834084626e-02,3.519005347717822474e+00,-3.551505592901504471e+00
-3.624303096973354177e-01,3.385503835647237114e+00,-3.661558145029317757e+00
-1.918577095298202861e-01,3.736999699798788654e+00,-3.316326863111918044e+00
2.125240353213925015e+00,-3.491742380975066506e+00,2.879425044340227391e+00
2.208430501798413825e+00,-3.721618543645011989e+00,2.504474023487563983e+00
2.492890366653491618e+00,-3.479646192233136315e+00,2.584097520745618937e+00
2.653067822165436684e+00,3.610002033120134346e+00,2.220161357167276694e+00
2.464808202304523466e+00,3.867701833860273108e+00,1.991382195914741748e+00
2.089590068628650155e+00,4.115328418096477758e-01,-4.523743368627423322e+00
2.275590814509322879e+00,8.080137043996250545e-01,-4.378218849991762696e+00
2.574276521540275642e+00,3.955433576135304330e-01,-4.268096278540856936e+00
3.866384489977531036e+00,3.170338107783307269e+00,5.220919281898879320e-03
3.590797679405089315e+00,3.478178292316924214e+00,-9.191187319572513559e-02
3.632446551202701990e+00,3.422010258390753457e+00,3.085090665183805037e-01
-1.176377558268064005e+00,4.180907331444822184e+00,2.477125294827494439e+00
-7.831062773827049961e-01,4.295877619082030918e+00,2.435606708849748614e+00
-1.129723553466552177e+00,4.402923660728641053e+00,2.082783697492085029e+00
1.853265820320015189e+00,1.490512650919892046e+00,-4.398156186026291437e+00
1.617171455313760831e+00,1.837197453532621871e+00,-4.359984174380868716e+00
2.017667515975288151e+00,1.817624019562013693e+00,-4.198244956942048134e+00
-7.652799688230628172e-01,-2.112775472794361953e+00,-4.466601210190666471e+00
-3.031278952246542202e-01,-2.373066680852157884e+00,-4.390520243361371477e+00
-4.381020644084548943e-02,-4.957514380655349662e+00,-6.489467092196498088e-01
2.091859823871871082e-01,-4.984780369039026660e+00,-3.289466479778250241e-01
-2.633380243392842157e-01,-4.983379212851290596e+00,-3.107808003380086448e-01
-3.626627860505206691e+00,3.239405014715578623e+00,1.163540077540516027e+00
-3.960018569358855878e+00,2.850509432475047067e+00,1.092176224655998285e+00
-4.915321765500415552e+00,-3.243246074795483325e-01,8.569862837765391816e-01
-4.965613375407009755e+00,-4.223182882395979942e-01,4.053776873452513696e-01
-4.919747617765620973e+00,-6.604134884197022659e-01,5.999478325678105906e-01
-9.052081749916247588e-01,-3.020561287291493979e+00,-3.880310254302390849e+00
-3.533362731263963719e-01,-2.973768567821787112e+00,-4.003979768071800116e+00
-4.944351187224317989e+00,6.811992345693723694e-01,-2.989296576380024439e-01
-4.992535949682334717e+00,1.793620817123488531e-01,-2.059466794423228109e-01
-3.009416610155981608e-01,1.434722720814381791e+00,4.780272464101199326e+00
-8.703927527633041616e-02,9.563388614409401578e-01,4.906917580992900874e+00
1.877952930036264900e-01,1.196589849378316472e+00,4.851072629871713282e+00
3.682213352545201879e+00,3.281751906340568237e+00,-8.193956624048386317e-01
3.968841585439357722e+00,2.967188354963301578e+00,-6.664005821256352435e-01
3.828979367280310520e+00,3.024650279294196498e+00,-1.091058061198947549e+00
4.261083673086467627e+00,1.385384741263069319e+00,2.218980633000520619e+00
4.210313231502104792e+00,1.031389239751611120e+00,2.491886580236528204e+00
4.405757006249284125e+00,1.058003568155957419e+00,2.114221760283109930e+00
3.660900327694135648e+00,2.866527529232522298e+00,-1.838702997996431998e+00
3.908971758749265835e+00,2.467346775158040906e+00,-1.905817326088178110e+00
3.058368374552497659e+00,2.669123579653091660e+00,-2.919274259482478762e+00
3.405208192980932580e+00,2.376988204470479094e+00,-2.784687457914036379e+00
3.180868295833191972e+00,2.377755505950382986e+00,-3.037820870045809585e+00
-2.700362885719277628e+00,3.317801521368423101e-01,4.194992516808332184e+00
-3.015085108106561496e+00,6.459446889477559184e-01,3.935989996137468694e+00
-3.022094663116509761e+00,2.151387755431761750e-01,3.977519221125209725e+00
-4.832377584739045773e+00,-9.601959437930671637e-01,8.521447224708758039e-01
-4.870743005355761213e+00,-1.056865927434159191e+00,3.986188495375842522e-01
-1.308603883643293664e-01,3.721423309707708516e+00,3.336747534459456599e+00
-3.667790441424579329e-01,4.011949377700005037e+00,2.961373891211727560e+00
-5.930232450690947621e-01,3.786902675023565035e+00,3.210559384391929783e+00
6.361619743353000844e-01,4.881474214297949032e+00,-8.755041048184946106e-01
1.106013105601818092e+00,4.790890576097428522e+00,-9.078009132501886347e-01
9.169630092382352604e-01,4.751448159950787620e+00,-1.258141177685966561e+00
-4.123460299548276531e+00,2.730328196721127476e+00,7.364666294128979773e-01
-3.936357040922442430e+00,3.040119434404882082e+00,5.126081065824652505e-01
-4.226619038130386308e+00,2.646709596043080648e+00,3.614136421432275759e-01
3.552211614199095369e+00,3.483593627397835846e+00,-4.963547996164069942e-01
3.318214260536326510e+00,3.735249411010936882e+00,-1.933027643770543758e-01
3.291506188568357860e+00,2.038459640830550867e+00,-3.163964175416843716e+00
2.945570707135320987e+00,2.331444364974220029e+00,-3.299693983128780594e+00
1.740848228460642799e+00,4.119214741256207013e+00,2.236407243970336189e+00
1.542534568977053988e+00,3.970022458907055185e+00,2.619066394592613367e+00
2.967972284210433909e-01,3.245648414450029495e+00,-3.791790840088571368e+00
4.676386410880466471e-01,3.594490353832964225e+00,-3.443973460635708861e+00
-4.251188474883234036e+00,2.457818099202149664e+00,9.415554907992893519e-01
1.186420010830958605e+00,4.826333741728143778e+00,-5.467267794394988778e-01
1.465766054879325875e+00,4.689502878802507269e+00,-9.274117866764941542e-01
2.963047140223380005e+00,3.438334896728173717e+00,2.097189734562732610e+00
2.802104305688533081e+00,3.322556978313689680e+00,2.471604051198490026e+00
3.760865131401987249e-02,4.873627300524630002e+00,-1.116397117932216521e+00
-1.350926123555153957e-01,4.952645764938154116e+00,-6.730898254520939483e-01
2.753923785137378788e-01,4.930507207487871746e+00,-7.837459503989159249e-01
2.019049231103438036e+00,1.146480607729647661e+00,-4.428207585296840776e+00
2.505311099097481176e+00,1.130648079916193538e+00,-4.176727333226433636e+00
-1.349875708317685774e+00,4.152380033129646542e+00,-2.436303682335200449e+00
-1.628374352206231279e+00,3.929803816200009958e+00,-2.627744077199445805e+00
-1.743316816400442892e+00,4.106219946672255539e+00,-2.258274612886201016e+00
2.142576827974462528e-01,-4.898974973739988137e+00,-9.767998014084346980e-01
-2.582439784097133040e-01,-4.900325031899830819e+00,-9.592312700027284533e-01
1.861422060978445980e+00,4.584234235285167713e+00,-7.210439563176231914e-01
-3.047019310139438275e+00,2.667195064402024585e+00,2.932872962142558659e+00
-2.733548019909096460e+00,2.592125734950752491e+00,3.287643441289988644e+00
4.029626931622507513e+00,1.699394707553616213e+00,2.423667555561474174e+00
4.223428810971358693e+00,1.726271536129279305e+00,2.045149300713010820e+00
-3.340072204930101929e+00,1.678276905422894094e-01,3.716954604530516626e+00
-3.026776527214573242e+00,-1.463980461823424228e-01,3.977083286326410505e+00
3.614349806464722370e+00,-3.454119613229020835e+00,7.438530779001548132e-02
3.542251172874097520e+00,-3.491430361544970218e+00,5.122212986142328228e-01
3.338952664288689309e+00,-3.717652080897225098e+00,1.745225230163726660e-01
5.908154618778971301e-01,1.039110869036653950e+00,4.855016549081568655e+00
3.768220386860346993e-01,1.521869860699987198e+00,4.747832903362701806e+00
4.008570146496582609e+00,2.700874845844206007e+00,-1.279312490247165535e+00
3.722353352753720479e+00,3.015160145455033636e+00,-1.432792662775293380e+00
1.484771768834355576e+00,4.452838173530502708e+00,-1.722697011903726372e+00
1.924564885547715987e+00,4.202139695140351350e+00,-1.907373058382248798e+00
5.479800219610126977e-01,-3.841692019020837012e+00,-3.152954222078590441e+00
2.088739941504704212e-01,-3.602440564639088016e+00,-3.461039386197510392e+00
5.818274861623827787e-01,-3.545130706287188627e+00,-3.477574593259742386e+00
-4.711062133157895460e+00,-1.242071142119590244e+00,1.123900732021967386e+00
-4.747558123056195178e+00,-8.429726362606311252e-01,1.322909294970343375e+00
4.688387621889824608e+00,-1.704085267981550578e+00,-3.392858770395964507e-01
4.797639448287958075e+00,-1.404642403690072205e+00,-9.816028721939927537e-02
-6.087410203946590492e-01,8.605744765773225557e-01,4.887621705937617023e+00
-1.211790108134699895e-01,6.208914659097630739e-01,4.959819496201317790e+00
2.008318511055812994e-01,3.559079856262018504e-01,4.983271623476789536e+00
-4.820746417101479109e-02,4.126252708597615282e+00,2.823422502068905882e+00
-5.087141998247206587e-01,4.183673980279500881e+00,2.690368355751489027e+00
1.122420221767415516e+00,4.427684176547125539e+00,2.033663118247901913e+00
1.522035809813324203e+00,4.351339275091037351e+00,1.936298919768355331e+00
1.279427739212629866e+00,4.548908950938603368e+00,1.634164011414982465e+00
-3.853039531066398737e+00,2.484226065548269968e+00,1.995672124195303709e+00
-4.098429249459019097e+00,2.351566124163603000e+00,1.634935610617418655e+00
2.765296293199717148e+00,-3.423275028193032199e+00,2.373673206691666593e+00
2.684300621129763531e+00,-3.197695340132169051e+00,2.751231485553220946e+00
4.495156066563142261e+00,6.654157926598501804e-01,2.085855642205241889e+00
4.546901586271090423e+00,1.019079868070303929e+00,1.813053277556744725e+00
-5.275014447787295113e-01,4.939223760991157341e+00,-5.707984448268309530e-01
-2.895443303677854296e-01,4.985986039149295834e+00,-2.368697915737394688e-01
1.706274871266007187e+00,4.107754221423655649e-01,-4.681868175872739180e+00
-4.643113633956244546e-01,4.414474412084502752e+00,2.301484438981259206e+00
-4.984807998081511649e+00,-4.174293587109682152e-02,3.872295825055834806e-01
-4.984124692476036955e+00,-3.766366105203348136e-01,1.290190430378400921e-01
1.610250224654156348e+00,6.529289084652385444e-01,4.688366245771722340e+00
1.719785978578658003e+00,1.029428074990199837e+00,4.580678336917602955e+00
1.324895204570097462e+00,1.091061044235769550e+00,4.696194043548276298e+00
4.419406939285689617e+00,-2.338104054281334498e+00,-4.595363257317666011e-02
4.388255056482297967e+00,-2.368962287217640128e+00,3.622640487242950735e-01
1.098823080440499922e+00,4.874632179714294189e+00,-1.747825803251792931e-01
7.115642210271854173e-01,4.948271992619329929e+00,-9.099805719411649396e-02
9.842603008035989420e-01,4.895272255923225124e+00,2.598868997281989501e-01
4.633319929449388752e-01,4.959675290197402830e+00,-4.323707669569953893e-01
1.616873782275895843e+00,1.165011438359826679e+00,-4.585680704178999534e+00
1.490039480313073206e+00,-9.668950140386064485e-01,4.673852413045969989e+00
1.110807877562095758e+00,-6.736712372183502051e-01,4.828278463727075476e+00
1.182105052080464791e+00,-1.104255998662004412e+00,4.731093566530344852e+00
-1.788287968187755927e+00,1.422944528512245954e+00,-4.447162579849309516e+00
-1.543861327465169353e+00,1.117344876454047453e+00,-4.622556936222568247e+00
-1.908078624536186929e+00,9.545509913557552739e-01,-4.521954043053714400e+00
-1.001320168824425760e+00,3.757982268546095739e+00,3.142439687376443302e+00
-7.648056095066779747e-01,3.469014066294765719e+00,3.518666478584773660e+00
8.649510401924602465e-02,-2.397548119675134259e+00,4.386830474365624788e+00
2.319093546192007860e-01,-2.716250928116556107e+00,4.191443539730203227e+00
4.830111493693146074e-01,-2.436487492914122477e+00,4.339381168606647243e+00
-1.282105983548326611e+00,3.937518477060875988e+00,2.802169247164378874e+00
-1.628130839941920982e+00,4.044041136540514003e+00,2.448452828624255950e+00
3.409847508968306684e+00,3.539236137737612697e+00,-9.201888539396535505e-01
6.235177781402998498e-01,-3.267925879616127460e+00,-3.732544175984812806e+00
9.627834130707191296e-01,-3.510584913504811500e+00,-3.427658335451231775e+00
1.238520142200932206e+00,4.203623140873704145e+00,-2.407409468053510082e+00
8.002856589007588672e-01,4.359585196893156933e+00,-2.313776085793055604e+00
1.144935120808811657e+00,4.408467246662744365e+00,-2.062653655910346107e+00
-9.272545809300669628e-01,4.892638707853621760e+00,-4.497615107550361202e-01
-7.729485010839258763e-01,4.859770326488811243e+00,-8.861055176732300920e-01
-3.950898856802295800e+00,2.348536790695210374e+00,-1.968444351783752433e+00
-3.825906632654747508e+00,2.234055772450458388e+00,-2.317635269793157260e+00
-4.053012581632935429e+00,1.977428715493560585e+00,-2.159366733157341844e+00
1.471389532045838333e+00,8.811415359475860409e-01,-4.696658646166853579e+00
1.399271356057693927e+00,4.725603641609639749e-01,-4.776895055822403258e+00
1.221663175144544589e+00,1.801284426851189391e+00,-4.501434604665398354e+00
1.387309599220851064e+00,2.129993826298341553e+00,-4.305635652936814495e+00
-1.433936919255186293e+00,-3.558665935409192294e+00,-3.206200503985232597e+00
-1.843323701021681194e+00,-3.551166766380786655e+00,-2.998561710321193008e+00
-1.834728284567412659e+00,-3.276268006534155397e+00,-3.301490583231918130e+00
3.548629221783111021e+00,-2.382348836777107959e+00,2.594541320968652087e+00
3.287105527191573895e+00,-2.322005251506662482e+00,2.967023570024695633e+00
3.229088886207244880e+00,-2.640365469650557628e+00,2.757073657276832179e+00
2.108884165601222271e+00,9.214482538095547515e-01,4.438867050456429375e+00
1.825604657191366220e+00,1.360682039502715712e+00,4.451484249440396113e+00
-4.663152865471082542e+00,-1.564932652970226323e+00,8.977700958020382593e-01
-4.585058051430615400e+00,-1.449556460310118755e+00,1.369681982572774848e+00
-9.690560492942175141e-01,4.182988945002505510e+00,-2.561939472218870417e+00
-1.084592677874379740e+00,4.360435783508275875e+00,-2.193230152310024383e+00
-3.204354670677814543e+00,5.250919942524941986e-01,-3.802155907123905720e+00
-2.887383402961085643e+00,4.805684088987905445e-01,-4.053649107739018653e+00
-3.094978914430321915e+00,1.353722157075966104e-01,-3.924637547907592783e+00
1.046202141121433504e+00,4.609798185817763461e+00,-1.629485122958839405e+00
3.463583480659586100e-01,4.149994584760716698e+00,2.767233427302754123e+00
4.986558415258875998e-01,3.916508326854468258e+00,3.067947991311410494e+00
7.502508845734637832e-01,4.113286228496963126e+00,2.741897155739793313e+00
2.961741685775286737e+00,-2.861736030034972789e+00,2.835234219802772238e+00
3.223888223129860009e+00,-2.921973402472236359e+00,2.463456141279852130e+00
-3.467654311059204186e+00,4.614352390127938186e-01,-3.572457291443764671e+00
-3.261806114504183896e+00,8.065462416915776256e-01,-3.702715764327084713e+00
-5.146215447771654850e-01,-1.055994272470235362e+00,4.860045345689814056e+00
-3.925273541267488425e-02,-1.026832345357535203e+00,4.893268289935691406e+00
-2.013172214211205180e+00,-4.556019387251119213e+00,-4.356890851511982521e-01
-2.015147893689932967e+00,-4.575410064959133827e+00,6.929432897195214602e-02
-2.339149062240664989e+00,-4.414598128690014001e+00,-1.992612024084126632e-01
1.705564903074880068e+00,-6.267042877548028024e-01,4.658142344015360869e+00
1.775687069665559337e+00,-1.055391142952953443e+00,4.553359744847643498e+00
3.607196643858437302e+00,-1.711884144538228458e+00,3.009582204927296445e+00
3.819074810347681481e+00,-1.726578224256122507e+00,2.726462035035953413e+00
3.814280363013184960e+00,-1.371500876986131434e+00,2.927499044706638909e+00
-2.596299364064126092e+00,-4.247029923300164711e+00,-4.711331475848543060e-01
-2.944915552183930973e+00,-4.000944505491632164e+00,-5.656106916259010520e-01
-2.683305101417506222e+00,-4.142704924488747054e+00,-7.986674159645361648e-01
-3.606335787122817216e+00,6.023779350096243601e-02,3.462760979153973739e+00
-3.592324903581697981e+00,4.211366274110225905e-01,3.452223302186521625e+00
-2.574126163868921680e+00,-3.132677851384220169e+00,2.925782625543499549e+00
-2.170359168717073572e+00,-3.318001203555689393e+00,3.046376387114490214e+00
-2.397027944707777358e+00,-3.019958432970339501e+00,3.183411392739137646e+00
-2.520399741990537734e+00,-3.817283633645875529e+00,2.018893459515230582e+00
-2.571864601587602994e+00,-3.592473557843890219e+00,2.340864414547134231e+00
-2.852574332457624706e+00,-3.553696475425864421e+00,2.057683415482013611e+00
-1.144224019854320318e+00,1.309049276949722174e+00,-4.687978389765233622e+00
-1.264127370825770980e+00,8.407640520037399368e-01,-4.763937216125688323e+00
3.720397137967595302e+00,2.162798321152099579e+00,-2.545770719806514926e+00
9.963947238599066836e-01,4.723737057935938899e-01,-4.876890467945632857e+00
-1.806168571671935341e+00,-3.796650118769473004e+00,-2.706141712171095559e+00
-2.204281945742072590e+00,-3.509578551105865696e+00,-2.797141308066719567e+00
2.032793193320255876e-01,4.325760431955758989e+00,2.499294741253587748e+00
-2.815404869037180013e+00,-3.974890247884405703e+00,-1.128602206570226363e+00
-2.468288851196489997e+00,-4.223320161972954345e+00,-1.034947803771697705e+00
9.804216156498090085e-01,4.283393714925165519e+00,2.385647027224734096e+00
7.388275416402738660e-01,4.484038875981134709e+00,2.085072953736540669e+00
2.505052089645979585e+00,1.034275248365239763e+00,4.201783994778804932e+00
2.725900734061751596e+00,1.249876837462742696e+00,4.000909031609658939e+00
2.435350957878064992e+00,1.468360178852166742e+00,4.112539859639493756e+00
-3.853112635034260158e+00,3.813232634678728115e-05,3.186459323494537088e+00
-3.605287971439256722e+00,-2.531843709300738432e-01,3.455111621541647082e+00
4.698404102454010633e+00,8.136787723396848859e-01,1.504302411580565657e+00
4.755950509325133524e+00,3.141592481645698043e-01,1.510708019321623130e+00
4.820519785352114006e+00,5.013104979853575394e-01,1.229339978866088812e+00
-2.600417225704535262e+00,-4.270447492635906173e+00,3.329361648771419352e-02
-1.455452079159603063e+00,3.627802341046312495e+00,3.117805224764511607e+00
7.473162246703285438e-01,1.705972246929987390e+00,4.640169948724845561e+00
3.442988022181016072e-01,1.861995835591515380e+00,4.627572780954507081e+00
-7.768819371075125213e-01,-8.153932353635505725e-01,-4.871507808422299135e+00
-1.260881833438396882e+00,-5.656391676104560728e-01,-4.805229373731286557e+00
1.890760597811949495e+00,-3.918335774949506689e+00,2.464075712414829589e+00
2.255336883237811119e+00,-3.901782219067100321e+00,2.165537129231215552e+00
-3.581921662361188474e+00,2.487775727746102117e+00,-2.445569286106000106e+00
-3.683701217138138251e+00,2.116592030025900240e+00,-2.636358003247252224e+00
1.899225009604042391e+00,4.244099038961437032e+00,1.838632021471705791e+00
-2.288106212645729443e+00,4.319445786885273364e+00,1.052120741080166066e+00
-2.643027405725338674e+00,4.108485126775335061e+00,1.065249311499730789e+00
-2.405656880738735737e+00,4.137298168504090157e+00,1.447611424743214581e+00
1.723967540678208898e+00,-3.293348113831107149e+00,-3.343918976263183129e+00
1.336109015523741395e+00,-3.414262330508105681e+00,-3.399650781640599195e+00
1.396505878583351956e+00,-3.127851960290412681e+00,-3.642295079423077286e+00
7.952416614476440770e-01,-1.129124097380362679e+00,4.805483271494447095e+00
1.173052974952326410e+00,-1.422051085720067665e+00,4.647764777563282657e+00
4.897754526005818398e+00,3.144482443060452881e-01,9.555746462952939835e-01
4.840936118853849557e+00,8.140018937955891820e-01,9.501254707002737554e-01
-1.826593953451283170e+00,3.535158488294197543e+00,3.027574770646745961e+00
-1.546525180454072279e+00,3.356442858389578898e+00,3.367870425741923857e+00
3.664669686651610192e+00,-3.389431084483409240e+00,-2.862743636346186671e-01
3.869872381422673868e+00,-3.165664749529057964e+00,5.152130715672856298e-02
2.959375500479886067e+00,1.075171893155363989e+00,3.884083166891272310e+00
2.887941770963071253e+00,1.508311577203851783e+00,3.792728373295339406e+00
-1.559973185058985079e+00,3.763206696263917461e+00,-2.899096242467873008e+00
-1.951761149614601898e+00,3.714509837242824464e+00,-2.719015462236537672e+00
3.405417102142794139e+00,-1.962691909272125335e+00,3.090465147791043421e+00
3.402165575374365147e+00,-1.608226911404991633e+00,3.292244765987240029e+00
5.768176042827094507e-01,4.702933816487255392e+00,-1.596776430540660430e+00
8.714826829388820917e-01,-2.440602441627715002e+00,4.275976807146933290e+00
7.257237784235588407e-01,-2.120827986921187236e+00,4.469386271885935180e+00
3.070795420098084705e+00,-6.827932530503869613e-01,3.886387636545471480e+00
3.246588822195161317e+00,-3.382607244958448778e-01,3.787511148744116873e+00
2.903955737306053830e+00,-3.442018027960318527e-01,4.055683197035884646e+00
1.291052561821383948e+00,-3.677992907634358044e+00,-3.131381716432188878e+00
-2.144051106782256522e+00,4.462303151912778709e+00,7.006393023054453550e-01
-1.907979158448250390e+00,4.492842460822936701e+00,1.083504569973568366e+00
-1.321475433147161427e+00,-3.040218155887493445e+00,-3.743097145974249251e+00
-1.010112184869897067e+00,-3.266848437519542792e+00,-3.647927447229931452e+00
-7.125469548998319969e-01,1.426217244034281517e+00,4.739006352589351323e+00
-4.396640072140635125e-01,1.668651698948439455e+00,4.692792033358921699e+00
-2.119688909246979058e+00,-2.919737475862651088e+00,3.461510075105740381e+00
-2.523154066796728046e+00,-2.733600543083653189e+00,3.340826488469565536e+00
-3.964909455002730176e+00,-5.475807609809570931e-01,2.996606134251458275e+00
-4.087757467507013409e+00,-1.804155664171383788e-01,2.873619513824861027e+00
-4.196208860249501349e+00,-4.152176005704116823e-01,2.686898871438992309e+00
-2.969882037144081277e+00,-3.460018736216105673e+00,-2.051358337902577489e+00
-2.624720951508644706e+00,-3.647033716607655851e+00,-2.193167799471464452e+00
-2.825385288403721606e+00,-3.698046612935411481e+00,-1.828017839253420984e+00
-5.269951576549036787e-01,3.846357790611277139e+00,-3.150842403296651995e+00
-1.065055898243451871e-01,3.972997796984201191e+00,-3.033800432542465675e+00
1.459809583872987648e+00,4.778127221187047802e+00,-1.961026185034731029e-01
3.499145692320224654e-01,4.987740557117831486e+00,1.982201069697642030e-03
4.087943128692466566e+00,-2.877142536123151739e+00,-1.037872988707565780e-01
4.081495260644026679e+00,-2.835949108879295633e+00,-5.466160345133250775e-01
4.250227995191999675e+00,-2.611283114838691244e+00,-3.417052575605772358e-01
-2.174297908336024765e+00,3.022855646109565697e+00,3.336880631456436319e+00
-2.178157491490650077e+00,3.337730996887090740e+00,3.019135925174993851e+00
-3.182932189781630394e-01,-2.370607007070995920e+00,4.390775767991166312e+00
-6.732423641031400063e-02,-2.091961686740820170e+00,4.540832935530690229e+00
-2.292880151890840601e+00,-3.641942539023744985e+00,2.545379176373200991e+00
-2.625671100982773787e+00,-3.379866965543757207e+00,2.585024287059977333e+00
4.414120511190020579e+00,-2.297028296191692132e+00,-4.890819145973890336e-01
-3.420974358917195257e+00,1.042073964841297551e+00,-3.494426460441115712e+00
-3.725243880618625436e+00,9.402510283696383642e-01,-3.199763433999976314e+00
-3.619597510333908197e+00,1.240135186227336206e+00,-3.218785265137371621e+00
3.101959676235545693e+00,-3.904836943536900584e+00,3.606863060861454917e-01
3.171098325863074940e+00,-3.865000000589453144e+00,-7.687914640478088479e-02
1.251235444127332119e-01,-1.181204068584262856e+00,4.856861234068107436e+00
2.657474500628514980e-01,-8.865707352205123293e-01,4.913590400535604807e+00
2.609787330925565030e+00,1.451196838746795281e+00,-4.010366295309160556e+00
2.859451233054102204e+00,1.110381762533763750e+00,-3.948492242263847540e+00
5.636011015859184736e-01,-1.784410522790027098e+00,4.636618690861624259e+00
3.049787157836355567e-01,-1.388250015720621677e+00,4.793719837117168758e+00
7.874688433199072968e-02,-1.722697648190455455e+00,4.693198455331616614e+00
-9.177705629218054773e-01,-1.817909321617336316e+00,-4.566497880456202196e+00
-1.247139450183558207e+00,-1.845621324269948627e+00,-4.476418782821363962e+00
-1.122595567467885136e+00,-1.472413910190289776e+00,-4.644542654447216812e+00
-4.050589947228897536e+00,-2.693115660635206687e+00,1.157518517281514558e+00
-4.213651568276814530e+00,-2.565582717451184713e+00,8.142025430285372289e-01
-3.994979804767636367e+00,-2.897892532473177241e+00,8.014706667963167330e-01
-3.845363427259123057e+00,2.225662841006988746e+00,2.293382879167512378e+00
-3.595827897108159643e+00,2.589317333645289487e+00,2.316345716870165550e+00
-4.422714604494641932e+00,2.325516607511877165e+00,1.776739580699759347e-01
-4.245014766533576456e+00,2.641562413830247369e+00,-4.469503049787219157e-02
-3.751739017976717605e+00,1.439183237127624082e+00,-2.975433741652122155e+00
-3.450888282409005026e+00,1.541861547913626618e+00,-3.273229755058086887e+00
-2.468824600485118204e+00,-3.583684589454871006e+00,-2.462135222798123912e+00
-2.506370885927406533e+00,-3.337330178436503925e+00,-2.753240320471941338e+00
-4.948856761153394679e+00,2.691362140765173327e-01,6.605925036350943635e-01
6.091092340279490314e-01,-1.244597667884680625e+00,4.804160965883418122e+00
-6.424863912959482004e-01,-1.742795691949876602e+00,-4.642184228692400438e+00
-2.540762519014648557e+00,-3.970543372423208872e+00,-1.667126614770596538e+00
-2.887375985049732030e+00,-3.786169692654775432e+00,-1.525771601315390802e+00
-8.956788440664518181e-01,-4.203198759736928025e+00,2.555558567992081809e+00
-1.259326321643604141e+00,-4.095509620397640660e+00,2.576994017231309275e+00
-1.171561955483297224e+00,-4.298667886637309365e+00,2.269118107295713838e+00
-1.266662674253737464e+00,-4.826870680773487798e+00,3.112637157486617956e-01
-1.641342645308802251e+00,-4.720367194701561964e+00,1.553314774152313449e-01
-1.315410239653999280e+00,-4.823854046308682086e+00,-1.131553466548552642e-02
4.478249857708715531e+00,3.662824651853917035e-01,-2.193425487138686680e+00
4.531326039117044679e+00,7.275921916339230799e-01,-1.984362348436692347e+00
4.648204647490680408e+00,3.613051627191225523e-01,-1.806558090524228444e+00
1.336246759184657185e+00,-1.760249892901095903e+00,4.485082486767682397e+00
1.510807011406251954e+00,-2.116192639309703249e+00,4.270736574364794258e+00
1.733303977348094937e+00,-1.751840046848387900e+00,4.350484314690436172e+00
2.322314158959808861e+00,-6.905605341305472988e-01,-4.373783613279939253e+00
2.160499783041388344e+00,-3.342991427379720659e-01,-4.496719334208304275e+00
2.548401479297917938e+00,-3.559079855802823045e-01,-4.287071192097510419e+00
4.381074527823463960e+00,1.080466650525738537e+00,-2.153782207828384365e+00
4.551864819393045103e+00,1.075661414630438628e+00,-1.767336749758565917e+00
1.104559296478062613e+00,1.414845573923465327e+00,4.666707700565043027e+00
1.074186608476882965e+00,1.758047442067850463e+00,4.555808635314660293e+00
3.216843517275074671e+00,-9.823105915135998956e-01,3.699592367702897011e+00
2.875552715734002174e+00,-9.884780692621242260e-01,3.969144452602176187e+00
-2.842304790838435569e+00,-3.169319945890577195e+00,-2.622349053150061948e+00
-2.579517076265565922e+00,-3.096821481213104299e+00,-2.959018142349151503e+00
1.134252445318738367e+00,4.058104852716272859e+00,2.691701394034839545e+00
-2.899983629197708801e+00,1.031969342227153863e+00,3.940194694058726022e+00
-3.216918874915051685e+00,9.150729438916044289e-01,3.716729000017735096e+00
3.083536653593168086e+00,-2.218477464437974778e+00,3.251178162717063724e+00
-1.399191602115996469e+00,3.145329166220312000e+00,3.626178056396556215e+00
-1.216191738733512828e+00,2.889034519014435531e+00,3.895427730375623732e+00
-9.901143593183913127e-01,3.187550006874629638e+00,3.722794448951631363e+00
1.263122921622691797e+00,-2.434936541315352532e+00,4.180383298770411038e+00
1.659584586896454272e+00,-2.426110097804237586e+00,4.044721101913955508e+00
1.960316573656286421e+00,-1.403881490668575704e+00,4.380214114767296607e+00
2.134354640138201198e+00,-1.759645290795615269e+00,4.165114490707469308e+00
1.180916122249603628e+00,-1.379381549249775851e+00,-4.658620359484151763e+00
1.366137906034418092e+00,-1.711868294277685054e+00,-4.494794118170786668e+00
9.684197587658064377e-01,-1.750622439817197895e+00,-4.582301195255551463e+00
4.604950709118816654e+00,1.205427614321824770e+00,1.530154643562704919e+00
4.280685518104888843e+00,3.662531038583828336e-01,-2.557653252300079671e+00
-1.409830128973727170e+00,-4.786451139946639621e+00,-3.197881991904138466e-01
-1.034149991183751727e+00,-4.889131666891485040e+00,-1.640894254165820021e-01
1.020146359135238656e+00,-2.750025883115147618e+00,4.049278830624024828e+00
2.688115239149178048e+00,-2.916063817774339206e+00,3.044767359211751234e+00
3.791067644331132858e+00,3.646890562109312839e-01,-3.239569108444142476e+00
4.046920954127373626e+00,3.648148971439842403e-01,-2.913647350292517757e+00
4.126800113951996529e+00,7.310822377727138610e-01,-2.726726898884271222e+00
2.380251764861154307e+00,1.798440097946589100e+00,-4.012482367559167429e+00
2.736678232520604492e+00,1.779090566640429083e+00,-3.787536007398337734e+00
1.507176982588586345e+00,3.578923387009727897e+00,-3.149559482383208486e+00
1.874134462753368258e+00,3.577620671565704846e+00,-2.947583814907711819e+00
1.812962819333863829e+00,3.333547155514132054e+00,-3.255860742979749922e+00
1.312036020094981881e+00,3.798636309847074788e+00,2.974714048019527102e+00
1.610348085070649748e+00,-4.652819536083159235e+00,8.706603296074679754e-01
1.453764538866005429e+00,-4.756372200738573142e+00,5.133148678706014323e-01
1.807469734237537207e+00,-4.632662523909006680e+00,5.210480778050290418e-01
-1.953468395021592530e+00,2.931364840862162868e+00,-3.548388563758048786e+00
-1.809320646460955473e+00,3.249477192580878970e+00,-3.341744570308567752e+00
-1.560783542168242111e+00,3.091177563047513122e+00,-3.606740357748030590e+00
-9.632519248548314650e-01,2.434379412362449036e-01,4.900294246066263071e+00
-1.109137264981431725e+00,5.211103838953647927e-01,4.847500231585960329e+00
-1.425379840535738962e+00,2.363918703843667091e-01,4.786691048502136780e+00
-4.427862201405044829e+00,-1.224325182260680434e+00,1.973591693702326122e+00
-4.463269449612589312e+00,-1.492409157672901943e+00,1.688768997302172892e+00
-4.265230764519492013e+00,-1.592007879482789212e+00,2.067200386286045966e+00
3.479196394251399926e+00,3.189189458470183425e+00,-1.650534170567430792e+00
1.368935194694382407e+00,-4.803016343823821366e+00,2.388523261103098483e-01
1.163919732578373889e+00,-4.861796752209665229e+00,-9.068184117140515310e-02
1.442752305820819814e+00,-4.784426569858072575e+00,-1.665178119145794278e-01
2.126867565903651336e+00,-4.361736265763618725e+00,1.204861446403493019e+00
1.893562593866605415e+00,-4.353803187366597882e+00,1.568062023258526061e+00
1.731379182896349622e+00,-4.523285961039596792e+00,1.241857576252309414e+00
-3.313300544295623595e+00,3.561429830227912152e+00,1.156830613155228171e+00
-3.515961701780677906e+00,3.444286399323793990e+00,8.802866073300547045e-01
-9.098956835058361614e-01,1.067594406662820461e+00,4.799201186447564105e+00
-1.049160858438262789e+00,1.301382782429442386e+00,4.712288652737360195e+00
-3.101618610995122705e+00,-3.703762252910515862e+00,-1.289227352271083982e+00
4.538797356137100003e+00,1.418499305089468088e+00,-1.545049604829427325e+00
4.687665567047641701e+00,1.065341004252743140e+00,-1.375078207293559007e+00
5.219878544672875709e-01,2.615526430835704463e+00,4.229249362403272094e+00
4.638186841741676059e-01,2.237930082129473863e+00,4.447082321670120741e+00
7.735467969807094946e-01,2.424300821819881602e+00,4.303997081574792105e+00
1.720604448461921177e+00,3.051593276594861681e+00,-3.567533995097185606e+00
2.088107693385372166e+00,3.050874780619438287e+00,-3.366299055907706173e+00
4.181985778882603810e+00,1.083633831405139247e+00,-2.517286766472560444e+00
4.202362091206409467e+00,1.431608963534985346e+00,-2.300141002181730343e+00
2.144345228361070888e+00,2.145210427567862510e+00,-3.974903239458693172e+00
2.583195096152655523e+00,-2.641669680328072367e+00,3.368780847019920532e+00
2.307134512023444550e+00,-2.979753662972893125e+00,3.286061236713334388e+00
-4.397773332604653973e+00,-2.223785350606444666e+00,8.452031882686683595e-01
-4.342934289972090411e+00,-2.428880478210393434e+00,4.893479084997363060e-01
4.366796163966958133e+00,1.760564279783572106e+00,-1.682707544142360012e+00
4.502458538090240658e+00,1.750058261673845372e+00,-1.290412024713584405e+00
1.888245923933764781e+00,2.466008240153259923e+00,-3.918332641602004784e+00
2.251390088885698582e+00,2.447503420712381139e+00,-3.733760794864668497e+00
-3.153550968389941644e+00,1.105344367982352916e+00,-3.719318501814083522e+00
4.164966559114105848e+00,1.838322689514787722e+00,-2.067274353025337241e+00
4.125345611923133760e+00,2.168553397863681287e+00,-1.810773244445705643e+00
4.430115557639562773e+00,2.073341209604110613e+00,-1.036982340504052136e+00
4.603402519113275027e+00,1.731843497984882685e+00,-8.996684642183707670e-01
2.416226351206877343e+00,2.721942630481140490e+00,-3.428247152132253728e+00
2.670061344843774886e+00,2.398200924949945190e+00,-3.481293543833997362e+00
1.508664606422093213e+00,2.458428443042874889e+00,-4.084123002036919026e+00
1.615620387343497999e+00,2.760722708290172189e+00,-3.842939095527148741e+00
4.223089608137512663e+00,2.401281195441113070e+00,-1.182946652246772201e+00
4.323647828041501384e+00,2.382988179396890338e+00,-7.921090808258004490e-01
2.507333330233644908e+00,3.002469684387206517e+00,-3.114234314472057896e+00
1.114109844450032361e+00,2.423918843014107871e+00,-4.228874164240486344e+00
4.197191199383659033e+00,2.664666035724088111e+00,-5.321099077021947954e-01
4.403671826533986255e+00,2.336360143905817921e+00,-3.861291521747761135e-01
2.500917060470307707e+00,3.279475473658535201e+00,-2.826739194605806027e+00
2.826257512676719763e+00,2.947793964783517406e+00,-2.884922739558942517e+00
7.162955436361382322e-01,2.382664513700357478e+00,-4.337030148537134977e+00
8.379654221823342741e-01,2.711596076233164787e+00,-4.116437861863541769e+00
4.445587391207066474e+00,2.288328094812503544e+00,1.752933634004271227e-02
4.573005881267321548e+00,2.007194641183034811e+00,-2.424600633106374359e-01
2.212047906362713423e+00,3.559212910948575281e+00,-2.727425070371927163e+00
2.534619439572763699e+00,3.509027487249088306e+00,-2.502484843164929362e+00
5.733270678941748688e-01,2.999737158568732021e+00,-3.958897959372262854e+00
9.709718007389607219e-01,3.039854080378013190e+00,-3.849220821436318385e+00
5.897071603884144197e-01,2.037379364850871788e+00,-4.527839527707059553e+00
3.135628481656766997e-01,2.325056816830476603e+00,-4.415403621274091250e+00
4.288381032546777938e+00,2.555780251816401449e+00,2.788824557377491686e-01
4.457041481165701313e+00,2.226258474413902011e+00,4.225570260551069768e-01
2.563683954409401888e+00,3.719201180444546395e+00,-2.143610776536558404e+00
2.852753516528172995e+00,3.439535265699916966e+00,-2.243077022739687454e+00
-9.132209565161486520e-02,2.251483330814131545e+00,-4.463460886566823937e+00
3.526627020450871092e-02,2.596768422253496134e+00,-4.272651407659294520e+00
4.445268900179003779e+00,2.133347341121091034e+00,8.297068923619442815e-01
4.603627017152373213e+00,1.866435790550212026e+00,5.683623199139363757e-01
4.093841132129517391e+00,2.867221847493862441e+00,1.396555123809981591e-01
4.103680684090613262e+00,2.804149803920553019e+00,5.445628707448978423e-01
3.150353493926580040e+00,3.345447281515581128e+00,-1.970597713868712519e+00
3.121344826820522389e+00,3.135366164283980073e+00,-2.329524734349030624e+00
2.256232253391451170e+00,3.972513782740854982e+00,-2.031883427928402597e+00
2.574218902504531670e+00,3.902836090090922472e+00,-1.772362123233331976e+00
-2.172834393644545170e-01,1.890739564546650042e+00,-4.623623233572983438e+00
-4.955800150983856733e-01,2.162451183090682072e+00,-4.480871045833030308e+00
4.253168810353558094e+00,2.394307374674320865e+00,1.085286720740587851e+00
4.398622346638353164e+00,2.033941333530518758e+00,1.230936271059472453e+00
2.566482085061425611e+00,4.059156155168413882e+00,-1.391553453884235125e+00
2.873725116325701823e+00,3.805556396560221266e+00,-1.503144859419215607e+00
6.250494022498008506e-02,1.606045849971160955e+00,-4.734628798568889074e+00
-3.417529792076330897e-01,1.517013705551991887e+00,-4.752038964315225655e+00
-8.964351514438300139e-01,2.058571180337215090e+00,-4.467514825352113306e+00
-7.704738076440413863e-01,2.419314943201704704e+00,-4.307352471917688774e+00
1.913844582129900163e+00,4.018158346509486556e+00,-2.278508814516233549e+00
4.334435381925259456e+00,1.855241936550554582e+00,1.664556180120869033e+00
4.525284149656553900e+00,1.593400973829798284e+00,1.408146548291551170e+00
2.521719040262004441e+00,4.200415292483698160e+00,-9.987214089270191053e-01
-1.040077412375225441e+00,2.659567251132498367e+00,-4.104258887176877479e+00
-6.392222758861408893e-01,2.763447253090896893e+00,-4.117615106028648775e+00
-4.638759558427978935e-01,1.132871768213090879e+00,-4.847826384512617715e+00
-7.436643353278777901e-01,1.417565482075797245e+00,-4.736820817846982834e+00
4.099861330899090106e+00,2.167833718007786903e+00,1.868591458416439588e+00
4.676307294802220405e+00,1.387031941734860441e+00,1.099223579253449712e+00
2.476103979906454811e+00,4.302630050997090727e+00,-5.968950702997846136e-01
2.820895549639261368e+00,4.064846977106655324e+00,-7.208102043758071176e-01
-2.292712009307847909e-01,9.039374982888602750e-01,-4.912263400471418962e+00
-6.305799182991816965e-01,8.041293665701585436e-01,-4.894460637134318226e+00
-1.439017599764705224e+00,2.545772082521353674e+00,-4.055647032400911733e+00
-1.307554698955203598e+00,2.889562482031369228e+00,-3.865323967234425950e+00
3.955272900014790149e+00,2.527590422309952345e+00,1.722528067537822949e+00
3.848303666751537122e+00,2.400362504431992949e+00,2.104475881492502420e+00
3.027287197320841727e+00,3.952918940158275163e+00,-4.582183731315282449e-01
3.072288460886342332e+00,3.849996367024210553e+00,-8.594018774735159294e-01
2.133101542496252723e+00,4.497738339662972429e+00,-4.692841754479609717e-01
2.433213277933494290e+00,4.363795179774916377e+00,-1.917414223931465378e-01
-1.555198069123851168e+00,2.175871497598659055e+00,-4.224564142220025076e+00
-1.822864077413577366e+00,2.406051172050295506e+00,-3.985985990034404125e+00
-1.162344670631341836e+00,3.205905553728008339e+00,-3.656654816527098895e+00
3.576295984943987261e+00,2.630357811537122892e+00,2.300287984440024580e+00
3.721917361112604183e+00,2.271441291030951160e+00,2.447015655538034462e+00
3.036211734633595061e+00,-7.143266414648712370e-01,-3.907832615628101802e+00
2.895428009155218252e+00,-3.559329244157034555e-01,-4.060764508946109075e+00
3.222372476851304679e+00,-3.583937170474272849e-01,-3.806293415386170054e+00
2.360488432124995928e+00,4.402647716935780942e+00,2.116304381799369860e-01
2.702534384048304705e+00,4.205855517176996905e+00,8.418593509884551851e-02
1.819224485700443372e+00,4.646546268049507766e+00,-3.162752748843062900e-01
-2.189049076374027791e+00,2.241835185654668106e+00,-3.896439290119469323e+00
-2.072476778870679048e+00,2.611097483686199539e+00,-3.726527865417004204e+00
-1.014168822844234485e+00,3.508240292459430254e+00,-3.415217657651545391e+00
-7.606500328747571871e-01,3.306034299887867789e+00,-3.673084362692009552e+00
-1.296754205958168704e+00,1.949715885409164517e+00,-4.417809015282684548e+00
-1.680251466645781289e+00,1.809827575891306717e+00,-4.347560138097930960e+00
4.197569514436946037e+00,-1.067886886601943086e+00,-2.498004757580174928e+00
3.969038389073169082e+00,-1.065354877020472824e+00,-2.848113981580118637e+00
4.142633419019193575e+00,-7.144102547438347939e-01,-2.707066002804916938e+00
3.408585602915223056e+00,2.956497045939821433e+00,2.154221298972828436e+00
3.282159820210864165e+00,2.827426199407802265e+00,2.496615309072613531e+00
-3.552731921890875721e+00,-3.330850763666945102e+00,1.132929424702570964e+00
-3.746311747825422866e+00,-3.217650952969628442e+00,7.822216009283200489e-01
-3.464959876472102351e+00,-3.521562343178593846e+00,7.698387607446945946e-01
4.057073813845642363e+00,-3.559329244501671097e-01,-2.900597149260875529e+00
4.285615243326770241e+00,-3.584439070245252212e-01,-2.550494060311105038e+00
-3.354810989510093044e+00,-3.685214421701621390e+00,4.055094212773543427e-01
-3.161725371050999378e+00,-3.798880816248277448e+00,7.563049794846300466e-01
-3.531760791798493671e+00,-3.538760922925663799e+00,6.194223025676275779e-02
-3.229367664670141025e+00,-3.816914650443571144e+00,4.844623424119411798e-02
2.002668901864367967e+00,4.568924047190564330e+00,3.380093497363006461e-01
2.272198796816068622e+00,4.411368876303940034e+00,6.139521682708900530e-01
-2.301684229180850583e+00,1.867779317815756901e+00,-4.026617703368406076e+00
-2.551339096757172520e+00,2.073040969017712953e+00,-3.767382374292845171e+00
4.395094107039116516e+00,-1.062948844249404168e+00,-2.133843374003558502e+00
4.221902372781176638e+00,-1.413972892636906398e+00,-2.275130988227421991e+00
-4.134458707615880080e+00,1.239903831962693603e+00,-2.523665921334171003e+00
-4.140836287928119752e+00,8.527264707359155649e-01,-2.669519133230541463e+00
-4.351106472620358545e+00,9.545247923035461435e-01,-2.270848934825716370e+00
-4.382188107846391567e+00,1.807147657699520682e+00,-1.590800028514208098e+00
-4.263098572550975796e+00,1.717892741852189431e+00,-1.968460080419563329e+00
-4.461583843139041328e+00,1.430118605957429345e+00,-1.746147297204632132e+00
-1.589519566454507649e+00,-4.003395254655303326e+00,-2.538947416324660367e+00
-1.191871609473182936e+00,-4.069957150087835984e+00,-2.648563924654397717e+00
-1.339597436547194098e+00,-4.240803024908062824e+00,-2.284965735394474784e+00
-3.337222478957032834e+00,-3.422044165834256635e+00,1.467160472826201323e+00
-3.618121155564848923e+00,-3.117781397427533019e+00,1.479404765947744727e+00
8.785517887025767747e-01,3.391717497321562025e+00,3.567127580130862619e+00
6.513321870566457505e-01,3.128355688640032994e+00,3.845667311073274863e+00
1.059073860835269665e+00,3.065440016553296676e+00,3.805448733357105873e+00
2.963027452986354060e+00,2.998689088423190707e+00,2.688555757989945949e+00
3.132170045378107837e+00,2.673680536371383365e+00,2.835655690711573751e+00
-2.835068324154754293e+00,-4.052706362349121072e+00,7.334567048908247067e-01
-2.695595079092679924e+00,-4.196663067731678964e+00,3.489788897745207952e-01
-2.478971515719856633e+00,-4.286937332280244206e+00,6.905566836629255523e-01
4.363318236691629548e-01,-4.077060315248695055e+00,-2.861327266405881531e+00
8.079257362596403702e-01,-4.012734450723552726e+00,-2.871448803768869684e+00
-2.112173318491151086e+00,-4.481711367121924638e+00,6.730431594364573167e-01
-2.251606577758230365e+00,-4.337301475147966379e+00,1.057394785628881007e+00
-3.805236342758966384e+00,-3.242692530809218709e+00,7.156484039294938593e-02
-3.679150358920668662e+00,-3.373775750518984484e+00,-2.854642213377616144e-01
1.236816926409860296e+00,2.741987668514583198e+00,3.993968892750671351e+00
1.464258518015764343e+00,3.006653347995377867e+00,3.716985692386569617e+00
-4.496878685368455031e+00,2.661183764026521792e-01,-2.169622801046231952e+00
-4.310742350491636898e+00,1.714889887566927729e-01,-2.527467490278172857e+00
-4.448322895786374964e+00,-1.304391514840305411e-01,-2.279343993912030353e+00
-2.891299395849944442e+00,1.895841647607274139e+00,-3.611948539328250440e+00
-2.778836672949896780e+00,2.270040054507542315e+00,-3.482094900487369138e+00
-2.046634980847388263e+00,1.648897330214003976e+00,-4.253518878479904508e+00
-2.408698057511278190e+00,1.479987569872388997e+00,-4.124052674344087066e+00
-4.507081855677322224e+00,1.048845423046050662e+00,-1.893709699182959838e+00
-4.516134192332180497e+00,6.625384326211668506e-01,-2.040973978802289146e+00
4.219174966840364860e+00,-1.750421535811226503e+00,-2.033368399025584417e+00
4.021379873599090438e+00,-1.755292548314230316e+00,-2.397384404313313233e+00
2.166361478758079162e+00,4.392338779600959420e+00,1.007093833049661713e+00
2.523846051718750871e+00,4.225477258844436257e+00,8.806492163240641213e-01
-4.555360494936259386e+00,-4.314716741824179969e-01,-2.015570131638265927e+00
-4.369224160056733197e+00,-5.261010618284664986e-01,-2.373414820868760433e+00
-3.924525550579107236e+00,7.469186185561430547e-01,-3.006694493976057814e+00
-4.145628590850062523e+00,4.627678440936845994e-01,-2.756738926557864566e+00
-4.559916059004129885e+00,-1.663850697282921676e+00,-1.199485886531132417e+00
-4.405807149737388073e+00,-1.776828141677152972e+00,-1.559405372014289526e+00
-4.392986265059996676e+00,-2.040524111404065533e+00,-1.240134277315513067e+00
-4.348950131495986859e+00,-2.289215719423705053e+00,-9.198500658827185594e-01
-4.194420058338206303e+00,-2.401948489852956836e+00,-1.279642069605099186e+00
-3.484918182903831152e+00,-3.174798210858221559e+00,-1.666133721763562114e+00
-3.406222468843229656e+00,-3.406410557930205307e+00,-1.339408676830622147e+00
-3.719228375935510478e+00,-3.070124239977706448e+00,-1.319726274171055813e+00
-3.797247107138924438e+00,-3.190264921707765211e+00,-6.349205750690483097e-01
-3.524723941405212280e+00,-3.487238614287903715e+00,-6.445835740261186553e-01
2.949727579242877873e+00,2.478267429406535882e+00,3.187051577335497043e+00
3.270385310529634992e+00,2.307996271819791279e+00,2.996286556712813187e+00
1.094480921101041115e+00,3.606164030982186297e+00,3.285984250570310294e+00
6.869937776420089737e-01,3.669217356959908916e+00,3.326391969817343419e+00
-2.944929548742867276e+00,-3.888747482062561378e+00,1.097739939007965626e+00
-3.655110721097245108e+00,-2.885508024468804056e+00,1.820441995023767578e+00
-3.870724967957243745e+00,-2.794367167853579303e+00,1.486270619252887615e+00
-4.143567270694944682e+00,2.522475068851482760e+00,-1.211598035756231262e+00
-4.050119144174546548e+00,2.449665733993484196e+00,-1.611109155113020552e+00
-4.277798898601527178e+00,2.168298274664409053e+00,-1.413831381463470427e+00
-2.453945600989890785e+00,-4.002149980900368220e+00,1.720740107558820009e+00
-2.709518573488223225e+00,-3.960195356952925128e+00,1.405475661365517048e+00
-2.361365125883720051e+00,-4.182508184131136453e+00,1.389453141324395791e+00
2.414677465415798197e-01,3.204092751757641633e+00,3.830859298579664340e+00
4.214703274161274438e-01,2.876697719067525139e+00,4.067797069203359150e+00
-4.684720963649402492e+00,-1.540891388945704765e+00,-8.240407879569957572e-01
-4.697070661690900373e+00,-1.276975292633117931e+00,-1.143180344953133254e+00
-2.579421745233541952e+00,1.067701847298760498e+00,-4.148083440034826097e+00
-2.831261488877026000e+00,1.285226273150560816e+00,-3.915629171462150282e+00
-2.997211389041782859e+00,2.434486841080715447e+00,-3.176475674391834314e+00
-2.658248780794757238e+00,2.612462443547507451e+00,-3.332979657972273024e+00
-2.990895690535937845e+00,1.520869343235821347e+00,-3.706952846899862486e+00
-3.217340725204031582e+00,1.717289482435855996e+00,-3.420472992359212761e+00
-4.051535321826371217e+00,-2.864190753379213472e+00,-6.176348955898589566e-01
-3.896506990443728391e+00,-2.977123355316186881e+00,-9.767137762180133631e-01
1.796662954483432939e+00,4.525038870616796771e+00,1.138431134234271447e+00
2.048457671009421333e+00,4.339285319809452979e+00,1.405142015373830766e+00
2.739883627276056721e+00,4.018237197727215992e+00,1.160520371120615124e+00
2.846483588685430721e+00,4.038331805924591400e+00,7.677287311299056949e-01
-3.636948017506390851e+00,-7.858447633051334202e-01,-3.339918730439744188e+00
-3.772501429397435491e+00,-1.091114524813190156e+00,-3.094786270315931453e+00
-3.908435996155037007e+00,-7.038979984844240256e-01,-3.037870252609417676e+00
-3.452168732697096232e+00,3.336626852955551392e+00,-1.396227877219351710e+00
-3.642588813310992268e+00,3.034639742972729426e+00,-1.588240651636906531e+00
-3.724866573319984830e+00,3.105675670638262442e+00,-1.216613184117700586e+00
4.882494807260727931e+00,-1.049376844517683871e+00,-2.450565144250002325e-01
4.844817088004489847e+00,-1.047951345623302721e+00,-6.553971017528277265e-01
4.931529575014663713e+00,-7.125711849580019797e-01,-4.150401873592978741e-01
-3.410933066682098058e+00,-2.959067931144431007e+00,2.146963575258621582e+00
-3.663022078604774912e+00,-2.635209276573942105e+00,2.153588010811862574e+00
2.610004219313395435e+00,2.644297533813150469e+00,3.345977962843742937e+00
2.745703305406467454e+00,2.276602926981962760e+00,3.504025181350323148e+00
-3.972313542249573892e+00,-2.743203874507522677e+00,-1.302135793589731527e+00
-3.230087255916963773e+00,3.615940378383934561e+00,-1.221274538805859011e+00
-3.147056862644607378e+00,3.543967940417122708e+00,-1.592584170641257568e+00
5.738980908594218389e-02,3.474228334820248065e+00,3.595336408091070801e+00
-1.721449876892564845e-01,3.223349473266910792e+00,3.818426937418522016e+00
-3.790830664918964032e+00,3.154837857223206754e+00,-8.225575752136287111e-01
-3.979913975503134083e+00,2.851626273370137188e+00,-1.014155976475011212e+00
4.482530144407183670e+00,-3.584213505788156340e-01,-2.185968352911397794e+00
1.339117721179462261e+00,-4.253142758319365946e+00,-2.262198135924140985e+00
1.732425060626789470e+00,-4.122887572961961844e+00,-2.236180106795534250e+00
1.582838703784669399e+00,-4.329493452930460506e+00,-1.936519578737470049e+00
-4.640208693827890585e+00,-1.794202094112436141e+00,-4.993016354936310464e-01
-4.777361867661379158e+00,-1.407326585486796233e+00,-4.429960126198092540e-01
2.808234768984121388e+00,-3.528977533445047499e+00,-2.158734594782047544e+00
3.132593408530232271e+00,-3.276917518511627936e+00,-2.109187074136510631e+00
3.025462186635243356e+00,-3.547325644012643941e+00,-1.806394013655539421e+00
4.646489895157976946e+00,-3.584625790798840472e-01,1.811528700737091047e+00
4.780821714094149577e+00,-3.584477392800756168e-01,1.419598167176503667e+00
-3.279053099094080714e+00,2.231280507394998835e+00,-3.044535772599924250e+00
-3.159612983672734909e+00,2.574252854338364038e+00,-2.896561415771719439e+00
-4.017520177255339497e+00,-2.495238977876576225e+00,-1.622748923472663085e+00
-1.449590268398018189e+00,-4.361491407083387450e+00,1.968776462604001631e+00
-1.087255796872267144e+00,-4.473943602337789649e+00,1.949795752192629017e+00
3.554458565006580084e+00,-3.458475749944101896e+00,-6.362152125656426183e-01
3.251726821319484095e+00,-3.732739629986022489e+00,-7.020879818393820360e-01
3.394887028759658421e+00,-3.510309381230568793e+00,-1.073531606429951601e+00
3.220892821499235836e+00,-3.539597139147710347e+00,-1.448137260397655446e+00
3.524139932877424553e+00,-3.266377098818825431e+00,-1.382468220904413236e+00
-3.000900743608561960e+00,-1.616446727247918380e+00,-3.658099876299043096e+00
-3.320296992770427558e+00,-1.545817064056080881e+00,-3.403832763852050913e+00
-3.181617201586772303e+00,-1.243690952825698748e+00,-3.651101860593136905e+00
8.103457780501448493e-01,-7.143266415087460297e-01,-4.881913269326600968e+00
6.137426509593889579e-01,-3.559329244612553511e-01,-4.949407208108643985e+00
1.022396581814085215e+00,-3.583937170474925660e-01,-4.881214927973952733e+00
2.443387632346087024e+00,2.984249045188889671e+00,3.181841371656886963e+00
2.239502881665558220e+00,2.782523175000571669e+00,3.498884339842687652e+00
-3.021091882287610275e+00,-9.330254467041801947e-01,-3.873301867215924510e+00
-3.340488131449469655e+00,-8.623957835123416960e-01,-3.619034754768924333e+00
2.530641707869717205e+00,2.063257237625692131e+00,3.786663718601829931e+00
2.870381799418462165e+00,1.897345285211418542e+00,3.627807766992792615e+00
-1.047982659267880257e+00,1.976542946394286737e+00,4.471578057792664040e+00
-6.397051094566614804e-01,1.997229236477533920e+00,4.538926387362368864e+00
-8.353538869572199044e-01,2.312093456321430374e+00,4.353895696130201109e+00
3.804205090648060228e+00,-2.970545574695631075e+00,-1.305328547509624570e+00
3.630245141739087522e+00,-2.999848316097458056e+00,-1.679949490695181513e+00
4.948621577432375851e+00,-3.559329244592748798e-01,-6.200453504837890595e-01
4.982869688570607636e+00,-3.566482622492975763e-01,-2.093124070828316086e-01
-4.053710324193175119e+00,-1.672041677753702382e+00,2.402438185549057525e+00
-4.091796856331646026e+00,-1.940931377862512353e+00,2.118958204623958785e+00
1.857975315843243047e+00,2.903914368613988550e+00,3.621492657106241353e+00
2.024387194769206477e+00,2.563782788786293398e+00,3.785349957081595829e+00
3.810296946449124089e+00,-3.510903353746600009e-01,3.218442597948112383e+00
4.064245482796340347e+00,-3.510456766447077603e-01,2.891137421237290006e+00
-2.774180771013543101e+00,-2.508469010429294599e+00,3.318358671610798005e+00
-3.045371875695702002e+00,-2.160834777217606639e+00,3.325132058172814542e+00
-3.070625220106372844e+00,-2.483249923093490352e+00,3.066713318375694719e+00
-1.993883297563077583e+00,-4.375356365999939712e+00,1.371381079861755614e+00
1.424030562794750487e+00,-3.583937170474905676e-01,-4.779507390914607079e+00
-5.815937768833310262e-01,3.212221786921264144e+00,3.787265487171309619e+00
-3.974628857633755730e-01,2.942315801253275964e+00,4.023033803006873299e+00
-4.851244428925761909e+00,-1.210466125463996123e+00,1.411559141286145361e-02
-4.897648695842184985e+00,-9.571963986210951791e-01,-3.111467605201075903e-01
-6.169894319205262434e-01,2.631768736952909915e+00,4.206318741619050172e+00
-2.076000003333773603e-01,2.643844211082787776e+00,4.238748639325716994e+00
-2.971829089037733684e+00,-1.846628782101497723e+00,3.571861420417020483e+00
-3.266811442991074621e+00,-1.820261179110276295e+00,3.318823923585980218e+00
-2.660899796454365696e+00,-1.675977590618786595e+00,-3.887249849054310591e+00
-2.799579587638043598e+00,-1.978103701849180052e+00,-3.639980752313256129e+00
4.076835240057707921e+00,-2.636871686241212043e+00,-1.194287291954090335e+00
3.970606272027064509e+00,-2.903503538150757901e+00,-8.966342824615619600e-01
-1.734920269218388045e+00,-4.379405615729828227e+00,1.676561395347405004e+00
-1.624839816406639326e+00,-4.533497523069243584e+00,1.344357013350496954e+00
4.983048502579632277e+00,-3.566610608391805881e-01,2.049890451218247256e-01
-1.025266981731743021e+00,2.611082446869656515e+00,4.138970412049335579e+00
3.527191583600769675e+00,-3.583937170474273959e-01,-3.525687660039785953e+00
-2.270352349034066575e-01,2.004202208875588642e+00,4.575109671696468538e+00
-2.381379946891006405e+00,-2.184228440498075852e+00,3.815517745767241120e+00
-2.271300694965718847e+00,-1.855944350176390811e+00,4.049279407758444194e+00
-2.642580196936110681e+00,-1.860762380540201155e+00,3.815014189479178253e+00
1.679689020173224190e+00,3.225857172230676806e+00,3.431106279303719919e+00
-1.539645453098470673e+00,-1.823045110301426242e+00,4.393859169859596570e+00
-1.147364109250875064e+00,-1.793515224697272092e+00,4.524031248740667976e+00
-1.384094465613919578e+00,-1.461052077658016701e+00,4.577074320636285165e+00
1.205148798197405613e+00,-3.916190031684775086e+00,-2.865496817296460996e+00
1.092604638258355410e+00,-4.147142327377441262e+00,-2.570491318975957284e+00
-1.578530175032907712e+00,4.437044498041180951e+00,-1.679547143998362912e+00
-1.851189848275150318e+00,4.231750970170236492e+00,-1.914518182756771658e+00
-1.963835980214938992e+00,4.337615247091117787e+00,-1.525923396182092828e+00
-2.318593021186829972e+00,-8.876606083607636866e-02,4.429023254459990788e+00
-2.476167125284882697e+00,-4.561777595903126481e-01,4.319779880886705392e+00
-2.092908008928995311e+00,-4.451591906582374469e-01,4.519023053839553938e+00
1.794096368595760937e+00,2.325131892653857779e+00,4.046601030736213467e+00
2.176143072541805612e+00,2.204373918342591665e+00,3.924937828292218711e+00
-3.476422698207226158e+00,-4.751792571836183643e-01,-3.562118737062538454e+00
-1.306799738062377925e+00,4.609647642532571865e+00,-1.429483492837188896e+00
-1.193646940025440806e+00,4.502436616682432557e+00,-1.817490438853847978e+00
-2.420168289409097451e+00,2.867162972200391555e-02,-4.375152956021963746e+00
-2.280796071762693611e+00,-3.568527825990566726e-01,-4.435157874369657804e+00
-2.639055863862433071e+00,-2.946525667168849449e-01,-4.236574561168545472e+00
-2.053790350607055171e+00,4.416242752140300709e+00,-1.130816143288384312e+00
-2.326047342799098416e+00,4.210118902570385124e+00,-1.365431281784910356e+00
-4.759478138990012930e+00,-1.508782905671865571e+00,2.663493721196433239e-01
-4.964079995579955273e+00,-5.541226021468709240e-01,-2.255170487411094216e-01
-4.895699701751909494e+00,-7.524443489605721069e-01,-6.826067183844303221e-01
-1.239367366565714779e+00,-1.099168825754110346e+00,4.717604945645861747e+00
-1.632114020799169118e+00,-1.129398951160871967e+00,4.589189670543972532e+00
-8.132113305255742608e-01,4.534358452099994885e+00,-1.943780018359631434e+00
-1.906875943565089937e+00,-4.166027862144450755e-01,-4.603288634701403481e+00
-2.125763518018425557e+00,-7.399269826533337868e-01,-4.464710239847985207e+00
4.782129782095922543e+00,3.612586186563285229e-01,-1.414470557359794656e+00
-8.877015709316005143e-01,-2.111242026305203634e+00,4.444619559346813631e+00
-7.318830056024143715e-01,-1.748698498165045745e+00,4.626705180646989213e+00
-3.649648793039817374e+00,-2.364877347272431596e+00,2.467269506928805090e+00
-3.894199402209184147e+00,-2.291622815035748051e+00,2.140952098819882465e+00
-2.112545558888097919e+00,-2.982747990691529960e+00,-3.411798013606288649e+00
-2.469061371590051568e+00,-2.937511104091029779e+00,-3.205427343844148957e+00
-2.340784387975860525e+00,-2.658281713229885490e+00,-3.529060325655550834e+00
-2.127892323305930145e+00,4.005641848605687727e+00,-2.104021777718687147e+00
-1.629928872524303518e+00,-4.456818360992979677e+00,-1.574833949223696905e+00
-1.868547204047846577e+00,-4.265317646095326154e+00,-1.820878009135373565e+00
-1.497593596822726303e+00,-4.363402578953925470e+00,-1.928193805802156602e+00
-4.630938866175072555e+00,-1.874530211770073951e+00,2.013497030302742741e-01
-4.657201904498837308e+00,-1.722584358484464229e+00,5.858101643340387632e-01
-4.991085769027503893e+00,-1.735518076850393887e-01,-2.427810047355004053e-01
-2.242345676594255544e+00,-4.124694472743740015e+00,-1.720110860722730450e+00
-2.109794573767217241e+00,-4.031062563939504351e+00,-2.073475696049479566e+00
-1.431849132501294308e+00,4.678988570057112106e+00,-1.028043784588087650e+00
-1.047884688313612589e+00,4.747667934048049432e+00,-1.166870544666295029e+00
-1.405286430109820461e+00,-4.615837724926614705e+00,-1.311187304123057062e+00
-1.775796876603821461e+00,-4.516417624249798202e+00,-1.203543641256901831e+00
-3.264321472472338503e-01,-1.694485020601713465e+00,4.692777702832296782e+00
-5.858804691942524068e-01,-1.376403154162125553e+00,4.770980866973716594e+00
-2.580176719563638255e+00,3.977157059947716178e+00,-1.588996480905437103e+00
-2.669916655922452087e+00,4.055418390697188791e+00,-1.193786717476323700e+00
-1.726408198453928566e+00,-1.054952957285836407e-01,-4.691309569287684056e+00
-1.571678217926449239e+00,-4.883180017260591588e-01,-4.721374069959487052e+00
-1.705117138491984319e+00,-2.994670797088774261e+00,-3.622778265514547513e+00
-1.942789706117481918e+00,-4.533151742005151696e+00,-8.222550953077834013e-01
-2.167066960352558080e+00,-4.373184542877925018e+00,-1.085853463079577752e+00
-1.100460441515308752e+00,-4.431075140243446953e+00,-2.038273759379843231e+00
3.527191583600802094e+00,3.583937170473450173e-01,3.525687660039762417e+00
3.222372476851337542e+00,3.583937170473449618e-01,3.806293415386150070e+00
-1.600523754269222554e+00,-2.749973436299944840e+00,-3.856937880192605750e+00
-5.243586293231776718e-01,4.679449415822605651e+00,-1.681606729473865469e+00
-4.154061819299455505e-01,4.538002551836381571e+00,-2.057661425876684547e+00
-8.205359803323677287e-03,4.519655031102057130e+00,-2.138375802309866902e+00
-2.970353316059556881e-01,4.375674205595992738e+00,-2.401092513473735313e+00
1.605865356696089818e-01,4.763631462965870256e+00,-1.510638027325962973e+00
2.896980033784994912e-01,4.623223545708166959e+00,-1.881988074682757084e+00
3.075834417611071014e+00,7.650375529603001823e-01,3.867035062939006451e+00
2.938699368712624160e+00,4.074281318698234622e-01,4.024679904997300994e+00
-4.105077391075842463e+00,-2.211171201114677576e+00,1.805287105321210284e+00
-2.821103833830850061e+00,4.107177779782407612e+00,4.152876641636914501e-01
-2.529769102564331629e+00,4.306026849294563696e+00,2.416631144076199222e-01
-2.826297237644212590e+00,4.124549615896106580e+00,-1.159269148922603514e-02
5.024920136764556844e-01,4.258611984335408884e+00,-2.571327622662309853e+00
4.079360340209483016e-01,4.459196958088094576e+00,-2.224668667717768056e+00
5.623001512447318717e-01,4.012165574746622276e+00,-2.930246737175600913e+00
1.696648878355565826e-01,4.111239919273352861e+00,-2.840584473661888598e+00
-3.089066673957068243e+00,3.925323818205177062e+00,-2.224859682742739986e-01
-2.798329219860396844e+00,4.124624844559554582e+00,-3.960094303391963333e-01
4.982834572222695435e+00,3.583937170473441847e-01,-2.071559061269109825e-01
4.982834572222695435e+00,3.583937170473441847e-01,2.071559061269217517e-01
-2.494469137555179294e+00,3.880137954090071339e+00,-1.929288257107899529e+00
-2.836872910031659423e+00,3.723675296891868047e+00,-1.756813699754689484e+00
-3.284110279262798304e+00,3.155558023463010286e+00,2.063267610902338234e+00
-3.332707992717114376e+00,2.890418552780384065e+00,2.353409871871538606e+00
-3.009611799509532393e+00,3.194500012272329936e+00,2.395288393460186072e+00
-2.839823229183178199e+00,-6.159536282143889263e-01,-4.068907120453986614e+00
-2.680952299320456866e+00,-9.972487975277359862e-01,-4.100974226278170320e+00
2.167427011324789099e+00,-4.475387909719133361e+00,5.226501775753009671e-01
2.009462426057830431e+00,-4.575466842326966876e+00,1.648148446841674608e-01
-2.475392794820075792e+00,4.305673549779777787e+00,-5.775861789202211272e-01
-2.739202527706696255e+00,4.107883208056493984e+00,-7.887110124581366843e-01
-6.103147858213384125e-02,4.475003154186934395e+00,2.229489163158024922e+00
-3.345093707709566599e-01,4.582602006823913499e+00,1.971766296476296976e+00
-2.993355214995157443e+00,3.874937906054058079e+00,-1.012265173305242794e+00
-2.699901316962558084e+00,3.434521860990908948e+00,2.431993516652416698e+00
2.206406977821744331e+00,-4.482693237017335797e+00,-1.929497111129118148e-01
1.847395316921433439e+00,-4.642121178240398827e+00,-1.945289427019212813e-01
-2.085935085111353171e+00,3.605387361538217483e+00,2.765873604118955775e+00
-2.005923362460018566e+00,3.866735109902496248e+00,2.454512386154207970e+00
-2.357493391709422070e+00,3.668780984789145272e+00,2.445868147242607815e+00
-2.979195446829581151e+00,-2.304292158933276546e-01,-4.008902202106292556e+00
-4.650596009607313341e+00,-6.975747770710529760e-01,1.698630679641340624e+00
-4.773824919464417782e+00,-4.166117317107030371e-01,1.427245705301492418e+00
-2.322404839125934650e+00,-1.054624867467261806e+00,-4.300488594581330482e+00
-2.503673492230365838e+00,-1.371696685957052964e+00,-4.104883341343264824e+00
2.680409929543895231e+00,-1.558451816765360043e+00,-3.922579577831817765e+00
2.992121235704165549e+00,-1.630114125395086377e+00,-3.659226482336887631e+00
2.711544559386727560e+00,-1.925777325250262351e+00,-3.733484671993736903e+00
2.080938790085038903e+00,-3.107822335737263408e+00,-3.318302891752347605e+00
2.105028733657353435e+00,-2.786354665151781873e+00,-3.578418884153142354e+00
2.400018096703218973e+00,-2.882791451177766362e+00,-3.305968327814627017e+00
-1.384228483388997732e+00,-4.037712819450837709e-01,4.787575613778963124e+00
-1.607227435934585280e+00,-5.908215259241383910e-02,4.734271778048254831e+00
-1.711367728835023749e+00,-4.226837117027780200e-01,4.678948490479801769e+00
-3.097204817417345435e+00,3.646710806491777923e+00,1.452178574688002266e+00
-3.196070151326519948e+00,3.411564025827017232e+00,1.773800012820676564e+00
-2.860607671641620886e+00,3.692940637757097910e+00,1.783006784885383222e+00
-6.050618020458927715e-01,4.673375711653092068e+00,1.671364614150942840e+00
-2.015369014879991594e-01,4.733122604827589619e+00,1.599041364383272157e+00
-2.619004282918487636e+00,3.694355469805139958e+00,2.119564631893885220e+00
1.640450250384592801e+00,-4.694010892707169980e+00,-5.245805135149064213e-01
-1.868927201844941433e+00,-7.899911782124283688e-01,4.569794858913316382e+00
-4.863951505252874341e+00,-1.582242268913229832e-01,1.147580432289143415e+00
-4.762745050469585628e+00,-1.244945068713438317e-02,1.521875354753156273e+00
7.840846702712531147e-02,4.927690248181603394e+00,8.436355435105731271e-01
-3.286232773811560426e-01,4.904154472118559482e+00,9.172108019222189323e-01
-6.496350647376225584e-02,4.847207030837396680e+00,1.224893359859193787e+00
-3.108393258621923394e+00,-2.769343094709792119e+00,2.769229165947985294e+00
-3.380039070763023012e+00,-2.421894226986042842e+00,2.776646220426203016e+00
2.054965375833477936e-01,4.757148790367105917e+00,1.525551231309534295e+00
-2.164209078824310239e+00,4.139129756436538798e+00,1.784321698157600888e+00
-1.899287797655703880e+00,4.106685198261387448e+00,2.127872774405690226e+00
-1.786945734380028794e+00,4.317695983359037371e+00,1.778855344783901504e+00
-2.013654300893140014e+00,-1.151874430116331061e+00,4.429264233903723813e+00
-1.893017240226919862e+00,-1.834917073088204509e+00,4.248477970178622165e+00
-2.155572100344314457e+00,-1.512617634856362248e+00,4.250352551370149889e+00
-4.294873869651658183e+00,2.204934688746192251e+00,1.300892563645103639e+00
-4.294042229355272688e+00,1.970842422771012625e+00,1.636148366475265181e+00
-2.518590868084060741e+00,3.927700752327982325e+00,1.797183028899887347e+00
2.693025532133671351e+00,-2.938799712810810760e+00,-3.018454858244405514e+00
2.717874090503460849e+00,-2.618328861949902553e+00,-3.279864997046390229e+00
9.429971885072262472e-01,-4.353637579765965882e+00,-2.270813978844812731e+00
2.412349954149735076e+00,-2.208217808468698085e+00,-3.782108117052640939e+00
2.724061260310000510e+00,-2.279880117098421533e+00,-3.518755021557706808e+00
1.811873996174364843e+00,-3.583937170472758504e-01,4.646360572057250060e+00
2.191289702754544599e+00,-3.583937170472751288e-01,4.479933412695208617e+00
4.745456072507138745e-01,4.634427152302079023e+00,1.815734406967137282e+00
6.111190022649495290e-01,4.748511578311878978e+00,1.441586402443057136e+00
-7.723486982731029293e-01,-4.133687788080290026e+00,-2.704829524933453300e+00
-3.634023632335536824e-01,-4.147405351293063092e+00,-2.768928958001980689e+00
-5.328967048504532622e-01,-4.320997235030500150e+00,-2.458658983433509970e+00
-2.109757658333629937e+00,-2.082957390892921090e+00,-4.026190647600675909e+00
-1.871472673806883202e+00,-2.414729028616243944e+00,-3.958114923742383162e+00
-2.221326989279661213e+00,-2.369737600491690355e+00,-3.801322153082220101e+00
-3.298784098237895090e+00,3.667719613139762025e+00,-8.160001915457576471e-01
-3.015126085538152090e+00,-2.527055594748163436e+00,-3.085936601642909505e+00
-3.235094190395148228e+00,-2.178660109694982250e+00,-3.128514936147086534e+00
-2.919036986334226480e+00,-2.266647814587363197e+00,-3.367718924886565102e+00
6.204967243089724027e-01,-1.832722897516495308e+00,-4.610434968204256023e+00
2.076255107532382349e-01,-1.824927617893041809e+00,-4.650433403107251173e+00
3.710464324998936636e-01,-1.409068203651214990e+00,-4.782975155945119461e+00
1.441679678087323779e+00,-4.705858629316956865e+00,-8.811664239365658569e-01
1.844465257868945551e+00,-4.557717490766465041e+00,-9.083827314936572250e-01
-1.520217382236845216e+00,4.642317920731159120e+00,1.066688067620184199e+00
-1.663034559817293978e+00,4.497192139472206307e+00,1.417596174346805515e+00
-2.392393552327161110e+00,-1.173108542603116922e+00,4.230871002294328775e+00
-2.601830783541701386e+00,-8.190241860882382374e-01,4.190426703382040152e+00
-2.743205406938284519e+00,-1.179398367695926320e+00,4.010466754084959007e+00
9.237274055274038442e-01,-2.402125759562465213e+00,-4.286784286096521512e+00
5.743638726053058585e-01,-2.478774254813153277e+00,-4.304158957975568356e+00
8.038910930462559445e-01,-2.160978106752957206e+00,-4.436657833623785407e+00
-2.862865402243621293e+00,-1.519345322688862243e+00,3.807307641767334161e+00
-2.579036039180027107e+00,-2.326178677958227414e+00,-3.596868897641823715e+00
-7.280849269986016115e-01,-4.940739924543721351e+00,-2.428607360137495785e-01
-4.752425948996532590e-01,-4.976773776516759007e+00,7.659799846054100858e-02
2.632247362451919370e-01,-4.981371629889213892e+00,3.415397826952639715e-01
1.130765657023815179e-01,-4.946249441757447407e+00,7.223781213485775954e-01
-1.604563174041366835e-01,-4.982243533753328180e+00,3.892340434471925348e-01
-2.339524059254388111e-01,-1.038555686846480919e+00,-4.885352429158057674e+00
-1.226783691081756965e-02,-6.948423602148846578e-01,-4.951468832036463930e+00
1.800072781808319533e-01,-1.055579175554085980e+00,-4.883989146582790042e+00
-4.728124213202308468e+00,3.964151017133730193e-01,1.577243320373756141e+00
-4.640070697398357424e+00,1.381923419220866256e-01,1.857591666588542578e+00
-4.044559616142534786e+00,2.929797987924341651e+00,-2.404605194692682191e-01
-4.243315118291504540e+00,2.610434866666332177e+00,-4.241539977077773416e-01
-8.544745860505977841e-01,-4.601683697978539378e+00,-1.759085081953746021e+00
-6.958232316709399568e-01,-4.476952919793471430e+00,-2.114881222248597759e+00
7.837810810634905367e-01,-4.540354070776038142e+00,-1.941873355539543322e+00
5.368809497967570454e-01,-4.433006985283605594e+00,-2.249490589927437334e+00
-3.611216394367462001e+00,-2.078307765447870104e+00,2.764010308434241114e+00
-1.398464242193996121e+00,4.465587266748608286e+00,1.761484636991611286e+00
-1.646883389432465483e+00,2.251300182077601963e+00,4.149629211361997250e+00
-1.852427748820379305e+00,1.902165841132481994e+00,4.236776669619136015e+00
-1.449064580818049341e+00,1.942285374232811668e+00,4.373527108142799769e+00
3.430201865769680669e+00,-3.008638083109005379e+00,-2.044947932084426157e+00
3.710442717565984427e+00,-2.712935655623898157e+00,-1.967890994975606045e+00
2.920049307653938442e+00,3.953598332515465552e-01,-4.039430980116018866e+00
-4.449181749811053521e+00,1.586685871904394363e+00,1.639271088333850379e+00
-4.254100297030385391e+00,1.734039389867211511e+00,1.973762411536642336e+00
-3.964115692973857463e+00,-1.679030305888833396e+00,-2.542959693865642912e+00
-3.784747484658060657e+00,-2.037845317748357310e+00,-2.553991569740506229e+00
-4.018384932335928639e+00,-1.956624914770306756e+00,-2.241473059948673185e+00
3.017068695740440454e+00,-2.335888378731455273e+00,-3.231241551987472427e+00
7.434963496404870531e-01,4.829991911302718322e+00,1.057540219008993088e+00
1.012545419307848471e+00,4.707270273237670999e+00,1.347723394666590302e+00
2.050308538900028621e-01,3.583937170469746469e-01,-4.982922465033385429e+00
6.179275812516638045e-01,3.583937170469756461e-01,-4.948708866756026836e+00
1.886806999678873886e-01,-4.732113453391278313e+00,-1.603590302319423344e+00
-2.247765332558199214e-01,-4.744826523438079313e+00,-1.560800042470528393e+00
-3.609334939781822654e-02,-4.633711041601218383e+00,-1.878142500736350806e+00
2.222187254473372064e+00,-4.389915772914942949e+00,-8.891137794279764250e-01
2.022859952698678132e+00,-4.399711786510117406e+00,-1.245220385077216552e+00
1.001384932369201231e+00,-1.067815669605871154e+00,-4.780899278688905518e+00
5.927310015145061950e-01,-1.065354877019626612e+00,-4.849091558823580783e+00
-2.867995228482259629e-01,-4.490982881977220842e+00,-2.179178466184356733e+00
-2.239496838516699118e+00,1.847220090038785179e+00,4.070925183447960727e+00
-2.042411460323342975e+00,1.538987067526413677e+00,4.296518850502849318e+00
-6.251635748206610943e-01,-4.939617469285575879e+00,4.575475514590977011e-01
-4.017534572585337749e+00,-3.118483880532469943e-01,-2.960095697937844328e+00
-4.153087984476250050e+00,-6.171181495612642065e-01,-2.714963237813926789e+00
-4.495965409403031465e+00,-1.591542496782132887e-01,2.181963556584023411e+00
-4.463862949381322665e+00,2.501501309420814390e-01,2.238605030176234134e+00
-4.405943651870392053e+00,2.280697668911715326e+00,-6.213522990732885942e-01
-4.209427981453775836e+00,2.571471011107862026e+00,-8.174673742638922658e-01
-1.006605641828629993e+00,4.584736995114996994e+00,1.722478379389036363e+00
1.268965684251980863e-01,-4.477448923539055770e+00,-2.221789458526809646e+00
2.861887660458594662e-01,-4.290865003689352974e+00,-2.550798602458280939e+00
-1.253415803317468713e+00,1.627421154388886793e+00,4.558557799374882258e+00
-8.734775509910429614e-01,4.734545908051122964e+00,1.349485832630731519e+00
2.270557814162553534e+00,4.114150955774058538e+00,1.708311776476638233e+00
-1.450242779988445863e+00,1.267125210267988189e+00,4.614237703087552767e+00
2.615587880714697278e+00,3.965807931796543784e+00,1.559188085625984765e+00
1.076481923726781975e+00,2.542652231425403642e+00,4.168465700700546783e+00
1.480811158221546409e+00,2.483681341670463727e+00,4.079034849903168336e+00
-9.189433238526201198e-01,-1.108931948804712908e+00,4.788090757333957725e+00
2.187670624809496811e+00,-4.213903714303439685e+00,-1.567518013907749586e+00
2.338290972762251396e+00,-3.998454118078714981e+00,-1.882753300971195642e+00
2.550513740778100225e+00,-4.015100198556122102e+00,-1.540730363709593487e+00
-4.385914430484139537e+00,-1.499279523558022520e+00,-1.875077470055733553e+00
-4.219934283645618400e+00,-1.876384957752678329e+00,-1.916072580053223895e+00
-4.037638422561660612e+00,-2.233760485931351347e+00,-1.925562271167961192e+00
3.295547591058408443e+00,-2.037409286209817427e+00,-3.160431849531821324e+00
3.289360421251811495e+00,-2.375858031061254039e+00,-2.921541825020454564e+00
1.411912265707377490e+00,4.630718291041067580e+00,1.250180732119463123e+00
-4.034727703642717600e+00,1.869124454281984260e+00,2.286339023824559114e+00
-4.189704028514991130e+00,1.484961222290655192e+00,2.289382082951271435e+00
1.417756683332823897e+00,-4.514945113277980759e+00,-1.614074536987801789e+00
1.810261536595904719e+00,-4.382297310273743030e+00,-1.586954143473891188e+00
8.103457780494331963e-01,7.143266415063285191e-01,4.881913269327072591e+00
6.137426509592430746e-01,3.559329244606173059e-01,4.949407208108707934e+00
1.022396581813496796e+00,3.583937170457043297e-01,4.881214927974206752e+00
-1.497635090755006892e+00,-4.667374156706793897e+00,9.862594061628939812e-01
-1.237778475922610477e+00,-4.669223380204898355e+00,1.290835957932161771e+00
1.529736036794277387e+00,4.683372545678954779e+00,8.520148215339717890e-01
-4.260125583626339640e+00,-9.181506722596234349e-01,-2.451189375540278714e+00
1.424030562794166510e+00,3.583937170457058841e-01,4.779507390914913501e+00
-4.524263758126187973e+00,-1.113534092748563076e+00,-1.814133201061193024e+00
-4.337912431564968863e+00,-1.212879015336340460e+00,-2.170585227589750144e+00
-4.121776255984432424e+00,-1.303896103069120294e+00,-2.512133644534882304e+00
2.895981609914811905e+00,-3.790947435533968068e+00,-1.497333648875107226e+00
-1.024690107026690056e+00,-4.864149073822949809e+00,5.385758741245012526e-01
-7.105050297028376871e-01,-4.875484474064775142e+00,8.513716849416013144e-01
-4.266032729708252980e+00,3.925480026540849043e-01,2.578152597242886035e+00
-4.409827610741738901e+00,6.896872406134841871e-01,2.253386774096884260e+00
3.544502920300126370e+00,-1.728927463233891126e+00,-3.073647487084278040e+00
3.772636901784910624e+00,-1.399659946533936106e+00,-2.967854922559284070e+00
3.795973298054458045e+00,-1.748111421839621649e+00,-2.744939558039741989e+00
2.746067944374858794e+00,-4.007578645978629339e+00,-1.182549889506961494e+00
-4.759293131568486324e+00,8.411368449986387219e-01,-1.281256295902878151e+00
-4.713853450311955129e+00,1.222394732919904525e+00,-1.133726936220426307e+00
-4.626602085829127020e+00,1.138211514030126548e+00,-1.516254493391795632e+00
-3.698014214111066789e+00,1.731325744056544824e+00,2.885689179416168759e+00
-3.840564922455270924e+00,1.353468892917659483e+00,2.901410524608742936e+00
-3.566413948903311315e+00,1.464052411546562293e+00,3.183903591711374048e+00
-3.521125895926908722e+00,8.077279495897538020e-01,3.456768430844689100e+00
-3.405662055026931423e+00,1.193752330812225981e+00,3.460696655245893982e+00
3.964609657657448771e+00,-2.397958164187408148e+00,-1.879272972512573636e+00
3.764473410809709542e+00,-2.406695762086013879e+00,-2.244227138251368547e+00
-4.507471496276766132e+00,9.485575334846404472e-01,1.944977973120012082e+00
-4.311353928781317180e+00,1.090975064000857531e+00,2.285169733413740634e+00
1.781377998386368899e+00,-2.691415735629854034e+00,-3.818766000276658801e+00
2.101026336177501452e+00,-2.467245329434472723e+00,-3.807674988634444979e+00
3.260587939947534597e+00,-2.697993728133238900e+00,-2.662591994433694431e+00
3.539066835265392008e+00,-2.399514635611544655e+00,-2.591782291977973607e+00
-4.428364844094761499e-01,-4.846935940015096200e+00,1.145036174741140611e+00
-8.425951151283067597e-01,-4.773540550546007566e+00,1.226109328018851530e+00
-4.092321594137789731e+00,1.226239000970401616e+00,2.597930307504928926e+00
-9.703650265156323895e-01,-4.641850198988415777e+00,1.584808646325013504e+00
-4.653592486878835643e+00,3.605768777829466698e-01,-1.792780321532213561e+00
3.793245892113041862e+00,-2.084560065013507657e+00,-2.503176968837482974e+00
-3.264161788443154411e+00,1.572050351660093215e+00,3.445853379166468056e+00
-2.242296441421307129e+00,2.497152536285938140e+00,3.706256315921775624e+00
-2.592239346478053541e+00,2.415181166144633185e+00,3.528058262737633122e+00
-2.400385494278459486e+00,2.129538852988408060e+00,3.834476985518412206e+00
-3.089604579638654425e+00,1.946632753961647921e+00,3.415401069080985952e+00
-2.927492811817808072e+00,1.675606071340602243e+00,3.690817000399988945e+00
-4.476900816511865777e+00,1.880706165290318532e+00,-1.191764825355395852e+00
-3.961114732196647115e+00,9.590937699206171230e-01,2.896499476760550085e+00
-2.765636080913394412e+00,1.392602368232452204e+00,3.925801282788440538e+00
-2.590496429591527594e+00,1.766695329810999304e+00,3.894626536639623993e+00
-6.921082241765035281e-01,-4.578943209823892246e+00,1.885275918064757139e+00
-2.906563713638206092e-01,-4.650940086303351428e+00,1.812256931950376959e+00
-4.075187724334887185e-01,-4.482652806848344440e+00,2.177097210362678226e+00
-5.194555859160089328e-01,-4.291298405909129698e+00,2.512951230267396419e+00
-1.180532533667338901e-01,-4.362800696164669034e+00,2.439678977840037177e+00
3.122979110927057711e+00,-3.776462139333828461e+00,9.926405104021324144e-01
3.430735768825314835e+00,-3.525911440006441300e+00,8.933087941659801912e-01
3.285926587365271434e+00,-3.546881556137498226e+00,1.273702355017710008e+00
2.926834330281474550e+00,-3.490701498917293755e+00,2.061223871524477502e+00
2.777052012185455609e+00,-3.752895945376498954e+00,1.789903389793243704e+00
3.128532351830120461e+00,-3.536474402777209480e+00,1.644881187822961888e+00
2.805933186023804593e-01,-4.399237358949733334e+00,2.359656341329531948e+00
1.685928206533022500e-01,-4.207852313858056803e+00,2.695469414700075728e+00
-6.873255495417283922e-02,-3.721982042861597506e+00,3.337982251077030504e+00
-3.507629473876713311e-01,-3.913441909406374375e+00,3.092238311715594268e+00
5.190559615583732744e-02,-3.982391234587585593e+00,3.022890316198665772e+00
3.436689505675311729e+00,-3.286362515566360720e+00,1.545634710357373542e+00
4.505699701754252717e-01,-4.017591757019733478e+00,2.942098430695889277e+00
9.416618076327647469e-01,-4.231917845977124948e+00,2.490811993095046972e+00
1.223225620616949838e+00,-4.027868892160268999e+00,2.698145894616131191e+00
8.488047421434262718e-01,-4.039137682536596330e+00,2.822214961909833342e+00
3.565198138704999575e+00,-3.003237569744537705e+00,1.808293762486983702e+00
3.722248961431163128e+00,-3.013308641905624086e+00,1.436952921198711763e+00
7.322518639758434089e-01,-3.813623154805875881e+00,3.149616745071118107e+00
3.856976018309627108e+00,-3.001415319308170737e+00,1.056050223808814970e+00
3.984571412063135032e+00,-2.717550130171693112e+00,1.318374738901276766e+00
3.533032613655270882e-01,-3.003694630229173157e+00,3.981582018976993709e+00
4.839689681016591805e-01,-3.289531166487733582e+00,3.734268166939871403e+00
7.589810038140912818e-01,-3.040437775321461533e+00,3.896111647559350910e+00
6.117550833133260646e-01,-3.558563665742906501e+00,3.458667424730905271e+00
1.010241374136450876e+00,-3.581277257992059315e+00,3.339740344303995023e+00
3.747745674917569492e+00,-2.399172461054516425e+00,2.279994267153814924e+00
3.669462328762459702e+00,-2.714324039281820866e+00,2.041443417675349981e+00
3.927104870510364165e+00,-2.413586381092361677e+00,1.937123671069880482e+00
4.219295612851668764e+00,-2.398780418331673214e+00,1.201414597880008150e+00
4.084628306437585010e+00,-2.410791864922451566e+00,1.582369799469313332e+00
1.402101529696086368e+00,-3.566064243942961287e+00,3.212054966605554007e+00
1.281421599627018404e+00,-3.310778228813600954e+00,3.520895653611905818e+00
1.151029091615291211e+00,-3.036058519808193523e+00,3.802299395701942419e+00
4.159968094056525345e+00,-2.093830991152035192e+00,1.819488179934952932e+00
1.542636262956770032e+00,-3.020262162681421003e+00,3.674001881992674523e+00
2.042875930966841391e+00,-3.275134366991407919e+00,3.178073757612959405e+00
1.936894328664245046e+00,-2.999402179157109938e+00,3.500289549059601768e+00
-3.393606660826725463e+00,3.619907549142809877e+00,6.162005901095672922e-01
-3.706468108467449785e+00,3.297592891657122660e+00,6.228766184455407640e-01
4.204036906203550750e+00,-1.758063916921572822e+00,2.057980795657932127e+00
4.361165718464257601e+00,-1.754979748528920913e+00,1.703020745130694902e+00
1.806996397370180585e+00,-2.725273828713258961e+00,3.782544986966019263e+00
4.496286891170701239e+00,-1.750295260705207800e+00,1.311438405964761689e+00
4.538838600500382015e+00,-1.413745719195521611e+00,1.549279574532651527e+00
2.054317185478626406e+00,-2.405855184072819952e+00,3.871904148441321247e+00
-4.086211437328573837e+00,1.331511572624865247e-01,2.878393103584847346e+00
4.685984923744872077e+00,-1.062961895299250337e+00,1.382626957489829334e+00
4.551044777611200409e+00,-1.067688036078139335e+00,1.774269903310492724e+00
2.420598973032061174e+00,-2.357249490130180813e+00,3.685658075980073001e+00
2.273569978419121007e+00,-2.058747234925812464e+00,3.948726297924002981e+00
-1.831134518917606258e+00,-3.481400282459680806e+00,3.086551222143905537e+00
-1.444994436193823395e+00,-3.612652497133372886e+00,3.140180411110944370e+00
-1.607082085368962021e+00,-3.337612296763782460e+00,3.358218475230183575e+00
4.384135685655732750e+00,-1.064737310958523864e+00,2.155385985946077554e+00
4.531530212816705649e+00,-7.140005431128606528e-01,1.988828085774112964e+00
2.920596267074464958e+00,-1.934496529174961177e+00,3.567609931503264775e+00
3.114105117676916556e+00,-1.574630932849890197e+00,3.580905854860013005e+00
2.832950116026117460e+00,-1.649772807938324259e+00,3.775267317991522376e+00
2.499971704543624273e+00,-1.710701245641571333e+00,3.977894257599317029e+00
4.479514024142901896e+00,-3.555205916440165037e-01,2.192614698578881249e+00
-1.733718356861348120e+00,-2.998322106914582452e+00,3.606145477136118771e+00
-1.347070007880931675e+00,-3.129489276010859022e+00,3.659467073933129200e+00
3.681306503255704632e-01,-4.878449680106486497e+00,1.032089406475906967e+00
-5.538934230480768717e-02,-4.881649957369370796e+00,1.080011904783768184e+00
-9.441855128505369787e-01,7.336944383493341215e-01,4.854915672641330282e+00
-1.406361707348964707e+00,7.260485383388296521e-01,4.742889442953373447e+00
-1.756435304299425182e-01,-3.269722817327611164e+00,-3.778632298605581141e+00
6.354513619825671866e-02,-2.998851198076383007e+00,-4.000356672530761770e+00
3.946975905008860419e+00,1.082003725922918713e+00,-2.872394322228130736e+00
4.537121618641879905e+00,-7.151759418739928043e-01,-1.975614028553437596e+00
4.560967332297734877e+00,-1.061159931944134716e+00,-1.752574275900796508e+00
-1.207092698514028228e+00,4.841096348553925566e+00,3.266701106804323351e-01
-1.599173911775820800e+00,4.722975230420449755e+00,3.689820764353249349e-01
-1.373581706428275373e+00,4.757778594276855344e+00,6.905187496415525761e-01
2.008318511057279876e-01,-3.559079856268408393e-01,-4.983271623476738910e+00
2.593941565581850295e+00,4.077774894988371313e-01,4.255018762990923520e+00
4.880086141848204662e+00,-3.559079856248550944e-01,-1.028634412174492585e+00
3.802331798483023384e+00,-3.559079856154070409e-01,-3.227321242148051716e+00
4.215766009152328131e+00,-1.402637501840706680e+00,2.293452636202873762e+00
4.018130433711521121e+00,-1.743054931897356052e+00,2.411718748542118984e+00
2.693023599753633590e+00,-1.350302122156140205e+00,3.990527292234775203e+00
3.761690314943933355e+00,1.007236800072222938e+00,3.136105866044269330e+00
3.482095269370255153e+00,1.032938426572296953e+00,3.436284438450873502e+00
3.643490469438206425e+00,6.912775530418517889e-01,3.353671502066567278e+00
4.282078307357117808e+00,-3.555000461121772815e-01,2.556838885592097377e+00
9.003670070933501579e-01,-4.917091242484525004e+00,1.074847227272763273e-01
9.729138887011296033e-01,-4.895381781673604493e+00,-2.977847827384880741e-01
1.575107294801972646e+00,4.034942431967691867e+00,-2.497654215572736369e+00
1.231444433998030608e+00,3.989907548063718945e+00,-2.750305867331746867e+00
3.539528088745812706e+00,3.649768242695747289e-01,-3.512624777388769992e+00
3.637344651494625491e+00,7.292159133137031679e-01,-3.352307867427080534e+00
-1.965037479334221349e+00,5.828267934798030403e-01,-4.560585558194677702e+00
-2.212679277112942433e+00,8.901858768736068406e-01,-4.394498779297784097e+00
-9.635294148737010289e-01,-4.832806943200083083e+00,-8.459244153174749759e-01
-1.340182237786152974e+00,-4.765045450136152105e+00,-7.058706876328428859e-01
-1.173487911119085236e+00,-4.738957177688146949e+00,-1.079449392280789066e+00
2.059779778401838179e-01,-3.521386535461847878e+00,3.543643596711282928e+00
3.384118717374573926e+00,-2.987418589866355667e+00,2.150132711168307509e+00
-3.036308371577063792e+00,-3.706803005327163891e+00,1.428440741644029455e+00
2.626353638461100329e-02,-4.120070117022904377e+00,-2.832725270383882332e+00
-4.096500727107595274e+00,6.620107126237725903e-02,-2.866059875677872348e+00
-1.820038429249377421e+00,-4.206944701728509095e+00,1.997267231157084932e+00
3.717048927399077218e+00,-1.046024841598013566e+00,-3.176378331068454575e+00
3.212237309479616609e+00,-2.989512284276053311e+00,-2.396736900402237858e+00
-1.022472360571260008e+00,-3.897864054794080158e+00,-2.959933459085201335e+00
2.901032507999226073e-01,-2.711897032203769875e+00,-4.190638923911209623e+00
1.709214903589255929e-01,-2.471840306703056100e+00,-4.342901258639393802e+00
-3.816855864109130358e+00,-2.575788352474430276e+00,-1.948570161906621800e+00
-3.061886885980474204e+00,3.447837183545363171e+00,-1.933201348339787184e+00
-2.302030858866974672e+00,-1.733111632434754412e+00,-4.086193582583125483e+00
-1.490885950019041895e+00,-2.465769250176897298e+00,-4.086225775568193441e+00
-1.655049267705060778e+00,-2.165660503431101169e+00,4.191745042980010716e+00
-1.948212644062167653e+00,-1.114219270950297824e+00,-4.467995401716443382e+00
-2.388351235689784691e+00,3.757845707265608404e+00,-2.274725041706034290e+00
-2.826395110623245444e+00,-4.625348773542551362e-01,4.098481690318488191e+00
2.300023225706762098e+00,1.824413283310134970e+00,4.047395376398380762e+00
-3.073003854400009782e+00,-1.165617140594161105e+00,3.768021230353642004e+00
-1.166504902182187609e+00,-7.775293022896033746e-01,4.799449395218785774e+00
2.938120191802342962e+00,3.778363952320892949e+00,1.446172735991592129e+00
2.088218016711911762e+00,-2.112847479552550478e+00,-4.021842990822516839e+00
-3.886946188987100648e+00,-1.384590022491968275e+00,-2.823926308092040927e+00
1.633132337862030159e+00,2.125926715475265460e+00,4.220582230860791206e+00
3.271754296029187881e+00,-1.688721981771173164e+00,-3.382874797372404707e+00
-1.022098095664040862e+00,1.693218705881779362e+00,-4.592202728200484252e+00
-4.879709650986389313e+00,-4.800578076603839728e-01,-9.787636197645438463e-01
-4.805348083231634426e+00,-8.815114024042228769e-01,-1.063751590557400428e+00
1.018564554436918179e+00,2.166827556644373320e+00,4.389462904298349066e+00
4.787613965764784929e+00,1.060751556691920561e+00,-9.765032768965273835e-01
4.800787441548483692e+00,7.179568665577686915e-01,-1.198740121474585862e+00
4.786767424636076740e+00,-1.061684489892399386e+00,9.796344554806240001e-01
4.799612031040980220e+00,-7.157606223114172384e-01,1.204745235738680309e+00
4.475329138325625955e+00,3.521614692402750268e-01,2.201683765493159584e+00
4.277179171344344333e+00,3.520829202286114290e-01,2.565497213699792223e+00
1.124082107679461817e+00,-4.539595180754852244e+00,1.768760868535430797e+00
1.406744372202582749e+00,-4.367643701876403384e+00,1.986141677911158254e+00
1.033874719345133197e+00,-4.394035397879844318e+00,2.150245564320025338e+00
4.196344077572542020e+00,-1.049066252139412292e+00,2.508018417245778231e+00
-1.128486357469370205e+00,4.762019306373487026e+00,1.024544126297973978e+00
4.950017475025129343e+00,-3.572639031603799809e-01,6.080209703985995917e-01
4.932695381385598488e+00,-7.138401339585348504e-01,3.986835055620486234e-01
4.882466907453387961e+00,-3.573105544983484760e-01,1.016782211324845253e+00
-4.666320795670401367e+00,8.022247669355260236e-01,1.606824712035882285e+00
-4.791402437394562952e+00,6.516969556606710956e-01,1.271909493993990559e+00
6.221750586444835251e-01,-4.693369364308719760e+00,-1.607850181630456898e+00
4.335920612256197737e-01,-4.810574407087165660e+00,-1.292428643415212131e+00
4.882673132275439976e+00,3.567475343512165886e-01,-1.015989311011621599e+00
4.950156689995285575e+00,3.566961350930141217e-01,-6.072203979648765904e-01
4.932421631687549990e+00,7.149731886532204594e-01,-4.000377316801182470e-01
-4.147442295789641881e-02,4.998862960467321592e+00,9.822919478541851379e-02
2.060306882526939942e-01,4.976360150607633592e+00,4.397624437608260717e-01
4.146094575904773372e+00,-7.064539996521950194e-01,2.703853271542010717e+00
-4.681718469936960503e+00,-1.004694491930988587e+00,-1.439479470549912765e+00
-1.771601538962867206e+00,3.056329446538927019e+00,3.538400528680078594e+00
1.730863404974480435e+00,4.690520598537932351e+00,5.593199452470398042e-02
-1.861001353908737999e+00,3.067274597819341087e-01,-4.630614670447711134e+00
-1.527962338686710719e+00,2.348467801028374380e-01,-4.755016096863434072e+00
1.688285750826411968e+00,1.715478161475186836e+00,4.382559286656395159e+00
2.081551578980367356e+00,1.609656745605164030e+00,4.251605365667435521e+00
3.638059976095793235e+00,-7.142279166512497390e-01,-3.354757531239163981e+00
-4.566551086062321296e+00,-2.029499928666032460e+00,-1.665569510035384004e-01
-4.465661107360208604e+00,-2.243756502237653994e+00,1.530608796415397210e-01
4.677727087087026336e-01,-3.008425661207918989e+00,-3.966177471315802450e+00
-1.740551804723144969e+00,-2.482661177674404751e+00,3.975785820682917748e+00
-1.386837376204010930e+00,-2.470114668754049614e+00,4.120098981234509239e+00
-3.266179810928992566e+00,-8.396815120962189960e-01,3.691477265394391694e+00
-3.384210767932011255e+00,-1.179125695412507335e+00,3.486657435514850523e+00
3.204135231328739675e+00,3.651401637328096861e+00,-1.183547000450603015e+00
3.177152886025294443e+00,1.080873065977949077e+00,-3.706401618020445099e+00
3.071644393744615176e+00,7.600482356629179037e-01,-3.871346974612706937e+00
-2.496164127078879524e-01,4.793122012417480704e+00,-1.401311179069745450e+00
3.963307305601244224e+00,1.840572971849061545e+00,-2.429914882597026704e+00
3.213219293627714190e+00,3.496416955668028237e+00,-1.565340296285677946e+00
-3.334011175546890193e+00,3.701041493939337013e+00,-4.320432171296302304e-01
-3.361835319830795310e+00,3.700783260006110353e+00,-4.760824294933659051e-02
-3.338202004316596305e+00,-3.600782285362239765e+00,-9.438084084167419618e-01
-3.570060077209435967e+00,3.441511259174083737e+00,-6.408364050936655731e-01
-3.217310183991929584e+00,-3.781063600654455570e+00,-5.936945576538328329e-01
4.649164835567225040e+00,-3.567460179039258494e-01,-1.804992689856352861e+00
3.066104988163432576e+00,3.949188850503747350e+00,-5.392239438498029613e-02
2.578278756735381982e+00,-4.195876859082257937e+00,-8.643471732961599541e-01
2.400151609532736430e+00,-4.354405525049331871e+00,-5.276597148515946856e-01
-1.621126296627662722e+00,-4.697390610878312778e+00,-5.535982109929111772e-01
-5.105865878205028130e-01,3.083209026419505783e+00,-3.902963417166896321e+00
3.332608083750489558e-01,4.492686981475765506e+00,2.169032254273639104e+00
2.563085749879988828e+00,-4.289785354907148296e+00,-1.683242335086842789e-01
2.923898187920666913e+00,-3.971992498720421150e+00,-8.210328719259306629e-01
-2.410178323995570138e-01,2.842979515412455083e+00,-4.106017277047257608e+00
2.431465994318247059e+00,-3.949375802263317414e+00,1.868262265039617454e+00
2.633300546231366113e+00,-3.994699401866280475e+00,1.451931445333000115e+00
1.638118726879604636e-01,2.916534303022212615e+00,-4.057954328188182913e+00
-3.823518485902724695e+00,-1.739015497671731580e+00,2.712292662456924575e+00
-3.998048784685513724e+00,-1.390610770571201860e+00,2.661166586301213055e+00
-3.481240927800080875e+00,-1.481980531337431239e+00,3.268745219093476262e+00
-3.554994982587098118e+00,-1.796495125139680571e+00,3.022352715870522566e+00
3.081684241772109090e+00,-3.918701533212268551e+00,-3.834064783141827304e-01
-1.056942251882012185e+00,4.886586291214064737e+00,-6.440104584044045732e-02
-1.303016648300874492e+00,4.812242024504202575e+00,-3.800977661687010012e-01
2.994133667777167496e+00,3.989086371170083467e+00,3.497906557190100796e-01
-3.826305535594950680e+00,3.188574419328980003e+00,-4.386104429631094148e-01
2.113720684183321374e+00,-4.145770748949360041e+00,1.828871172721427962e+00
1.718990423484038965e+00,-4.308215860932058661e+00,1.866640838400255076e+00
3.209997399113137195e+00,3.781396214470484907e+00,6.300471148058555126e-01
-3.826073487562303921e+00,3.218333067748871734e+00,-5.910949844962776201e-02
-4.881489577191169715e+00,9.665611868137549134e-01,-4.866405037799039768e-01
-4.807363513550219736e+00,1.333413249885090801e+00,-3.335643170618974862e-01
-4.772249215426466407e+00,1.292008020881840968e+00,-7.458905414593124394e-01
2.178677145448273400e+00,-1.064722221203105335e+00,4.372611632374602486e+00
2.544261486715317488e+00,-1.050177544938539098e+00,4.174189814960985068e+00
5.696635279032344901e-01,-4.952688138440837662e+00,-3.825750492704287908e-01
3.506140448933113274e-01,-4.987483157363700847e+00,-4.562396888656600202e-02
-6.472921013862934503e-01,4.787968216987853687e+00,-1.287001666120549892e+00
1.907034187359303967e+00,3.806043703460913807e+00,-2.622451512533332973e+00
-3.780938228643104360e+00,6.996131847554252214e-01,3.196098794296183154e+00
-4.036031020996243335e+00,5.730311518777595481e-01,2.895183741411530676e+00
3.456933085896598090e+00,1.060097993997029864e+00,-3.453376012361946135e+00
3.709065098474803701e+00,1.059997594411800304e+00,-3.181075477746055036e+00
3.549608951515079713e+00,-3.380896810434438349e-01,3.505135041463589118e+00
-4.620177018521491874e+00,1.646383703065237514e+00,9.712800933855540997e-01
-4.739331861273132773e+00,1.263348315607526029e+00,9.709194313499871498e-01
-4.607914310217208431e+00,1.440195542854586952e+00,1.301138927262285083e+00
3.457239985160063256e+00,3.571052254980777718e+00,5.432103434279831333e-01
3.733187371377869379e+00,3.264051653878451642e+00,6.397490531435965355e-01
-4.474406110771520062e+00,-2.163285429151651229e+00,-5.476185788581626745e-01
-4.176529669347369023e+00,-2.737953945559102653e+00,-2.453734155496409275e-01
-4.275672811358649739e+00,-2.524664030983210239e+00,-5.871060729272321588e-01
3.705363138642353782e+00,-3.262060517607648258e+00,7.932497653676344740e-01
-2.218539786888217069e+00,1.177916388671240711e+00,4.323261985502808713e+00
-1.830464097954873415e+00,1.232035685748269938e+00,4.486812817038509316e+00
4.049598983624249193e+00,2.613931964219220472e+00,1.329702131404812526e+00
3.799795743613560539e+00,2.847568186371989274e+00,1.566176149345404500e+00
3.902102106291605033e+00,3.024944775986483592e+00,7.894987361020275873e-01
4.095932193875824190e+00,2.713135059290941786e+00,9.285675060101495903e-01
1.642921044810748521e+00,4.700087648069071200e+00,4.582428842726345986e-01
-4.533574109393657459e+00,1.949624443539347718e+00,-8.035361372019244053e-01
-4.568803095287985450e+00,1.989354036013030624e+00,-4.104982288458638995e-01
-4.638355808237617062e+00,1.588760340687307870e+00,-9.805590120168777846e-01
-4.633948748936277617e+00,-7.183143419760613657e-01,-1.735091783838364599e+00
4.129085034744434779e+00,-2.379357975687859117e+00,-1.513047388345828193e+00
4.294098946325387800e+00,-2.311183379351589018e+00,-1.104149277125230810e+00
4.384038605096665542e+00,-1.732152609063761339e+00,-1.667289071497708886e+00
4.183246827679377944e+00,-2.073280906854418237e+00,-1.789399972053019594e+00
1.028233526262530617e+00,-4.613950688311347470e+00,-1.629169991529723749e+00
1.051973325742034060e+00,-4.805157892389230412e+00,-8.965543771220630953e-01
1.255867521471133674e+00,-4.667398927017694099e+00,-1.279915631824234401e+00
-4.567980866939467255e+00,1.203442838815480975e+00,1.638681217619425201e+00
-4.368458621015236076e+00,-3.706199252228734586e-01,2.403998782758729025e+00
-4.249180071082696131e+00,-7.379460836214275510e-01,2.529803213924246119e+00
-7.268955573932758263e-01,4.850178589243986593e+00,9.733398692548929088e-01
4.698190497961792778e-01,4.921404967549150911e+00,7.476919190623581013e-01
3.764018433115492002e+00,1.758858676700748136e+00,-2.781830582649003070e+00
-3.530468301851445556e+00,-2.099489701369821049e+00,-2.850953623520422919e+00
-3.435068282743395152e+00,-1.839396658761317749e+00,-3.133197380413185407e+00
3.967919646457706229e+00,-2.966531419413477089e+00,6.747629338424059320e-01
3.108025248678848218e+00,1.724399320117465662e+00,3.516621395367037106e+00
3.361782785511504112e+00,1.341766395673567036e+00,3.449359279993848393e+00
3.347081871398169817e+00,1.731771008685592417e+00,3.286032884746257210e+00
-1.626248300227962851e+00,9.060598017462213605e-01,4.640514206600951042e+00
4.036262608662021023e+00,-2.939839870325910987e+00,2.567599866781976048e-01
4.189077003678567834e+00,-2.679867977370476773e+00,5.195589293965293676e-01
4.420902629703509668e+00,-2.089158544169659848e+00,1.044526934072786961e+00
4.599028122166648913e+00,-1.747967380450318853e+00,8.908144410605128849e-01
4.319093626746474790e+00,-2.395139629988185082e+00,7.802156088274894152e-01
4.782941898977363770e+00,-3.566895322873288587e-01,-1.412883352780211821e+00
1.258130859578969529e+00,4.805447412248939898e+00,5.698964013617334734e-01
3.245828512950525990e+00,1.410708087431045143e+00,-3.531925814137949260e+00
3.806366762223363676e+00,3.328018904782611420e-01,3.225029453064781393e+00
-4.712123933328479453e+00,-3.225463777738434290e-01,-1.640686402435857172e+00
4.798846194660116637e+00,-7.124514230476048926e-01,-1.209747151182248182e+00
-7.507669659329254674e-01,-3.405967740744531458e+00,-3.582699081959223708e+00
-1.167327927837908730e+00,-3.427555851939650733e+00,-3.448072851713535503e+00
-3.127056491047388587e-01,-3.173044139434772593e+00,3.851494004437320484e+00
-5.872444904010603040e-01,-3.372314911764577428e+00,3.644535093037775564e+00
-1.965331465379603348e-01,-3.451597306605385551e+00,3.612180886299348082e+00
-1.798079875531876981e+00,-1.464681399613268598e+00,-4.429629460669841201e+00
-1.607207791549558840e+00,-1.815707322811936253e+00,-4.372652516799099054e+00
-1.953147489756006161e+00,-1.779310408046587133e+00,-4.244910994953475125e+00
-3.103161606624045721e+00,-3.495377339798425353e+00,1.775591533995968252e+00
-3.851370922705144029e+00,-2.056392695487758993e-02,-3.188497944275567431e+00
-2.133754097899752677e-01,-3.933523605853542993e+00,-3.079263382156502971e+00
2.962171989601174005e+00,-2.965464772810638916e+00,-2.726088000274637047e+00
-1.065874886099625884e+00,-4.151129335140488208e-01,4.867400947077554108e+00
-3.615921898453057448e+00,-1.466705369325612462e+00,-3.126321190133709127e+00
3.240193282761215432e+00,-1.321272121397819355e+00,-3.571468531509973676e+00
3.235684717659292886e+00,3.650853368280779221e-01,-3.794345411891124620e+00
-4.448844388882983836e+00,2.078046850069636520e+00,9.431356702087194677e-01
-4.583222746233009737e+00,1.902137906262934663e+00,6.131399872541408724e-01
-8.317666522681479435e-01,4.923621073555815464e+00,2.571376289299630025e-01
4.853478799881561834e+00,-1.070431243939705457e+00,5.458209331803992592e-01
4.882318428731513116e+00,-1.068960175908066246e+00,1.424461399661156591e-01
1.377079480728075289e+00,-4.645600492646167368e+00,1.233713162158601495e+00
-3.672405243546251086e+00,-1.155428185899069371e+00,3.190364467330337295e+00
-5.834399573835613584e-01,4.930420167601905490e+00,5.920766732718516501e-01
-1.876463386704356751e-01,-4.780014612493028281e+00,1.454733362488363824e+00
2.802985643454964038e+00,-2.294748440359882569e+00,3.446360555433985340e+00
8.712819021463503733e-01,4.879902140987847581e+00,6.537759106715833601e-01
8.878085139799877235e-01,1.850011160272633015e+00,-4.559523522186430533e+00
4.861979117544256157e-01,1.794017692641299400e+00,-4.641671262497552242e+00
1.857309894386856897e+00,-3.894282236193756130e+00,-2.526848990556902042e+00
2.100164726250714153e+00,-3.968484020334204665e+00,-2.200100612009444401e+00
2.462914574001256796e+00,-3.769673515472583336e+00,-2.173387537443973283e+00
2.570968184044601479e+00,-3.500637226629304433e+00,-2.477026766946110570e+00
-3.294976589009504409e+00,-1.858482410804889740e-01,-3.756140267504207042e+00
4.730780565721299347e+00,-1.383640753697621850e+00,-8.397937268762711849e-01
4.783431758195870742e+00,-1.047902238528007013e+00,-1.010287836792641336e+00
2.329798974998096739e+00,-1.523324587826943244e+00,-4.153494785866438832e+00
2.612214554718990112e+00,-1.228806654778017871e+00,-4.082446487743290220e+00
4.723067619862263200e+00,1.612012295258427930e+00,3.066734715365277419e-01
4.822316512109034115e+00,1.320050339980126664e+00,5.225473145007237391e-02
4.713054081345390500e+00,1.666860962188957407e+00,-9.325105384957142751e-02
4.685770611012469722e+00,-1.048542090593440612e+00,-1.394314622036850748e+00
1.340894437692217611e+00,3.043950380885009466e+00,-3.733144543903446966e+00
3.669103042553031546e+00,-6.890756773730839502e-01,3.326087427290646659e+00
6.592277199603482352e-01,-4.404116880457563887e+00,2.273581605420096352e+00
4.670476241339869716e+00,1.714577563674425820e+00,-4.968656329673740712e-01
2.644437084411489280e+00,-3.229897383002656497e+00,-2.752220086014534051e+00
-2.862388747803020994e+00,4.026448232725184262e+00,7.710027792653526557e-01
-2.978406260990585253e+00,3.843069009271605996e+00,1.166154678620395346e+00
-3.907405040916659189e+00,-3.088678155390319091e+00,4.384667588697426788e-01
-2.562918874210803111e+00,1.123106979614899137e+00,4.143679229447464252e+00
4.739831120161574596e+00,-1.417778784054448682e+00,7.238123180997670936e-01
-2.319412711468638477e+00,2.767070478556105773e+00,-3.458850335094159512e+00
-4.921981990110577243e+00,-8.853624362847523077e-02,-8.753597103998339568e-01
-4.834511335910151253e+00,-2.178215495553320891e-01,-1.257001955251289438e+00
-2.323572275209005777e+00,-3.819924720898166814e+00,-2.238121312295449528e+00
-3.324475771248375899e+00,2.631209239168212477e+00,2.650395967793935270e+00
-1.535348222741555357e+00,4.715467830038114094e+00,-6.380195755617462661e-01
-1.664367025427856195e+00,4.708086370235070817e+00,-2.525967835804505679e-01
9.518109691853405829e-01,-1.787629962792655292e+00,4.571480613003230609e+00
1.780062069567363014e+00,-3.341057697590547604e-01,-4.660445511225431048e+00
-4.774847396552067025e+00,4.651870639312821187e-01,-1.408699164190475361e+00
-4.862571836580325879e+00,5.495232358565396158e-01,-1.026362191114613465e+00
-3.505895381873964656e+00,2.086255611225451112e+00,2.890715326002393670e+00
-3.780304159010789533e+00,1.976095431205602493e+00,2.608514387948448920e+00
-4.278763284816565537e+00,-2.584068992929775543e+00,1.215409078649845320e-01
-1.324988542599733199e+00,3.691023003085835086e+00,-3.101734120241555370e+00
-9.242115410774479622e-01,3.795090756064810833e+00,-3.121396991824441525e+00
1.397868706810214245e+00,-1.027911033021794207e+00,-4.689281606676315661e+00
4.855994117730610959e+00,1.044003550881692499e+00,-5.739143789034399923e-01
4.886426654580059648e+00,1.045288116519699662e+00,-1.738024823534709273e-01
-4.055010490165190440e+00,-2.923798788537601556e+00,9.105256062469918588e-02
1.378106050366872948e+00,1.878915813091161402e+00,4.423855680428351533e+00
-4.334043865248516925e-01,4.977124962379753548e+00,2.009670286324455879e-01
-2.010506266528484964e+00,-3.596879565104743381e+00,2.832017292740565573e+00
2.653377414724680694e+00,3.170572870275151445e+00,2.811948784971760595e+00
1.756112278378166192e+00,-3.512532405501889166e+00,3.094864418036525233e+00
1.578968317145914346e+00,-3.978484569014283156e+00,2.584283186410620381e+00
1.484948735231043537e+00,-3.782451704491562428e+00,2.913414896118401209e+00
-1.434429054416825222e+00,2.569034663729629298e+00,4.042582613181880724e+00
-1.836750350128829812e+00,2.527634355783487496e+00,3.903512868528117963e+00
-2.029674439914286310e+00,2.815130096423817285e+00,3.599369973782558407e+00
9.680349301122156969e-02,-4.684026815225937668e+00,1.746574326498929519e+00
-8.229821628100750797e-01,-4.900942287384811635e+00,-5.508766244993357208e-01
-6.550410731797214892e-01,-4.870154908164583851e+00,-9.233159605075448306e-01
4.543283976205605867e+00,-1.395998746462422391e+00,-1.552339592817475245e+00
1.503674306302393626e+00,3.521209345219877385e+00,3.215594552754158286e+00
-3.591333844348109317e+00,-1.093237218829229140e-01,-3.477120869666956882e+00
-2.850809095828930051e+00,-3.079165350802337553e+00,2.718754906488880074e+00
4.797318074490054762e+00,1.133205380089904457e+00,8.376066252760434594e-01
4.710062580106596286e+00,1.518616941713181623e+00,7.135216015099290487e-01
3.644150740001065980e+00,1.624486694912886220e+00,3.013504332533916141e+00
3.389717361401990203e+00,2.006984577474987042e+00,3.079257883904411131e+00
3.242259288761673020e+00,1.025786116006524251e+00,3.665449160559575592e+00
3.978670245843393349e+00,-1.044577545962307896e+00,2.842365357464067266e+00
4.117102829492627514e+00,2.392665870516941684e+00,-1.524668594628749485e+00
4.614360388970262683e+00,3.136821102681090490e-01,1.899810973333915021e+00
4.060752208324129420e+00,3.328018904782611420e-01,2.898195025232912947e+00
-1.325946982351315251e+00,-3.877041116099951168e+00,2.865382484776487715e+00
-1.101934496394142204e+00,-3.734014088859377356e+00,3.137336314432397355e+00
3.259958362908274232e+00,3.251536223496502398e+00,1.949405976033340870e+00
3.105788640833598624e+00,3.533147367723644905e+00,1.694386790675748156e+00
-4.086797193112523985e+00,-2.460384888571424788e+00,1.498197217477380327e+00
-4.322081089018898342e-02,-2.963311719238483022e+00,4.027023170547924025e+00
4.743488320483189469e+00,1.391508665116185428e+00,-7.503480448072968878e-01
1.627551094955057120e+00,-4.159845144526071792e+00,2.246500791647638273e+00
-3.728717748308272739e+00,5.503277147848923967e-01,-3.285392420973562544e+00
2.557436507066664255e+00,-3.442345480697736604e-01,4.282641835157109611e+00
-1.794637174668918034e+00,4.579042420865791385e+00,-9.009150454998078317e-01
-2.216254975161991769e+00,4.468468452720483874e+00,-3.478556771299353700e-01
-2.156090353890989686e+00,4.450095495537674140e+00,-7.402192016244456552e-01
-9.620808118057664338e-01,-3.281366589038241521e+00,3.647880729944263489e+00
-1.087864625365255966e+00,-2.941016965470892419e+00,3.894479395977245684e+00
3.440547057693887911e+00,-1.048139923514588290e+00,-3.473332498412550429e+00
-6.064862209976786822e-01,-4.084859684075136776e+00,2.818882016892075626e+00
-4.132763819086338053e+00,1.600666921665140796e+00,-2.314763189083917094e+00
1.813721909692622036e+00,2.942727064842267093e-01,4.650141547148795240e+00
-2.954113399889293223e+00,-4.033284917019359206e+00,7.633347063158159307e-02
-1.951955722378667879e+00,-3.963854227941634889e+00,-2.340454767241272105e+00
4.895717640373466573e+00,9.903956285765297407e-01,2.259762921913590072e-01
3.764607506976709317e+00,1.412446318702812453e+00,-2.971990194330640822e+00
3.056192769251562691e+00,2.950704871780229333e+00,-2.636859214449434052e+00
3.551841870755782171e+00,3.052156826961825331e+00,1.751787095732924904e+00
1.075512951118130278e+00,3.329170627948179195e+00,-3.572099497772185384e+00
3.726611306315285033e-01,-4.559428277950648756e+00,2.018102440398011233e+00
-3.160713407739424330e+00,-3.018012287380381853e+00,2.429298785114188508e+00
-4.757125210718045949e+00,6.892127355954576207e-02,-1.537858767118006398e+00
3.526069108297208210e+00,1.736556009533348988e+00,-3.090503174123226948e+00
4.138904347147713381e+00,6.848849838279378321e-01,2.720368240530823378e+00
2.827463641628841229e-01,3.701972821198480812e+00,3.348947853380287221e+00
-1.601848973625544792e+00,-3.972675374698797501e+00,2.579133620609168176e+00
-1.601879861106046965e+00,-1.150419239720484654e+00,-4.594618208672382131e+00
4.049665814676949971e+00,2.921011219295671868e+00,-2.605767568024582870e-01
-3.975980820061407739e-01,-4.824052441172178796e+00,-1.253169505695768127e+00
4.756851259788378861e-01,-4.691704425079223029e+00,1.661816249955009983e+00
-4.176700936748289350e-01,-1.421714287511742114e+00,-4.775382725764987235e+00
-2.669175795287185293e-01,-1.721362457057417528e+00,-4.686754345724958526e+00
-3.671179375243802667e+00,2.686286039799332115e-01,-3.383826335364792381e+00
4.960139159225581018e+00,3.140800261218962275e-01,5.462355337290050183e-01
6.113476049135974089e-01,3.793711312541648173e+00,-3.199063704126557717e+00
8.491824902068096925e-01,3.524556834225412771e+00,-3.443310648292003506e+00
3.231785199276412612e+00,3.588041411748457143e+00,1.296735614269946435e+00
3.838051561910207798e+00,1.969115037798899071e+00,2.528229850316790372e+00
3.877827957526139624e+00,1.629644764216479746e+00,2.703092354006880527e+00
-2.539023522014882683e+00,2.932633608202093178e+00,-3.154840673425317377e+00
3.810172257814300245e+00,-3.170091902547859775e+00,-6.581069025490999813e-01
2.400114943491789443e+00,7.025586258564968656e-01,4.329648904387286557e+00
2.192819898763277209e+00,2.942727064842266538e-01,4.483853751607679072e+00
1.944896345000741489e+00,-3.660493491355653717e+00,-2.796098282776493971e+00
2.018727594823394256e+00,-3.389901677166855087e+00,-3.071368671625061886e+00
2.299926262603410709e+00,-3.471565462930622292e+00,-2.767412586365538552e+00
-4.324217846853295022e+00,-1.007993415955682481e+00,2.298932205687119090e+00
-4.525340058117929054e+00,-9.089395878578786503e-01,1.922271100552148448e+00
-3.817464555709476848e+00,2.702968366331626626e+00,-1.766614382515999671e+00
-4.339681577672236945e-01,-2.885052908796559290e+00,4.060559241223877791e+00
-3.132052220399388354e+00,-3.888317759887693903e+00,-2.668967718673431189e-01
-3.261661061013627627e+00,-3.225330888632516046e+00,-1.989675295594846460e+00
-3.061119851764235289e+00,-3.175337328822060101e+00,-2.355159888696326753e+00
-3.584666937655653918e+00,-2.377050641218006355e+00,-2.549469198708527173e+00
-4.546392534586488843e+00,-4.820682624671936423e-01,2.024333251166444025e+00
3.118502756632927753e+00,-3.209786707366747649e+00,2.229845252497259178e+00
1.125280960564814664e-01,2.690616619741977633e+00,4.212827985233452921e+00
9.324807869824759676e-02,2.055628846708353663e+00,4.556939196478220211e+00
-1.066833538191988284e-01,2.380369319816489249e+00,4.395732085022274305e+00
2.821086080714231503e+00,-3.985347055696100593e+00,1.076328096286092162e+00
2.966101902385791078e+00,-3.964542947772264458e+00,6.961599815650105771e-01
-1.861287564337176459e+00,-2.713263528658741652e+00,3.764812030751880201e+00
3.568343196042410348e+00,2.200192419840044877e+00,2.725083512653556195e+00
-1.026220940218864675e+00,-4.674043240851208481e+00,-1.449203355126340798e+00
-6.220444611525622891e-01,-4.720638946347077258e+00,-1.525984477830811592e+00
-3.574305387204193440e+00,-2.888824208318745423e+00,-1.969526768651459481e+00
-2.892199175695414404e+00,2.225960351187674657e+00,3.417643112299352914e+00
3.804551803402144827e+00,-2.080616354711969596e+00,2.489261167441971345e+00
-3.350958524930869320e+00,1.916153071467061819e+00,-3.177960725197916947e+00
-3.515279169849496732e+00,2.057227877574907549e+00,-2.900107897604996765e+00
-1.649045329461506837e+00,3.476697541440247452e+00,-3.192682838417329361e+00
2.782525820761768021e+00,2.059716982124084605e+00,-3.607646879940400009e+00
-3.156874849767068891e+00,3.842755182596238495e+00,5.170819949852158981e-01
-1.351371870812967835e+00,-4.762067017477593645e+00,7.046359257286806121e-01
-2.498013751537261573e+00,-2.410808766473317100e+00,3.598322996706402321e+00
-2.301119192397887314e+00,-4.207145046493491414e+00,-1.415902899263708381e+00
-1.966665135660314645e+00,-4.580236337286399895e+00,3.919991566055499588e-01
-1.738043981207766597e+00,-4.626493506857255689e+00,7.581299033774528962e-01
4.508898067160913570e+00,-1.719357835316551064e+00,-1.309063349914037389e+00
2.285191492681034831e+00,3.311973831150458292e+00,2.967950333740910551e+00
-3.152116710428528368e+00,-5.092055155361673302e-01,3.847709706667692409e+00
-1.438268533312163866e+00,-8.756155659072696329e-01,-4.707938084429846626e+00
-4.907673097187373656e+00,6.398997852469680003e-01,-7.108256016662412025e-01
-3.313951284632577821e+00,2.369384066510906717e+00,2.898921528507857559e+00
1.574942903078792922e+00,-3.810106989632159991e+00,-2.828893702421125145e+00
-8.457698064820784456e-01,-3.559411983301086213e+00,3.408116747938060520e+00
-2.352034933916354653e+00,8.168912468232949475e-01,4.335968214885871141e+00
2.361293981467202041e+00,-7.027022741016244467e-01,4.350919471451887510e+00
1.575154271761866065e+00,-6.922843849003527117e-01,-4.694638575074068676e+00
-1.895783358248549488e+00,4.605798093448815855e+00,4.388956379039439248e-01
-2.275801678839064923e+00,4.433394183573231118e+00,4.071151331654697669e-01
-2.170008224891672555e+00,-4.035667436168826505e+00,2.001112852527067609e+00
-2.637482331640211619e+00,6.957687722123908625e-01,-4.190416777111767743e+00
6.242221349189759350e-01,-4.952559096966862917e+00,2.872370403133315819e-01
-1.658548652583201888e-01,4.220400478158732760e+00,-2.675950666142349998e+00
-4.422332581926536221e+00,-1.816776899750440766e+00,1.463658509135294716e+00
-3.228710685228898480e+00,2.122751115200133931e+00,3.173224702728334012e+00
-4.845446369412582222e+00,1.048403091231240758e+00,6.500003380331426106e-01
-4.835688429496678431e+00,1.239189903980011831e+00,2.837706727376178018e-01
1.896667942969495702e+00,3.417051956110856992e+00,3.118718750280446539e+00
-3.464128495963768373e+00,-5.231373086393744654e-01,3.567371738375656243e+00
-2.127173818637355662e+00,-2.405964681459006993e+00,3.832292459726375000e+00
1.306470984402972046e+00,1.225035898158358005e+00,-4.668235278468349847e+00
-2.805488986027781184e+00,-2.770754844689080620e+00,-3.074434767548143377e+00
-2.960664029795567309e+00,3.331469797801977606e+00,-2.266225383541523364e+00
-3.267763557480678482e+00,3.148267363554056342e+00,-2.100031890229671738e+00
-4.285491231752636132e+00,-2.110409032946905850e+00,1.476732411856455318e+00
-1.400563610769008482e+00,-2.158395067430082914e+00,-4.287161334156105674e+00
-3.151838210728107992e+00,-3.267219067422814760e+00,2.095517945249581793e+00
-4.922190853614519135e+00,2.641997660943615767e-01,-8.379950382843870393e-01
2.516355102096054619e+00,-4.294658703664075539e+00,4.731422821916842492e-01
2.315342820418029746e+00,-4.353278721251768069e+00,8.295492746276451612e-01
6.841072288860901018e-01,-4.850558368148117694e+00,1.002038330890621998e+00
5.154026993277023294e-01,-4.784162473707081809e+00,1.358730835264533310e+00
2.478494857309740063e+00,-4.185751082014265378e+00,1.156093041976111957e+00
2.483179280792878085e+00,-9.521006081156065948e-01,-4.234067204410773222e+00
2.095593100157193689e+00,-9.304990163360198352e-01,-4.443271445587278379e+00
-4.830366321257687723e+00,8.415644318433820326e-01,9.794541895952009192e-01
-4.889649543568861390e+00,4.355408141305860958e-01,9.495428059352007955e-01
-5.725437363278003122e-01,4.236053102902617162e+00,-2.593848064050959579e+00
-8.378154519096383535e-01,4.030162141842830614e+00,-2.838284407700935930e+00
-7.273363925341742586e-01,-3.826348234979473961e+00,3.135289612900989287e+00
-3.922860215109527537e+00,1.499327117627727857e+00,-2.713519103868067273e+00
-2.280765116385714997e+00,4.449464191993144802e+00,-1.946504684927118436e-02
1.738828391316280808e-01,9.736258218189298708e-01,-4.901205720773505803e+00
6.588265969662273486e-03,6.467251068363992772e-01,-4.957993871611678038e+00
8.499679520474366923e-01,-2.981227559705307062e+00,-3.922988238287979268e+00
3.315811734925756316e+00,-1.323615999453441772e+00,3.500490426285938650e+00
-8.181647536449507263e-02,-3.774137398146757416e+00,-3.278596188045876936e+00
-4.949225679653194293e-02,-3.472091193814887955e+00,-3.597517652263890309e+00
1.735614573310183317e+00,-1.568507351201921196e+00,-4.418984808996161640e+00
1.525250909004761013e+00,-1.941551646702370126e+00,-4.347871533034004088e+00
-7.565095219562065765e-01,-2.823208615608497229e+00,4.056745796317972719e+00
-1.141175093938420204e+00,-2.671680389275893575e+00,4.069378736678763708e+00
1.172719870247729723e+00,-4.824794677748315941e+00,5.882894045430956398e-01
3.310469209274275126e+00,3.621861579874234849e+00,9.606832520023769195e-01
-3.753878571477806680e+00,1.800630398219149386e+00,-2.768776957360214563e+00
2.802619413439786822e+00,-4.116724048581357209e+00,4.448679930522528303e-01
-4.968521983146843013e+00,2.297926618425691781e-03,-5.601642817243930317e-01
3.295564786507000576e+00,1.693929804903900660e+00,-3.357060403685536709e+00
-1.055509132597990174e+00,-2.353641040987561883e+00,4.283255108113597664e+00
-2.523806105194846161e+00,3.051059882843973337e-01,-4.305498005956363450e+00
-2.489133820460748936e+00,1.411859833466520830e-01,4.334083448890309498e+00
-2.487539644318232046e+00,5.718390305914917704e-01,4.299435618896660039e+00
3.159091415734131658e+00,-9.888552329067258340e-01,-3.747306600131340204e+00
1.118131423573413885e+00,1.558985268533521040e+00,-4.617287845923529588e+00
3.997703019196520824e+00,1.012949775327717017e+00,2.827066204207208777e+00
3.834813484372890269e+00,1.354119832767910037e+00,2.908705041522166024e+00
1.043559048054290006e+00,-4.765548773788789383e+00,1.095686724325973582e+00
8.966763566164435151e-01,-4.858529659135064627e+00,7.685447695417484404e-01
-4.536270946344409083e+00,-1.930919410977666395e+00,8.329442536336182368e-01
-4.560431808419890487e+00,2.047795694808703715e+00,-9.483940676231683575e-02
-4.547424369943263933e+00,2.055278017058181916e+00,3.110689188001459216e-01
1.754773798053762768e+00,-1.003836912439070028e+00,-4.573082152212965212e+00
1.522382322591920412e+00,-2.686861865490578483e-01,4.755014174218342937e+00
1.147332686344697761e+00,-2.974360058134257745e+00,-3.851857986922756716e+00
1.537474417855529740e+00,-2.859617188254929943e+00,-3.802467876403003544e+00
3.480451664913645438e+00,3.379749510293479364e+00,1.209855138382614825e+00
-4.907818118740587821e+00,7.925642954407706442e-02,9.523863353374661944e-01
-3.922187326335915269e+00,-1.120121608591919227e+00,2.891673245561360961e+00
-4.150938723032574273e+00,-1.052728109153341141e+00,2.580982612461217407e+00
-6.104367707595202974e-01,-1.062221658543921476e+00,-4.847582087703609766e+00
-4.716956584163344068e+00,1.623275991369776960e+00,3.395521152349666449e-01
-4.801862615800476242e+00,1.393483885116614696e+00,-1.783482262617810260e-02
-4.687774935070502913e+00,1.717010074356472682e+00,-2.768439319962182621e-01
-1.752139267175198079e+00,2.178077810953125693e-01,4.677880690966486732e+00
-1.175787033608438836e+00,-3.703182373836941377e+00,-3.147056586352026120e+00
-7.562368033034175818e-01,-3.765381297650965298e+00,-3.201563614959066051e+00
-7.467355150324043178e-01,4.756001620632722138e-01,-4.920994874660476803e+00
-9.807705807729378833e-01,7.035874665219216118e-01,-4.852118480091307973e+00
9.435734089362877164e-01,3.940540563775135396e+00,-2.929472527126869785e+00
3.646943664982766897e+00,3.138780855614675680e+00,1.359358909511709346e+00
-3.306085609189553409e+00,2.703097209926093036e+00,-2.600589052195580564e+00
-3.020473611328803099e+00,2.903242469220059352e+00,-2.729088186223257217e+00
8.324484227416764082e-01,-4.895802316541329802e+00,-5.815060625852895848e-01
6.476779728085018117e-01,-4.859890913785442024e+00,-9.808025028742367590e-01
-3.827387561333571941e+00,-8.180999885978715858e-01,3.111561804625647909e+00
-3.817378120296536004e+00,3.219523573775024960e+00,2.495841433027743417e-01
-3.595142586932836615e+00,3.474519453647391121e+00,5.161730182505271103e-02
2.845861330474037221e+00,-4.106396910259985766e+00,-1.964120747810102763e-01
4.452456615576759091e+00,-1.973611377612822571e+00,-1.131586592605254626e+00
4.400464778514456832e+00,-2.230493041102499241e+00,-8.129025320707539137e-01
1.218504486839997236e+00,3.528032528130182754e+00,-3.326895444104930988e+00
1.280275511915025977e+00,3.773377116776434281e+00,-3.020350931295680219e+00
2.831997132760330160e+00,-9.862372850726349727e-01,-4.000890932976032488e+00
7.910064203858429011e-01,-4.660138303691044648e+00,1.630159450293110268e+00
1.163951879589003369e+00,-4.636142866869781720e+00,1.466763559669268746e+00
-3.547605981890789462e+00,2.936256445245130742e+00,-1.947534309071117020e+00
-3.595530522490669956e+00,-2.628014754538419595e+00,-2.272817351167124578e+00
-1.377566942551865292e+00,5.104761950480619648e-01,-4.779301557035039671e+00
2.653089122721855375e+00,-4.235811728630375583e+00,1.379025253297641862e-01
-2.843726680692209019e+00,3.200999901457517893e+00,-2.582018240909276230e+00
-2.635183855135917241e+00,3.497522753271144591e+00,-2.413118447151245682e+00
3.765468738087516698e+00,-1.029500221093026191e+00,3.124319842342492493e+00
-1.954442983572165726e+00,-3.806899770536118055e+00,2.586052350796013144e+00
4.942992255337726348e+00,6.720869863880774009e-01,3.393031777025557472e-01
-1.962450854956557134e+00,4.595173344839535545e+00,-1.821224114613795297e-01
7.866554054904768556e-01,8.297835940897346774e-01,-4.867507828446928642e+00
4.877013940044624185e+00,9.461892158340113879e-01,5.652088078310848474e-01
-1.289425510161857025e+00,-1.226629356446908625e+00,-4.672554149033103954e+00
1.221204647831057866e+00,-2.395593729636850799e+00,-4.215422860240764180e+00
9.910142080669831488e-01,-2.712456810726592504e+00,-4.081723764459360915e+00
3.011538748537926136e+00,1.712750687434058117e+00,-3.605151792747260053e+00
1.531403333577784576e+00,-2.537608647651598215e+00,-4.026828302929078340e+00
-2.270151620130604009e+00,3.625252745388711340e+00,-2.589199519865164945e+00
-2.041460674287106425e+00,3.317415882575805774e+00,-3.134834952174200495e+00
9.993593552459841822e-01,1.041624222353528806e+00,4.787097226763703084e+00
-2.164342065367259149e+00,2.427901694508798613e-01,-4.500741756388584314e+00
6.154535437929774533e-01,-9.245542777914133037e-01,4.875081160642380951e+00
4.519881808974227644e-01,-7.716456881931885725e-01,4.919376954068665597e+00
1.834893621901027894e+00,-2.083728942103162396e+00,-4.158273571104787791e+00
1.464561761486234737e+00,-2.226425193400334290e+00,-4.230613395830990164e+00
-2.697634668961798265e+00,3.072229048022123266e+00,-2.878224429974920007e+00
-2.358927053147770625e+00,3.226526305492667834e+00,-3.004162305517365184e+00
4.571160784870555105e+00,-1.958817577914692132e+00,-5.172260388979175172e-01
1.919277106899631269e+00,-1.266509895303150612e+00,-4.439856762557794490e+00
-4.403868687699633355e+00,-2.065806088769170490e+00,1.156886245532778634e+00
-1.886439014613792819e+00,-4.021662812464963821e+00,2.295120055025298811e+00
1.123345799838727288e+00,-2.691394685179157031e-01,4.864736186112314620e+00
-1.729931783912918464e+00,4.690588273499529670e+00,7.561528626255525909e-02
-1.927143574874637499e+00,4.479225544500068379e-01,4.591893185499243302e+00
-2.106061923280919235e+00,1.519916424601348293e-01,4.532262317643204419e+00
-4.655802897433066190e-01,-3.442463809586959744e+00,-3.596203263649953463e+00
-2.201767572467464351e+00,3.459494836439708454e+00,-2.860789232620559286e+00
-3.352267967713300045e+00,3.700564730450295770e+00,2.609983685593867397e-01
-6.410643400022697502e-01,-2.309836216095242367e+00,4.387903048928071925e+00
3.508354149592766813e+00,-1.017170674311709710e+00,3.414207811536297044e+00
4.676913562354882536e+00,-1.639080753485030462e+00,-6.632449123935340030e-01
4.613107921084969476e+00,-1.638354669581943313e+00,-1.017363890199640020e+00
-3.715281836619758860e+00,-5.827959526446978566e-01,3.295000721102237407e+00
-3.122397977875961850e+00,-2.683843023156811558e+00,-2.836832299380526834e+00
2.145129321666529698e+00,-1.824539334979526917e+00,-4.131522287055821252e+00
3.725857160967120940e+00,3.173397067865424415e+00,1.023493754613650886e+00
-2.141418500001221581e+00,6.257052743570157283e-01,4.474686549636111899e+00
-1.786858590826780224e+00,6.915261892568353996e-01,4.618325227391467891e+00
-3.341259960774047855e+00,-2.689358854325949011e+00,-2.569694695326046219e+00
2.078476537095272469e+00,-1.496574018795767014e+00,-4.294205571582470959e+00
-4.708964697307525538e-01,-3.800899645876821609e+00,-3.214252385356284325e+00
8.132704570939476296e-01,-4.908603885188028038e+00,4.941650148838844792e-01
-3.134195950581187606e+00,-2.935436966802953407e+00,-2.561254684190378939e+00
-4.873516739008145748e-01,-2.614913516760231538e+00,4.233759044373063496e+00
-3.444300352471213245e+00,2.818092148999079338e+00,-2.279287546957694310e+00
-9.596123743588332866e-01,-1.197751918765164625e+00,-4.758627368482613917e+00
-6.247585959190561367e-01,-3.609318904066053602e+00,-3.403306296173864709e+00
-7.842609350728634021e-02,-2.065176581765006514e+00,-4.552899629245804825e+00
-1.625355720520019531e+00,9.065625071525573730e-01,1.738437414169311523e+00
-1.625355720520019531e+00,-7.980625033378601074e-01,1.738437414169311523e+00
1.783894062042236328e+00,9.065625071525573730e-01,1.738437414169311523e+00
7.926923036575317383e-02,9.065625071525573730e-01,1.738437414169311523e+00
1.783894062042236328e+00,-7.980625033378601074e-01,1.738437414169311523e+00
7.926923036575317383e-02,-2.502687454223632812e+00,1.738437414169311523e+00
7.926923036575317383e-02,-7.980625033378601074e-01,1.738437414169311523e+00
-1.715388913120765441e-02,-5.763360781695622270e-01,3.731846873831896616e-01
7.926923036575317383e-02,-7.980625033378601074e-01,-1.670812129974365234e+00
-1.625355720520019531e+00,9.065625071525573730e-01,-1.670812129974365234e+00
-1.625355720520019531e+00,-7.980625033378601074e-01,-1.670812129974365234e+00
-1.625355720520019531e+00,-7.980625033378601074e-01,3.381246328353881836e-02
7.926923036575317383e-02,9.065625071525573730e-01,-1.670812129974365234e+00
1.783894062042236328e+00,9.065625071525573730e-01,-1.670812129974365234e+00
7.926923036575317383e-02,2.611187458038330078e+00,-1.670812129974365234e+00
-2.818240612734450312e-02,1.179021930584650102e+00,-2.339643763579525859e-01
-5.124513246445133730e-01,-5.993782824880574678e-01,-3.986268272843929594e+00
1.769031222783953972e+00,-4.424850064800925908e-01,-1.678049114874944792e+00
7.926923036575317383e-02,-2.502687454223632812e+00,-1.670812129974365234e+00
1.783894062042236328e+00,-2.502687454223632812e+00,3.381246328353881836e-02
1.130698923559168428e-01,-2.380785891826833645e+00,4.800843566338351166e-03
-1.625355720520019531e+00,-2.502687454223632812e+00,3.381246328353881836e-02
-1.199199438095092773e+00,-2.076531171798706055e+00,-2.949280977249145508e+00
1.783894062042236328e+00,2.611187458038330078e+00,3.381246328353881836e-02
7.926923036575317383e-02,2.611187458038330078e+00,3.381246328353881836e-02
1.783894062042236328e+00,9.065625071525573730e-01,3.381246328353881836e-02
-1.625355720520019531e+00,2.611187458038330078e+00,3.381246328353881836e-02
2.213212740090163000e-01,2.611187464247147982e+00,1.809463457100920492e+00
2.305944919527710191e+00,3.204394944674431756e+00,-1.431258256020280450e+00
1.783894062042236328e+00,-7.980625033378601074e-01,3.381246328353881836e-02
3.062362909317016602e+00,-2.076531171798706055e+00,4.599687159061431885e-01
2.210050344467163086e+00,-2.076531171798706055e+00,4.599687159061431885e-01
3.062362909317016602e+00,-1.224218726158142090e+00,4.599687159061431885e-01
-1.625355720520019531e+00,9.065625071525573730e-01,3.381246328353881836e-02
5.054254531860351562e-01,4.804062545299530029e-01,3.869218587875366211e+00
5.054254531860351562e-01,-3.719062507152557373e-01,3.869218587875366211e+00
2.210050344467163086e+00,2.185031175613403320e+00,2.164593696594238281e+00
2.210050344467163086e+00,1.332718729972839355e+00,2.164593696594238281e+00
-3.756137132644653320e+00,4.804062545299530029e-01,4.599687159061431885e-01
-3.756137132644653320e+00,-3.719062507152557373e-01,4.599687159061431885e-01
2.210050344467163086e+00,3.037343740463256836e+00,4.599687159061431885e-01
3.062362909317016602e+00,2.185031175613403320e+00,4.599687159061431885e-01
3.062362909317016602e+00,2.185031175613403320e+00,1.312281131744384766e+00
-3.468870222568511963e-01,3.037343740463256836e+00,2.164593696594238281e+00
2.210050344467163086e+00,1.332718729972839355e+00,-2.096968412399291992e+00
5.054254531860351562e-01,-3.781156301498413086e+00,-3.923437893390655518e-01
-3.468870222568511963e-01,-3.781156301498413086e+00,-3.923437893390655518e-01
-2.903824567794799805e+00,-3.719062507152557373e-01,4.599687159061431885e-01
-2.051512002944946289e+00,-3.719062507152557373e-01,4.599687159061431885e-01
-3.756137132644653320e+00,-1.224218726158142090e+00,4.599687159061431885e-01
-3.756137132644653320e+00,-3.719062507152557373e-01,-3.923437893390655518e-01
-3.756137132644653320e+00,4.804062545299530029e-01,-3.923437893390655518e-01
-3.468870222568511963e-01,4.804062545299530029e-01,3.869218587875366211e+00
-3.468870222568511963e-01,1.332718729972839355e+00,3.016906023025512695e+00
3.062362909317016602e+00,4.804062545299530029e-01,1.312281131744384766e+00
3.062362909317016602e+00,1.332718729972839355e+00,1.312281131744384766e+00
-2.051512002944946289e+00,4.804062545299530029e-01,3.016906023025512695e+00
-2.903824567794799805e+00,-1.224218726158142090e+00,4.599687159061431885e-01
-2.051512002944946289e+00,-1.224218726158142090e+00,4.599687159061431885e-01
-2.903824567794799805e+00,-2.076531171798706055e+00,4.599687159061431885e-01
5.054254531860351562e-01,3.889656305313110352e+00,-3.923437893390655518e-01
2.210050344467163086e+00,3.037343740463256836e+00,-3.923437893390655518e-01
5.054254531860351562e-01,3.037343740463256836e+00,2.164593696594238281e+00
1.357737779617309570e+00,2.185031175613403320e+00,2.164593696594238281e+00
1.357737779617309570e+00,3.037343740463256836e+00,1.312281131744384766e+00
-3.468870222568511963e-01,3.889656305313110352e+00,-3.923437893390655518e-01
-3.468870222568511963e-01,3.037343740463256836e+00,-2.096968412399291992e+00
-1.199199438095092773e+00,2.185031175613403320e+00,-2.096968412399291992e+00
-1.199199438095092773e+00,1.332718729972839355e+00,-2.096968412399291992e+00
-1.199199438095092773e+00,3.037343740463256836e+00,-1.244655847549438477e+00
-3.468870222568511963e-01,-2.928843736648559570e+00,-1.244655847549438477e+00
1.357737779617309570e+00,3.037343740463256836e+00,-1.244655847549438477e+00
2.210050344467163086e+00,-2.928843736648559570e+00,4.599687159061431885e-01
5.054254531860351562e-01,1.332718729972839355e+00,3.016906023025512695e+00
5.054254531860351562e-01,-2.928843736648559570e+00,-2.096968412399291992e+00
3.063505865557502705e+00,-8.406464329207709030e-01,-7.301574589448159847e-01
3.914675474166870117e+00,-3.719062507152557373e-01,-3.923437893390655518e-01
-3.468870222568511963e-01,3.037343740463256836e+00,-3.923437893390655518e-01
-3.468870222568511963e-01,3.889656305313110352e+00,4.599687159061431885e-01
-3.468870222568511963e-01,2.185031175613403320e+00,2.164593696594238281e+00
-3.671516204526800720e-01,3.388740332257524024e+00,1.281945494691455689e+00
1.357737779617309570e+00,1.332718729972839355e+00,3.016906023025512695e+00
5.054254531860351562e-01,3.037343740463256836e+00,-3.923437893390655518e-01
5.054254531860351562e-01,3.889656305313110352e+00,4.599687159061431885e-01
-1.199199438095092773e+00,-2.076531171798706055e+00,3.016906023025512695e+00
-3.468870222568511963e-01,-2.928843736648559570e+00,2.164593696594238281e+00
5.054254531860351562e-01,-2.928843736648559570e+00,2.164593696594238281e+00
-3.468870222568511963e-01,-2.076531171798706055e+00,2.164593696594238281e+00
-3.468870222568511963e-01,-2.928843736648559570e+00,1.312281131744384766e+00
5.054254531860351562e-01,-2.076531171798706055e+00,3.016906023025512695e+00
5.054254531860351562e-01,-2.076531171798706055e+00,2.164593696594238281e+00
5.054254531860351562e-01,-1.224218726158142090e+00,2.164593696594238281e+00
8.811093058719831062e-01,-1.947484778779286607e+00,1.172789523218241481e+00
1.357737779617309570e+00,2.185031175613403320e+00,-2.096968412399291992e+00
-2.051512002944946289e+00,2.185031175613403320e+00,-2.096968412399291992e+00
1.357737779617309570e+00,2.185031175613403320e+00,-2.949280977249145508e+00
2.210050344467163086e+00,-1.224218726158142090e+00,2.164593696594238281e+00
3.062362909317016602e+00,-1.224218726158142090e+00,2.164593696594238281e+00
-2.903824567794799805e+00,-3.719062507152557373e-01,-2.096968412399291992e+00
-2.051512002944946289e+00,-2.928843736648559570e+00,-3.923437893390655518e-01
-2.903824567794799805e+00,-2.076531171798706055e+00,-3.923437893390655518e-01
-2.051512002944946289e+00,-1.224218726158142090e+00,3.016906023025512695e+00
-2.051512002944946289e+00,-2.076531171798706055e+00,2.164593696594238281e+00
-1.199199438095092773e+00,-2.076531171798706055e+00,2.164593696594238281e+00
-2.051512002944946289e+00,-2.076531171798706055e+00,1.312281131744384766e+00
-1.199199438095092773e+00,-2.928843736648559570e+00,1.312281131744384766e+00
-1.199199438095092773e+00,1.332718729972839355e+00,-2.949280977249145508e+00
2.210050344467163086e+00,4.804062545299530029e-01,3.016906023025512695e+00
-2.051512002944946289e+00,-3.719062507152557373e-01,3.016906023025512695e+00
-2.903824567794799805e+00,-3.719062507152557373e-01,2.164593696594238281e+00
-1.199199438095092773e+00,3.037343740463256836e+00,1.312281131744384766e+00
-2.051512002944946289e+00,2.185031175613403320e+00,1.312281131744384766e+00
-2.051512002944946289e+00,3.037343740463256836e+00,4.599687159061431885e-01
2.210050344467163086e+00,-2.928843736648559570e+00,-3.923437893390655518e-01
3.062362909317016602e+00,-2.076531171798706055e+00,-3.923437893390655518e-01
2.210050344467163086e+00,-3.719062507152557373e-01,3.016906023025512695e+00
2.210050344467163086e+00,-3.719062507152557373e-01,2.164593696594238281e+00
3.062362909317016602e+00,-3.719062507152557373e-01,2.164593696594238281e+00
-1.199199438095092773e+00,1.332718729972839355e+00,3.016906023025512695e+00
-2.051512002944946289e+00,-2.076531171798706055e+00,-2.096968412399291992e+00
-2.903824567794799805e+00,-1.224218726158142090e+00,-2.096968412399291992e+00
-3.468870222568511963e-01,2.185031175613403320e+00,-2.949280977249145508e+00
-2.051512002944946289e+00,1.332718729972839355e+00,3.016906023025512695e+00
-3.468870222568511963e-01,-2.076531171798706055e+00,3.016906023025512695e+00
-2.903824567794799805e+00,-1.224218726158142090e+00,1.312281131744384766e+00
-2.051512002944946289e+00,2.185031175613403320e+00,4.599687159061431885e-01
-2.903824567794799805e+00,1.332718729972839355e+00,4.599687159061431885e-01
-2.903824567794799805e+00,2.185031175613403320e+00,-3.923437893390655518e-01
-3.756137132644653320e+00,1.332718729972839355e+00,-3.923437893390655518e-01
-3.756137132644653320e+00,4.804062545299530029e-01,1.312281131744384766e+00
-2.903824567794799805e+00,4.804062545299530029e-01,1.312281131744384766e+00
-1.199199438095092773e+00,-3.781156301498413086e+00,-3.923437893390655518e-01
-1.199199438095092773e+00,-2.928843736648559570e+00,-3.923437893390655518e-01
3.266885257647664798e+00,1.419730979189181008e-01,-1.938085803448845290e+00
2.210050344467163086e+00,4.804062545299530029e-01,-2.096968412399291992e+00
2.210050344467163086e+00,-3.719062507152557373e-01,-2.949280977249145508e+00
-1.199199438095092773e+00,4.804062545299530029e-01,3.016906023025512695e+00
-2.051512002944946289e+00,4.804062545299530029e-01,2.164593696594238281e+00
-2.903824567794799805e+00,4.804062545299530029e-01,2.164593696594238281e+00
1.357737779617309570e+00,-2.076531171798706055e+00,3.016906023025512695e+00
1.357737779617309570e+00,-1.224218726158142090e+00,3.016906023025512695e+00
1.357737779617309570e+00,-1.224218726158142090e+00,-2.949280977249145508e+00
2.210050344467163086e+00,4.804062545299530029e-01,-2.949280977249145508e+00
3.062362909317016602e+00,1.332718729972839355e+00,-1.244655847549438477e+00
2.210050344467163086e+00,1.332718729972839355e+00,-1.244655847549438477e+00
-2.051512002944946289e+00,-2.076531171798706055e+00,4.599687159061431885e-01
-2.051512002944946289e+00,4.804062545299530029e-01,-2.949280977249145508e+00
-2.051512002944946289e+00,1.332718729972839355e+00,-2.096968412399291992e+00
-1.199199438095092773e+00,4.804062545299530029e-01,-2.949280977249145508e+00
-2.051512002944946289e+00,4.804062545299530029e-01,-2.096968412399291992e+00
-2.903824567794799805e+00,4.804062545299530029e-01,-2.096968412399291992e+00
-2.903824567794799805e+00,4.804062545299530029e-01,-1.244655847549438477e+00
5.054254531860351562e-01,4.804062545299530029e-01,-3.801593542098999023e+00
5.054254531860351562e-01,1.332718729972839355e+00,-2.949280977249145508e+00
5.054254531860351562e-01,2.185031175613403320e+00,-2.949280977249145508e+00
-4.586495014099051803e-01,6.059022132128749627e-01,-3.876245165652560498e+00
-3.468870222568511963e-01,1.332718729972839355e+00,-2.949280977249145508e+00
2.210050344467163086e+00,2.185031175613403320e+00,1.312281131744384766e+00
2.210050344467163086e+00,2.185031175613403320e+00,-1.244655847549438477e+00
1.357737779617309570e+00,3.037343740463256836e+00,-3.923437893390655518e-01
2.166599357667414960e+00,2.113415834790197234e+00,-4.221702986322405371e-01
-2.051512002944946289e+00,-2.928843736648559570e+00,4.599687159061431885e-01
-1.199199438095092773e+00,-2.928843736648559570e+00,4.599687159061431885e-01
-3.468870222568511963e-01,-2.928843736648559570e+00,-2.096968412399291992e+00
-1.199199438095092773e+00,-2.076531171798706055e+00,-2.096968412399291992e+00
-1.199199438095092773e+00,-2.928843736648559570e+00,-1.244655847549438477e+00
-1.199199438095092773e+00,-3.781156301498413086e+00,4.599687159061431885e-01
-3.756137132644653320e+00,4.804062545299530029e-01,-1.244655847549438477e+00
-2.903824567794799805e+00,-1.224218726158142090e+00,-1.244655847549438477e+00
-2.051512002944946289e+00,2.185031175613403320e+00,-1.244655847549438477e+00
-2.903824567794799805e+00,1.332718729972839355e+00,-1.244655847549438477e+00
-2.051512002944946289e+00,3.037343740463256836e+00,-1.244655847549438477e+00
-2.051512002944946289e+00,3.037343740463256836e+00,-3.923437893390655518e-01
1.357737779617309570e+00,-2.076531171798706055e+00,-2.096968412399291992e+00
1.357737779617309570e+00,-2.928843736648559570e+00,-1.244655847549438477e+00
2.210050344467163086e+00,-2.076531171798706055e+00,-2.096968412399291992e+00
3.062362909317016602e+00,-3.719062507152557373e-01,1.312281131744384766e+00
3.914675474166870117e+00,-3.719062507152557373e-01,4.599687159061431885e-01
-1.199199438095092773e+00,-1.224218726158142090e+00,-2.949280977249145508e+00
-2.051512002944946289e+00,-3.719062507152557373e-01,-2.949280977249145508e+00
5.054254531860351562e-01,-3.719062507152557373e-01,-3.801593542098999023e+00
5.054254531860351562e-01,-3.719062507152557373e-01,-2.949280977249145508e+00
2.242381316176809136e+00,-2.277189684921386181e+00,-1.294987278010354181e+00
-1.199199438095092773e+00,-3.719062507152557373e-01,-2.949280977249145508e+00
-1.199199438095092773e+00,-1.224218726158142090e+00,3.016906023025512695e+00
-1.199199438095092773e+00,-3.719062507152557373e-01,3.016906023025512695e+00
-1.199199438095092773e+00,-1.224218726158142090e+00,2.164593696594238281e+00
5.054254531860351562e-01,3.037343740463256836e+00,-2.096968412399291992e+00
-1.283201749860838792e+00,2.831980848698849140e+00,-6.387204382088494947e-01
-2.051512002944946289e+00,2.185031175613403320e+00,-3.923437893390655518e-01
3.914675474166870117e+00,4.804062545299530029e-01,-3.923437893390655518e-01
-2.903824567794799805e+00,-3.719062507152557373e-01,1.312281131744384766e+00
-3.468870222568511963e-01,-3.719062507152557373e-01,3.869218587875366211e+00
-1.199199438095092773e+00,-3.719062507152557373e-01,2.164593696594238281e+00
5.054254531860351562e-01,3.037343740463256836e+00,1.312281131744384766e+00
5.054254531860351562e-01,2.185031175613403320e+00,1.312281131744384766e+00
-3.468870222568511963e-01,-2.076531171798706055e+00,-2.949280977249145508e+00
-2.051512002944946289e+00,-1.224218726158142090e+00,2.164593696594238281e+00
-2.051512002944946289e+00,-3.719062507152557373e-01,2.164593696594238281e+00
-2.051512002944946289e+00,-1.224218726158142090e+00,1.312281131744384766e+00
5.054254531860351562e-01,-2.076531171798706055e+00,-2.949280977249145508e+00
5.054254531860351562e-01,-1.224218726158142090e+00,-2.949280977249145508e+00
5.054254531860351562e-01,-2.076531171798706055e+00,-2.096968412399291992e+00
-3.468870222568511963e-01,-3.781156301498413086e+00,4.599687159061431885e-01
5.054254531860351562e-01,-3.781156301498413086e+00,4.599687159061431885e-01
-3.468870222568511963e-01,-2.928843736648559570e+00,4.599687159061431885e-01
-3.468870222568511963e-01,-1.224218726158142090e+00,-2.949280977249145508e+00
-3.468870222568511963e-01,-3.719062507152557373e-01,-2.949280977249145508e+00
7.043541981760224058e-01,-2.592782424326240509e+00,-9.111778994413952670e-01
5.054254531860351562e-01,-3.781156301498413086e+00,-1.244655847549438477e+00
-2.903824567794799805e+00,1.332718729972839355e+00,1.312281131744384766e+00
5.054254531860351562e-01,4.804062545299530029e-01,-2.949280977249145508e+00
-3.468870222568511963e-01,4.804062545299530029e-01,-2.949280977249145508e+00
-2.051512002944946289e+00,1.332718729972839355e+00,2.164593696594238281e+00
-2.903824567794799805e+00,-3.719062507152557373e-01,-1.244655847549438477e+00
1.357737779617309570e+00,4.804062545299530029e-01,3.016906023025512695e+00
-1.199199438095092773e+00,-2.076531171798706055e+00,1.312281131744384766e+00
3.062362909317016602e+00,-1.224218726158142090e+00,1.312281131744384766e+00
1.357737779617309570e+00,3.037343740463256836e+00,4.599687159061431885e-01
-2.903824567794799805e+00,1.332718729972839355e+00,-3.923437893390655518e-01
3.062362909317016602e+00,1.332718729972839355e+00,4.599687159061431885e-01
3.419060732360014843e+00,-1.289789280999340537e+00,-1.580719372991510108e+00
2.210050344467163086e+00,-1.224218726158142090e+00,-1.244655847549438477e+00
-2.051512002944946289e+00,-2.076531171798706055e+00,-1.244655847549438477e+00
1.357737779617309570e+00,1.332718729972839355e+00,-2.949280977249145508e+00
1.357737779617309570e+00,4.804062545299530029e-01,-2.949280977249145508e+00
1.357737779617309570e+00,1.332718729972839355e+00,-2.096968412399291992e+00
1.357737779617309570e+00,-2.928843736648559570e+00,4.599687159061431885e-01
-3.468870222568511963e-01,2.185031175613403320e+00,3.016906023025512695e+00
2.210050344467163086e+00,-1.224218726158142090e+00,-2.096968412399291992e+00
-1.199199438095092773e+00,3.037343740463256836e+00,4.599687159061431885e-01
-1.199199438095092773e+00,-1.224218726158142090e+00,-2.096968412399291992e+00
1.357737779617309570e+00,1.332718729972839355e+00,2.164593696594238281e+00
1.357737779617309570e+00,-3.719062507152557373e-01,-2.949280977249145508e+00
1.357737779617309570e+00,-1.224218726158142090e+00,-2.096968412399291992e+00
-3.468870222568511963e-01,4.804062545299530029e-01,3.016906023025512695e+00
2.210050344467163086e+00,-2.076531171798706055e+00,-3.923437893390655518e-01
-3.468870222568511963e-01,-2.076531171798706055e+00,-2.096968412399291992e+00
-2.357238592066879246e-01,-1.459771172391243210e+00,-7.836606114480424434e-01
-1.199199438095092773e+00,-2.502687454223632812e+00,1.312281131744384766e+00
-1.625355720520019531e+00,-2.502687454223632812e+00,1.738437414169311523e+00
-1.625355720520019531e+00,-2.076531171798706055e+00,1.738437414169311523e+00
-1.625355720520019531e+00,-2.076531171798706055e+00,1.312281131744384766e+00
-2.051512002944946289e+00,-2.076531171798706055e+00,1.738437414169311523e+00
-1.625355720520019531e+00,-2.502687454223632812e+00,1.312281131744384766e+00
8.079429356335444679e-01,-2.097106238209231144e+00,3.704034002500063316e+00
6.461217033771931018e-01,-1.761097857479945183e+00,3.869118782888973485e+00
4.209688718154357412e-01,-2.093714355949980011e+00,3.768479065210702306e+00
-1.199199438095092773e+00,-2.502687454223632812e+00,1.738437414169311523e+00
-1.625355720520019531e+00,-2.076531171798706055e+00,2.164593696594238281e+00
-1.199199438095092773e+00,-2.076531171798706055e+00,1.738437414169311523e+00
-3.962428623260318972e+00,1.710128190758388955e+00,-1.099493427341069474e+00
-4.056730052974621969e+00,1.783398580201571049e+00,-7.017977625298832400e-01
-3.329980850219726562e+00,1.332718729972839355e+00,-8.184998184442520142e-01
-3.630573770549694768e+00,1.783398580201571049e+00,-1.127953791635069702e+00
-3.536272340835392214e+00,1.710128190758388955e+00,-1.525649456446255936e+00
3.816933831534874422e+00,-1.429613178956666619e+00,-4.614220300408011233e-01
3.922363990112993193e+00,-1.110540383306035217e+00,-6.071097918235512925e-01
3.807777011431766390e+00,-1.365584604639031197e+00,-7.848349699385575029e-01
-1.432026834318562258e+00,-3.337886099790213557e+00,2.086943442294844075e+00
-1.432026834318562258e+00,-2.911729817365286799e+00,2.513099724719770833e+00
-1.858183116743489016e+00,-2.911729817365286799e+00,2.513099724719770833e+00
6.847084742247495637e-01,-4.266811909956599536e+00,-8.418442540215503866e-01
8.686092192546197577e-01,-4.300860879749512478e+00,-4.435757681436074407e-01
4.663901579524256658e-01,-4.359192213441989594e+00,-5.282661054035930892e-01
2.226215830321986111e+00,-1.750704205539764136e+00,-1.269821562779896329e+00
2.814555538413588742e+00,-1.257004003578741314e+00,-1.412687610270474181e+00
2.830721024268411767e+00,-1.783489482960363359e+00,-1.437853325500932034e+00
2.226215830321986111e+00,-2.176860428360046118e+00,-1.695977845204823087e+00
2.814555538413588742e+00,-1.683160226399023296e+00,-1.838843892695400939e+00
2.210050344467163086e+00,-1.650374948978424072e+00,-1.670812129974365234e+00
-3.756137132644653320e+00,4.804062545299530029e-01,3.381246328353881836e-02
-4.326878027107104785e+00,7.421685208182994264e-01,1.930659554169337211e-01
-4.326878027107104785e+00,7.421685208182994264e-01,-2.330902972056706490e-01
-4.377448060386432971e+00,2.419983295622302744e-01,-1.405039335018674895e-01
-4.377448060386432971e+00,2.419983295622302744e-01,2.856523191207368528e-01
2.631558872092276680e+00,3.428379337270437865e+00,7.522029458374334121e-01
2.415458182989396185e+00,3.633794528812746005e+00,4.729276918360924564e-01
2.775790662958571353e+00,3.375402051753845445e+00,3.353205247096023300e-01
2.210050344467163086e+00,1.758874952793121338e+00,-1.670812129974365234e+00
2.746134373714897770e+00,2.426265618331121310e+00,-1.955696381812281670e+00
2.746134373714897770e+00,2.000109395510839327e+00,-2.381852664237208650e+00
2.512029069184208652e+00,2.275513414260226241e+00,-2.345003885831026924e+00
2.512029069184208652e+00,2.701669637080508224e+00,-1.918847603406100166e+00
-4.309484537332043175e+00,3.267306100679948089e-01,-1.197418673690465507e+00
-4.206228709559383105e+00,6.173749115302034074e-01,-1.451430928591730396e+00
-4.187383667698551193e+00,2.223593995954149527e-01,-1.579796128958878221e+00
-3.376229545398355736e+00,-3.421711051956783378e-01,2.670566038285006716e+00
-3.601750966946559718e+00,-2.095504007666159352e-01,2.358085547674381388e+00
-3.484480408591314138e+00,-5.762077284314429670e-01,2.484569347941166129e+00
2.478772634482679482e+00,-3.538060656750422694e+00,-4.468511421127995820e-01
2.285893638955990070e+00,-3.666392664956930947e+00,-1.132606464722288736e-01
2.123545247768570121e+00,-3.730885156179539308e+00,-4.714190936317176339e-01
-3.329980850219726562e+00,4.804062545299530029e-01,-1.670812129974365234e+00
-2.903824567794799805e+00,4.804062545299530029e-01,-1.670812129974365234e+00
-3.329980850219726562e+00,4.804062545299530029e-01,-1.244655847549438477e+00
-3.329980850219726562e+00,5.425000190734863281e-02,-1.670812129974365234e+00
-2.903824567794799805e+00,5.425000190734863281e-02,-1.670812129974365234e+00
-2.903824567794799805e+00,5.425000190734863281e-02,-2.096968412399291992e+00
3.954682119506833793e+00,2.402031272649759186e-01,1.269854283724191291e+00
3.845821769816854196e+00,5.531859484818983930e-01,1.547477743974154718e+00
3.903903502449078022e+00,7.389868484370827328e-01,1.265570531842221236e+00
1.697388965343643585e+00,-3.730885156179539308e+00,-4.526284100911326380e-02
1.783894062042236328e+00,-2.928843736648559570e+00,3.381246328353881836e-02
1.859737356531063535e+00,-3.666392664956930947e+00,3.128956061503754826e-01
-3.937506933164608425e-01,3.556082437757111414e+00,-2.480413996661405829e+00
-5.243482446497041982e-01,3.707460725434678306e+00,-2.204368809147225328e+00
-7.882637803517826836e-01,3.498493296482840798e+00,-2.445732629604994379e+00
-1.199199438095092773e+00,1.332718729972839355e+00,-2.523124694824218750e+00
-1.199199438095092773e+00,9.065624922513961792e-01,-2.949280977249145508e+00
-1.199199438095092773e+00,9.065624922513961792e-01,-2.523124694824218750e+00
-1.625355720520019531e+00,9.065624922513961792e-01,-2.523124694824218750e+00
-1.625355720520019531e+00,4.804062545299530029e-01,-2.949280977249145508e+00
-1.625355720520019531e+00,9.065624922513961792e-01,-2.949280977249145508e+00
2.605324091746582305e+00,-2.370867039116767216e+00,-2.539549771153434055e+00
2.882851840450098457e+00,-2.073407404022996836e+00,-2.468981919731715546e+00
2.611490129231379242e+00,-2.033574268320211598e+00,-2.777623865115396384e+00
1.783894062042236328e+00,-2.928843736648559570e+00,4.599687159061431885e-01
2.210050344467163086e+00,-2.928843736648559570e+00,3.381246328353881836e-02
2.285893638955990070e+00,-3.666392664956930947e+00,3.128956061503754826e-01
-3.329980850219726562e+00,-1.650374948978424072e+00,4.599687159061431885e-01
-2.903824567794799805e+00,-1.650374948978424072e+00,8.861249238252639771e-01
-3.329980850219726562e+00,-1.224218726158142090e+00,8.861249238252639771e-01
-4.005498758251706093e+00,-1.788514863346725825e+00,8.131746162799179389e-01
-3.579342475826778891e+00,-1.788514863346725825e+00,1.239330824199038616e+00
-3.579342475826778891e+00,-2.214671086167007807e+00,8.131746162799179389e-01
-1.942109820061654890e-01,-1.309365967508440809e+00,-3.875349121452173584e+00
5.382773788047118257e-02,-1.729920890420332924e+00,-3.699240490583785679e+00
4.799839756019143588e-01,-1.729920890420332924e+00,-3.699240490583785679e+00
7.926921546459197998e-02,-1.224218726158142090e+00,-2.949280977249145508e+00
2.319452557152776873e-01,-1.309365967508440809e+00,-3.875349121452173584e+00
3.060425583038498765e+00,9.981420867006476350e-01,2.604246078395107578e+00
2.900116813934941362e+00,1.338814976942418244e+00,2.687117538543478013e+00
3.133204884845373961e+00,1.343947917636119538e+00,2.377426496891432706e+00
-4.022757565434366356e+00,-1.539527775411605903e+00,1.118918655612014534e+00
-3.596601283009439154e+00,-1.539527775411605903e+00,1.545074863531135323e+00
3.522532491392558751e-01,-4.290619985724170249e+00,9.227259221321151283e-01
9.796533739462490176e-02,-4.356104077094185456e+00,6.136966877745307913e-01
5.201277362534423299e-01,-4.353413387063165274e+00,5.660376444697778897e-01
-2.881094294893919106e+00,2.390625624392904935e+00,-2.108026630965243342e+00
-2.604671145197298365e+00,2.604277414442653260e+00,-2.261580718618483754e+00
-2.705845017974014777e+00,2.720582042760927521e+00,-1.929790347607761358e+00
2.861398702690498119e+00,1.704204820269800802e+00,-2.493485532309050789e+00
2.863762403068463414e+00,1.359673035975643263e+00,-2.684381362653772918e+00
2.631903482811200234e+00,1.661861558228205027e+00,-2.759512554281124075e+00
-2.696608013147109517e+00,-2.822089223792715873e-01,3.365598233788749560e+00
-2.696608013147109517e+00,1.439473302433327828e-01,3.365598233788749560e+00
-2.051512002944946289e+00,5.425000190734863281e-02,3.016906023025512695e+00
-2.477668285369873047e+00,-3.719062507152557373e-01,2.590749859809875488e+00
-2.477668285369873047e+00,5.425000190734863281e-02,2.590749859809875488e+00
-3.122764295572036275e+00,-2.822089223792715873e-01,2.939442070573112353e+00
-3.659076875575708598e+00,-5.320039038656592112e-01,1.778046677779739460e+00
-3.755359502568671459e+00,-7.458836846567595824e-01,1.450249298703248479e+00
-2.903824567794799805e+00,-7.980624884366989136e-01,1.312281131744384766e+00
-3.755359502568671459e+00,-1.172039922378202759e+00,1.450249298703248479e+00
-3.659076875575708598e+00,-9.581601415871023875e-01,1.778046677779739460e+00
3.726358824480154652e+00,7.098654895945853693e-02,-2.336413297030488057e+00
3.583743283028152593e+00,-2.837306840979703093e-01,-2.492362645830131118e+00
3.472752405506663642e+00,7.098654895945860632e-02,-2.662246830788773444e+00
1.697388965343643585e+00,-3.730885156179539308e+00,-8.975751227369040963e-01
1.875007537207578956e+00,-3.573001790648559162e+00,-1.233182282332965451e+00
1.498698425231598463e+00,-3.740564162363920531e+00,-1.252451554606131223e+00
3.240711820838515500e+00,-1.683160226399023296e+00,-9.865315811652878297e-01
3.985554444833022458e+00,-1.590156028678316069e+00,-1.210115926961904620e+00
3.807205533311523116e+00,-1.983526974077998606e+00,-6.159281351356822309e-01
3.698519450222803595e+00,-2.062584297355795293e+00,-9.056908798584819564e-01
3.876868361744302938e+00,-1.669213351956112756e+00,-1.499878671684704123e+00
-1.439411950434634491e-01,2.999963895147927051e+00,6.578789789874972538e-01
2.923473417758941650e-01,2.398109316825866699e+00,6.730467975139617920e-01
6.913691636667754215e-02,2.786885753935463672e+00,1.297113313217920227e+00
-7.831755292738864505e-01,3.213042036360390430e+00,8.709571052987994388e-01
-3.468869924545288086e-01,2.611187458038330078e+00,8.861249238252639771e-01
-5.599651038646697998e-01,2.824265599250793457e+00,2.468905895948410034e-01
-1.409399106152863457e+00,2.084760162932201233e+00,3.401166441757975001e+00
-1.219291621497060607e+00,1.808149789505081984e+00,3.644406328539135931e+00
-1.620794912800691989e+00,1.767672151146732817e+00,3.507020129048538326e+00
-3.756137132644653320e+00,-7.980624884366989136e-01,4.599687159061431885e-01
-4.181515784993598217e+00,-7.458836846567595824e-01,1.024093090784127691e+00
-4.181515784993598217e+00,-1.172039922378202759e+00,1.024093090784127691e+00
-3.329980850219726562e+00,-7.980624884366989136e-01,8.861249238252639771e-01
-2.808925113463806689e+00,-1.037464504197715520e+00,3.208270919985301006e+00
-2.904129326423482205e+00,-1.338764704176009346e+00,2.989562618316987663e+00
-3.235081395888733446e+00,-6.113082664762723439e-01,2.782114756769663799e+00
-3.330285608848408963e+00,-9.126084664545660585e-01,2.563406455101350456e+00
-2.477668285369873047e+00,-7.980624884366989136e-01,2.590749859809875488e+00
-3.329980850219726562e+00,-7.980624884366989136e-01,4.599687159061431885e-01
-2.903824567794799805e+00,-7.980624884366989136e-01,8.861249238252639771e-01
-3.329980850219726562e+00,-3.719062507152557373e-01,4.599687159061431885e-01
-5.981548758451697978e-01,1.494360990606010020e+00,3.828805046151413372e+00
-1.024311083764290586e+00,1.494360990606010020e+00,3.828805046151413372e+00
-7.730432301759719849e-01,1.332718729972839355e+00,3.016906023025512695e+00
-3.468870222568511963e-01,9.065624922513961792e-01,3.443062305450439453e+00
-7.730432301759719849e-01,9.065624922513961792e-01,3.443062305450439453e+00
-5.981548758451697978e-01,1.068204752884566844e+00,4.254961328576340129e+00
-3.329980850219726562e+00,-3.719062507152557373e-01,8.861249238252639771e-01
-2.903824567794799805e+00,-3.719062507152557373e-01,8.861249238252639771e-01
3.092476727709759787e-01,-3.080971096662623587e+00,2.323847797362407763e-01
7.354038359866131858e-01,-2.654814814237696829e+00,2.323847797362407763e-01
9.315816164016723633e-01,-3.355000019073486328e+00,4.599687159061431885e-01
5.054254531860351562e-01,-3.781156301498413086e+00,3.381246328353881836e-02
9.315816164016723633e-01,-3.355000019073486328e+00,3.381246328353881836e-02
3.092476727709759787e-01,-3.080971096662623587e+00,-1.937714728863635938e-01
-2.266814762927607876e-02,3.013429262075439374e-01,6.961015551261853784e-02
8.778558279574458778e-01,1.042792218868603626e+00,-1.000759565372068838e-01
8.833700864555142918e-01,1.651132144914975730e-01,2.034985753333642400e-01
3.105767061727275971e-02,-6.871992907537112227e-01,-6.488137212955877864e-01
9.315816462039947510e-01,5.425000190734863281e-02,-8.184998333454132080e-01
2.554341211920433535e-02,1.904797136233949972e-01,-9.523882531661589379e-01
7.926921546459197998e-02,-3.719062507152557373e-01,-2.949280977249145508e+00
-1.338088959455490112e-01,-5.849843770265579224e-01,-2.310046553611755371e+00
2.923473417758941650e-01,-5.849843770265579224e-01,-2.310046553611755371e+00
7.926921546459197998e-02,5.425000190734863281e-02,-2.949280977249145508e+00
-1.338088959455490112e-01,-1.588281244039535522e-01,-2.310046553611755371e+00
-3.468870222568511963e-01,5.425000190734863281e-02,-2.949280977249145508e+00
-3.429749789379312741e-01,-2.858191850939403977e+00,-3.180256937665717931e+00
-5.325909275047130409e-02,-2.680243603713558187e+00,-3.355986787048679254e+00
-4.686618962715066172e-01,-2.654662946548502322e+00,-3.358812900470149021e+00
1.642167825761558841e+00,-5.191177143296465957e-01,-3.757414353169001853e+00
1.490617562820363062e+00,-1.859531253576280629e-01,-3.839183592876159512e+00
1.868737372401339414e+00,-1.859531253576281740e-01,-3.673324866640795161e+00
-1.199199438095092773e+00,5.425000190734863281e-02,-2.949280977249145508e+00
-7.730432301759719849e-01,4.804062545299530029e-01,-2.949280977249145508e+00
-7.730432301759719849e-01,5.425000190734863281e-02,-2.949280977249145508e+00
-8.289244697524990046e-01,1.169979812488096127e-01,-3.412763071450853225e+00
-4.027682618333782161e-01,5.431542338714139273e-01,-3.412763071450853225e+00
-8.289244697524990046e-01,5.431542338714139273e-01,-3.412763071450853225e+00
-2.037880887008247655e+00,3.803468853143318729e+00,3.028263990888874213e-01
-2.282597427284589919e+00,3.653953377017146842e+00,5.630346801903138854e-01
-1.905479306640166737e+00,3.830112506942628947e+00,5.951269182030013427e-01
-6.428160199357948468e-01,-3.610616257155948805e+00,-1.815449499023166879e+00
-3.468870222568511963e-01,-2.928843736648559570e+00,-1.670812129974365234e+00
-6.428160199357948468e-01,-3.610616257155948805e+00,-2.241605781448093637e+00
-1.068972227854915635e+00,-3.610616257155948805e+00,-1.815449499023166879e+00
-7.730432301759719849e-01,-2.928843736648559570e+00,-1.670812129974365234e+00
-7.730432301759719849e-01,-2.928843736648559570e+00,-1.244655847549438477e+00
6.667796083137111918e-01,2.913354667769222139e+00,3.115375428115128020e+00
1.092935771529348399e+00,2.487198385344295382e+00,3.115375428115128020e+00
9.315816164016723633e-01,2.611187458038330078e+00,2.164593696594238281e+00
8.935359551905470710e-01,3.177319418025613906e+00,2.839634010564746180e+00
1.319692118406184278e+00,2.751163135600687148e+00,2.839634010564746180e+00
2.210050344467163086e+00,-2.076531171798706055e+00,3.381246328353881836e-02
1.996972203254699707e+00,-2.289609313011169434e+00,2.468905895948410034e-01
1.996972203254699707e+00,-2.289609313011169434e+00,-1.792656630277633667e-01
2.210050344467163086e+00,-2.502687454223632812e+00,-3.923437893390655518e-01
1.996972203254699707e+00,-2.715765595436096191e+00,-1.792656630277633667e-01
2.210050344467163086e+00,-2.502687454223632812e+00,3.381246328353881836e-02
9.315816164016723633e-01,-2.076531171798706055e+00,2.590749859809875488e+00
9.315816164016723633e-01,-1.650374948978424072e+00,2.590749859809875488e+00
1.357737779617309570e+00,-1.650374948978424072e+00,3.016906023025512695e+00
1.783894062042236328e+00,-1.650374948978424072e+00,2.590749859809875488e+00
1.783894062042236328e+00,-1.224218726158142090e+00,2.590749859809875488e+00
1.357737898826599121e+00,-1.650374948978424072e+00,2.164593696594238281e+00
1.490617562820363062e+00,2.402031272649763072e-01,-3.839183592876159512e+00
1.357737779617309570e+00,5.425000190734863281e-02,-2.949280977249145508e+00
1.868737372401339414e+00,2.402031272649761962e-01,-3.673324866640795161e+00
2.154305557509582414e+00,-1.241347139858085535e+00,-3.392229198405110058e+00
1.806414583378394001e+00,-1.207335343314562159e+00,-3.625069920474182084e+00
1.874687192792273693e+00,-1.536000499986484913e+00,-3.466233758695874911e+00
-1.838433861732482910e+00,2.398109316825866699e+00,2.468905895948410034e-01
-1.838433861732482910e+00,1.545796841382980347e+00,2.468905895948410034e-01
-1.625355720520019531e+00,1.758874982595443726e+00,3.381246328353881836e-02
-1.412277579307556152e+00,2.824265599250793457e+00,2.468905895948410034e-01
-1.412277579307556152e+00,1.971953123807907104e+00,2.468905895948410034e-01
-1.625355720520019531e+00,2.611187458038330078e+00,4.599687159061431885e-01
3.373964523641260982e+00,-2.651313959884147753e+00,-6.983924675809966010e-01
3.479675658965487361e+00,-2.385667991579641267e+00,-9.948439756571462178e-01
3.200514982443684264e+00,-2.680450386125544426e+00,-1.071702964888267884e+00
2.580461839934509172e+00,-8.151909021366423591e-01,-3.392229198405110058e+00
2.455032045048388234e+00,-5.406703583805512192e-01,-3.548684154497918630e+00
2.232570865803320537e+00,-7.811791055931190941e-01,-3.625069920474182084e+00
-7.730432301759719849e-01,1.332718729972839355e+00,-2.523124694824218750e+00
-7.730432301759719849e-01,1.332718729972839355e+00,-2.949280977249145508e+00
-3.468870222568511963e-01,9.065624922513961792e-01,-2.949280977249145508e+00
-7.730432301759719849e-01,9.065624922513961792e-01,-2.949280977249145508e+00
-7.730432301759719849e-01,9.065624922513961792e-01,-2.523124694824218750e+00
2.640556953957752473e+00,-1.859531253576282572e-01,-3.447491762115555858e+00
2.294893654826266172e+00,-1.859531253576281740e-01,-3.673324866640795161e+00
-3.756137132644653320e+00,5.425000190734863281e-02,4.599687159061431885e-01
-3.756137132644653320e+00,4.804062545299530029e-01,8.861249238252639771e-01
-3.756137132644653320e+00,5.425000190734863281e-02,8.861249238252639771e-01
-3.329980850219726562e+00,5.425000190734863281e-02,8.861249238252639771e-01
-3.329980850219726562e+00,5.425000190734863281e-02,4.599687159061431885e-01
2.338797588806498795e-02,1.169979812488096127e-01,-3.412763071450853225e+00
-4.027682618333782161e-01,1.169979812488096127e-01,-3.412763071450853225e+00
2.780859831630912993e+00,-5.431227461581114024e-01,-3.295082208740838681e+00
-6.278287412391744815e-02,2.398109319930275873e+00,1.987028576847579497e+00
7.895295268131629074e-01,2.398109319930275873e+00,1.987028576847579497e+00
5.054253786802291870e-01,2.185031175613403320e+00,2.164593696594238281e+00
7.926921546459197998e-02,2.185031175613403320e+00,1.738437414169311523e+00
9.315816164016723633e-01,2.185031175613403320e+00,1.738437414169311523e+00
3.633733635975257004e-01,2.398109319930275873e+00,1.560872294422652740e+00
-2.477668285369873047e+00,2.611187458038330078e+00,-8.184998184442520142e-01
-3.132001300398941535e+00,2.720582042760927521e+00,-1.077478036077648138e+00
-2.705845017974014777e+00,3.146738325185854279e+00,-1.503634065182834600e+00
-2.051512002944946289e+00,2.611187458038330078e+00,-1.244655847549438477e+00
-2.705845017974014777e+00,2.720582042760927521e+00,-1.503634065182834600e+00
-2.477668285369873047e+00,2.185031175613403320e+00,-8.184998184442520142e-01
-1.625355720520019531e+00,9.065625071525573730e-01,8.861249387264251709e-01
-2.264590144157409668e+00,1.119640618562698364e+00,6.730467975139617920e-01
-2.264590144157409668e+00,1.119640618562698364e+00,1.525359272956848145e+00
-1.838433861732482910e+00,1.545796841382980347e+00,1.525359272956848145e+00
-2.477668285369873047e+00,1.758874952793121338e+00,1.312281131744384766e+00
-1.838433861732482910e+00,1.545796841382980347e+00,6.730467975139617920e-01
-4.160929223104144370e+00,1.423565871451882181e+00,-8.782170018904981168e-01
-3.734772940679217612e+00,1.423565871451882181e+00,-1.304373030995684690e+00
1.034601659315298017e+00,3.424479820108864203e+00,-2.465010151980781661e+00
1.460757822530935224e+00,3.424479820108864203e+00,-2.038853869555854903e+00
9.315816164016723633e-01,3.037343740463256836e+00,-1.670812129974365234e+00
9.315816164016723633e-01,2.611187458038330078e+00,-2.096968412399291992e+00
1.357737779617309570e+00,2.611187458038330078e+00,-1.670812129974365234e+00
1.460757822530935224e+00,2.998323537683937445e+00,-2.465010151980781661e+00
5.054254531860351562e-01,3.037343740463256836e+00,1.738437414169311523e+00
3.633733635975257004e-01,2.824265602355202631e+00,1.987028576847579497e+00
3.633733635975257004e-01,2.824265602355202631e+00,1.560872294422652740e+00
5.054254531860351562e-01,2.611187458038330078e+00,1.312281131744384766e+00
5.054254531860351562e-01,2.611187458038330078e+00,1.738437414169311523e+00
4.795800161235459769e-02,-1.478560984998197991e+00,1.889927654747640129e-01
-1.264388741689477791e-01,-1.018053625280402663e+00,-2.052379620324263909e-01
-6.132698342538554087e-02,-1.920278532109038316e+00,-3.894298839408520396e-01
-5.430647728695879861e-01,-2.228658531812770072e+00,6.585409876553615094e-01
-7.174616486508903490e-01,-1.768151172094974743e+00,2.643102601481711611e-01
-6.081766636131502590e-01,-1.326433624984134196e+00,8.427329095637872136e-01
-2.477668285369873047e+00,9.065624922513961792e-01,2.164593696594238281e+00
-2.051512002944946289e+00,1.332718729972839355e+00,2.590749859809875488e+00
-2.477668285369873047e+00,9.065624922513961792e-01,2.590749859809875488e+00
-2.477668285369873047e+00,4.804062545299530029e-01,2.164593696594238281e+00
-2.051512002944946289e+00,9.065624922513961792e-01,2.590749859809875488e+00
-2.051512002944946289e+00,9.065624922513961792e-01,2.164593696594238281e+00
1.271232802128006378e+00,-4.157041438604466066e+00,-4.714190936317176339e-01
1.357737898826599121e+00,-3.355000019073486328e+00,-3.923437893390655518e-01
-3.213692171852294166e+00,2.791120886231601705e+00,-7.069278702199879305e-01
-3.249550931035929402e+00,2.825163181409342084e+00,-3.243421357434198016e-01
-3.468092347922725249e+00,2.538036770651349805e+00,-5.051807284821664412e-01
-2.917523408783338823e+00,-2.452054395016190380e+00,-1.442338460202345019e+00
-2.938652606349313245e+00,-2.192037511738139877e+00,-1.744663400446875512e+00
-3.364808888774240003e+00,-1.765881288917857894e+00,-1.744663400446875512e+00
-2.477668285369873047e+00,-1.650374948978424072e+00,-1.244655847549438477e+00
-3.343679691208265581e+00,-2.025898172195908398e+00,-1.442338460202345019e+00
-4.234325192860650233e+00,7.671544002559265163e-01,1.304505483019514189e+00
-4.075158580349473425e+00,9.128392796268852694e-01,1.641207100070750213e+00
-4.173047987339690401e+00,5.128832807448679976e-01,1.609406001627097904e+00
-2.397267010527301068e+00,1.687772630458731049e+00,3.332095655552042235e+00
-2.732532782673116500e+00,1.584448610004416391e+00,3.087701300204771293e+00
-2.540166513905941947e+00,1.866074899167940337e+00,3.095035324812179134e+00
-5.606572938116080596e-02,-6.544063743126291577e-01,-4.459733351091662357e+00
-4.686115312914082009e-01,-6.374410294497443452e-01,-4.461091977365706285e+00
-2.562256623222565199e-01,-2.996891412440287339e-01,-4.493134136421964797e+00
6.667796083137111918e-01,2.061042162524013399e+00,3.541531591330765227e+00
9.315816164016723633e-01,1.758874952793121338e+00,2.590749859809875488e+00
7.926921546459197998e-02,1.758874952793121338e+00,3.016906023025512695e+00
5.054253786802291870e-01,2.185031175613403320e+00,2.590749859809875488e+00
2.406233705922680155e-01,2.487198385344295382e+00,3.541531591330765227e+00
-4.297056916288505946e+00,-6.340508068864823821e-02,8.492398298511525390e-01
-4.355684176027986965e+00,-2.294258381081201448e-01,5.609390584620106424e-01
-4.297056916288505946e+00,3.627511719339561180e-01,8.492398298511525390e-01
-4.355684176027986965e+00,1.967304145144842253e-01,5.609390584620106424e-01
4.246771053721079880e+00,2.402031272649759464e-01,-1.200410456301953310e+00
4.299736187578929503e+00,6.002356252349354548e-01,-9.921279861229594932e-01
3.975841079319327065e+00,4.310190469294180593e-01,-1.764998993177849362e+00
3.590780365907267679e+00,3.111896762244355519e-01,-1.165214796393955421e+00
3.922875945461477443e+00,7.098654895945849530e-02,-1.973281463356843179e+00
1.466968320235518153e+00,3.634693217362639395e+00,-1.695339082265959529e+00
1.797827402431056987e+00,3.406560173179252526e+00,-1.819745813495513787e+00
1.808436452448463738e+00,3.589729199501062062e+00,-1.449853548943706993e+00
3.806272491688953430e+00,4.359614408540665176e-01,-2.150399628258817586e+00
-1.838433861732482910e+00,6.934843808412551880e-01,-1.883890271186828613e+00
-1.625355720520019531e+00,5.425000190734863281e-02,-1.670812129974365234e+00
-1.838433861732482910e+00,-1.588281244039535522e-01,-1.883890271186828613e+00
-1.625355720520019531e+00,4.804062545299530029e-01,-2.523124694824218750e+00
-1.412277579307556152e+00,-1.588281244039535522e-01,-2.310046553611755371e+00
-1.412277579307556152e+00,6.934843808412551880e-01,-2.310046553611755371e+00
3.873579905154003189e+00,1.026391862956378631e+00,-1.418284015228145956e+00
3.860862952842657236e+00,1.368125810069108272e+00,-1.196878159676214359e+00
3.488519191741943359e+00,9.065624922513961792e-01,-8.184998184442520142e-01
4.287019235267583994e+00,9.419695723476652072e-01,-7.707221305710277859e-01
-7.730432301759719849e-01,-2.502687454223632812e+00,-2.523124694824218750e+00
-7.730432301759719849e-01,-2.502687454223632812e+00,-2.096968412399291992e+00
-1.199199438095092773e+00,-2.076531171798706055e+00,-2.523124694824218750e+00
-1.317751799620172859e+00,-2.947184310793536710e+00,-2.920422937998464530e+00
-1.317751799620172859e+00,-2.947184310793536710e+00,-2.494266655573537772e+00
-8.915955917010520704e-01,-3.373340593218463468e+00,-2.494266655573537772e+00
-1.427267340483497016e+00,5.626650745021832822e-01,-3.811515453403506726e+00
-1.673035162692611433e+00,8.688025210580234692e-01,-3.643188193990893442e+00
-2.099191445117538191e+00,8.688025210580234692e-01,-3.643188193990893442e+00
-1.853423622908423773e+00,5.626650745021832822e-01,-3.811515453403506726e+00
9.361279643971420761e-01,4.348000086611909509e+00,-1.083751487935295243e-01
1.024797735438123691e+00,4.305678475979543229e+00,-4.794923668955878293e-01
1.450953898653760898e+00,3.879522193554616472e+00,-4.794923668955878293e-01
9.315816164016723633e-01,3.463500022888183594e+00,-3.923437893390655518e-01
1.362284127612779283e+00,3.921843804186983196e+00,-1.083751487935295243e-01
-2.025894440751078829e+00,6.744050945440641653e-01,3.758162271370199647e+00
-1.599738158326152071e+00,1.100561332265507453e+00,3.758162271370199647e+00
-1.625355720520019531e+00,9.065624922513961792e-01,3.016906023025512695e+00
-2.051512002944946289e+00,9.065624922513961792e-01,3.016906023025512695e+00
-1.625355720520019531e+00,1.332718729972839355e+00,3.016906023025512695e+00
-2.025894440751078829e+00,1.100561332265507453e+00,3.758162271370199647e+00
-2.158701471367407088e+00,4.992557075074509076e-01,-3.688082677369122653e+00
-2.053189018681069289e+00,-2.026601598774588342e-01,-3.753697809129520557e+00
-2.410225171955461487e+00,-1.406723892676187693e-01,-3.555792758623405270e+00
-2.271328981093104993e+00,-5.248800402622975092e-01,-3.615592729752847845e+00
-3.575726800347864387e+00,-2.981030333379844910e-01,-2.362574879575831233e+00
-3.761227385273623991e+00,-2.037968530271894174e-01,-2.005952411383804979e+00
-3.682398811829597385e+00,-5.981073773498686297e-01,-2.099701938773486987e+00
1.501293025652808311e+00,-3.823869468801983196e+00,3.113819093966161411e-01
6.675334955381074797e-01,-4.265032048703478296e+00,8.932282166819465186e-01
9.315816462039947510e-01,9.065625071525573730e-01,1.738437414169311523e+00
1.144659757614135742e+00,1.545796841382980347e+00,1.525359272956848145e+00
2.923473417758941650e-01,1.545796841382980347e+00,1.525359272956848145e+00
7.185035049915313721e-01,1.119640618562698364e+00,1.951515555381774902e+00
9.315816164016723633e-01,1.758874952793121338e+00,1.738437414169311523e+00
1.570815920829772949e+00,1.119640618562698364e+00,1.951515555381774902e+00
-2.678860861642368363e+00,9.092334738605788447e-01,-3.226680076252899987e+00
-2.518394576570381904e+00,6.737805470077729009e-01,-3.432711147517878203e+00
-2.353138534780641500e+00,1.086749508732855807e+00,-3.416653576709210327e+00
8.272782492077020988e-01,-2.075909845612479376e+00,-3.675360564078721026e+00
1.138270739598921555e+00,-2.220299533463389707e+00,-3.491713306449258258e+00
1.564426902814558762e+00,-1.794143310643107503e+00,-3.491713306449258258e+00
9.315816164016723633e-01,-1.650374948978424072e+00,-2.949280977249145508e+00
1.253434412423339417e+00,-1.649753622792197394e+00,-3.675360564078721026e+00
3.458806603330262242e-01,1.226708019227545243e+00,-4.196037027374867279e+00
-1.361568169649439719e-01,1.289455998569006168e+00,-4.233362839151647350e+00
2.338797588806498795e-02,5.431542338714139273e-01,-3.838919353875779983e+00
5.054254531860351562e-01,9.065624922513961792e-01,-3.375437259674072266e+00
2.338797588806498795e-02,9.693104715928571036e-01,-3.412763071450853225e+00
3.458806603330262242e-01,1.652864256948988420e+00,-3.769880744949940077e+00
-2.579779887624113144e+00,1.709167749592155339e+00,-2.706060881429522169e+00
-2.678860861642368363e+00,1.335389711582021910e+00,-2.800523793827973229e+00
-2.353138534780641500e+00,1.512905746454298983e+00,-2.990497294284283569e+00
1.783894062042236328e+00,5.425000190734863281e-02,1.738437414169311523e+00
1.783894062042236328e+00,9.065625071525573730e-01,8.861249387264251709e-01
1.783894062042236328e+00,5.425000190734863281e-02,8.861249387264251709e-01
9.315816462039947510e-01,5.425000190734863281e-02,1.738437414169311523e+00
9.315816462039947510e-01,9.065625071525573730e-01,8.861249387264251709e-01
1.783894062042236328e+00,5.425000190734863281e-02,2.590749859809875488e+00
1.996972203254699707e+00,-5.849843770265579224e-01,1.951515555381774902e+00
1.570815920829772949e+00,-1.588281244039535522e-01,2.377671718597412109e+00
1.570815920829772949e+00,6.934843808412551880e-01,2.377671718597412109e+00
1.996972203254699707e+00,2.673281282186508179e-01,1.951515555381774902e+00
1.143058526550405851e+00,-2.539376637040847484e+00,-3.264598579932611155e+00
8.958740450248271481e-01,-2.389392765930232088e+00,-3.477338384427846485e+00
-1.625355720520019531e+00,1.332718729972839355e+00,-2.523124694824218750e+00
-2.051512002944946289e+00,9.065624922513961792e-01,-2.523124694824218750e+00
-1.926982252355714520e+00,1.512905746454298983e+00,-3.416653576709210327e+00
1.783894062042236328e+00,5.425000190734863281e-02,3.016906023025512695e+00
2.210050344467163086e+00,5.425000190734863281e-02,3.016906023025512695e+00
1.783894062042236328e+00,4.804062545299530029e-01,3.016906023025512695e+00
1.868737372401342522e+00,2.402031272649761962e-01,3.707137389528976978e+00
2.294893654826269280e+00,2.402031272649761962e-01,3.707137389528976978e+00
2.294893654826269280e+00,-1.859531253576281740e-01,3.707137389528976978e+00
-3.399025456863454586e+00,-2.314867770895043808e+00,1.140499131543423861e+00
-3.362303590691248623e+00,-2.546486388153487823e+00,8.006638359215582090e-01
-3.147657729390989090e+00,-2.637499067084290605e+00,1.133809372402690752e+00
1.357737779617309570e+00,9.065624922513961792e-01,3.016906023025512695e+00
9.315816164016723633e-01,9.065624922513961792e-01,3.016906023025512695e+00
9.315816164016723633e-01,1.332718729972839355e+00,3.016906023025512695e+00
1.357737779617309570e+00,1.332718729972839355e+00,2.590749859809875488e+00
9.315816164016723633e-01,1.332718729972839355e+00,2.590749859809875488e+00
1.357737779617309570e+00,9.065624922513961792e-01,2.590749859809875488e+00
2.210050344467163086e+00,3.037343740463256836e+00,3.381246328353881836e-02
1.783894062042236328e+00,3.037343740463256836e+00,-3.923437893390655518e-01
1.783894062042236328e+00,3.037343740463256836e+00,3.381246328353881836e-02
2.146925787969120147e+00,3.790987052563858484e+00,1.979403402220071828e-01
1.720769505544193390e+00,3.790987052563858484e+00,-2.282159124005971873e-01
2.146925787969120147e+00,3.790987052563858484e+00,-2.282159124005971873e-01
9.315816164016723633e-01,-3.719062507152557373e-01,-2.949280977249145508e+00
9.315816164016723633e-01,-7.980624884366989136e-01,-2.523124694824218750e+00
1.357737779617309570e+00,-7.980624884366989136e-01,-2.523124694824218750e+00
7.185035049915313721e-01,-5.849843770265579224e-01,-2.310046553611755371e+00
7.185035049915313721e-01,-1.011140614748001099e+00,-1.883890271186828613e+00
1.490617562820368613e+00,2.402031272649763072e-01,3.872996115764341329e+00
1.064461399604731406e+00,2.402031272649763072e-01,4.299152398189267643e+00
9.315816164016723633e-01,4.804062545299530029e-01,3.443062305450439453e+00
9.315816164016723633e-01,5.425000190734863281e-02,3.443062305450439453e+00
5.054254531860351562e-01,5.425000190734863281e-02,3.869218587875366211e+00
1.064461399604731406e+00,-1.859531253576280629e-01,4.299152398189267643e+00
2.923473417758941650e-01,-2.289609313011169434e+00,-1.883890271186828613e+00
6.048898256810287810e-01,-2.334656798062473282e+00,-1.504073155920343741e+00
3.918117142708877898e-01,-2.547734939274936661e+00,-1.290995014707880362e+00
2.923473417758941650e-01,-2.715765595436096191e+00,-1.883890271186828613e+00
6.048898256810287810e-01,-2.760813080487400040e+00,-1.504073155920343741e+00
5.054254531860351562e-01,-2.502687454223632812e+00,-2.096968412399291992e+00
-2.051512002944946289e+00,-7.980624884366989136e-01,3.016906023025512695e+00
-1.625355720520019531e+00,-7.980624884366989136e-01,3.016906023025512695e+00
-1.625355720520019531e+00,-1.224218726158142090e+00,3.016906023025512695e+00
-2.051512002944946289e+00,-1.224218726158142090e+00,2.590749859809875488e+00
-1.625355720520019531e+00,-1.224218726158142090e+00,2.590749859809875488e+00
-2.051512002944946289e+00,-7.980624884366989136e-01,2.590749859809875488e+00
7.185035049915313721e-01,2.824265599250793457e+00,2.468905895948410034e-01
9.315816164016723633e-01,2.611187458038330078e+00,8.861249238252639771e-01
9.315816462039947510e-01,2.611187458038330078e+00,3.381246328353881836e-02
1.144659757614135742e+00,2.398109316825866699e+00,6.730467975139617920e-01
1.570815920829772949e+00,2.824265599250793457e+00,2.468905895948410034e-01
7.926921546459197998e-02,-3.355000019073486328e+00,-1.244655847549438477e+00
2.858204834212835221e-02,-4.206409427158373404e+00,-1.537036040209621701e+00
-3.975741893793148241e-01,-3.780253144733446202e+00,-1.537036040209621701e+00
-3.975741893793148241e-01,-3.780253144733446202e+00,-1.963192322634548459e+00
7.926921546459197998e-02,-3.355000019073486328e+00,-1.670812129974365234e+00
-4.088032384518298645e-01,-1.215609664824113700e+00,4.200533654874771372e+00
-6.674244391273604915e-01,-8.989206102911919682e-01,4.279318275496123647e+00
-7.730432301759719849e-01,-7.980624884366989136e-01,3.443062305450439453e+00
-1.093580647046481280e+00,-1.325076848012635145e+00,3.853161993071196889e+00
-8.349594463709506531e-01,-1.641765902545556877e+00,3.774377372449845058e+00
7.185035049915313721e-01,6.934843808412551880e-01,2.377671718597412109e+00
2.923473417758941650e-01,1.119640618562698364e+00,2.377671718597412109e+00
2.580461839934509172e+00,-1.241347139858085535e+00,-2.966072915980183300e+00
2.859595149805070680e+00,-1.299989844347702483e+00,-2.691135915264723621e+00
2.859595149805070680e+00,-8.738336066262594182e-01,-3.117292197689650379e+00
2.210050344467163086e+00,-7.980624884366989136e-01,-2.523124694824218750e+00
2.923473417758941650e-01,-1.011140614748001099e+00,1.951515555381774902e+00
-1.338088959455490112e-01,-1.437296837568283081e+00,1.951515555381774902e+00
7.926921546459197998e-02,-1.650374948978424072e+00,2.164593696594238281e+00
-3.468869924545288086e-01,-1.224218726158142090e+00,2.164593696594238281e+00
-7.730432301759719849e-01,-1.650374948978424072e+00,2.164593696594238281e+00
-5.599651038646697998e-01,-1.011140614748001099e+00,1.951515555381774902e+00
1.800059547897059353e+00,-2.176860428360046118e+00,-1.695977845204823087e+00
1.783894062042236328e+00,-1.650374948978424072e+00,-1.670812129974365234e+00
1.783894062042236328e+00,-2.076531171798706055e+00,-2.096968412399291992e+00
1.921226341613978761e+00,3.260435615946080556e+00,1.949510975329028284e+00
2.080096186722775187e+00,3.374006637367588546e+00,1.574995812491212455e+00
1.734450052098060802e+00,3.518485984140706790e+00,1.722204316137530222e+00
1.497302994018565592e+00,2.004095919651217805e+00,3.455406151005250059e+00
1.877759696418196622e+00,1.883461577881795579e+00,3.333644244559940795e+00
1.357737779617309570e+00,1.758874952793121338e+00,2.590749859809875488e+00
1.877759696418196622e+00,2.309617800702077339e+00,2.907488081344303588e+00
1.497302994018565592e+00,2.430252142471499788e+00,3.029249987789612852e+00
1.989540783625558529e+00,-8.333518663191172848e-01,-1.461352481212191634e+00
1.783894062042236328e+00,-1.224218726158142090e+00,-1.670812129974365234e+00
1.563384501200631771e+00,-8.333518663191172848e-01,-1.887508763637118392e+00
1.989540783625558529e+00,-8.333518663191172848e-01,-1.887508763637118392e+00
1.783894062042236328e+00,-1.224218726158142090e+00,-2.096968412399291992e+00
2.210050344467163086e+00,-1.224218726158142090e+00,-1.670812129974365234e+00
-3.329980850219726562e+00,9.065624922513961792e-01,-1.244655847549438477e+00
-2.903824567794799805e+00,9.065624922513961792e-01,-1.670812129974365234e+00
-3.616008812387773386e+00,9.084267895799693626e-01,-2.106861904612765457e+00
-3.616008812387773386e+00,1.334583027301412539e+00,-1.680705622187838921e+00
-4.042165094812700588e+00,9.084267895799693626e-01,-1.680705622187838921e+00
-6.414122566124624836e-01,-4.345331685928728760e+00,3.020283360063243938e-01
-7.267720193688056440e-01,-4.283867996427805025e+00,6.947329744547043884e-01
-3.281909003268183023e-01,-4.356104077094185456e+00,6.136966877745307913e-01
1.676162213582623739e+00,5.337165273583637237e-01,3.782052780672114700e+00
-8.212548048256136379e-01,-6.871992907537112227e-01,2.034985753333642400e-01
-1.412277579307556152e+00,-1.437296837568283081e+00,6.730467975139617920e-01
-8.212548048256136379e-01,-6.871992907537112227e-01,1.055811050776250593e+00
-1.412277579307556152e+00,-1.437296837568283081e+00,1.525359272956848145e+00
-1.625355720520019531e+00,-7.980625033378601074e-01,8.861249387264251709e-01
-7.730432301759719849e-01,-2.928843736648559570e+00,-8.184998184442520142e-01
-2.913054407317695604e-01,-2.194307454519901501e+00,-1.014158229498740571e+00
-7.174616486508903490e-01,-2.194307454519901501e+00,-5.880022003935539976e-01
-5.430647728695879861e-01,-2.654814814237696829e+00,-1.937714728863635938e-01
-1.169085649504671698e-01,-2.654814814237696829e+00,-6.199275019915501117e-01
-3.756137132644653320e+00,-3.719062507152557373e-01,3.381246328353881836e-02
-3.756137132644653320e+00,5.425000190734863281e-02,3.381246328353881836e-02
-3.329980850219726562e+00,-3.719062507152557373e-01,3.381246328353881836e-02
-2.051512002944946289e+00,2.185031175613403320e+00,8.861249238252639771e-01
-1.625355720520019531e+00,2.611187458038330078e+00,8.861249238252639771e-01
-7.730432748794555664e-01,2.185031175613403320e+00,1.312281131744384766e+00
-7.730432748794555664e-01,2.185031175613403320e+00,8.861249238252639771e-01
3.062362909317016602e+00,1.758874952793121338e+00,1.312281131744384766e+00
2.636206626892089844e+00,2.185031175613403320e+00,1.312281131744384766e+00
2.636206626892089844e+00,1.758874952793121338e+00,1.312281131744384766e+00
2.636206626892089844e+00,1.758874952793121338e+00,1.738437414169311523e+00
2.210050344467163086e+00,2.185031175613403320e+00,1.738437414169311523e+00
2.636206626892089844e+00,2.185031175613403320e+00,1.738437414169311523e+00
4.801892681188681400e-01,-1.372773641058573357e+00,1.455613468693776502e+00
-5.599651038646697998e-01,-1.437296837568283081e+00,1.525359272956848145e+00
-1.590450661115548336e-01,-2.012007975288996331e+00,1.242535327481313123e+00
2.671111418075659549e-01,-2.012007975288996331e+00,1.668691609906239881e+00
-7.730432301759719849e-01,-2.076531171798706055e+00,1.738437414169311523e+00
-2.903824567794799805e+00,9.065624922513961792e-01,-1.244655847549438477e+00
-3.730236859585875919e+00,-1.309685920354308752e+00,-1.379047207627028593e+00
-3.682398811829597385e+00,-1.024263615071311806e+00,-1.673545656348560229e+00
-3.682398811829597385e+00,-5.981073773498686297e-01,-1.673545656348560229e+00
-2.903824567794799805e+00,-7.980624884366989136e-01,-1.244655847549438477e+00
-3.730236859585875919e+00,-8.835296826328656872e-01,-1.379047207627028593e+00
-3.421492231451170873e+00,-2.571841084074240058e+00,-3.336528809612098190e-01
-3.149581821475170074e+00,-2.867552753568236135e+00,-3.432317443309413907e-01
-3.274719828240803210e+00,-2.736433266386795626e+00,1.263228448565528739e-02
-2.903824567794799805e+00,-1.650374948978424072e+00,-8.184998184442520142e-01
-3.564367347383822437e+00,-1.685300468036631250e+00,-1.419695127132459822e+00
-3.564367347383822437e+00,-2.111456690856913454e+00,-9.935390980272733596e-01
-3.717929342024415273e+00,-1.998856832214570778e+00,-6.348416449144786977e-01
-3.717929342024415273e+00,-1.572700609394288795e+00,-1.060997674019665160e+00
-3.570193213547656619e-01,3.639198318785317188e+00,8.709571052987994388e-01
-1.338088959455490112e-01,3.250421881675720215e+00,2.468905895948410034e-01
-7.730432301759719849e-01,3.463500022888183594e+00,4.599687159061431885e-01
-3.373174164365682515e+00,3.964591648741643271e-01,2.674256909784264113e+00
-3.601750966946559718e+00,2.166058518559884349e-01,2.358085547674381388e+00
-2.903824567794799805e+00,5.425000190734863281e-02,2.164593696594238281e+00
-3.373174164365682515e+00,-2.969708774844004306e-02,2.674256909784264113e+00
3.526746889431308318e+00,-1.657470385411985214e+00,2.166242847195187338e+00
3.329652649607138581e+00,-1.641614204082722628e+00,2.480732096454892677e+00
3.270848351931470610e+00,-1.957910208175094535e+00,2.270732446834747620e+00
-6.626682615451546798e-01,4.375116184182291867e+00,5.530311462089640973e-01
-8.875769915252629261e-01,4.340659228938649861e+00,2.325970380478681876e-01
-5.130446643753825420e-01,4.420753509777077817e+00,1.631660769144977485e-01
-1.208006259284157835e+00,-2.767051420692662411e+00,2.782632409066027268e+00
-1.005870626399441470e+00,-3.337886099790213557e+00,2.513099724719770833e+00
-7.818500513650370465e-01,-3.193207703117589169e+00,2.782632409066027268e+00
-7.730432301759719849e-01,-2.502687454223632812e+00,2.164593696594238281e+00
9.361279643971420761e-01,4.348000086611909509e+00,3.177811038290748735e-01
1.206717801772231979e+00,4.226007309131663447e+00,5.988962344165662532e-01
8.232188640764982468e-01,4.331025450178380254e+00,7.101772404421994311e-01
-1.412277579307556152e+00,-2.289609313011169434e+00,6.730467975139617920e-01
-7.561429140820513650e-01,-2.441736673025233451e+00,1.930665342493858433e-02
-5.430647728695879861e-01,-2.654814814237696829e+00,2.323847797362407763e-01
-1.412277579307556152e+00,-2.715765595436096191e+00,2.468905895948410034e-01
-1.199199438095092773e+00,-2.502687454223632812e+00,8.861249238252639771e-01
4.448798969600110453e+00,2.402031272649758908e-01,-4.026202583503603605e-01
4.431692170461420943e+00,5.973727480653805433e-01,-1.961718946695301113e-01
4.399591999781663709e+00,5.957145502363877521e-01,-5.949271384835468357e-01
-1.625355720520019531e+00,5.425000190734863281e-02,3.381246328353881836e-02
-2.264590144157409668e+00,-1.588281244039535522e-01,-6.054216921329498291e-01
-2.264590144157409668e+00,6.934843808412551880e-01,-6.054216921329498291e-01
-1.625355720520019531e+00,5.425000190734863281e-02,-8.184998333454132080e-01
-2.264590144157409668e+00,-1.588281244039535522e-01,-1.457733988761901855e+00
-1.625355720520019531e+00,-7.980625033378601074e-01,-8.184998333454132080e-01
6.985965451143610894e-01,3.590875134055430351e+00,-2.374063797842036916e+00
1.040812157019880946e+00,3.634693217362639395e+00,-2.121495364690886287e+00
-9.673107524820248049e-01,3.772023299615665071e+00,1.674568732992223641e+00
-1.357808389674663108e+00,3.653419184015167520e+00,1.713483234111691900e+00
-1.234901483016286328e+00,3.833693284928270106e+00,1.354042792687788932e+00
-2.477668285369873047e+00,-2.076531171798706055e+00,4.599687159061431885e-01
-2.477668285369873047e+00,-1.650374948978424072e+00,4.599687159061431885e-01
-2.051512002944946289e+00,-1.650374948978424072e+00,4.599687159061431885e-01
-2.477668285369873047e+00,-2.076531171798706055e+00,3.381246328353881836e-02
-2.477668285369873047e+00,-1.650374948978424072e+00,3.381246328353881836e-02
-2.903824567794799805e+00,-2.076531171798706055e+00,3.381246328353881836e-02
2.642650097962968125e+00,2.144398415541098668e+00,2.749405754305717764e+00
2.506646539853518707e+00,2.510094145954320233e+00,2.590914948848526578e+00
2.303915978843123380e+00,2.309617800702077339e+00,2.907488081344303588e+00
-2.477668285369873047e+00,-1.224218726158142090e+00,4.599687159061431885e-01
-2.903824567794799805e+00,-1.224218726158142090e+00,-3.923435658216476440e-01
-2.477668285369873047e+00,-1.224218726158142090e+00,-3.923435658216476440e-01
-2.903824567794799805e+00,-1.650374948978424072e+00,3.381246328353881836e-02
-3.709921728046478240e+00,-2.079408758815402436e+00,4.896268884134572508e-01
-4.136078010471404554e+00,-1.653252535995120454e+00,4.896268884134572508e-01
-3.645030125392262565e+00,-2.233576445061613569e+00,1.229045592714648610e-01
-4.071186407817188879e+00,-1.807420222241331587e+00,1.229045592714648610e-01
-2.051512002944946289e+00,5.425000190734863281e-02,-2.523124694824218750e+00
-2.477668285369873047e+00,5.425000190734863281e-02,-2.096968412399291992e+00
-2.477668285369873047e+00,-3.719062507152557373e-01,-2.523124694824218750e+00
-1.838433861732482910e+00,-5.849843770265579224e-01,-2.310046553611755371e+00
-2.264590144157409668e+00,-5.849843770265579224e-01,-1.883890271186828613e+00
-1.442438904537473032e+00,3.782659634679496286e+00,-1.265741872825423053e+00
-1.484440060420346041e+00,3.679978188797292660e+00,-9.627741681551285069e-01
-1.241200593977965783e+00,2.934662294581053210e+00,-9.416881428791439301e-01
-1.184193744871333553e+00,3.919242353334150497e+00,-1.003787201585680577e+00
-1.226194900754206785e+00,3.816560907451946427e+00,-7.008194969153862530e-01
-2.051512002944946289e+00,-1.650374948978424072e+00,-3.923435658216476440e-01
-2.051512002944946289e+00,-2.076531171798706055e+00,-3.923435658216476440e-01
-2.477668285369873047e+00,-2.076531171798706055e+00,-8.184998184442520142e-01
3.887453854491415228e+00,-1.002102736812215067e+00,-1.964689987131073678e+00
3.998963682817652021e+00,-6.448946404996708237e-01,-1.794598248128175477e+00
3.342972995003839820e+00,-5.739080915402112737e-01,-1.759402588220177588e+00
3.811366117135239762e+00,-2.862215473530857479e-01,-2.143373202359741381e+00
1.332501683957109773e+00,-1.372773641058573357e+00,1.455613468693776502e+00
1.545579825169573152e+00,-2.012007975288996331e+00,8.163791195621923347e-01
1.996972203254699707e+00,-1.437296837568283081e+00,1.099203065037727356e+00
1.996972203254699707e+00,-1.011140614748001099e+00,1.951515555381774902e+00
2.210050344467163086e+00,-1.650374948978424072e+00,1.312281206250190735e+00
1.545579825169573152e+00,-1.585851752468714349e+00,1.668691609906239881e+00
-3.430847471009839111e+00,1.047679995965034472e+00,2.379137868516098653e+00
-3.551450739157236747e+00,6.548158059433154543e-01,2.374595034306953956e+00
-3.299959345767021546e+00,7.814084270293186751e-01,2.676605124830252258e+00
-1.838433861732482910e+00,1.119640618562698364e+00,1.951515555381774902e+00
-2.051512002944946289e+00,1.758874952793121338e+00,1.738437414169311523e+00
-2.477668285369873047e+00,1.332718729972839355e+00,1.738437414169311523e+00
-3.429749789379312741e-01,-3.284348133364330735e+00,-2.754100655240791173e+00
-5.325909275047130409e-02,-3.106399886138484945e+00,-2.929830504623752496e+00
7.926921546459197998e-02,-2.928843736648559570e+00,-2.096968412399291992e+00
3.728971449709718722e-01,-3.106399886138484945e+00,-2.929830504623752496e+00
8.318125878351192992e-02,-3.284348133364330735e+00,-2.754100655240791173e+00
-2.289492335535225465e+00,3.673772240098001074e+00,1.377191219675705236e-01
-2.289492335535225465e+00,3.673772240098001074e+00,-2.884371306550338465e-01
-2.051512002944946289e+00,3.037343740463256836e+00,3.381246328353881836e-02
-2.579630566569139027e+00,3.475444730499873902e+00,3.106925314132376048e-01
-2.579630566569139027e+00,3.475444730499873902e+00,-1.154637212093667653e-01
-7.730432301759719849e-01,5.425000190734863281e-02,3.443062305450439453e+00
-8.124903369254450336e-01,-2.061022577610737427e-01,4.351469481640344306e+00
-1.238646544844565822e+00,2.200539948615306274e-01,3.925313199215417548e+00
-1.199199438095092773e+00,5.425000190734863281e-02,3.016906023025512695e+00
-1.238646544844565822e+00,-2.061022577610737427e-01,3.925313199215417548e+00
-7.730432301759719849e-01,-3.719062507152557373e-01,3.443062305450439453e+00
-4.307360705221999209e-01,-4.357403612553040873e+00,-5.101347585195463719e-01
4.023392023098248949e-02,-4.359192213441989594e+00,-5.282661054035930892e-01
-1.734828911374237947e-01,-4.306771266680073929e+00,-8.380525883950117327e-01
-4.293950155533512003e+00,7.014727218055765157e-01,-1.070375363297351390e+00
-3.105017144067295121e+00,9.092334738605788447e-01,-2.800523793827973229e+00
-3.241706338681838329e+00,1.109464668407879273e+00,-2.562096314551103315e+00
-3.404708816719877795e+00,8.066154459792743703e-01,-2.503050391220184245e+00
4.053118546053642746e+00,-1.000401925829556671e+00,-1.584846321521138135e+00
1.783894062042236328e+00,9.065624922513961792e-01,-2.096968412399291992e+00
1.783894062042236328e+00,1.332718729972839355e+00,-2.096968412399291992e+00
2.210050344467163086e+00,9.065624922513961792e-01,-2.096968412399291992e+00
2.210050344467163086e+00,4.804062545299530029e-01,-2.523124694824218750e+00
2.210050344467163086e+00,9.065624922513961792e-01,-2.523124694824218750e+00
1.783894062042236328e+00,9.065624922513961792e-01,-2.523124694824218750e+00
-2.497309716519481970e+00,-1.023490330522777159e+00,3.487163541973547609e+00
-2.497309716519481970e+00,-5.973340928013339823e-01,3.487163541973547609e+00
-2.808925113463806689e+00,-6.113082664762723439e-01,3.208270919985301006e+00
-2.451978509845185616e+00,-8.408688977386490349e-01,-3.420655567625148663e+00
-2.094655671008397668e+00,-8.980489993100466695e-01,-3.619488493208098401e+00
-2.237380473530172775e+00,2.051645223211613800e+00,3.200478197410468795e+00
-2.264590144157409668e+00,-5.849843770265579224e-01,-1.457733988761901855e+00
-2.264590144157409668e+00,-1.011140614748001099e+00,-1.883890271186828613e+00
-2.903824567794799805e+00,-7.980624884366989136e-01,-1.670812129974365234e+00
-2.903824567794799805e+00,-3.719062507152557373e-01,-1.670812129974365234e+00
-2.903824567794799805e+00,-7.980624884366989136e-01,-2.096968412399291992e+00
5.054254531860351562e-01,5.425000190734863281e-02,-3.801593542098999023e+00
5.054254531860351562e-01,5.425000190734863281e-02,-3.375437259674072266e+00
5.054254531860351562e-01,-3.719062507152557373e-01,-3.375437259674072266e+00
9.315816164016723633e-01,5.425000190734863281e-02,-3.375437259674072266e+00
9.315816164016723633e-01,5.425000190734863281e-02,-2.949280977249145508e+00
9.315816164016723633e-01,4.804062545299530029e-01,-3.375437259674072266e+00
-3.364808888774240003e+00,-1.765881288917857894e+00,-2.170819682871802492e+00
-2.477668285369873047e+00,-1.650374948978424072e+00,-1.670812129974365234e+00
-2.903824567794799805e+00,-1.224218726158142090e+00,-1.670812129974365234e+00
-3.402812581725104035e+00,2.489425336399630595e+00,-8.980487942906948406e-01
-7.943095886008237905e-01,7.091394020804462350e-01,4.310451057188389612e+00
-1.220465796519944579e+00,1.135295639801889411e+00,3.884294774763463298e+00
-3.467000850868319439e+00,-6.888135955830024804e-01,-2.440083794712017529e+00
-2.477668285369873047e+00,4.804062545299530029e-01,-2.096968412399291992e+00
-2.477668285369873047e+00,4.804062545299530029e-01,-2.523124694824218750e+00
-2.477668285369873047e+00,5.425000190734863281e-02,-2.523124694824218750e+00
-2.051512002944946289e+00,4.804062545299530029e-01,-2.523124694824218750e+00
2.210050344467163086e+00,1.758874952793121338e+00,-1.244655847549438477e+00
2.210050344467163086e+00,1.332718729972839355e+00,-1.670812129974365234e+00
2.636206626892089844e+00,1.332718729972839355e+00,-1.670812129974365234e+00
2.636206626892089844e+00,1.332718729972839355e+00,-1.244655847549438477e+00
2.636206626892089844e+00,1.758874952793121338e+00,-1.244655847549438477e+00
1.420919596883434277e+00,-3.481535995236270331e+00,-1.899281856828647586e+00
1.507537097534879855e+00,-3.247196044875017229e+00,-2.166680615658165721e+00
9.947634336677971811e-01,-3.481535995236270331e+00,-2.325438139253574121e+00
1.081380934319242648e+00,-3.247196044875017229e+00,-2.592836898083092478e+00
9.315816164016723633e-01,-2.928843736648559570e+00,-1.670812129974365234e+00
1.570815920829772949e+00,1.119640618562698364e+00,-1.883890271186828613e+00
1.996972203254699707e+00,1.119640618562698364e+00,-1.883890271186828613e+00
1.996972203254699707e+00,6.934843808412551880e-01,-1.883890271186828613e+00
-3.411176987908343339e+00,-7.819042968361833434e-03,-2.591063237662294405e+00
-3.152221221387453642e+00,-9.630782188866852944e-02,-2.879034188215270795e+00
-3.152221221387453642e+00,3.298484307339358268e-01,-2.879034188215270795e+00
-3.411176987908343339e+00,4.183372096542425367e-01,-2.591063237662294405e+00
-2.742673189883106488e+00,2.275467762712737319e+00,-2.427911449668908261e+00
-3.168829472308033246e+00,1.849311539892455114e+00,-2.001755167243981504e+00
-2.477668285369873047e+00,1.758874952793121338e+00,-1.670812129974365234e+00
-3.307250577318845863e+00,1.964469401572622953e+00,-1.681870348540316584e+00
1.144659757614135742e+00,-1.011140614748001099e+00,1.951515555381774902e+00
1.357737898826599121e+00,-1.224218726158142090e+00,2.164593696594238281e+00
1.570815920829772949e+00,-1.011140614748001099e+00,2.377671718597412109e+00
9.315816164016723633e-01,-1.224218726158142090e+00,2.590749859809875488e+00
-2.620300742718089548e+00,3.394361550353780288e+00,6.649731992458212115e-01
2.588856326114995277e+00,3.420683652634790128e+00,-1.654429178297333269e+00
2.282540022403663826e+00,3.673254801606649522e+00,-1.543154753179127869e+00
2.271930972386257075e+00,3.490085775284839986e+00,-1.913047017730934662e+00
7.926921546459197998e-02,-3.781156301498413086e+00,-8.184998184442520142e-01
5.054254531860351562e-01,-3.781156301498413086e+00,-8.184998184442520142e-01
7.926921546459197998e-02,-3.781156301498413086e+00,-3.923437893390655518e-01
2.526733465840194093e-01,-4.306771266680073929e+00,-8.380525883950117327e-01
2.526733465840194093e-01,-4.306771266680073929e+00,-1.264208617500198084e+00
2.944334948916412564e+00,-1.859531253576283127e-01,-3.167844417688923109e+00
2.944334948916412564e+00,2.402031272649760574e-01,-3.167844417688923109e+00
2.210050344467163086e+00,5.425000190734863281e-02,-2.949280977249145508e+00
2.738467801057414164e+00,-1.149665763981688182e-01,-2.443683390348995399e+00
2.738467801057414164e+00,3.111896762244355519e-01,-2.443683390348995399e+00
5.054253786802291870e-01,4.804062545299530029e-01,3.016906023025512695e+00
7.926921546459197998e-02,-3.719062358140945435e-01,2.590749859809875488e+00
9.315816164016723633e-01,-3.719062358140945435e-01,2.590749859809875488e+00
5.054254531860351562e-01,-7.980624884366989136e-01,3.016906142234802246e+00
7.926921546459197998e-02,5.425000190734863281e-02,3.443062305450439453e+00
6.044176336484744505e-01,4.217518443478704526e+00,-1.176571048257421648e+00
4.758254756384363571e-01,4.358765615771327262e+00,-8.070128112627311667e-01
1.896430481646327881e-01,4.278400830675337829e+00,-1.090856628007028428e+00
1.788199483006286616e+00,-3.329159300950914613e+00,-1.864157196403134265e+00
1.663336504175312314e+00,-3.556138243660202036e+00,-1.573929795050082348e+00
-3.329980850219726562e+00,4.804062545299530029e-01,8.861249238252639771e-01
-3.329980850219726562e+00,4.804062545299530029e-01,1.312281131744384766e+00
-2.903824567794799805e+00,5.425000190734863281e-02,8.861249238252639771e-01
-1.621607475195457893e+00,3.685360894168261403e+00,1.370954401724600036e+00
3.055325826437901959e+00,-5.406703584150571729e-01,-2.997960232730281227e+00
7.926921546459197998e-02,-3.355000019073486328e+00,4.599687159061431885e-01
-1.169085649504671698e-01,-2.654814814237696829e+00,2.323847797362407763e-01
7.926921546459197998e-02,-3.355000019073486328e+00,3.381246328353881836e-02
2.084206362460589546e+00,-3.722605932083268065e+00,6.679443228934300869e-01
1.658050080035662788e+00,-3.722605932083268065e+00,6.679443228934300869e-01
2.738467801057414164e+00,-5.411228141196120500e-01,-2.017527107924068641e+00
3.055325826437901959e+00,-9.668265961365003491e-01,-2.571803950305354469e+00
1.783894062042236328e+00,-1.224218726158142090e+00,-2.523124694824218750e+00
1.357737779617309570e+00,-1.224218726158142090e+00,-2.523124694824218750e+00
1.357737779617309570e+00,-1.650374948978424072e+00,-2.523124694824218750e+00
1.357737779617309570e+00,-1.650374948978424072e+00,-2.096968412399291992e+00
1.783894062042236328e+00,-1.650374948978424072e+00,-2.096968412399291992e+00
3.226793943956289379e+00,2.760147965009223103e+00,1.426789993720712246e+00
3.472512702566959319e+00,2.555057522014760440e+00,1.241122682331463167e+00
3.307681799925077826e+00,2.796535163309498806e+00,1.092447578847030698e+00
-2.264590144157409668e+00,6.934843808412551880e-01,6.730467975139617920e-01
-2.264590144157409668e+00,1.119640618562698364e+00,2.468905895948410034e-01
-2.903824567794799805e+00,9.065624922513961792e-01,8.861249238252639771e-01
-2.903824567794799805e+00,9.065624922513961792e-01,1.312281131744384766e+00
-2.903824567794799805e+00,1.332718729972839355e+00,8.861249238252639771e-01
1.072542262015961256e+00,-4.166720444788847288e+00,-8.262955255009447608e-01
3.788962204023332614e+00,1.690439537200876918e+00,-9.443308564862387122e-01
3.788962204023332614e+00,1.690439537200876918e+00,-9.201857475844793521e-02
3.062362909317016602e+00,1.332718729972839355e+00,-3.923435658216476440e-01
3.488519191741943359e+00,9.065624922513961792e-01,3.381246328353881836e-02
4.215118486448259816e+00,1.264283299479433742e+00,-5.181748273810522498e-01
-2.742673189883106488e+00,1.849311539892455114e+00,-2.427911449668908261e+00
-2.982255470940456288e+00,1.594089887378711712e+00,-2.298054493855856695e+00
-2.477668285369873047e+00,1.332718729972839355e+00,-1.670812129974365234e+00
-3.408411753365383046e+00,1.594089887378711712e+00,-1.871898211430929937e+00
3.572522840291450841e+00,4.344560536083358904e-01,-2.504574683448589578e+00
3.321733776911126590e+00,4.347335091564111242e-01,-2.776627242284376074e+00
1.783894062042236328e+00,4.804062545299530029e-01,-2.523124694824218750e+00
1.357737779617309570e+00,9.065624922513961792e-01,-2.523124694824218750e+00
1.783894062042236328e+00,4.804062545299530029e-01,-2.949280977249145508e+00
3.701676190143590617e+00,1.017308930257741828e+00,1.846009048464875457e+00
3.748688213804242331e+00,1.369149538835516156e+00,1.571973380682919696e+00
3.559361167270300719e+00,1.343947917636119538e+00,1.951270214466505948e+00
-4.236414966956171924e+00,-1.439593427402782400e+00,1.710574718339025191e-01
-4.348349890859362077e+00,-9.894481806833876902e-01,3.029610280095179076e-01
-4.262940712672632415e+00,-1.288253816959685105e+00,5.543506987607679237e-01
2.488012082790603596e+00,3.595220223494908662e+00,-3.552132156760627879e-01
2.488012082790603596e+00,3.595220223494908662e+00,7.094303694654160997e-02
2.775790662958571353e+00,3.375402051753845445e+00,-9.083572791300204008e-02
-2.787535889427367408e+00,3.217277168656528463e+00,-1.133083899325174393e+00
-2.482830810205582495e+00,3.423432594995090561e+00,-1.328599530986805721e+00
1.648403405500857399e+00,1.645813198735704752e+00,3.594279708636779702e+00
1.338420245964774047e+00,1.807564767768797598e+00,3.632751069049159121e+00
1.391993694090382094e+00,1.396666639630662399e+00,3.790580154798127044e+00
5.054254531860351562e-01,4.804062545299530029e-01,-3.375437259674072266e+00
5.054254531860351562e-01,5.425000190734863281e-02,-2.949280977249145508e+00
9.315816164016723633e-01,4.804062545299530029e-01,-2.949280977249145508e+00
3.658024570486986704e+00,-1.992297046179958508e+00,-1.589031767483368496e+00
3.706016362069539660e+00,-5.402637205956980493e-01,1.837054249258279315e+00
3.062362909317016602e+00,-7.980624884366989136e-01,1.312281131744384766e+00
3.706016362069539660e+00,-9.664199583171412256e-01,1.837054249258279315e+00
3.706016362069539660e+00,-5.402637205956980493e-01,2.263210531683205851e+00
3.062362909317016602e+00,-7.980624884366989136e-01,1.738437414169311523e+00
3.062362909317016602e+00,-3.719062507152557373e-01,1.738437414169311523e+00
3.683112455196966728e+00,-2.080458211959706816e+00,9.600716808857274742e-01
3.783664503994747630e+00,-2.077439598075432770e+00,5.405282113309557435e-01
3.583951307673131303e+00,-2.386555874030623858e+00,6.971558783663110992e-01
6.913691636667754215e-02,3.213042036360390430e+00,1.297113313217920227e+00
-3.570193213547656619e-01,3.213042036360390430e+00,1.723269595642846985e+00
7.926921546459197998e-02,3.037343740463256836e+00,1.738437414169311523e+00
2.870565941398494081e-01,3.832274843006805654e+00,1.602745965776391612e+00
-1.390996435815937682e-01,3.832274843006805654e+00,2.028902248201318592e+00
-1.492319426795082060e-01,4.007973138903938803e+00,1.587578147249927074e+00
1.783894062042236328e+00,-3.719062507152557373e-01,-2.949280977249145508e+00
2.068324108186485599e+00,-5.191177143296465957e-01,-3.757414353169001853e+00
-1.067568464531583272e+00,-4.345331685928728760e+00,3.020283360063243938e-01
-7.730432301759719849e-01,-3.781156301498413086e+00,4.599687159061431885e-01
-7.730432301759719849e-01,-3.781156301498413086e+00,3.381246328353881836e-02
-1.199199438095092773e+00,-3.781156301498413086e+00,3.381246328353881836e-02
-1.067568464531583272e+00,-4.345331685928728760e+00,-1.241279166162799902e-01
-1.625355720520019531e+00,1.332718729972839355e+00,-2.096968412399291992e+00
-4.001883082772790701e+00,1.280532192846198791e-01,-1.936418597150904475e+00
-3.575726800347864387e+00,1.280532192846198791e-01,-2.362574879575831233e+00
2.188324851067289245e+00,2.575379787626727257e+00,1.889920863695132569e-02
1.996972203254699707e+00,2.824265599250793457e+00,2.468905895948410034e-01
1.975246709854825644e+00,2.362301646414263878e+00,-1.941789176743508594e-01
2.614481133492216003e+00,2.149223505201800499e+00,1.889920863695132569e-02
2.423128485679626465e+00,2.398109316825866699e+00,2.468905895948410034e-01
2.636206626892089844e+00,2.611187458038330078e+00,4.599687159061431885e-01
4.355374818213448407e+00,9.253192725617475078e-01,-3.694751692466211046e-01
-3.862523385933230857e-01,1.828765425419887292e+00,3.711524629418211596e+00
-1.868944781343898076e-01,1.501310146768078280e+00,3.864864746224838221e+00
-6.709418575832037934e-02,1.879327939089224797e+00,3.691889994627298055e+00
-4.348349890859362077e+00,-5.632919429619445140e-01,-1.231952246130864764e-01
-4.280771774631527471e+00,-7.609903426731959852e-01,-5.787284153075187287e-01
-4.354119098947588640e+00,-3.607557483048799973e-01,-4.938593194911326534e-01
-1.412277579307556152e+00,-5.849843770265579224e-01,1.951515555381774902e+00
-1.412277579307556152e+00,-1.011140614748001099e+00,1.951515555381774902e+00
-1.199199438095092773e+00,-7.980624884366989136e-01,2.164593696594238281e+00
-1.625355720520019531e+00,-7.980624884366989136e-01,2.164593696594238281e+00
-1.625355720520019531e+00,-1.224218726158142090e+00,2.164593696594238281e+00
-1.838433861732482910e+00,-1.011140614748001099e+00,1.951515555381774902e+00
2.844692069506543852e+00,-1.957910208175094535e+00,2.270732446834747620e+00
2.581133872344525848e+00,-2.180929036293910883e+00,2.351118324467372567e+00
2.580897802472887914e+00,-1.895594930941503220e+00,2.639366139112194087e+00
3.939807915299579300e+00,1.297008749918191040e+00,4.553727480374895054e-01
4.365964197724506057e+00,8.708525121967478633e-01,2.921649541488513524e-02
3.831204353136117735e+00,1.642801233425563501e+00,3.103332474147981745e-01
4.257360635561044049e+00,1.216644995704120324e+00,-1.158230052078061678e-01
2.636206626892089844e+00,-3.719062507152557373e-01,2.164593696594238281e+00
2.636206626892089844e+00,5.425000190734863281e-02,2.590749859809875488e+00
2.210050344467163086e+00,5.425000190734863281e-02,2.590749859809875488e+00
2.210050344467163086e+00,-3.719062507152557373e-01,2.590749859809875488e+00
2.636206626892089844e+00,-3.719062507152557373e-01,2.590749859809875488e+00
-3.559370451496166599e+00,-8.456591074273854813e-01,2.254221798557427103e+00
-4.156393142010802677e+00,-8.835296826328656872e-01,-9.528911785218421304e-01
-4.265210322617511096e+00,-4.895833591640792459e-01,-8.739350660432658735e-01
1.783894062042236328e+00,9.065624922513961792e-01,2.590749859809875488e+00
1.996972203254699707e+00,6.934843808412551880e-01,2.377671718597412109e+00
4.380838401931762327e+00,-1.859531253576284515e-01,-8.098856125215264656e-01
4.448798969600110453e+00,-1.859531253576284793e-01,-4.026202583503603605e-01
3.914675474166870117e+00,5.425000190734863281e-02,-3.923437893390655518e-01
4.380838401931762327e+00,2.402031272649759186e-01,-8.098856125215264656e-01
5.054254531860351562e-01,-2.076531171798706055e+00,2.590749859809875488e+00
7.926921546459197998e-02,-2.502687454223632812e+00,2.164593696594238281e+00
7.926921546459197998e-02,-2.502687454223632812e+00,2.590749859809875488e+00
7.926921546459197998e-02,-2.076531171798706055e+00,2.590749859809875488e+00
-3.468870222568511963e-01,-2.502687454223632812e+00,2.164593696594238281e+00
7.926921546459197998e-02,-2.076531171798706055e+00,2.164593696594238281e+00
4.448798969600109565e+00,-1.859531253576284793e-01,4.364327216339045634e-01
4.414414436065720260e+00,1.273923016349993165e-01,5.684939423094437227e-01
4.414414436065720260e+00,5.535485542576037421e-01,1.423376896868393526e-01
3.914675474166870117e+00,5.425000190734863281e-02,3.381246328353881836e-02
4.448798969600109565e+00,2.402031272649758908e-01,1.027646901130019330e-02
7.481055935335820806e-01,3.377417619669928150e+00,-2.645246601275839105e+00
-1.838433861732482910e+00,-2.289609313011169434e+00,-6.054216921329498291e-01
-2.264590144157409668e+00,-2.289609313011169434e+00,-1.792656630277633667e-01
-1.838433861732482910e+00,-2.289609313011169434e+00,2.468905895948410034e-01
-4.336755804162267580e+00,5.521293281729875435e-01,5.579464162313079179e-01
7.926921546459197998e-02,-2.076531171798706055e+00,-2.949280977249145508e+00
4.799839756019143588e-01,-2.156077113240614906e+00,-3.699240490583785679e+00
5.382773788047118257e-02,-2.156077113240614906e+00,-3.699240490583785679e+00
-3.468870222568511963e-01,-1.650374948978424072e+00,-2.949280977249145508e+00
7.926921546459197998e-02,-1.650374948978424072e+00,-2.949280977249145508e+00
2.288553737316034287e+00,-2.634426354521647973e+00,-2.565563945812879165e+00
2.214355765431213374e+00,-2.903003018525987855e+00,-2.290313478828061022e+00
2.557585658284536212e+00,-2.661805969483740597e+00,-2.274936266915462468e+00
-2.477668285369873047e+00,2.185031175613403320e+00,3.381246328353881836e-02
-2.477668285369873047e+00,1.758874952793121338e+00,3.381246328353881836e-02
-2.903824567794799805e+00,1.758874952793121338e+00,-3.923437893390655518e-01
-2.477668285369873047e+00,2.185031175613403320e+00,-3.923437893390655518e-01
-2.477668285369873047e+00,1.758874952793121338e+00,-3.923437893390655518e-01
-2.051512002944946289e+00,2.185031175613403320e+00,3.381246328353881836e-02
-3.359176949507745924e+00,2.647248516369290705e+00,2.455825803020867393e-01
-2.933020667082819166e+00,2.647248516369290705e+00,6.717388329246911649e-01
-2.051512002944946289e+00,2.611187458038330078e+00,4.599687159061431885e-01
-2.933020667082819166e+00,3.073404798794217463e+00,6.717388329246911649e-01
-2.477668285369873047e+00,2.611187458038330078e+00,3.381246328353881836e-02
2.854177631757005784e+00,-2.394442844368898982e+00,-2.210916534102300268e+00
-1.625355720520019531e+00,1.758874952793121338e+00,-1.670812129974365234e+00
-1.412277579307556152e+00,1.119640618562698364e+00,-1.031577974557876587e+00
-1.838433861732482910e+00,1.545796841382980347e+00,-6.054216921329498291e-01
-1.838433861732482910e+00,1.545796841382980347e+00,-1.457733988761901855e+00
-1.625355720520019531e+00,9.065625071525573730e-01,-8.184998333454132080e-01
-1.412277579307556152e+00,1.119640618562698364e+00,-1.883890271186828613e+00
-2.140045300673305562e+00,3.577484197664058119e+00,-1.499625568875160520e+00
-1.868595186962399790e+00,3.782659634679496286e+00,-1.265741872825423053e+00
-1.625355720520019531e+00,3.037343740463256836e+00,-1.244655847549438477e+00
-1.713889018248379026e+00,3.577484197664058119e+00,-1.499625568875160520e+00
-2.051512002944946289e+00,-2.502687454223632812e+00,3.381246328353881836e-02
-2.477668285369873047e+00,-2.502687454223632812e+00,-3.923437893390655518e-01
-1.838433861732482910e+00,-2.715765595436096191e+00,-1.792656630277633667e-01
4.970895991139499537e-01,-2.164135335303059904e+00,5.887951833922898670e-01
2.671111418075659549e-01,-2.438164257713923089e+00,8.163791195621923347e-01
5.054253786802291870e-01,-2.928843736648559570e+00,4.599687159061431885e-01
1.119423542744646394e+00,-2.438164257713923089e+00,8.163791195621923347e-01
1.380756719520148113e-01,-3.543635873677523307e+00,2.465672236847225474e+00
2.496769290599238356e-01,-3.733950373183828830e+00,2.130739097332953857e+00
5.353834742898209154e-01,-3.579105096501343564e+00,2.385451517882875461e+00
-2.229628560009613292e+00,3.655705808222037057e+00,-1.105832640068620032e+00
-2.477668285369873047e+00,-3.719062507152557373e-01,-3.923435658216476440e-01
-2.903824567794799805e+00,-3.719062507152557373e-01,-3.923435658216476440e-01
-2.477668285369873047e+00,-3.719062507152557373e-01,4.599687159061431885e-01
-2.477668285369873047e+00,5.425000190734863281e-02,-3.923435658216476440e-01
-2.903824567794799805e+00,5.425000190734863281e-02,-3.923435658216476440e-01
-2.903824567794799805e+00,5.425000190734863281e-02,-1.244655847549438477e+00
-1.838433861732482910e+00,-1.437296837568283081e+00,2.468905895948410034e-01
-1.838433861732482910e+00,-1.011140614748001099e+00,2.468905895948410034e-01
-1.625355720520019531e+00,-2.076531171798706055e+00,8.861249238252639771e-01
-1.625355720520019531e+00,-1.650374948978424072e+00,8.861249238252639771e-01
-5.962925065430046967e-01,-5.793672499350346339e-01,4.366979342606239101e+00
-4.941026173113209907e-01,7.673778687004367827e-02,4.400004033579792306e+00
2.664344508069391715e+00,1.332727887158134950e+00,2.919271589970845238e+00
2.664344508069391715e+00,9.065716494366917733e-01,3.345427753186482445e+00
2.900116813934941362e+00,9.126587392209751792e-01,3.113273701759115220e+00
2.210050344467163086e+00,9.065624922513961792e-01,2.590749859809875488e+00
-3.329980850219726562e+00,9.065624922513961792e-01,4.599687159061431885e-01
-3.820699458014810368e+00,1.398947685647526473e+00,5.496117600446195350e-01
-4.246855740439737126e+00,9.727914479260831859e-01,5.496117600446195350e-01
-4.114964090725163004e+00,1.148833510115755185e+00,8.785899702221974250e-01
-3.688807808300235802e+00,1.574989747837198362e+00,8.785899702221974250e-01
-1.199199438095092773e+00,-1.650374948978424072e+00,-2.949280977249145508e+00
-7.730432301759719849e-01,-1.650374948978424072e+00,-2.949280977249145508e+00
-7.730432301759719849e-01,-1.224218726158142090e+00,-2.949280977249145508e+00
-1.199199438095092773e+00,-1.650374948978424072e+00,-2.523124694824218750e+00
-7.730432301759719849e-01,-1.650374948978424072e+00,-2.523124694824218750e+00
2.188324851067289245e+00,2.149223505201800499e+00,-8.334130730908395623e-01
3.156116175942158986e+00,2.443279728192560896e+00,-1.089727037545156429e+00
3.134390682542284701e+00,2.407472057780958075e+00,-6.784842630865575153e-01
2.614481133492216003e+00,1.723067282381518295e+00,-8.334130730908395623e-01
3.582272458367085743e+00,2.017123505372278913e+00,-1.089727037545156429e+00
-8.289244697524990046e-01,9.693104715928571036e-01,-3.412763071450853225e+00
-7.581028551922825987e-01,3.234960925772660367e+00,2.803495654138237647e+00
-3.509775776634415090e-01,3.259548439181985557e+00,2.867746491075983339e+00
-3.509775776634415090e-01,2.833392156757058800e+00,3.293902654291620546e+00
-3.468870222568511963e-01,2.611187458038330078e+00,2.590749859809875488e+00
-7.581028551922825987e-01,2.808804643347733609e+00,3.229651817353874854e+00
-2.051512002944946289e+00,2.611187458038330078e+00,-1.670812129974365234e+00
-2.604671145197298365e+00,3.030433696867580018e+00,-1.835424436193556996e+00
-3.468627307809287075e+00,2.568342842253084513e+00,-1.269300911016739697e-01
2.338797588806498795e-02,1.169979812488096127e-01,-3.838919353875779983e+00
2.527127265930177447e-01,2.402031272649765015e-01,-4.400796771049499512e+00
-2.293247507049524236e-01,3.029511066064374814e-01,-4.438122582826280471e+00
2.527127265930177447e-01,-1.859531253576278687e-01,-4.400796771049499512e+00
-2.903824567794799805e+00,5.425000190734863281e-02,1.312281131744384766e+00
-2.477668285369873047e+00,5.425000190734863281e-02,1.738437414169311523e+00
-2.477668285369873047e+00,4.804062545299530029e-01,1.738437414169311523e+00
-2.903824567794799805e+00,5.425000190734863281e-02,1.738437414169311523e+00
-2.477668285369873047e+00,5.425000190734863281e-02,2.164593696594238281e+00
-2.903824567794799805e+00,-3.719062507152557373e-01,1.738437414169311523e+00
7.472377997559738194e-01,2.136431361488783764e+00,-3.691774857459919623e+00
1.173393962971611026e+00,2.136431361488783764e+00,-3.691774857459919623e+00
9.315816164016723633e-01,2.185031175613403320e+00,-2.949280977249145508e+00
5.054254531860351562e-01,1.758874952793121338e+00,-2.949280977249145508e+00
9.315816164016723633e-01,1.758874952793121338e+00,-2.949280977249145508e+00
7.472377997559738194e-01,1.710275138668501560e+00,-3.691774857459919623e+00
2.636206626892089844e+00,-1.650374948978424072e+00,4.599687159061431885e-01
2.636206626892089844e+00,-2.076531171798706055e+00,4.599687159061431885e-01
3.062362909317016602e+00,-1.650374948978424072e+00,4.599687159061431885e-01
3.062362909317016602e+00,-1.224218726158142090e+00,8.861249238252639771e-01
3.062362909317016602e+00,-1.650374948978424072e+00,8.861249238252639771e-01
2.636206626892089844e+00,-1.650374948978424072e+00,8.861249238252639771e-01
-9.305397898633537279e-01,-1.128916837864551770e+00,-3.749240740822518125e-01
-9.305397898633537279e-01,-1.128916837864551770e+00,-1.227236370711203950e+00
-1.143617931075817218e+00,-1.768151172094974743e+00,-1.014158229498740571e+00
-1.838433861732482910e+00,-1.437296837568283081e+00,-1.457733988761901855e+00
-1.838433861732482910e+00,-1.437296837568283081e+00,-6.054216921329498291e-01
9.764123518420192438e-01,1.418658147247970458e+00,-3.746271047193074466e+00
1.173393962971611026e+00,1.710275138668501560e+00,-3.691774857459919623e+00
1.402568515057656562e+00,1.418658147247970458e+00,-3.746271047193074466e+00
9.315816164016723633e-01,1.332718729972839355e+00,-2.949280977249145508e+00
2.594045977571984629e+00,-8.661371437397165085e-01,-1.629384243933227339e+00
2.814555538413588742e+00,-1.257004003578741314e+00,-1.838843892695400939e+00
1.332501683957109773e+00,-1.372773641058573357e+00,6.033009932508901496e-01
1.783894062042236328e+00,-7.980625033378601074e-01,8.861249387264251709e-01
1.996972203254699707e+00,-1.437296837568283081e+00,2.468905895948410034e-01
-4.270890485829097472e-01,5.903475649756260157e-01,-4.413661424816380574e+00
-2.499418113025819732e-02,6.601207274064752051e-01,-4.404025841333158553e+00
7.926921546459197998e-02,4.804062545299530029e-01,-2.949280977249145508e+00
2.338797588806498795e-02,5.431542338714139273e-01,-3.412763071450853225e+00
1.887161142836013772e+00,-1.888893851272733571e+00,-3.252237518882588496e+00
1.887161142836013772e+00,-2.315050074093015553e+00,-2.826081236457661738e+00
2.313317425260940752e+00,-2.315050074093015553e+00,-2.826081236457661738e+00
1.783894062042236328e+00,-1.650374948978424072e+00,-2.523124694824218750e+00
-1.673035162692611433e+00,1.294958758779466645e+00,-3.643188193990893442e+00
-1.565821867373438092e+00,1.681035879904335673e+00,-3.545110563307742435e+00
-1.308437582282786060e+00,1.455918620948649655e+00,-3.738297941723090823e+00
3.083087795745734994e+00,2.664012039250805319e+00,1.827458461061985284e+00
2.656931513320808236e+00,2.664012039250805319e+00,2.253614743486911820e+00
3.251253691207327989e+00,2.339674674506038166e+00,1.973693492140135453e+00
2.825097408782401232e+00,2.339674674506038166e+00,2.399849774565062432e+00
-4.293950155533512003e+00,7.014727218055765157e-01,-6.442193341921649274e-01
-3.756137132644653320e+00,9.065624922513961792e-01,-3.923437893390655518e-01
-4.293950155533512003e+00,1.127628959527019692e+00,-6.442193341921649274e-01
-4.326878027107104785e+00,1.168324758539742714e+00,-2.330902972056706490e-01
-3.665398655770047309e+00,2.249032771389563923e+00,-3.099527613019760763e-01
-3.646599523969237922e+00,2.253869182716874864e+00,9.469877393607956106e-02
-2.237380473530172775e+00,2.051645223211613800e+00,2.774322034194831588e+00
-2.240700045909221227e+00,2.364903074778490932e+00,2.456654965678998881e+00
-1.982869810887521123e+00,2.296199784512624742e+00,2.718619971248591227e+00
-7.762933654142395445e-01,4.898793412377899781e-01,-4.370381444382880787e+00
-6.607398553795066354e-01,8.178980463558918057e-01,-4.346173798374096897e+00
-2.903824567794799805e+00,1.758874952793121338e+00,3.381246328353881836e-02
-3.359176949507745924e+00,2.221092293549008723e+00,6.717388329246911649e-01
-2.477668285369873047e+00,1.758874952793121338e+00,4.599687159061431885e-01
-2.459758458421752003e+00,2.476733484923235196e+00,-2.557648798537312196e+00
-3.408411753365383046e+00,1.167933649657268536e+00,-2.298054493855856695e+00
-2.365131895568103881e-01,4.278400830675337829e+00,-1.090856628007028428e+00
-3.590831097304196806e-01,4.386958712636732649e+00,-6.977058092174872606e-01
-6.329460478235929832e-01,4.274762681416072851e+00,-9.773648992880257236e-01
2.793316320320875956e+00,6.039500874619285753e-01,-3.282224829184526183e+00
1.454872971317463737e+00,-1.306915633584224690e+00,3.781130267954679880e+00
1.234099098849181786e+00,-1.670950015388949161e+00,3.704034002500063316e+00
1.072277866592830309e+00,-1.334941634659663201e+00,3.869118782888973485e+00
-1.169085649504671698e-01,-3.080971096662623587e+00,-1.937714728863635938e-01
-3.468870222568511963e-01,-3.355000019073486328e+00,3.381246328353881836e-02
-1.427267340483497016e+00,9.888213122236264585e-01,-3.811515453403506726e+00
-1.056992372140903136e+00,6.254130538436443176e-01,-4.274997547605214443e+00
4.663901579524256658e-01,-4.359192213441989594e+00,-9.544221345087795516e-01
6.847084742247495637e-01,-4.266811909956599536e+00,-1.268000283126736960e+00
7.967873793905287938e-01,-4.325598572643182038e+00,-3.914222504447906203e-02
6.075618105146846082e-01,-4.364766972042280813e+00,-2.458891374364015614e-01
6.075618105146846082e-01,-4.364766972042280813e+00,1.802671151862028087e-01
7.967873793905287938e-01,-4.325598572643182038e+00,3.870140275781253081e-01
-1.971688808470951848e+00,3.818761430422997094e+00,-4.507286461860765536e-01
-2.229628560009613292e+00,3.655705808222037057e+00,-6.796766109634335695e-01
-1.868595186962399790e+00,3.782659634679496286e+00,-8.395858437202365909e-01
-3.329980850219726562e+00,-1.650374948978424072e+00,3.381246328353881836e-02
-3.645030125392262565e+00,-2.233576445061613569e+00,-3.032516933511394952e-01
-4.144085624449342475e+00,-1.572700609394288795e+00,-2.086853922918743831e-01
-1.199199438095092773e+00,5.425000190734863281e-02,2.590749859809875488e+00
-7.730432301759719849e-01,5.425000190734863281e-02,2.590749859809875488e+00
-7.730432301759719849e-01,4.804062545299530029e-01,3.016906023025512695e+00
-7.730432301759719849e-01,5.425000190734863281e-02,3.016906023025512695e+00
-1.199199438095092773e+00,-3.719062507152557373e-01,2.590749859809875488e+00
-2.604241132930749103e+00,-3.212070709410809854e+00,-1.035283459369994663e+00
-2.840902386265661494e+00,-3.110591937313095912e+00,-6.915179411234985141e-01
-3.267058668690588252e+00,-2.684435654888169154e+00,-6.915179411234985141e-01
-3.030397415355675861e+00,-2.785914426985883097e+00,-1.035283459369994663e+00
5.054254531860351562e-01,3.463500022888183594e+00,8.861249238252639771e-01
6.912936524566806185e-01,3.823667131409763886e+00,1.519067919370104658e+00
6.912936524566806185e-01,4.249823413834690200e+00,1.092911711450983869e+00
2.870565941398494081e-01,4.258431125431732411e+00,1.176589757857270824e+00
6.272912235858579821e-01,-3.740637878091503499e+00,2.045900307438878407e+00
9.984880092626697845e-01,-3.712744221146677237e+00,1.881587674941690436e+00
9.087853294207984822e-01,-3.568540661930644120e+00,2.262234491654291357e+00
2.636206626892089844e+00,-1.224218726158142090e+00,2.164593696594238281e+00
3.007054084897814672e+00,-1.895594930941503220e+00,2.639366139112194087e+00
2.423699963799869295e+00,-8.193544681293154497e-01,-3.481724978306385831e-01
3.489090669862186189e+00,-6.062763418180132646e-01,-5.612506241419408237e-01
2.849284768104553223e+00,-5.849843770265579224e-01,-1.792656630277633667e-01
2.423128485679626465e+00,-1.011140614748001099e+00,2.468905895948410034e-01
3.488519191741943359e+00,-7.980624884366989136e-01,3.381246328353881836e-02
3.062934387437259431e+00,-1.032432579539456441e+00,-1.350943715193363981e-01
-2.051512002944946289e+00,1.758874952793121338e+00,-2.096968412399291992e+00
-2.051512002944946289e+00,1.758874952793121338e+00,-1.670812129974365234e+00
-2.477668285369873047e+00,1.758874952793121338e+00,-1.244655847549438477e+00
-2.051512002944946289e+00,2.185031175613403320e+00,-1.670812129974365234e+00
-4.091554938194974511e+00,1.822876548569281940e+00,-3.099527613019760763e-01
-4.218915838542087293e+00,1.492895910632846324e+00,-4.915892043387142252e-01
-2.477668285369873047e+00,5.425000190734863281e-02,-1.670812129974365234e+00
-2.477668285369873047e+00,4.804062545299530029e-01,-1.670812129974365234e+00
-2.976656299300177277e+00,2.489425336399630595e+00,-1.324204823395881192e+00
-2.903824567794799805e+00,1.758874952793121338e+00,-8.184998184442520142e-01
-3.402812581725104035e+00,2.063269113579348613e+00,-1.324204823395881192e+00
-3.343679691208265581e+00,-2.452054395016190380e+00,-1.016182431097158556e+00
-3.519991487678407083e+00,-2.359071226708803870e+00,-6.742104559744261927e-01
-3.004691188584912354e+00,1.473836233686477648e+00,2.379137868516098653e+00
-3.158689065098043258e+00,1.158292372282973215e+00,2.661545136989134086e+00
-2.732532782673116500e+00,1.584448610004416391e+00,2.661545136989134086e+00
4.528726595341134864e-01,-5.406703584262283480e-01,-4.367395985719197071e+00
6.641992022948530749e-01,-1.859531253576279797e-01,-4.366700029556305651e+00
-3.399025456863454586e+00,-1.888711548074761826e+00,1.566655339462544649e+00
-2.370450410441874656e+00,6.203910320819179258e-01,3.581434946677010345e+00
-2.686301749277954176e+00,5.038507523513087172e-01,3.358609153364430444e+00
-2.371367328999748558e+00,1.905597026991523169e-01,3.614839890893574381e+00
4.528726595339694905e-01,5.949203603329444867e-01,4.401208508607483694e+00
8.601308300295609222e-01,5.973727480637549547e-01,4.333249139682768813e+00
6.415829588002199824e-01,9.214568297755320048e-01,4.308355981206308805e+00
-2.190790058317951594e+00,-3.671111927291569099e+00,-4.380841464525433993e-02
-2.187984012023943325e+00,-3.649896008529682767e+00,-5.467839794342015391e-01
-2.452443664412816027e+00,-3.513899400644485915e+00,-3.153530883558754994e-01
-3.468870222568511963e-01,2.611187458038330078e+00,-2.523124694824218750e+00
-8.789572956520373959e-01,2.790751146543197336e+00,-3.168230252082687493e+00
-8.789572956520373959e-01,3.216907428968124094e+00,-2.742073969657760735e+00
-4.786346487417277307e-01,3.316694184699730652e+00,-2.758447400598013299e+00
-4.786346487417277307e-01,2.890537902274803894e+00,-3.184603683022940057e+00
-3.544522017283741278e+00,-1.408691529664236164e+00,-2.160438052191120395e+00
-3.564367347383822437e+00,-1.685300468036631250e+00,-1.845851409557386580e+00
2.870343117611828809e+00,-2.494772100930238601e+00,-1.809925966907831363e+00
3.458682825703431440e+00,-2.001071898969216001e+00,-1.952792014398409215e+00
9.315816164016723633e-01,-7.980624884366989136e-01,-3.375437259674072266e+00
6.432593182855979030e-01,-8.929520422758265852e-01,-4.266727009072971200e+00
1.069415481501235110e+00,-1.319108279997269761e+00,-3.840570726648044886e+00
9.315816164016723633e-01,-1.224218726158142090e+00,-2.949280977249145508e+00
6.432593182855979030e-01,-1.319108279997269761e+00,-3.840570726648044886e+00
5.054254531860351562e-01,-7.980624884366989136e-01,-3.375437259674072266e+00
-1.199199438095092773e+00,-1.650374948978424072e+00,2.164593696594238281e+00
-1.625355720520019531e+00,-1.650374948978424072e+00,2.164593696594238281e+00
-1.199199438095092773e+00,-1.650374948978424072e+00,2.590749859809875488e+00
-1.199199438095092773e+00,-1.224218726158142090e+00,2.590749859809875488e+00
1.075136862437171104e+00,-4.250025751226909954e+00,3.113819093966161411e-01
1.075136862437171104e+00,-4.250025751226909954e+00,-1.147743432259882151e-01
-1.199199438095092773e+00,-2.502687454223632812e+00,-1.670812129974365234e+00
-7.730432301759719849e-01,-2.502687454223632812e+00,-1.670812129974365234e+00
-3.329980850219726562e+00,5.425000190734863281e-02,3.381246328353881836e-02
-3.329980850219726562e+00,9.065624922513961792e-01,-3.923437893390655518e-01
-2.903824567794799805e+00,4.804062396287918091e-01,3.381246328353881836e-02
-3.329980850219726562e+00,9.065624922513961792e-01,3.381246328353881836e-02
-2.401247292726701232e+00,3.475251005285802552e+00,9.578729455504021439e-01
-2.401247292726701232e+00,3.049094722860875795e+00,1.384029153469522821e+00
-2.051512002944946289e+00,2.611187458038330078e+00,8.861249238252639771e-01
-1.625355720520019531e+00,3.037343740463256836e+00,8.861249238252639771e-01
-1.625355720520019531e+00,2.611187458038330078e+00,1.312281131744384766e+00
-1.975091010301774253e+00,3.475251005285802552e+00,1.384029153469522821e+00
1.783894062042236328e+00,-7.980624884366989136e-01,-2.523124694824218750e+00
1.783894062042236328e+00,-7.980624884366989136e-01,-2.949280977249145508e+00
7.926921546459197998e-02,2.611187458038330078e+00,2.164593696594238281e+00
-3.468870222568511963e-01,2.611187458038330078e+00,2.164593696594238281e+00
7.926921546459197998e-02,3.037343740463256836e+00,2.164593696594238281e+00
-6.278287412391744815e-02,2.824265602355202631e+00,1.987028576847579497e+00
1.357737779617309570e+00,-7.980624884366989136e-01,-2.949280977249145508e+00
-5.130446643753825420e-01,4.420753509777077817e+00,-2.629901757081066216e-01
-7.580375369522128759e-01,4.345398635759076811e+00,-5.776311724804942260e-01
-8.875769915252629261e-01,4.340659228938649861e+00,-1.935592145747361825e-01
-7.730432301759719849e-01,2.611187458038330078e+00,-2.096968412399291992e+00
-7.730432301759719849e-01,2.185031175613403320e+00,-2.523124694824218750e+00
-1.338088959455490112e-01,2.398109316825866699e+00,-2.310046553611755371e+00
-5.599651038646697998e-01,2.398109316825866699e+00,-1.883890271186828613e+00
-1.338088959455490112e-01,2.824265599250793457e+00,-1.883890271186828613e+00
-1.625355720520019531e+00,-2.928843736648559570e+00,8.861249238252639771e-01
-1.625355720520019531e+00,-2.928843736648559570e+00,4.599687159061431885e-01
-1.199199438095092773e+00,-2.928843736648559570e+00,8.861249238252639771e-01
-1.199199438095092773e+00,-3.355000019073486328e+00,8.861249238252639771e-01
-1.199199438095092773e+00,-3.355000019073486328e+00,4.599687159061431885e-01
-1.625355720520019531e+00,-3.355000019073486328e+00,4.599687159061431885e-01
1.989540783625558529e+00,-4.071956285976741641e-01,-2.313665046062045150e+00
1.563384501200631771e+00,-4.071956285976741641e-01,-2.313665046062045150e+00
-2.122965757378029839e+00,2.631909047791319622e+00,-2.684454415861868171e+00
-2.281783813150295881e+00,2.771866389010440912e+00,-2.409430576483273523e+00
-1.965959189331373036e+00,2.863960364453807639e+00,-2.541133317286925930e+00
3.627284235956016900e+00,1.809897169795574579e+00,1.396866169054037599e+00
3.818794741333975562e+00,1.549870168232089007e+00,1.142179773317496760e+00
3.724725989432897677e+00,1.378225757209999625e+00,-1.587526666824041754e+00
3.788962204023332614e+00,2.116595760021159123e+00,-9.201857475844793521e-02
3.062362909317016602e+00,1.758874952793121338e+00,4.599687159061431885e-01
3.062362909317016602e+00,1.758874952793121338e+00,-3.923435658216476440e-01
3.076028867262795008e-01,3.690520270709430228e+00,-2.285440792205217342e+00
3.668357028936887199e-01,3.442270455003063390e+00,-2.641200260914236431e+00
-2.657470354850428040e-01,4.428805415594236905e+00,4.970742615435498335e-01
-1.463832876146772488e+00,3.413835010821252958e+00,2.038695346241047979e+00
-1.814543763484294470e+00,3.217215580023699673e+00,2.030498683254072123e+00
-1.556713528462594365e+00,3.148512289757833482e+00,2.292463688823664469e+00
-5.856166967679461433e-01,3.543522849583962131e+00,2.489454187209745761e+00
-2.686320082850064406e-01,3.666371748779928108e+00,2.358354990268984430e+00
-5.411545445629040163e-01,3.772023299615665071e+00,2.100725015417150399e+00
-9.093089589404301787e-01,1.564136202452459212e+00,-3.787231446151313463e+00
-1.183263849961479597e+00,1.820122643346439917e+00,-3.614305527781969118e+00
3.582272458367085743e+00,2.443279728192560896e+00,-2.374147558173655970e-01
2.652372112746912869e+00,-2.176860428360046118e+00,-8.436655336747098666e-01
2.226215830321986111e+00,-2.176860428360046118e+00,-8.436655336747098666e-01
2.636206626892089844e+00,-2.076531171798706055e+00,-3.923437893390655518e-01
2.814555538413588742e+00,-1.683160226399023296e+00,-9.865315811652878297e-01
2.427978236813212121e+00,1.079185188651594185e+00,3.456761069698326416e+00
2.497040078574822797e+00,6.460850254881022048e-01,3.545007549259923341e+00
1.996972203254699707e+00,1.119640618562698364e+00,1.951515555381774902e+00
1.783894062042236328e+00,1.332718729972839355e+00,2.164593696594238281e+00
2.386281158854470341e+00,-3.309058358531366650e+00,1.328027761350502489e+00
2.072770827760602952e+00,-3.510607491303082472e+00,1.291395090197392959e+00
2.245883982654238942e+00,-3.553972239908752773e+00,9.930180526853246148e-01
-2.903824567794799805e+00,4.804062545299530029e-01,1.738437414169311523e+00
-1.199199438095092773e+00,-2.076531171798706055e+00,2.590749859809875488e+00
-1.432026834318562258e+00,-2.911729817365286799e+00,2.939255887935408040e+00
-1.208006259284157835e+00,-2.767051420692662411e+00,3.208788572281664475e+00
-1.625355720520019531e+00,4.804062545299530029e-01,3.016906023025512695e+00
-1.625355720520019531e+00,5.425000190734863281e-02,3.016906023025512695e+00
-1.625355720520019531e+00,5.425000190734863281e-02,2.590749859809875488e+00
3.831204353136117735e+00,2.068957456245845705e+00,3.103332474147981745e-01
-2.163633979175631161e+00,4.556120405767888348e-03,3.726321342847336293e+00
-2.371367328999748558e+00,-2.355965499234520533e-01,3.614839890893574381e+00
-1.990125171202530296e+00,-2.247460358777849110e-01,3.814637569298089836e+00
3.820614771296151790e+00,2.402031272649759464e-01,1.660379127504616026e+00
1.783894062042236328e+00,9.065624922513961792e-01,3.016906023025512695e+00
1.784696675935326216e+00,1.291776129895943592e+00,3.661589973621830030e+00
2.210852958360252973e+00,8.656198921745004160e-01,3.661589973621830030e+00
1.784696675935326216e+00,8.656198921745004160e-01,3.661589973621830030e+00
-3.682398811829597385e+00,-1.024263615071311806e+00,-2.099701938773486987e+00
3.954682119506833793e+00,-1.859531253576284515e-01,1.269854283724191291e+00
3.062362909317016602e+00,5.425000190734863281e-02,1.312281131744384766e+00
3.820614771296151790e+00,-1.859531253576284238e-01,1.660379127504616026e+00
1.271810392938184542e+00,-3.687347553776393116e+00,-1.600602819100028995e+00
8.456542297225472238e-01,-3.687347553776393116e+00,-2.026759101524955753e+00
3.872267396223657343e+00,-5.431836183162278564e-01,1.457204226954489146e+00
3.488519191741943359e+00,-3.719062507152557373e-01,8.861249238252639771e-01
4.298423678648584101e+00,-5.431836183162278564e-01,1.031048019035368357e+00
4.380838401931760551e+00,-1.859531253576284515e-01,8.436980758050705020e-01
3.062362909317016602e+00,-7.980624884366989136e-01,2.164593696594238281e+00
2.636206626892089844e+00,-7.980624884366989136e-01,2.590749859809875488e+00
2.636206626892089844e+00,-7.980624884366989136e-01,2.164593696594238281e+00
2.210050344467163086e+00,-7.980624884366989136e-01,2.590749859809875488e+00
2.423128485679626465e+00,-1.011140614748001099e+00,6.730467975139617920e-01
-1.118313624206669354e+00,-2.129149271616800121e+00,-3.663454932297240063e+00
-1.118313624206669354e+00,-1.702993048796518361e+00,-3.663454932297240063e+00
-6.921574162875485658e-01,-1.702993048796518361e+00,-3.663454932297240063e+00
2.478569169078491452e+00,6.340772004583633548e-01,-3.526040036054902238e+00
2.582895717583297390e+00,9.535900097671987652e-01,-3.360635665463976629e+00
-1.625355720520019531e+00,9.065624922513961792e-01,-2.096968412399291992e+00
-3.331910422603684196e+00,-3.845864850802656054e-01,-2.684379003204087955e+00
1.465307840621124624e+00,-1.279900840225838499e+00,-3.751824785007963570e+00
2.640556953957752473e+00,2.402031272649761129e-01,-3.447491762115555858e+00
2.294893654826266172e+00,2.402031272649761962e-01,-3.673324866640795161e+00
3.662797692950205519e+00,2.397222069481610873e+00,1.671098056553778910e-01
2.808705125511895329e+00,2.608018836242362859e+00,-1.647376469346372829e+00
3.052286174311378275e+00,2.435741564245244906e+00,-1.430980238436401875e+00
3.056458816033847725e+00,2.210149462888559846e+00,-1.714482333697568750e+00
3.816362353414631592e+00,-1.621399325575352268e+00,1.336410573846784633e-01
3.923838441065849558e+00,-1.322326971475376922e+00,3.741491737715374466e-01
3.924409919186092388e+00,-1.130540824856691273e+00,-2.209139136539421400e-01
2.636206626892089844e+00,-1.224218726158142090e+00,1.738437414169311523e+00
3.062362909317016602e+00,-1.224218726158142090e+00,1.738437414169311523e+00
2.210050344467163086e+00,-2.502687454223632812e+00,4.599687159061431885e-01
2.636206626892089844e+00,-2.502687454223632812e+00,3.381246328353881836e-02
2.636206626892089844e+00,-2.502687454223632812e+00,4.599687159061431885e-01
1.928242845811128037e+00,1.725930263059203273e+00,-3.363125127169446671e+00
2.156739435158370632e+00,1.379746247488641941e+00,-3.360635665463976629e+00
1.801541621798592008e+00,1.399029078123013248e+00,-3.584806602535653752e+00
1.144659757614135742e+00,-1.437296837568283081e+00,1.951515555381774902e+00
6.932673795290091867e-01,-2.012007975288996331e+00,1.668691609906239881e+00
2.102318496007550497e+00,5.337165273583637237e-01,3.782052780672114700e+00
1.880564471307562879e+00,-2.659402434575827812e+00,2.984204700405339139e+00
1.512597432851541246e+00,-2.680316383931916846e+00,3.199182408310542236e+00
1.596259059683560855e+00,-2.898759187069472887e+00,2.903787679691658852e+00
3.520785342842096100e+00,1.683170890345480286e+00,1.777555159152363062e+00
3.520785342842096100e+00,2.109327113165762491e+00,1.777555159152363062e+00
3.371527776864017945e+00,2.040662696183335179e+00,2.057619240423354867e+00
3.371527776864017945e+00,1.614506473363053196e+00,2.057619240423354867e+00
7.926921546459197998e-02,-2.928843736648559570e+00,1.738437414169311523e+00
-1.764793086615193407e-01,-3.733950373183828830e+00,1.704582814908027100e+00
7.926921546459197998e-02,-2.928843736648559570e+00,2.164593696594238281e+00
-1.764793086615193407e-01,-3.733950373183828830e+00,2.130739097332953857e+00
-3.468870222568511963e-01,-2.928843736648559570e+00,1.738437414169311523e+00
-1.130557320543473576e+00,2.722356007332906724e+00,2.718619971248591227e+00
-3.468870222568511963e-01,2.185031175613403320e+00,2.590749859809875488e+00
-1.130557320543473576e+00,2.722356007332906724e+00,3.144776134464228434e+00
-1.556713528462594365e+00,2.296199784512624742e+00,3.144776134464228434e+00
-7.730432301759719849e-01,1.758874952793121338e+00,3.016906023025512695e+00
-7.730432301759719849e-01,1.758874952793121338e+00,2.590749859809875488e+00
2.581121144365756237e+00,3.576432221511010923e+00,-1.274904096004007226e+00
-2.241106217090474306e+00,1.885861031967613011e+00,-2.861145105989612247e+00
-1.814949934665547548e+00,1.885861031967613011e+00,-3.287301388414539005e+00
9.423676217233197816e-01,4.260599630564682272e+00,-8.377158041020965618e-01
9.315816164016723633e-01,3.463500022888183594e+00,-8.184998184442520142e-01
1.368523784938957100e+00,3.834443348139755958e+00,-1.263871833207283135e+00
1.030573796864111547e+00,3.791362161053777324e+00,-1.602727077362608110e+00
3.376737325126255573e+00,2.467868111950516141e+00,1.632014001986360707e+00
5.054254531860351562e-01,3.889656305313110352e+00,3.381246328353881836e-02
9.315816164016723633e-01,3.463500022888183594e+00,3.381246328353881836e-02
2.347382624038905519e+00,2.834279333521153799e+00,2.375667257753955042e+00
2.506252469147701945e+00,2.947850354942661788e+00,2.001152094916139212e+00
1.783894062042236328e+00,2.611187458038330078e+00,1.738437414169311523e+00
5.503811175137605094e-01,4.421129122887403895e+00,4.012357342407137373e-01
5.503811175137605094e-01,4.421129122887403895e+00,-2.492051838189063284e-02
-1.850179389631442017e+00,1.460220425421840940e+00,3.731088990205811307e+00
-2.236416074810740007e+00,1.405963617209054384e+00,3.566920338656614842e+00
2.805027321111043914e+00,-5.230620453458956209e-01,3.310216111888705903e+00
2.464243840772798677e+00,-5.290638383844046277e-01,3.578428772168115835e+00
2.640556953957753805e+00,-1.859531253576282572e-01,3.481304285003738563e+00
2.236971468545225328e+00,3.812435069126430154e+00,-1.151284857572423492e+00
3.627284235956016900e+00,2.236053392615856339e+00,1.396866169054037599e+00
2.800637661531362621e+00,3.186304247434149861e+00,1.000633785801591458e+00
2.506252469147701945e+00,3.374006637367588546e+00,1.148839604572091666e+00
2.210050344467163086e+00,-1.650374948978424072e+00,-8.184998184442520142e-01
4.570432961677119987e-01,5.973727480650141697e-01,-4.366700029556377594e+00
2.218362470099893013e-01,8.542586242475518343e-01,-4.324014154949268551e+00
8.325148941600292174e-01,7.101561275358276859e-01,-4.286792082030018491e+00
2.656931513320808236e+00,2.664012039250805319e+00,1.827458461061985284e+00
-2.881094294893919106e+00,2.390625624392904935e+00,-1.681870348540316584e+00
-1.825188685265858313e+00,-1.627446868135413949e+00,-3.402598329634041185e+00
-1.625355720520019531e+00,-1.650374948978424072e+00,-2.523124694824218750e+00
-2.251344967690784848e+00,-2.053603090955696153e+00,-2.976442047209114428e+00
-1.825188685265858313e+00,-2.053603090955696153e+00,-3.402598329634041185e+00
-1.625355720520019531e+00,-2.076531171798706055e+00,-2.523124694824218750e+00
2.310095737055748888e+00,3.615059317787173487e+00,8.647792882500382472e-01
7.185035049915313721e-01,2.824265599250793457e+00,-1.457733988761901855e+00
7.185035049915313721e-01,2.398109316825866699e+00,-1.883890271186828613e+00
2.923473417758941650e-01,2.824265599250793457e+00,-1.883890271186828613e+00
9.315816164016723633e-01,9.065624922513961792e-01,-2.949280977249145508e+00
5.054254531860351562e-01,9.065624922513961792e-01,-2.949280977249145508e+00
-1.625355720520019531e+00,5.425000190734863281e-02,-2.523124694824218750e+00
-1.625355720520019531e+00,-3.719062507152557373e-01,-2.949280977249145508e+00
-1.625355720520019531e+00,5.425000190734863281e-02,-2.949280977249145508e+00
1.216011662545921634e+00,-5.191177143296465957e-01,-4.183570635593929055e+00
8.601308300301194754e-01,-5.431227461581769056e-01,-4.299436616794180210e+00
1.064461399604725855e+00,-1.859531253576280629e-01,-4.265339875301085826e+00
-1.868944781343898076e-01,1.075153909046635103e+00,4.291021028649764979e+00
2.257997631997436638e+00,3.120869342568844296e+00,-9.118010226796730011e-01
2.210050344467163086e+00,2.611187458038330078e+00,-8.184998184442520142e-01
2.257997631997436638e+00,2.694713060143917538e+00,-1.337957051784859352e+00
2.915279584849324479e+00,3.263775423392166530e+00,-1.334848240635890360e+00
2.867332297319050483e+00,2.754093538861652313e+00,-1.241547036400469484e+00
2.867332297319050483e+00,3.180249821286579071e+00,-8.153910072952829102e-01
9.315816164016723633e-01,-3.355000019073486328e+00,-8.184998184442520142e-01
1.783894062042236328e+00,-2.928843736648559570e+00,-8.184998184442520142e-01
2.856652413042168881e+00,3.117700720772877077e+00,-1.740677673581793705e+00
3.436200608609553342e+00,2.699421522695512277e+00,3.312059922952823032e-02
2.789523264151161364e+00,3.468449073597267063e+00,-1.013633197535297903e+00
-3.329980850219726562e+00,5.425000190734863281e-02,1.312281131744384766e+00
-1.587750784242540014e+00,-2.384571825987867655e+00,-3.335021358299577354e+00
-1.310618981895635082e+00,-2.676185851897476820e+00,-3.224402989677671805e+00
-1.206753304751427169e+00,-2.432965470259598639e+00,-3.458620517740903733e+00
1.039151677405487417e+00,-8.537446025043953224e-01,-4.177981067432890327e+00
-2.769931331999965773e-01,-9.969457456733985534e-01,-4.393842769249565627e+00
-6.519346228478339889e-01,-1.020083697156008329e+00,-4.354160629787117820e+00
2.923473417758941650e-01,3.250421881675720215e+00,2.468905895948410034e-01
2.923473417758941650e-01,2.824265599250793457e+00,-1.792656630277633667e-01
5.054254531860351562e-01,3.463500022888183594e+00,3.381246328353881836e-02
9.315816164016723633e-01,3.463500022888183594e+00,4.599687159061431885e-01
9.315816164016723633e-01,3.037343740463256836e+00,3.381246328353881836e-02
2.188324851067289245e+00,2.575379787626727257e+00,-4.072570439856530444e-01
2.845606803919176642e+00,2.718285868450049048e+00,-8.303042619418703474e-01
5.054254531860351562e-01,-3.355000019073486328e+00,1.312281206250190735e+00
9.315816164016723633e-01,-2.928843736648559570e+00,1.312281206250190735e+00
1.424644172478306992e+00,-3.712744221146677237e+00,1.029275184597642889e+00
9.984880092626697845e-01,-4.138900503571603551e+00,1.029275184597642889e+00
-1.338088959455490112e-01,-2.715765595436096191e+00,-1.457733988761901855e+00
1.787335879595856047e-01,-2.760813080487400040e+00,-1.077916873495416983e+00
7.926921546459197998e-02,-2.928843736648559570e+00,-1.670812129974365234e+00
-9.381626139401922915e-01,1.092510362568667404e+00,-4.201780035924798540e+00
1.246649581450704591e+00,-5.431227461579621885e-01,4.200557084715960343e+00
1.357737898826599121e+00,-3.719062507152557373e-01,3.443062305450439453e+00
2.098962027091268556e+00,-5.431227461579621885e-01,3.774400802291033585e+00
1.672805744666341798e+00,-9.692789838794053647e-01,3.774400802291033585e+00
1.783894062042236328e+00,-7.980624884366989136e-01,3.016906023025512695e+00
9.315816164016723633e-01,-7.980624884366989136e-01,3.443062305450439453e+00
9.315816164016723633e-01,3.463500022888183594e+00,8.861249238252639771e-01
1.357737779617309570e+00,3.037343740463256836e+00,8.861249238252639771e-01
9.315816164016723633e-01,3.037343740463256836e+00,1.312281131744384766e+00
9.315816164016723633e-01,3.037343740463256836e+00,8.861249238252639771e-01
-1.333101746000054266e+00,-2.426978059164761170e+00,3.453562890942100339e+00
-1.003861942359420167e+00,-2.313248150491626909e+00,3.620558954591523548e+00
-1.248671631759387335e+00,-2.112074117331474099e+00,3.670776042410819340e+00
2.780859831630946744e+00,5.973727480653810984e-01,3.328894731629006287e+00
2.944334948916413452e+00,2.402031272649760574e-01,3.201656940577105814e+00
3.060425583038498765e+00,5.719858489792044587e-01,3.030402241610744785e+00
-4.539899602002138712e-01,-1.229268287484014399e-02,-4.468672978412064900e+00
-8.031942770315436686e-01,-1.127609066126762372e-01,-4.425392997978565113e+00
9.315816164016723633e-01,-3.719062507152557373e-01,-3.375437259674072266e+00
-1.838433861732482910e+00,-1.011140614748001099e+00,1.525359272956848145e+00
-1.625355720520019531e+00,-1.224218726158142090e+00,1.738437414169311523e+00
-2.051512002944946289e+00,-1.224218726158142090e+00,1.738437414169311523e+00
1.993483239076341729e+00,6.495176832338043216e-01,-3.775315141358867255e+00
1.567326956651414971e+00,6.495176832338043216e-01,-3.775315141358867255e+00
-1.372909850080103578e+00,-4.221335525777324627e+00,-6.647457949184081283e-01
-1.442424484949201169e+00,-4.242748260497547719e+00,-2.794916929728086252e-01
-1.761827729599016568e+00,-4.076052290954609525e+00,-5.467839794342015391e-01
-2.051512002944946289e+00,-2.502687454223632812e+00,-8.184998184442520142e-01
-2.604241132930749103e+00,-2.785914426985883097e+00,-1.461439488475181125e+00
-1.412277579307556152e+00,-5.849843770265579224e-01,-2.310046553611755371e+00
-3.756137132644653320e+00,-7.980624884366989136e-01,3.381246328353881836e-02
-1.836696117953937168e+00,-3.401987848927142899e+00,-1.604891189230592152e+00
-1.465173541273495195e+00,-3.544306362808371080e+00,-1.706238643290776347e+00
-1.681416343506934030e+00,-3.339120854934824578e+00,-1.873398065950886204e+00
8.684921102217493249e-01,2.464239445806036599e+00,-3.471936012099564373e+00
1.294648273437386532e+00,2.464239445806036599e+00,-3.471936012099564373e+00
1.030626109621751052e+00,2.749891122446102010e+00,-3.312947643451567892e+00
6.044699464061137339e-01,2.749891122446102010e+00,-3.312947643451567892e+00
2.636206626892089844e+00,1.332718729972839355e+00,1.738437414169311523e+00
2.945371494439091187e+00,1.614506473363053196e+00,2.483775522848281625e+00
2.945371494439091187e+00,2.040662696183335179e+00,2.483775522848281625e+00
2.210050344467163086e+00,1.758874952793121338e+00,2.164593696594238281e+00
-1.059102255742713883e+00,3.848606398991146094e+00,-1.403520928393212186e+00
-7.730432301759719849e-01,3.463500022888183594e+00,-8.184998184442520142e-01
-2.933020667082819166e+00,2.647248516369290705e+00,1.097895040843811953e+00
-2.735645822081167466e+00,3.194882074617513723e+00,9.487305941807081533e-01
-2.735645822081167466e+00,2.768725792192586965e+00,1.374886802099828831e+00
2.642650097962968125e+00,1.718242192720816686e+00,2.749405754305717764e+00
-5.599651336669921875e-01,1.545796841382980347e+00,6.730467975139617920e-01
-4.377448060386432971e+00,-1.841579230603740958e-01,2.856523191207368528e-01
3.165617373716693717e+00,-2.244885311366977554e+00,1.611473978448636490e+00
3.270848351931470610e+00,-1.957910208175094535e+00,1.844576164409821084e+00
3.450028901457153907e+00,-1.972534265099514572e+00,1.503057658554223686e+00
-4.358084401910280903e+00,4.172979161458458819e-01,-4.572444726707938223e-01
-1.130557320543473576e+00,3.148512289757833482e+00,2.718619971248591227e+00
-2.477668285369873047e+00,-2.502687454223632812e+00,4.599687159061431885e-01
-2.051512002944946289e+00,-2.502687454223632812e+00,8.861249238252639771e-01
-2.477668285369873047e+00,-2.076531171798706055e+00,8.861249238252639771e-01
-3.082118518268905483e+00,-2.849519003234297188e+00,7.883647763138553755e-01
-2.655962235843978725e+00,-2.849519003234297188e+00,1.214520984232976275e+00
-2.655962235843978725e+00,-3.275675285659223945e+00,7.883647763138553755e-01
-2.163633979175631161e+00,4.307123730283722862e-01,3.726321342847336293e+00
-1.990125171202530296e+00,2.014102167448194591e-01,3.814637569298089836e+00
-7.730432301759719849e-01,3.037343740463256836e+00,1.738437414169311523e+00
-9.316521817555422080e-01,3.653419184015167520e+00,2.139639516536618657e+00
7.926921546459197998e-02,2.611187458038330078e+00,2.590749859809875488e+00
6.128434919825379024e-02,2.814001102502577289e+00,3.306059880179744503e+00
4.874405869196969388e-01,3.240157384927504047e+00,2.879903716964107296e+00
-7.730432301759719849e-01,3.463500022888183594e+00,8.861249238252639771e-01
-8.087452750971654281e-01,4.259849567353196420e+00,9.278865847686682544e-01
-8.188775741950798936e-01,4.009391580825403700e+00,1.338874974161324616e+00
-7.831755292738864505e-01,3.213042036360390430e+00,1.297113313217920227e+00
6.637416570791618842e-01,4.396862535908947045e+00,-4.580546960358640174e-01
-1.163608543425868280e+00,-4.314685766610676154e+00,-4.319605982704620151e-01
9.315816164016723633e-01,9.065624922513961792e-01,-2.523124694824218750e+00
9.315816164016723633e-01,1.332718729972839355e+00,-2.523124694824218750e+00
2.738467801057414164e+00,7.373459139458786726e-01,-2.017527107924068641e+00
2.738467801057414164e+00,3.111896762244355519e-01,-2.017527107924068641e+00
-2.051512002944946289e+00,-2.076531171798706055e+00,8.861249238252639771e-01
-1.625355720520019531e+00,-1.650374948978424072e+00,1.312281131744384766e+00
-2.051512002944946289e+00,-1.650374948978424072e+00,1.312281131744384766e+00
-2.051512002944946289e+00,-1.650374948978424072e+00,8.861249238252639771e-01
1.368523784938957100e+00,3.834443348139755958e+00,-8.377158041020965618e-01
1.357737779617309570e+00,3.037343740463256836e+00,-8.184998184442520142e-01
-1.875911447152031952e+00,2.475328547333654594e+00,-2.949816380530501991e+00
-1.625355720520019531e+00,1.758874952793121338e+00,-2.523124694824218750e+00
-1.449755164727105194e+00,2.049172324513372612e+00,-3.375972662955428749e+00
-1.449755164727105194e+00,2.475328547333654594e+00,-2.949816380530501991e+00
-1.199199438095092773e+00,1.758874952793121338e+00,-2.523124694824218750e+00
-1.625355720520019531e+00,2.185031175613403320e+00,-2.096968412399291992e+00
3.478442456736305033e+00,2.009585341424962923e+00,-1.430980238436401875e+00
-2.579779887624113144e+00,2.135323972412437321e+00,-2.706060881429522169e+00
2.636206626892089844e+00,-7.980624884366989136e-01,1.738437414169311523e+00
2.423128485679626465e+00,-1.011140614748001099e+00,1.525359272956848145e+00
2.423128485679626465e+00,-5.849843770265579224e-01,1.525359272956848145e+00
2.636206626892089844e+00,-3.719062507152557373e-01,1.738437414169311523e+00
-1.199199438095092773e+00,3.037343740463256836e+00,8.861249238252639771e-01
-1.621607475195457893e+00,3.685360894168261403e+00,9.447981938054791362e-01
-1.479323024215239979e+00,3.830112506942628947e+00,5.951269182030013427e-01
-1.479323024215239979e+00,3.830112506942628947e+00,1.021283126122122020e+00
2.423128485679626465e+00,-5.849843770265579224e-01,6.730467975139617920e-01
3.062362909317016602e+00,-7.980624884366989136e-01,8.861249238252639771e-01
1.764960041668519164e+00,2.752579936577650876e+00,-2.569862649517217434e+00
2.085872786759281894e+00,2.701669637080508224e+00,-2.345003885831026924e+00
1.797827402431056987e+00,2.980403890754325769e+00,-2.245902095920440544e+00
2.559976356714482648e+00,3.211351521611022442e+00,-2.012148807641521042e+00
1.831841349572509881e+00,2.694713060143917538e+00,-1.764113334209786110e+00
-2.551812582064186152e+00,3.475614174005376533e+00,-4.987080619841610662e-01
-1.539802906906446278e+00,2.863960364453807639e+00,-2.541133317286925930e+00
-1.305113503571158073e+00,2.790751146543197336e+00,-2.742073969657760735e+00
-1.214419988270903472e+00,3.072337014057914040e+00,-2.445732629604994379e+00
-5.599651336669921875e-01,1.545796841382980347e+00,1.525359272956848145e+00
-2.616739792760292005e+00,-1.362375559203063524e+00,3.284930202701281221e+00
-2.690852697039076702e+00,-1.676125077530530083e+00,3.039897935045277499e+00
-2.633419734839543280e-01,-8.446876799875072672e-01,4.344585860836765789e+00
-1.563968888777603539e+00,2.014102167448194591e-01,3.814637569298089836e+00
-1.563968888777603539e+00,-2.247460358777849110e-01,3.814637569298089836e+00
2.640556953957753805e+00,2.402031272649761129e-01,3.481304285003738563e+00
7.926921546459197998e-02,-3.355000019073486328e+00,8.861249238252639771e-01
-3.468870222568511963e-01,-2.928843736648559570e+00,8.861249238252639771e-01
5.054253786802291870e-01,-2.928843736648559570e+00,8.861249238252639771e-01
3.689130295983435559e+00,1.708887616802205134e+00,-1.333939926477264448e+00
3.110206628725707301e+00,-1.319108280008720158e+00,-2.363550690450697545e+00
-8.225154238402664353e-01,-2.112074117331474099e+00,3.670776042410819340e+00
-1.248671631759387335e+00,-1.685917894511191895e+00,3.670776042410819340e+00
-7.730432301759719849e-01,-1.650374948978424072e+00,3.016906023025512695e+00
-7.730432301759719849e-01,-2.076531171798706055e+00,3.016906023025512695e+00
-1.199199438095092773e+00,-1.650374948978424072e+00,3.016906023025512695e+00
-3.329980850219726562e+00,-1.224218726158142090e+00,4.599687159061431885e-01
-2.903824567794799805e+00,-1.224218726158142090e+00,8.861249238252639771e-01
-2.903824567794799805e+00,-7.980624884366989136e-01,4.599687159061431885e-01
-3.468870222568511963e-01,9.065624922513961792e-01,3.016906023025512695e+00
-7.730432301759719849e-01,9.065624922513961792e-01,3.016906023025512695e+00
-3.468870222568511963e-01,4.804062545299530029e-01,3.443062305450439453e+00
-1.674983927160485220e-01,2.564576862553140657e+00,3.529096537461594352e+00
-1.625355720520019531e+00,4.804062545299530029e-01,2.590749859809875488e+00
-1.625355720520019531e+00,5.425000190734863281e-02,2.164593696594238281e+00
-2.051512002944946289e+00,4.804062545299530029e-01,2.590749859809875488e+00
2.281724158949046011e+00,-8.895759305903453429e-01,3.598977931866312208e+00
-4.027907249371486031e+00,2.166058518559884349e-01,1.931929265249454852e+00
-3.977607021582163505e+00,6.548158059433154543e-01,1.948438751882027198e+00
-7.730432301759719849e-01,2.611187458038330078e+00,1.738437414169311523e+00
-3.570193213547656619e-01,2.786885753935463672e+00,1.723269595642846985e+00
-2.536617058692415938e+00,-3.405880307945047925e+00,-6.411864933081939943e-01
2.896154586961894317e+00,-3.107370855032322687e+00,8.152826124951702003e-01
3.322310869386821075e+00,-2.681214572607395930e+00,8.152826124951702003e-01
2.739461091291766959e+00,-3.097197816612186294e+00,1.185317770529515702e+00
3.165617373716693717e+00,-2.671041534187259536e+00,1.185317770529515702e+00
-1.592859321232232617e+00,-2.635844135927266407e+00,2.728862407015820946e+00
-1.592859321232232617e+00,-2.635844135927266407e+00,3.155018570231458153e+00
-3.862523385933230857e-01,2.254921648240169496e+00,3.711524629418211596e+00
-7.931354135779398185e-01,2.234306012325363966e+00,3.644406328539135931e+00
-5.755167838645183220e-01,2.552889439800249960e+00,3.497333424148169723e+00
9.315816164016723633e-01,2.611187458038330078e+00,-2.523124694824218750e+00
1.460757822530935224e+00,2.998323537683937445e+00,-2.891166434405708419e+00
1.357737779617309570e+00,2.185031175613403320e+00,-2.523124694824218750e+00
7.926921546459197998e-02,1.332718729972839355e+00,-2.949280977249145508e+00
7.926921546459197998e-02,9.065624922513961792e-01,-2.949280977249145508e+00
-4.027682618333782161e-01,9.693104715928571036e-01,-3.412763071450853225e+00
7.026322118564261032e-01,3.453871474952861398e+00,2.599720634411958553e+00
1.110140769925473059e+00,3.368534348907750164e+00,2.528957126487306972e+00
-2.047763757620384872e+00,3.685360894168261403e+00,9.447981938054791362e-01
3.007541540402209890e+00,-3.073217885705317620e+00,4.354273994739814024e-01
3.433697822827136648e+00,-2.647061603280390862e+00,4.354273994739814024e-01
3.228157164956432013e+00,-2.869390121768492286e+00,9.862084400460460754e-02
2.802000882531505255e+00,-3.295546404193419043e+00,9.862084400460460754e-02
-2.264590144157409668e+00,-1.011140614748001099e+00,2.468905895948410034e-01
-2.264590144157409668e+00,-1.011140614748001099e+00,-6.054216921329498291e-01
4.399381344493539459e+00,-5.420252411159494077e-01,6.295286832623395723e-01
4.349994723490776316e+00,-8.961707337539336349e-01,3.741491737715374466e-01
4.431939515693038345e+00,-5.413984518130277035e-01,2.278263025320509116e-01
4.397596030394147704e+00,-5.406703584242612548e-01,-6.076511122417445065e-01
3.228157164956432013e+00,-2.869390121768492286e+00,-3.275354086179997903e-01
3.488008035500809179e+00,-2.586520945374305214e+00,-3.502338119824013329e-01
2.733827852661044666e+00,-3.336280931810008177e+00,5.351817935232984214e-01
2.588876526230284192e+00,-3.356539346570248217e+00,9.141456019286928747e-01
1.996972203254699707e+00,-1.437296837568283081e+00,-1.792656630277633667e-01
2.636206626892089844e+00,-1.650374948978424072e+00,3.381246328353881836e-02
2.636778105012332674e+00,-1.458588802359738423e+00,-5.612506241419408237e-01
2.645583483991035045e+00,-3.349744688463458964e+00,-7.638319619082593048e-01
2.774358700018757506e+00,-3.106606668550471184e+00,-1.071702964888267884e+00
2.450848817220438125e+00,-3.357480181348868609e+00,-1.120882087152987872e+00
2.571200325614459103e+00,-3.488610802325448290e+00,2.846614013604570892e-01
2.739461091291766959e+00,-2.671041534187259536e+00,1.185317770529515702e+00
2.739461091291766959e+00,-2.244885311366977554e+00,2.037630260873563248e+00
-9.958938450242160734e-01,-4.283094391316110361e+00,-8.034749527385636192e-01
-7.730432301759719849e-01,-2.502687454223632812e+00,8.861249238252639771e-01
-7.730432301759719849e-01,-2.928843736648559570e+00,4.599687159061431885e-01
3.539196571680048642e+00,-1.303491570260361332e+00,2.401336625334223651e+00
3.725521402210039579e+00,-1.318902670578588232e+00,2.049413912076595068e+00
-9.861213713884353638e-01,1.545796841382980347e+00,1.951515555381774902e+00
-1.338088959455490112e-01,1.545796841382980347e+00,1.951515555381774902e+00
-7.730432450771331787e-01,9.065625071525573730e-01,1.738437414169311523e+00
-2.571738932064103977e+00,1.314829126600173925e+00,3.363021356597917233e+00
-3.468870222568511963e-01,-2.502687454223632812e+00,-2.523124694824218750e+00
7.926921546459197998e-02,-2.502687454223632812e+00,-2.523124694824218750e+00
-1.199199512600898743e+00,1.758874952793121338e+00,2.164593696594238281e+00
-1.625355720520019531e+00,1.332718729972839355e+00,2.590749859809875488e+00
-1.412277579307556152e+00,1.119640618562698364e+00,2.377671718597412109e+00
2.226215830321986111e+00,-2.603016710784972876e+00,-8.436655336747098666e-01
2.790524185873580532e+00,-2.780779642686884490e+00,-1.523024709223912199e+00
2.467014303075261150e+00,-3.031653155485281914e+00,-1.572203831488632186e+00
7.926921546459197998e-02,-2.076531171798706055e+00,-2.096968412399291992e+00
-3.468870222568511963e-01,-2.076531171798706055e+00,-2.523124694824218750e+00
7.926921546459197998e-02,-2.076531171798706055e+00,-2.523124694824218750e+00
7.926921546459197998e-02,-2.502687454223632812e+00,-2.096968412399291992e+00
-1.625355720520019531e+00,-2.076531171798706055e+00,-2.096968412399291992e+00
2.210050344467163086e+00,-1.650374948978424072e+00,-2.096968412399291992e+00
3.711993732205738361e+00,-1.687193057910089333e+00,-1.864489323359311612e+00
-2.816434699540918629e+00,3.253947486990077298e+00,4.096739073639440454e-01
3.069684862395383629e+00,-2.485997248140981331e+00,-1.446165719992790422e+00
-2.551812582064186152e+00,3.475614174005376533e+00,-9.248640910893475287e-01
-2.823394648611002644e+00,3.251319463834268841e+00,1.018141168791845685e-01
-2.823394648611002644e+00,3.251319463834268841e+00,-3.243421357434198016e-01
-2.477668285369873047e+00,2.611187458038330078e+00,-3.923437893390655518e-01
-2.037880887008247655e+00,3.803468853143318729e+00,-1.233298535337169488e-01
3.728971449709718722e-01,-2.680243603713558187e+00,-3.355986787048679254e+00
5.054254531860351562e-01,-2.502687454223632812e+00,-2.523124694824218750e+00
-4.246855740439737126e+00,9.727914479260831859e-01,9.757679679637403236e-01
-4.114964090725163004e+00,1.148833510115755185e+00,1.304746178141318325e+00
2.188324851067289245e+00,1.723067282381518295e+00,-8.334130730908395623e-01
1.357737779617309570e+00,-3.719062358140945435e-01,3.016906023025512695e+00
1.994399626656945035e+00,-1.613890056924662142e+00,3.383503496658593512e+00
2.186851217623328125e+00,-1.254605795960203718e+00,3.396093769902355231e+00
2.613007500048254883e+00,-1.254605795960203718e+00,2.969937606686718023e+00
2.420555909081871793e+00,-1.613890056924662142e+00,2.957347333442956305e+00
3.911831345389187753e+00,-1.347039181903587401e+00,-1.742653464670834484e+00
3.783664503994747630e+00,-1.651283375255150787e+00,5.405282113309557435e-01
3.860181093062758695e+00,-1.314234181773250132e+00,8.068564610110529056e-01
2.863762403068463414e+00,9.335167982542000864e-01,-3.110537645078699676e+00
3.392179859658714047e+00,7.643002199486825798e-01,-2.604940058178550011e+00
4.408744049114662333e-01,-4.192493770182014856e+00,-1.579291697291593355e+00
-2.033197639089044273e+00,3.453902915629790016e+00,-1.842959787902301860e+00
-1.625355720520019531e+00,2.611187458038330078e+00,-1.670812129974365234e+00
-1.607041356664117515e+00,3.027746633204863258e+00,-2.269116070327228840e+00
-1.607041356664117515e+00,3.453902915629790016e+00,-1.842959787902301860e+00
-1.199199438095092773e+00,2.611187458038330078e+00,-1.670812129974365234e+00
-2.264590144157409668e+00,6.934843808412551880e-01,-1.457733988761901855e+00
-2.264590144157409668e+00,1.119640618562698364e+00,-6.054216921329498291e-01
-2.264590144157409668e+00,1.119640618562698364e+00,-1.457733988761901855e+00
-8.150443860588449940e-01,3.360818577005979968e+00,-5.155321137739574677e-01
-4.600495827905401458e-01,-3.829599885778081969e+00,1.413629777306726787e+00
-5.765346028127664724e-01,-3.662235638314786268e+00,1.777359636457794601e+00
3.826987163598221997e+00,7.828529411830389417e-01,-1.934241644773745161e+00
-4.306337635547740739e+00,-4.661823386950341153e-01,7.543705853040967302e-01
-4.348349890859362077e+00,-5.632919429619445140e-01,3.029610280095179076e-01
-4.309484537332043175e+00,-9.942564255460954736e-02,-7.712626445852790447e-01
-4.309484537332043175e+00,3.267306100679948089e-01,-7.712626445852790447e-01
-3.756137132644653320e+00,5.425000190734863281e-02,-3.923437893390655518e-01
-3.756137132644653320e+00,5.425000190734863281e-02,-8.184998184442520142e-01
-3.756137132644653320e+00,4.804062545299530029e-01,-8.184998184442520142e-01
3.164624083482340922e+00,7.373459139458786726e-01,-1.591370825499141883e+00
2.881525517500151068e+00,3.222691445734425564e+00,6.662913709279100205e-01
3.307681799925077826e+00,2.796535163309498806e+00,6.662913709279100205e-01
3.201946945383498111e+00,2.949245769328918687e+00,3.353205247096023300e-01
-6.263044008827614029e-01,2.589235789953451938e+00,-3.425216211588616666e+00
2.988318832784752743e+00,2.663613852283909011e+00,-4.079489080396636602e-01
3.482615098458774483e+00,1.783993240068277863e+00,-1.714482333697568750e+00
-4.600495827905401458e-01,-4.255756168203008727e+00,9.874735693876061093e-01
-3.468870222568511963e-01,-3.355000019073486328e+00,8.861249238252639771e-01
-1.764793086615193407e-01,-4.160106655608755588e+00,1.278426606988906311e+00
-4.306337635547740739e+00,-8.923385764164772915e-01,7.543705853040967302e-01
-4.377448060386432971e+00,-1.841579230603740958e-01,-1.405039335018674895e-01
-1.199199438095092773e+00,-1.224218726158142090e+00,-2.523124694824218750e+00
-7.730432301759719849e-01,-1.224218726158142090e+00,-2.523124694824218750e+00
-1.199199438095092773e+00,-7.980624884366989136e-01,-2.949280977249145508e+00
-7.730432301759719849e-01,-7.980624884366989136e-01,-2.949280977249145508e+00
-1.199199438095092773e+00,-7.980624884366989136e-01,-2.523124694824218750e+00
-2.046951195225618747e+00,1.767672151146732817e+00,3.507020129048538326e+00
-2.033197639089044273e+00,3.027746633204863258e+00,-2.269116070327228840e+00
-2.281783813150295881e+00,3.198022671435367670e+00,-1.983274294058346765e+00
-1.338088959455490112e-01,1.545796841382980347e+00,-2.310046553611755371e+00
7.926923036575317383e-02,1.758874982595443726e+00,-1.670812129974365234e+00
-5.599651038646697998e-01,1.545796841382980347e+00,-1.883890271186828613e+00
-1.340753089706517631e+00,-5.684002473669612643e-01,3.865235962916560020e+00
-9.145968817873968426e-01,-5.684002473669612643e-01,4.291392245341486777e+00
-1.340753089706517631e+00,-9.945564850884044406e-01,3.865235962916560020e+00
-1.199199438095092773e+00,-7.980624884366989136e-01,3.016906023025512695e+00
-3.112458031702880934e+00,5.038507523513087172e-01,2.932452990148793237e+00
6.128434919825379024e-02,3.240157384927504047e+00,2.879903716964107296e+00
1.764960041668519164e+00,2.752579936577650876e+00,-2.996018931942144192e+00
-9.832428982337427792e-01,2.510916385752483215e+00,3.401166441757975001e+00
-3.468870222568511963e-01,-3.355000019073486328e+00,-8.184998184442520142e-01
-8.008676042381136506e-01,-3.734549932634198655e+00,-1.460693941107235050e+00
-8.008676042381136506e-01,-4.160706215059125412e+00,-1.034537912002048587e+00
-7.730432301759719849e-01,-3.781156301498413086e+00,-3.923437893390655518e-01
-1.227023812157234328e+00,-4.160706215059125412e+00,-1.034537912002048587e+00
-7.730432301759719849e-01,-3.355000019073486328e+00,-8.184998184442520142e-01
1.783894062042236328e+00,5.425000190734863281e-02,-2.523124694824218750e+00
2.210050344467163086e+00,5.425000190734863281e-02,-2.523124694824218750e+00
1.783894062042236328e+00,5.425000190734863281e-02,-2.949280977249145508e+00
-7.390298858218730116e-02,-4.290619985724170249e+00,9.227259221321151283e-01
-8.568922784413206539e-01,-4.357403612553040873e+00,-5.101347585195463719e-01
-8.862057907096609899e-01,-4.255756168203008727e+00,9.874735693876061093e-01
-7.730432301759719849e-01,-3.355000019073486328e+00,8.861249238252639771e-01
-3.385697847848879061e+00,-1.619302939368309602e+00,1.879265454235827359e+00
-4.145288405439499613e+00,-1.497185581715202218e+00,8.012586251122579828e-01
5.054254531860351562e-01,-3.355000019073486328e+00,-1.670812129974365234e+00
1.910086429720756207e-01,-4.050622600673635887e+00,-1.879467765007653224e+00
1.910086429720756207e-01,-3.624466318248709573e+00,-2.305624047432579982e+00
-2.351475947493675556e-01,-3.624466318248709573e+00,-2.305624047432579982e+00
-1.199199438095092773e+00,9.065624922513961792e-01,3.016906023025512695e+00
-1.625355720520019531e+00,9.065624922513961792e-01,2.590749859809875488e+00
-1.338088959455490112e-01,2.824265599250793457e+00,-1.792656630277633667e-01
-1.338088959455490112e-01,2.824265599250793457e+00,-1.031577959656715393e+00
7.926923036575317383e-02,2.611187458038330078e+00,-8.184998333454132080e-01
7.926923036575317383e-02,1.758874982595443726e+00,-8.184998333454132080e-01
-1.338088959455490112e-01,1.971953123807907104e+00,-1.031577959656715393e+00
-1.838433861732482910e+00,2.824265599250793457e+00,-1.792656630277633667e-01
-2.051512002944946289e+00,2.611187458038330078e+00,3.381246328353881836e-02
-1.838433861732482910e+00,2.824265599250793457e+00,2.468905895948410034e-01
9.323287303188116937e-01,3.624700889790977154e+00,2.245380618390086180e+00
5.505354273019054112e-01,3.683004434372361136e+00,2.297601826787072810e+00
-4.187682285647249536e-01,4.097723784824099269e+00,1.287947174862125843e+00
-4.086359294668105435e-01,4.348181771351891989e+00,8.769587854694695928e-01
-1.390996435815937682e-01,4.258431125431732411e+00,1.176589757857270824e+00
-9.506838297202733212e-01,-3.882013821511752227e-01,-4.393111935682570746e+00
-8.184268363326530071e-01,-7.749218326480887820e-01,-4.382293764609705988e+00
3.988258153640793502e+00,9.797047919790469184e-01,5.684939423094437227e-01
7.112593260228479153e-01,-3.348707477970608970e+00,-2.626204953807124376e+00
7.542008602573940790e-01,-3.080698695344672000e+00,-2.888636066843412120e+00
-3.494392657585824846e+00,1.721839978828930251e+00,1.638095043890511970e+00
-3.247512170295197897e+00,2.085459908927563610e+00,1.662110095308429125e+00
-3.494230146387562463e+00,1.954623774315584317e+00,1.303684047199424656e+00
-7.291517322183188599e-02,2.999963898252335781e+00,1.545704475896187979e+00
-2.787535889427367408e+00,3.217277168656528463e+00,-7.069278702199879305e-01
-1.648475165627935501e+00,-3.995014848974387522e+00,1.079223123391796380e+00
-1.280050894457895660e+00,-4.151427197435690886e+00,1.051901498533246215e+00
-1.538805483491748172e+00,-4.148765781346423154e+00,7.481360317441622110e-01
2.210050344467163086e+00,4.804062396287918091e-01,2.164593696594238281e+00
5.054254531860351562e-01,3.463500022888183594e+00,-3.923437893390655518e-01
9.315816164016723633e-01,3.037343740463256836e+00,-3.923437893390655518e-01
1.996972203254699707e+00,2.824265599250793457e+00,-1.792656630277633667e-01
1.570815920829772949e+00,2.824265599250793457e+00,-1.792656630277633667e-01
1.762168568642362265e+00,2.575379787626727257e+00,-4.072570439856530444e-01
-1.737477696750704625e+00,4.307123730283722862e-01,3.726321342847336293e+00
-1.599738158326152071e+00,6.744050945440641653e-01,3.758162271370199647e+00
-2.477668285369873047e+00,4.804062545299530029e-01,2.590749859809875488e+00
1.883939454630822130e+00,3.615059317787173487e+00,1.290935496169159036e+00
1.515264420873228879e+00,3.746759361132994126e+00,1.421691771543025506e+00
-1.715228941396337525e+00,-3.385417381660853486e+00,1.802939447970611786e+00
-2.141385223821264283e+00,-2.959261099235926729e+00,1.802939447970611786e+00
-1.996321311864362347e+00,-3.348519447535941218e+00,1.521787782796047539e+00
-2.422477594289289105e+00,-2.922363165111014460e+00,1.521787782796047539e+00
-4.236414966956171924e+00,-1.013437189681339223e+00,-2.550987807887018510e-01
-1.625355720520019531e+00,-3.719062507152557373e-01,1.312281206250190735e+00
-1.412277579307556152e+00,2.673281282186508179e-01,1.099203079938888550e+00
-1.838433861732482910e+00,2.673281282186508179e-01,2.468905895948410034e-01
-1.838433861732482910e+00,2.673281282186508179e-01,1.099203065037727356e+00
-1.412277579307556152e+00,2.673281282186508179e-01,1.951515555381774902e+00
2.671111418075659549e-01,-2.438164257713923089e+00,1.242535327481313123e+00
-7.730432301759719849e-01,-2.502687454223632812e+00,1.312281131744384766e+00
-1.338088959455490112e-01,-2.715765595436096191e+00,1.525359272956848145e+00
-5.599651038646697998e-01,-2.289609313011169434e+00,1.525359272956848145e+00
4.801892681188681400e-01,-2.225086116501459710e+00,1.455613468693776502e+00
-3.329980850219726562e+00,-3.719062507152557373e-01,-8.184998184442520142e-01
-3.329980850219726562e+00,-7.980624884366989136e-01,-8.184998184442520142e-01
-2.051512002944946289e+00,5.425000190734863281e-02,-2.949280977249145508e+00
7.542008602573940790e-01,-2.654542412919745242e+00,-3.314792349268338878e+00
2.515318202961788430e+00,1.995653366948189511e+00,-2.627740684365213131e+00
-8.844627739765142938e-01,-3.102342134322403577e+00,-2.798246707252745047e+00
-6.276383238246681096e-01,-3.247850674982789787e+00,-2.740550624429269888e+00
-2.262852400378863926e+00,-2.975831566502216141e+00,-1.604891189230592152e+00
-2.406730017523237564e+00,-2.738492442022093964e+00,-1.827375393674393056e+00
-1.199199438095092773e+00,-1.650374948978424072e+00,-2.096968412399291992e+00
-7.730432301759719849e-01,-3.355000019073486328e+00,-3.923437893390655518e-01
-7.730432301759719849e-01,-2.928843736648559570e+00,3.381246328353881836e-02
-1.786137515561082023e-01,-4.390569251265429074e+00,2.341993257591230282e-01
5.996327787724220482e-01,-4.006813426580182025e+00,-1.907316147348942170e+00
5.996327787724220482e-01,-3.580657144155254823e+00,-2.333472429773868928e+00
8.456542297225472238e-01,-4.113503836201319430e+00,-1.600602819100028995e+00
-3.544522017283741278e+00,-1.408691529664236164e+00,-1.734281769766193637e+00
-2.141776386959076461e+00,-2.662883755078675918e+00,-2.586377018963513130e+00
-2.370394358806328761e+00,-2.341161679258945583e+00,-2.705110131958029740e+00
-2.481121811098816021e+00,-2.500707424498322062e+00,-2.460282431473331144e+00
1.783894062042236328e+00,1.332718729972839355e+00,2.590749859809875488e+00
1.783894062042236328e+00,1.758874952793121338e+00,2.590749859809875488e+00
1.783894062042236328e+00,1.758874952793121338e+00,2.164593696594238281e+00
1.783894062042236328e+00,2.185031175613403320e+00,2.164593696594238281e+00
2.613007500048254883e+00,-8.284495582387604307e-01,3.396093769902355231e+00
-2.051512002944946289e+00,-1.650374948978424072e+00,1.738437414169311523e+00
-1.625355720520019531e+00,-1.650374948978424072e+00,1.738437414169311523e+00
7.926921546459197998e-02,1.332718729972839355e+00,3.016906023025512695e+00
3.590620519631227969e-01,1.879327939089224797e+00,3.691889994627298055e+00
2.392617595870533687e-01,1.501310146768078280e+00,3.864864746224838221e+00
-2.571738932064103977e+00,8.886728888787308600e-01,3.363021356597917233e+00
-2.370450410441874656e+00,1.046547269803361102e+00,3.581434946677010345e+00
-7.730432301759719849e-01,-1.650374948978424072e+00,2.590749859809875488e+00
-3.468869924545288086e-01,-1.224218726158142090e+00,2.590749859809875488e+00
-7.730432301759719849e-01,-2.502687454223632812e+00,1.738437414169311523e+00
-3.468870222568511963e-01,-2.502687454223632812e+00,1.738437414169311523e+00
6.415829588002199824e-01,1.347613067496975070e+00,3.882199698781382047e+00
5.054254531860351562e-01,9.065624922513961792e-01,3.443062305450439453e+00
9.658375308747448873e-01,1.396666639630662399e+00,3.790580154798127044e+00
9.658375308747448873e-01,9.705104019092192225e-01,4.216736437223053358e+00
-1.653725760466193684e+00,3.700787407261114659e+00,-2.465181779686089203e-01
-1.355734355327256724e+00,3.811821500631519477e+00,-3.167475390096281540e-01
-1.587533681928898099e+00,3.716079984540793468e+00,-5.739169706209685806e-01
-2.396835965502071453e+00,-1.702403986944865499e+00,3.292100220297593971e+00
-7.730432301759719849e-01,-2.928843736648559570e+00,1.312281131744384766e+00
-7.730432301759719849e-01,-2.928843736648559570e+00,1.738437414169311523e+00
-2.903824567794799805e+00,-1.650374948978424072e+00,4.599687159061431885e-01
-3.523723031284738294e+00,-2.418668546358389015e+00,4.582120814361066996e-01
-7.730432450771331787e-01,9.065625071525573730e-01,8.861249387264251709e-01
1.994399626656945035e+00,-2.040046279744943902e+00,3.383503496658593512e+00
2.154741520047961156e+00,-2.321751153761785424e+00,3.065522302327831294e+00
3.818794741333975562e+00,1.549870168232089007e+00,7.160235653983758608e-01
3.643365505559381212e+00,-2.317284629112688510e+00,-5.870540024944157498e-01
2.944334948916413452e+00,-1.859531253576283127e-01,3.201656940577105814e+00
3.486581865463425522e+00,5.719858489792044587e-01,2.178089795970180820e+00
3.701676190143590617e+00,5.911526925362986518e-01,1.846009048464875457e+00
3.701676190143590617e+00,1.649964399136942261e-01,2.272165330889801993e+00
3.062362909317016602e+00,5.425000190734863281e-02,1.738437414169311523e+00
3.486581865463425522e+00,1.458295963566001441e-01,2.604246078395107578e+00
-4.296691734506822846e-01,-9.117985043230998343e-01,-3.467774625046537551e+00
-5.691524716540028450e-01,-1.332503918991050584e+00,-3.835666981989725777e+00
2.636206626892089844e+00,2.611187458038330078e+00,8.861249238252639771e-01
2.210050344467163086e+00,2.611187458038330078e+00,8.861249238252639771e-01
2.800637661531362621e+00,2.760147965009223103e+00,1.426789993720712246e+00
-2.419396880946081296e+00,-2.447886119286257767e+00,2.605692742644365900e+00
-2.019015603657159375e+00,-2.635844135927266407e+00,2.728862407015820946e+00
-2.198090513926322043e+00,-2.751403521120833418e+00,2.475419314491200673e+00
2.870565941398494081e-01,3.832274843006805654e+00,2.028902248201318592e+00
-2.873803063342094788e+00,1.207564664750761851e+00,3.102761288045889465e+00
-3.646599523969237922e+00,1.827712959896592881e+00,5.208550265586839867e-01
-4.072755806394164679e+00,1.827712959896592881e+00,9.469877393607956106e-02
-3.329980850219726562e+00,1.332718729972839355e+00,3.381246328353881836e-02
-3.329980850219726562e+00,1.758874952793121338e+00,-3.923437893390655518e-01
-2.396835965502071453e+00,-2.128560209765147704e+00,2.865944057081956764e+00
-2.147015742838617847e+00,-2.353303761782942427e+00,2.888799322239595568e+00
1.575242294364367357e-01,3.666371748779928108e+00,2.358354990268984430e+00
-2.398072507575466972e+00,3.327766111279102379e+00,-1.668236827114840448e+00
5.505354273019054112e-01,3.683004434372361136e+00,1.871445544362145830e+00
-2.903824567794799805e+00,1.332718729972839355e+00,3.381246328353881836e-02
-8.027557738841697987e-02,1.652864256948988420e+00,-3.769880744949940077e+00
-4.831527510213094456e-01,1.564136202452459212e+00,-3.787231446151313463e+00
-3.576216290873601711e-01,1.923647842428546140e+00,-3.627616128374443250e+00
-3.688807808300235802e+00,1.574989747837198362e+00,1.304746178141318325e+00
-3.649002297924546223e+00,1.338995517348328335e+00,1.641207100070750213e+00
-3.468870222568511963e-01,1.758874952793121338e+00,-2.949280977249145508e+00
-8.027557738841697987e-02,2.079020479769270402e+00,-3.769880744949940077e+00
-3.576216290873601711e-01,2.349804065248828344e+00,-3.627616128374443250e+00
-7.730432301759719849e-01,-7.980624884366989136e-01,-2.523124694824218750e+00
-7.730432301759719849e-01,-3.719062507152557373e-01,-2.949280977249145508e+00
-5.599651038646697998e-01,-1.011140614748001099e+00,-1.883890271186828613e+00
-5.599651038646697998e-01,-5.849843770265579224e-01,-2.310046553611755371e+00
-1.667356876402892540e+00,2.934662294581053210e+00,-5.155321137739574677e-01
1.958586166058534084e-01,-2.385000513789362842e+00,-3.580126808736545652e+00
-2.302976211155897679e-01,-2.385000513789362842e+00,-3.580126808736545652e+00
-9.385492887865546363e-01,-3.552928889146033775e+00,2.223678280147309838e+00
-6.634681371702431107e-01,-3.457778741602465011e+00,2.509323211623036176e+00
-2.690852697039076702e+00,-2.102281300350812288e+00,2.613741771829640292e+00
7.926921546459197998e-02,2.185031175613403320e+00,-2.949280977249145508e+00
5.054254531860351562e-01,2.611187458038330078e+00,-2.523124694824218750e+00
7.926921546459197998e-02,2.611187458038330078e+00,-2.523124694824218750e+00
2.923473417758941650e-01,2.398109316825866699e+00,-2.310046553611755371e+00
1.092935771529348399e+00,2.061042162524013399e+00,3.541531591330765227e+00
3.706016362069539660e+00,-9.664199583171412256e-01,2.263210531683205851e+00
3.489303866409461996e+00,-9.620143073229088237e-01,2.596669045147136146e+00
-3.756137132644653320e+00,9.065624922513961792e-01,-8.184998184442520142e-01
-3.468870222568511963e-01,3.463500022888183594e+00,3.381246328353881836e-02
-7.730432301759719849e-01,3.037343740463256836e+00,3.381246328353881836e-02
-3.468870222568511963e-01,3.889656305313110352e+00,3.381246328353881836e-02
-7.730432301759719849e-01,3.463500022888183594e+00,3.381246328353881836e-02
-3.468870222568511963e-01,3.463500022888183594e+00,-3.923437893390655518e-01
1.072542262015961256e+00,-4.166720444788847288e+00,-1.252451554606131223e+00
2.024692534795511367e+00,-3.357480181348868609e+00,-1.547038116258174334e+00
-4.050273029717541107e+00,5.232563021615921350e-01,-1.827072157787421158e+00
-3.624116747292614793e+00,5.232563021615921350e-01,-2.253228440212347916e+00
-1.625355720520019531e+00,-1.650374978780746460e+00,3.381246328353881836e-02
5.054254531860351562e-01,-2.076531171798706055e+00,-2.523124694824218750e+00
7.926921546459197998e-02,-1.650374948978424072e+00,-2.523124694824218750e+00
5.054254531860351562e-01,-1.650374948978424072e+00,-2.523124694824218750e+00
5.054254531860351562e-01,-1.650374948978424072e+00,-2.949280977249145508e+00
1.567326956651414971e+00,1.075673920955247498e+00,-3.775315141358867255e+00
3.450028901457153907e+00,-2.398690487919796333e+00,1.076901450635102897e+00
-3.659076875575708598e+00,-5.320039038656592112e-01,2.204202960204666439e+00
-2.903824567794799805e+00,-7.980624884366989136e-01,1.738437414169311523e+00
-3.330285608848408963e+00,-1.338764704176009346e+00,2.137250172676423698e+00
-3.559370451496166599e+00,-1.271815345148828769e+00,1.828065516132500345e+00
-3.122764295572036275e+00,1.439473302433327828e-01,2.939442070573112353e+00
-4.207319384163967335e+00,-3.209127034477630702e-01,1.127969068215881165e+00
-3.781163101739040577e+00,-3.209127034477630702e-01,1.554125276135001954e+00
-4.207319384163967335e+00,1.052435491748412999e-01,1.554125276135001954e+00
-3.329980850219726562e+00,-1.224218726158142090e+00,-3.923435658216476440e-01
-1.625355720520019531e+00,-2.502687454223632812e+00,-1.670812129974365234e+00
-2.262852400378863926e+00,-2.975831566502216141e+00,-2.031047471655519132e+00
-2.051512002944946289e+00,-2.076531171798706055e+00,-1.670812129974365234e+00
-1.625355720520019531e+00,-2.502687454223632812e+00,-1.244655847549438477e+00
-1.394641716084161320e+00,-4.248778882313695604e+00,4.683066871560662703e-01
-1.764633775893024836e+00,-4.097268209716496301e+00,3.823478379773500579e-01
1.081380934319242648e+00,-2.821039762450090471e+00,-3.018993180508019236e+00
-8.558253813698031287e-01,-9.117985043230998343e-01,-3.467774625046537551e+00
-9.953086795731236336e-01,-1.332503918991050584e+00,-3.835666981989725777e+00
-3.468870222568511963e-01,1.758874952793121338e+00,2.590749859809875488e+00
7.926921546459197998e-02,1.758874952793121338e+00,2.590749859809875488e+00
-1.338088959455490112e-01,1.119640618562698364e+00,2.377671718597412109e+00
1.783894062042236328e+00,2.185031175613403320e+00,-1.670812129974365234e+00
9.315816164016723633e-01,3.037343740463256836e+00,-8.184998184442520142e-01
9.315816164016723633e-01,2.611187458038330078e+00,-1.244656100869178772e+00
2.923473417758941650e-01,2.824265599250793457e+00,-1.031577959656715393e+00
7.926921546459197998e-02,1.758874952793121338e+00,-2.949280977249145508e+00
2.923473417758941650e-01,1.545796841382980347e+00,-2.310046553611755371e+00
2.923473417758941650e-01,1.119640618562698364e+00,-2.310046553611755371e+00
-1.364705496705675536e+00,-3.552928889146033775e+00,1.797521997722383080e+00
-7.730432301759719849e-01,-2.076531171798706055e+00,2.164593696594238281e+00
1.357737779617309570e+00,-2.502687454223632812e+00,-1.670812129974365234e+00
9.315816164016723633e-01,-2.502687454223632812e+00,-2.096968412399291992e+00
1.507537097534879855e+00,-2.821039762450090471e+00,-2.592836898083092478e+00
-7.571076420423588083e-01,2.246278866166721677e+00,-3.614305527781969118e+00
2.554341211920433535e-02,1.042792218868603626e+00,-9.523882531661589379e-01
9.315816462039947510e-01,9.065625071525573730e-01,-8.184998333454132080e-01
7.926923036575317383e-02,5.425000190734863281e-02,-1.670812129974365234e+00
-1.720859460413691089e+00,-2.353303761782942427e+00,3.314955485455232775e+00
7.926921546459197998e-02,3.037343740463256836e+00,-2.096968412399291992e+00
1.536296933141110266e+00,3.368534348907750164e+00,2.102800844062380214e+00
1.357737779617309570e+00,2.611187458038330078e+00,1.738437414169311523e+00
1.536296933141110266e+00,2.942378066482823407e+00,2.528957126487306972e+00
1.921226341613978761e+00,2.834279333521153799e+00,2.375667257753955042e+00
3.479847672836289263e+00,2.645534803232704846e+00,4.320518878788515149e-01
-1.625355720520019531e+00,-2.502687454223632812e+00,4.599687159061431885e-01
-1.625355720520019531e+00,-2.502687454223632812e+00,8.861249238252639771e-01
2.636206626892089844e+00,2.611187458038330078e+00,3.381246328353881836e-02
-1.199199438095092773e+00,-3.355000019073486328e+00,-3.923437893390655518e-01
-1.199199438095092773e+00,-2.928843736648559570e+00,-8.184998184442520142e-01
-1.199199438095092773e+00,-3.355000019073486328e+00,-8.184998184442520142e-01
1.916773845245295371e+00,-1.859531253576280629e-01,3.872996115764341329e+00
2.702970094219927066e+00,-1.540108767013638857e+00,2.766158224003308241e+00
-3.329980850219726562e+00,9.065624922513961792e-01,8.861249238252639771e-01
-3.329980850219726562e+00,9.065624922513961792e-01,1.312281131744384766e+00
3.489303866409461996e+00,-5.358580696014656475e-01,2.596669045147136146e+00
3.370491231341340210e+00,-1.859531253576283127e-01,2.775500777361468607e+00
3.231183603535970672e+00,-5.230620453458956209e-01,2.884059948673068696e+00
7.926921546459197998e-02,4.804062545299530029e-01,3.443062305450439453e+00
1.801541621798592008e+00,9.728728404015700715e-01,-3.584806602535653752e+00
2.227697904223518766e+00,9.728728404015700715e-01,-3.584806602535653752e+00
3.683112455196966728e+00,-1.654301989139425055e+00,1.386227888804848263e+00
3.526746889431308318e+00,-1.657470385411985214e+00,1.740086564770260580e+00
3.725521402210039579e+00,-1.318902670578588232e+00,1.623257629651668310e+00
4.286337375487685009e+00,-8.880779440518069556e-01,8.068564610110529056e-01
3.488519191741943359e+00,-7.980624884366989136e-01,4.599687159061431885e-01
3.860181093062758695e+00,-1.314234181773250132e+00,1.233012668930173694e+00
3.488519191741943359e+00,-7.980624884366989136e-01,8.861249238252639771e-01
2.303915978843123380e+00,1.883461577881795579e+00,2.907488081344303588e+00
-2.051512002944946289e+00,-1.650374948978424072e+00,2.590749859809875488e+00
-2.051512002944946289e+00,-1.650374948978424072e+00,2.164593696594238281e+00
-1.625355720520019531e+00,-1.650374948978424072e+00,2.590749859809875488e+00
3.062362909317016602e+00,2.185031175613403320e+00,8.861249238252639771e-01
-3.468870222568511963e-01,-2.076531171798706055e+00,2.590749859809875488e+00
-7.730432301759719849e-01,-2.076531171798706055e+00,2.590749859809875488e+00
2.423128485679626465e+00,-1.588281244039535522e-01,1.525359272956848145e+00
2.636206626892089844e+00,5.425000190734863281e-02,1.738437414169311523e+00
1.357737779617309570e+00,1.758874952793121338e+00,2.164593696594238281e+00
-1.199199438095092773e+00,-7.980624884366989136e-01,2.590749859809875488e+00
2.506252469147701945e+00,2.947850354942661788e+00,1.574995812491212455e+00
1.783894062042236328e+00,2.611187458038330078e+00,1.312281131744384766e+00
-5.512868436608183709e-01,3.947721595512798665e+00,1.659400914465759103e+00
7.926921546459197998e-02,3.463500022888183594e+00,3.381246328353881836e-02
7.926921546459197998e-02,3.889656305313110352e+00,4.599687159061431885e-01
-5.599651038646697998e-01,-1.011140614748001099e+00,2.377671718597412109e+00
7.926921546459197998e-02,3.889656305313110352e+00,3.381246328353881836e-02
7.926921546459197998e-02,3.889656305313110352e+00,-3.923437893390655518e-01
7.926921546459197998e-02,3.463500022888183594e+00,-3.923437893390655518e-01
-1.329798130940837098e+00,3.676289677267763345e+00,-1.652617047287674890e+00
-1.185533509951637032e-01,3.690520270709430228e+00,-2.285440792205217342e+00
7.926921546459197998e-02,3.037343740463256836e+00,-3.923437893390655518e-01
-1.338088959455490112e-01,3.250421881675720215e+00,-1.031577959656715393e+00
4.588042477440265610e-02,2.423126246897191471e+00,-3.579722977520165550e+00
1.391993694090382094e+00,9.705104019092192225e-01,3.790580154798127044e+00
6.707312799102352341e-02,4.386958712636732649e+00,-6.977058092174872606e-01
3.037172608328533863e-01,4.438569138121375879e+00,-3.654481035706188541e-01
-1.224389768885897900e-01,4.438569138121375879e+00,-3.654481035706188541e-01
1.883939454630822130e+00,3.615059317787173487e+00,8.647792882500382472e-01
1.783894062042236328e+00,3.037343740463256836e+00,4.599687159061431885e-01
1.632873964987869186e+00,3.799851026706736246e+00,5.988962344165662532e-01
2.059030247412795944e+00,3.799851026706736246e+00,5.988962344165662532e-01
-1.152928227287926433e+00,-4.283867996427805025e+00,6.947329744547043884e-01
-5.599651038646697998e-01,-1.588281244039535522e-01,-2.310046553611755371e+00
2.882851840450098457e+00,-1.647251181202714854e+00,-2.468981919731715546e+00
3.714711822672133401e+00,-1.351893557429319381e+00,-2.105426170746806491e+00
3.487357034396524114e+00,-1.680036458623314077e+00,-2.210857400027824493e+00
2.517958240215809163e+00,-1.502559542805872450e-01,-1.808067459161895041e+00
4.037485036635470870e+00,-1.334745677890262883e+00,-1.385954010273038328e+00
9.315816164016723633e-01,-3.355000019073486328e+00,-1.244655847549438477e+00
2.611490129231379242e+00,-1.607418045499929615e+00,-2.777623865115396384e+00
2.386281158854470341e+00,-2.456745853286157910e+00,2.180340251694549814e+00
1.960124876429543361e+00,-2.882902076106439893e+00,2.606496414910187021e+00
2.154977589919599090e+00,-2.607085259114192866e+00,2.777274487683009774e+00
1.086441269635904039e+00,-3.106472666356843604e+00,2.773026245094905029e+00
1.170102896467923648e+00,-3.324915469494399645e+00,2.477631516476021645e+00
8.160770094311653455e-01,-3.375696322653064740e+00,2.592148047936495558e+00
-3.359176949507745924e+00,2.221092293549008723e+00,1.097895040843811953e+00
-3.068073863962635706e+00,2.380779997135866299e+00,1.303684047199424656e+00
-2.814863701819132480e+00,1.828568537751109391e+00,2.385509599655047719e+00
-3.241019984244059238e+00,1.828568537751109391e+00,1.959353317230120961e+00
-2.814863701819132480e+00,2.254724760571391151e+00,1.959353317230120961e+00
-7.931354135779398185e-01,1.808149789505081984e+00,3.644406328539135931e+00
6.960700245754166682e-01,-3.121947103677841895e+00,2.900549966125290702e+00
-1.648475165627935501e+00,-3.568858566549460765e+00,1.505379331310917168e+00
-1.280050894457895660e+00,-3.725270915010764128e+00,1.478057706452367004e+00
7.185035049915313721e-01,-1.588281244039535522e-01,2.377671718597412109e+00
9.315816462039947510e-01,-7.980625033378601074e-01,1.738437414169311523e+00
-4.083016072405162289e-01,-2.858348756253258127e+00,3.206139357009203383e+00
-5.240958993824456069e-01,-2.580539610372132753e+00,3.444540234766989784e+00
-7.818500513650370465e-01,-2.767051420692662411e+00,3.208788572281664475e+00
-2.472706658488049047e+00,-2.696774394367452032e+00,2.267911595335936781e+00
-2.729153829584981317e+00,-2.387872101764568100e+00,2.318014490606941091e+00
-4.144085624449342475e+00,-1.146544371672845619e+00,-6.348416449144786977e-01
9.315816164016723633e-01,-2.502687454223632812e+00,2.590749859809875488e+00
1.122226187791053764e+00,-2.695790821252915137e+00,3.326706129340927909e+00
-1.625355720520019531e+00,-7.980624884366989136e-01,-2.523124694824218750e+00
-1.412277579307556152e+00,-1.011140614748001099e+00,-1.883890271186828613e+00
-2.477668285369873047e+00,-7.980624884366989136e-01,-2.523124694824218750e+00
-2.051512002944946289e+00,-1.224218726158142090e+00,-2.096968412399291992e+00
-3.329980850219726562e+00,4.804062545299530029e-01,-8.184998184442520142e-01
-3.329980850219726562e+00,9.065624922513961792e-01,-8.184998184442520142e-01
1.646614545335676194e+00,-3.510607491303082472e+00,1.291395090197392959e+00
1.220458382120038987e+00,-3.510607491303082472e+00,2.143707580541440727e+00
4.190730242722334742e-01,-3.353608285179862314e+00,2.711191852195297791e+00
-2.051512002944946289e+00,3.037343740463256836e+00,-8.184998184442520142e-01
-2.477668285369873047e+00,9.065624922513961792e-01,-2.096968412399291992e+00
1.357737779617309570e+00,1.332718729972839355e+00,-2.523124694824218750e+00
1.357737779617309570e+00,1.758874952793121338e+00,-2.523124694824218750e+00
1.357737779617309570e+00,1.758874952793121338e+00,-2.096968412399291992e+00
1.783894062042236328e+00,1.758874952793121338e+00,-2.096968412399291992e+00
1.783894062042236328e+00,1.332718729972839355e+00,-2.523124694824218750e+00
-1.625355720520019531e+00,-3.719062507152557373e-01,2.164593696594238281e+00
-1.838433861732482910e+00,-5.849843770265579224e-01,1.951515555381774902e+00
-2.051512002944946289e+00,-7.980624884366989136e-01,2.164593696594238281e+00
8.793783571423358092e-01,-4.272208006064314390e+00,6.602510424174470316e-01
-4.296691734506822846e-01,-4.856422666016566025e-01,-3.467774625046537551e+00
-3.468870222568511963e-01,-7.980624884366989136e-01,-2.949280977249145508e+00
-3.512935729239108351e-03,-4.856422666016566025e-01,-3.467774625046537551e+00
7.926921546459197998e-02,-7.980624884366989136e-01,-2.949280977249145508e+00
-9.305397898633537279e-01,-2.766043326193429186e-01,-3.749240740822518125e-01
2.185333846806452485e+00,-1.607418045499929615e+00,-3.203780147540323142e+00
-3.494230146387562463e+00,1.954623774315584317e+00,8.775278392803038674e-01
-7.730432301759719849e-01,-1.650374948978424072e+00,-2.096968412399291992e+00
-3.468870222568511963e-01,-1.650374948978424072e+00,-2.523124694824218750e+00
-1.338088959455490112e-01,-1.011140614748001099e+00,-2.310046553611755371e+00
-1.338088959455490112e-01,-1.437296837568283081e+00,-1.883890271186828613e+00
-5.777057344402993788e-01,-2.313248150491626909e+00,3.620558954591523548e+00
-3.512935729239108351e-03,-9.117985043230998343e-01,-3.467774625046537551e+00
-3.468870222568511963e-01,-2.502687454223632812e+00,-2.096968412399291992e+00
-1.838433861732482910e+00,2.398109316825866699e+00,-1.792656630277633667e-01
-1.838433861732482910e+00,1.545796841382980347e+00,-1.792656630277633667e-01
-2.550456637221217182e+00,2.126916520126917121e+00,2.420975587918868133e+00
-2.540166513905941947e+00,1.866074899167940337e+00,2.668879161596541927e+00
-3.430847471009839111e+00,1.473836233686477648e+00,1.952981586091171895e+00
-1.625355720520019531e+00,3.037343740463256836e+00,4.599687159061431885e-01
-1.838433861732482910e+00,6.934843808412551880e-01,1.951515555381774902e+00
-2.477668285369873047e+00,9.065624922513961792e-01,1.738437414169311523e+00
-5.599651038646697998e-01,-5.849843770265579224e-01,1.951515555381774902e+00
-7.730432450771331787e-01,-7.980625033378601074e-01,1.738437414169311523e+00
-7.730432301759719849e-01,-2.502687454223632812e+00,2.590749859809875488e+00
3.624097650314831220e+00,-1.859531253576283683e-01,2.449667243603183664e+00
-1.037676668227651700e+00,3.413835010821252958e+00,2.464851628665974737e+00
-1.734097031154107516e+00,3.476378398118159740e+00,1.719296715971250444e+00
-1.625355720520019531e+00,1.758874952793121338e+00,-2.096968412399291992e+00
2.533173856835483129e+00,3.492906619405423463e+00,-7.554468626633998873e-01
2.189024181014951775e+00,3.728909467020842694e+00,-6.318276242318159319e-01
-7.730432301759719849e-01,3.037343740463256836e+00,-8.184998184442520142e-01
-5.599651038646697998e-01,2.824265599250793457e+00,-1.457733988761901855e+00
-7.730432301759719849e-01,2.611187458038330078e+00,-1.244656100869178772e+00
-7.174616486508903490e-01,-1.341994949274692761e+00,-1.440314511923667329e+00
-7.822731442046737538e-02,-1.128916837864551770e+00,-1.227236370711203950e+00
-7.730432450771331787e-01,-7.980625033378601074e-01,-1.670812129974365234e+00
-2.723425539050243316e+00,-3.293709035993162892e+00,-3.432317443309413907e-01
1.569214689766043058e+00,-2.539376637040847484e+00,-2.838442297507684398e+00
1.995370972190969816e+00,-2.539376637040847484e+00,-2.838442297507684398e+00
-8.556193925312285953e-02,-3.410948807571253294e+00,-2.614788679828746965e+00
-4.740351355110385412e-01,-3.439152835803402475e+00,-2.551841210184391251e+00
-1.338088959455490112e-01,-2.289609313011169434e+00,1.951515555381774902e+00
2.636206626892089844e+00,-2.502687454223632812e+00,-3.923437893390655518e-01
1.706707057818657447e-01,-2.372576493178836454e+00,3.621006800067316345e+00
5.659210061503749944e-01,-2.411502055911501685e+00,3.573912323880175990e+00
7.926921546459197998e-02,-3.719062507152557373e-01,3.869218587875366211e+00
7.926921546459197998e-02,-1.224218711256980896e+00,3.443062305450439453e+00
5.054254531860351562e-01,-1.224218711256980896e+00,3.443062305450439453e+00
4.209688718154357412e-01,-1.241401895408254852e+00,4.194635347635628619e+00
-5.187365906007462835e-03,-1.241401895408254852e+00,4.194635347635628619e+00
-1.625355720520019531e+00,-1.650374948978424072e+00,-2.096968412399291992e+00
-1.625355720520019531e+00,-1.650374948978424072e+00,-1.670812129974365234e+00
-1.625355720520019531e+00,-2.076531171798706055e+00,-1.670812129974365234e+00
5.054254531860351562e-01,-2.502687454223632812e+00,2.164593696594238281e+00
5.054254531860351562e-01,-2.502687454223632812e+00,2.590749859809875488e+00
2.210050344467163086e+00,-2.076531231403350830e+00,1.312281206250190735e+00
1.783894062042236328e+00,-2.502687454223632812e+00,1.738437369465827942e+00
-1.199199438095092773e+00,1.758874952793121338e+00,-2.096968412399291992e+00
-1.838433861732482910e+00,-5.849843770265579224e-01,2.468905895948410034e-01
-2.264590144157409668e+00,-5.849843770265579224e-01,-6.054216921329498291e-01
-2.051512002944946289e+00,-3.719062507152557373e-01,2.590749859809875488e+00
-1.625355720520019531e+00,-3.719062507152557373e-01,3.016906023025512695e+00
-1.625355720520019531e+00,-3.719062507152557373e-01,2.590749859809875488e+00
-2.051512002944946289e+00,5.425000190734863281e-02,2.590749859809875488e+00
9.315816164016723633e-01,9.065624922513961792e-01,3.443062305450439453e+00
1.031045988896666099e+00,-2.760813080487400040e+00,-1.077916873495416983e+00
6.048898256810287810e-01,-3.186969362912326797e+00,-6.517608443902304094e-01
6.048898256810287810e-01,-3.186969362912326797e+00,-1.077916873495416983e+00
1.035365701458821341e+00,1.686628322656113399e+00,3.762773591487765579e+00
4.231635217683127337e-01,4.372125895286673725e+00,8.037196584591855819e-01
-2.992715953130470341e-03,4.372125895286673725e+00,8.037196584591855819e-01
2.001821954388285363e+00,1.505341426373037361e+00,3.456761069698326416e+00
-1.383068791908661499e+00,4.962691601129416430e-01,3.868666221943468653e+00
-7.730432301759719849e-01,4.804062545299530029e-01,3.443062305450439453e+00
-8.124903369254450336e-01,2.200539948615306274e-01,4.351469481640344306e+00
-9.569125839895408214e-01,4.962691601129416430e-01,4.294822504368395855e+00
2.802000882531505255e+00,-3.295546404193419043e+00,-3.275354086179997903e-01
2.947808241216334224e+00,-3.077470242309074511e+00,-6.983924675809966010e-01
4.246771053721079880e+00,-1.859531253576284238e-01,-1.200410456301953310e+00
2.581133872344525848e+00,-3.033241541539119623e+00,1.498805834123324798e+00
1.119423542744646394e+00,-2.012007975288996331e+00,2.094847773121877310e+00
-3.468870222568511963e-01,-2.502687454223632812e+00,-1.670812129974365234e+00
-1.338088959455490112e-01,-2.289609313011169434e+00,-1.883890271186828613e+00
-2.913054407317695604e-01,-1.768151172094974743e+00,-1.440314511923667329e+00
-7.822731442046737538e-02,-1.981229313307438122e+00,-1.227236370711203950e+00
1.231893916820025581e+00,-4.148762214508194823e+00,6.679443228934300869e-01
9.563516358128616446e-01,-2.406161369381305981e+00,3.479177094423451688e+00
6.960700245754166682e-01,-2.695790821252915137e+00,3.326706129340927909e+00
2.475424861653349740e-01,-4.390569251265429074e+00,2.341993257591230282e-01
-3.329980850219726562e+00,5.425000190734863281e-02,-8.184998184442520142e-01
-3.329980850219726562e+00,5.425000190734863281e-02,-1.244655847549438477e+00
-7.174616486508903490e-01,-2.194307454519901501e+00,-1.014158229498740571e+00
-7.174616486508903490e-01,-1.768151172094974743e+00,-1.440314511923667329e+00
-2.590184639232234964e+00,-1.994275555664988264e+00,-2.748074737788312127e+00
-2.686351131971317585e+00,-2.254133843847703655e+00,-2.467669955802976656e+00
-1.944238076381401781e+00,-2.341161679258945583e+00,-3.131266414382956498e+00
-2.903824567794799805e+00,4.804062396287918091e-01,4.599687159061431885e-01
-2.264590144157409668e+00,-5.849843770265579224e-01,2.468905895948410034e-01
-2.410225171955461487e+00,2.854838633549856008e-01,-3.555792758623405270e+00
-2.053189018681069289e+00,2.234960927451455359e-01,-3.753697809129520557e+00
2.427978236813212121e+00,1.505341426373037361e+00,3.030604906482689209e+00
-3.329980850219726562e+00,-7.980624884366989136e-01,3.381246328353881836e-02
-7.730432301759719849e-01,1.758874952793121338e+00,-2.949280977249145508e+00
-7.571076420423588083e-01,1.820122643346439917e+00,-3.614305527781969118e+00
-4.160929223104144370e+00,9.974096337304388937e-01,-1.304373030995684690e+00
2.450848817220438125e+00,-2.931323898923941851e+00,-1.973194398683101092e+00
-7.730432301759719849e-01,-2.076531171798706055e+00,-2.096968412399291992e+00
2.301163819632505714e+00,-3.573001790648559162e+00,-8.070262532277789891e-01
-1.625355720520019531e+00,-2.076531171798706055e+00,2.590749859809875488e+00
-1.214419988270903472e+00,3.498493296482840798e+00,-2.019576347180067621e+00
2.636206626892089844e+00,4.804062545299530029e-01,2.164593577384948730e+00
-2.398072507575466972e+00,2.901609828854175621e+00,-2.094393109539767206e+00
-2.770283858884393879e+00,-7.704804706553797233e-01,-3.167256906278891115e+00
-3.196440141309320637e+00,-1.196636708376822789e+00,-2.741100623853964358e+00
-3.196440141309320637e+00,-7.704804706553797233e-01,-2.741100623853964358e+00
3.010044326184626584e+00,3.125577805120439034e+00,-3.930356533930761120e-01
3.673602847935587778e+00,2.335041008189802980e+00,9.969647923152307190e-01
2.636206626892089844e+00,9.065624922513961792e-01,1.738437414169311523e+00
1.783894062042236328e+00,1.758874952793121338e+00,1.738437414169311523e+00
1.357737898826599121e+00,2.185031175613403320e+00,1.312281131744384766e+00
1.783894062042236328e+00,2.185031175613403320e+00,1.738437414169311523e+00
-2.324221749063150710e+00,-3.489272446056617571e+00,-8.773230087336584271e-01
-3.756137132644653320e+00,9.065624922513961792e-01,3.381246328353881836e-02
-2.610306814935923203e+00,-4.608760447426143436e-01,-3.388697987225164798e+00
-2.726064938962526885e+00,-9.630782188866852944e-02,-3.305190470640197553e+00
-2.905754140178757439e+00,-3.845864850802656054e-01,-3.110535285629014712e+00
7.926921546459197998e-02,5.425000190734863281e-02,3.869218587875366211e+00
-3.468870222568511963e-01,5.425000190734863281e-02,3.443062305450439453e+00
-3.468870222568511963e-01,5.425000190734863281e-02,3.869218587875366211e+00
-6.709418575832037934e-02,2.305484161909507002e+00,3.691889994627298055e+00
9.315816164016723633e-01,2.185031175613403320e+00,-2.523124694824218750e+00
9.315816164016723633e-01,1.758874952793121338e+00,-2.523124694824218750e+00
-1.696809474953103081e+00,2.631909047791319622e+00,-2.684454415861868171e+00
8.833700864555142918e-01,-6.871992907537112227e-01,2.034985753333642400e-01
1.783894062042236328e+00,5.425000190734863281e-02,3.381246328353881836e-02
9.315816462039947510e-01,-7.980625033378601074e-01,-8.184998333454132080e-01
2.582895717583297390e+00,1.379746247488641941e+00,-2.934479383039049871e+00
-1.053794531743788898e+00,-2.821694392557863029e+00,-3.166706906854196646e+00
9.315816164016723633e-01,-2.076531171798706055e+00,-2.523124694824218750e+00
-1.477511088738028278e+00,-2.099707636125037524e+00,-3.560932031286066834e+00
6.092095382431841344e-01,1.686628322656113399e+00,3.762773591487765579e+00
7.926923036575317383e-02,5.425000190734863281e-02,1.738437414169311523e+00
-1.338088959455490112e-01,-1.588281244039535522e-01,2.377671718597412109e+00
-1.338088959455490112e-01,6.934843808412551880e-01,2.377671718597412109e+00
7.926921546459197998e-02,9.065624922513961792e-01,3.016906023025512695e+00
3.914675474166870117e+00,-3.719062507152557373e-01,3.381246328353881836e-02
4.431939515693038345e+00,-5.413984518130277035e-01,-1.983299500905534585e-01
4.349994723490776316e+00,-8.961707337539336349e-01,-5.200707885106692352e-02
3.859707603234214801e+00,-1.110174253850978010e+00,-9.606730532496912112e-01
4.347948794417677121e+00,-8.761702922032776897e-01,-4.382029570206760760e-01
4.285292407538898729e+00,-8.758041627482203717e-01,-7.917662184468160502e-01
2.319452557152776873e-01,-8.832097297869976327e-01,-4.301505403877100342e+00
-3.512935729239108351e-03,-4.856422666016566025e-01,-3.893930907471464309e+00
4.448798969600109565e+00,-1.859531253576284793e-01,1.027646901130019330e-02
1.989540783625558529e+00,1.896062402493020604e-02,-1.887508763637118392e+00
-1.039017333354374406e+00,-3.544306362808371080e+00,-2.132394925715702882e+00
1.069208475770035305e+00,1.646218882687423779e+00,-3.280673374950965338e-01
1.090933969169909368e+00,1.255870330278744618e+00,-7.393101119536955590e-01
1.975246709854825644e+00,1.509989170971377304e+00,-1.941789176743508594e-01
1.996972203254699707e+00,1.119640618562698364e+00,-6.054216921329498291e-01
1.831841349572509881e+00,3.120869342568844296e+00,-1.337957051784859352e+00
-5.599651038646697998e-01,1.119640618562698364e+00,2.377671718597412109e+00
-3.468870222568511963e-01,3.037343740463256836e+00,-1.244656100869178772e+00
-7.730432301759719849e-01,3.037343740463256836e+00,-1.670812129974365234e+00
-2.051512002944946289e+00,2.611187458038330078e+00,-3.923437893390655518e-01
-2.477668285369873047e+00,-1.224218726158142090e+00,8.861249238252639771e-01
-2.477668285369873047e+00,-7.980624884366989136e-01,8.861249238252639771e-01
-2.477668285369873047e+00,-1.224218726158142090e+00,1.312281131744384766e+00
9.315816164016723633e-01,-2.076531171798706055e+00,3.016906023025512695e+00
-2.147146498730517550e+00,-5.907989611668698071e-01,3.705856752723568182e+00
2.433954438914666785e+00,-3.545918326062563075e+00,6.189824306750996152e-01
-3.975741893793148241e-01,-4.206409427158373404e+00,-1.110880011104435239e+00
-2.074631448052862481e+00,-3.568858566549460765e+00,1.079223123391796380e+00
-2.330420888374108657e+00,-3.528633888830123855e+00,7.655945401612921364e-01
-1.904264605949181899e+00,-3.954790171255050613e+00,7.655945401612921364e-01
2.916555490642135373e-01,-2.658928379947762544e+00,3.411591357657139945e+00
-2.477668285369873047e+00,-1.650374948978424072e+00,8.861249238252639771e-01
-2.051512002944946289e+00,-1.224218726158142090e+00,8.861249238252639771e-01
-2.690852697039076702e+00,-1.676125077530530083e+00,2.613741771829640292e+00
-2.821355887870271140e+00,2.511616131747845593e+00,1.662110095308429125e+00
-2.938652606349313245e+00,-2.192037511738139877e+00,-2.170819682871802492e+00
-2.697134849707694570e+00,-2.504281954496557105e+00,-2.191851493066368839e+00
3.062362909317016602e+00,1.758874952793121338e+00,8.861249238252639771e-01
3.818794741333975562e+00,1.976026391052370990e+00,1.142179773317496760e+00
3.818794741333975562e+00,1.976026391052370990e+00,7.160235653983758608e-01
1.358484893534448901e+00,3.624700889790977154e+00,1.819224335965159423e+00
-3.468870222568511963e-01,-2.502687454223632812e+00,2.590749859809875488e+00
-4.083016072405162289e-01,-3.284505038678184885e+00,2.779983193793566176e+00
1.629164458085581968e+00,-2.088220129929420743e+00,3.568679646711865772e+00
1.629164458085581968e+00,-1.662063907109138539e+00,3.568679646711865772e+00
6.272912235858579821e-01,-4.166794160516429812e+00,1.193587817094830861e+00
2.011349858644148059e-01,-3.740637878091503499e+00,1.619744025013951649e+00
3.872267396223657343e+00,-9.693398560376710327e-01,1.457204226954489146e+00
1.855567876524119253e+00,-1.315732168311788630e+00,3.598977931866312208e+00
-2.051512002944946289e+00,-7.980624884366989136e-01,4.599687159061431885e-01
-1.838433861732482910e+00,-1.011140614748001099e+00,6.730467975139617920e-01
-2.051512002944946289e+00,-7.980624884366989136e-01,8.861249238252639771e-01
1.382507799028498852e+00,-2.406161369381305981e+00,3.479177094423451688e+00
1.775535584013770984e+00,-2.385552716915910310e+00,3.306268226827833168e+00
-2.422477594289289105e+00,-3.348519447535941218e+00,1.095631574876926750e+00
-2.477668285369873047e+00,-7.980624884366989136e-01,4.599687159061431885e-01
-2.697134849707694570e+00,-2.504281954496557105e+00,-1.765695210641442303e+00
-1.119376318126904302e+00,4.244917712847923852e+00,-4.507286461860765536e-01
-4.358084401910280903e+00,-8.858336476758460476e-03,-4.572444726707938223e-01
5.054254531860351562e-01,-1.650374948978424072e+00,2.164593696594238281e+00
-2.422477594289289105e+00,-2.922363165111014460e+00,1.947944065220974297e+00
-2.141385223821264283e+00,-2.959261099235926729e+00,2.229095730395538766e+00
1.028716808101826530e+00,-8.807593958627814024e-01,4.207286550379606638e+00
6.461217033771931018e-01,-9.087853969382201358e-01,4.295275065313900242e+00
-2.904129326423482205e+00,-1.338764704176009346e+00,2.563406455101350456e+00
3.327942008370211369e+00,-1.288810430464374601e+00,2.683461167792530411e+00
-5.390339905978364099e-01,1.200727944072476960e+00,-4.250713540353021180e+00
-2.602012302879808670e-01,9.170066035890127587e-01,-4.361339966726049511e+00
1.819727700229311962e+00,-3.553972239908752773e+00,9.930180526853246148e-01
2.210050344467163086e+00,1.758874952793121338e+00,1.738437414169311523e+00
-5.697376371050952848e-01,-4.283094391316110361e+00,-8.034749527385636192e-01
-1.811224191105246017e+00,2.051645223211613800e+00,3.200478197410468795e+00
4.720366624958458601e-01,2.423126246897191471e+00,-3.579722977520165550e+00
1.966637285914759059e-01,2.668879553931659210e+00,-3.414211357689639570e+00
-2.294925091299672704e-01,2.668879553931659210e+00,-3.414211357689639570e+00
-7.730432301759719849e-01,1.758874952793121338e+00,-2.523124694824218750e+00
-4.855504130272092489e-01,3.261965362408747460e-03,-3.931256719248245268e+00
-2.241106217090474306e+00,2.312017254787894771e+00,-2.861145105989612247e+00
-9.305397898633537279e-01,-2.766043326193429186e-01,-1.227236370711203950e+00
6.044176336484744505e-01,3.791362161053777324e+00,-2.028883359787534868e+00
-3.630573770549694768e+00,2.209554803021853253e+00,-7.017977625298832400e-01
-1.715620104534149704e+00,-2.662883755078675918e+00,-3.012533301388439888e+00
-2.726064938962526885e+00,3.298484307339358268e-01,-3.305190470640197553e+00
-4.265210322617511096e+00,-6.342710654147487581e-02,-1.300091095148452336e+00
1.570815920829772949e+00,6.934843808412551880e-01,-2.310046553611755371e+00
9.315816462039947510e-01,9.065625071525573730e-01,-1.670812129974365234e+00
7.185035049915313721e-01,6.934843808412551880e-01,-2.310046553611755371e+00
7.185035049915313721e-01,-1.588281244039535522e-01,-2.310046553611755371e+00
9.315816462039947510e-01,5.425000190734863281e-02,-1.670812129974365234e+00
-2.477668285369873047e+00,-3.719062507152557373e-01,1.738437414169311523e+00
-2.264590144157409668e+00,-5.849843770265579224e-01,1.525359272956848145e+00
-2.051512002944946289e+00,-7.980624884366989136e-01,1.738437414169311523e+00
-2.477668285369873047e+00,-7.980624884366989136e-01,1.312281131744384766e+00
-1.611724604583320675e+00,3.803468853143318729e+00,3.028263990888874213e-01
-1.625355720520019531e+00,3.037343740463256836e+00,3.381246328353881836e-02
-1.241200593977965783e+00,2.934662294581053210e+00,-8.937586115135315312e-02
-1.667356876402892540e+00,2.508506012156126452e+00,-9.416881428791439301e-01
-1.667356876402892540e+00,2.934662294581053210e+00,-9.416881428791439301e-01
-2.051512002944946289e+00,2.611187458038330078e+00,-8.184998184442520142e-01
-1.625355720520019531e+00,-7.980624884366989136e-01,2.590749859809875488e+00
5.054254531860351562e-01,-1.650374948978424072e+00,2.590749859809875488e+00
-3.649002297924546223e+00,9.128392796268852694e-01,2.067363382495677193e+00
3.458806603330262242e-01,2.079020479769270402e+00,-3.769880744949940077e+00
-6.921574162875485658e-01,-2.129149271616800121e+00,-3.663454932297240063e+00
-4.186819609198912384e-01,-2.056492113017331924e+00,-3.744678559278265428e+00
-8.948181041906273503e-01,-2.654662946548502322e+00,-3.358812900470149021e+00
-4.085233158000635356e+00,-1.058476512430548411e-01,1.778046677779739460e+00
-3.329980850219726562e+00,5.425000190734863281e-02,1.738437414169311523e+00
-9.036419230217164200e-01,3.676289677267763345e+00,-2.078773329712601647e+00
-6.276383238246681096e-01,-2.821694392557863029e+00,-3.166706906854196646e+00
6.445313336886411282e-01,1.469402338032974376e+00,-3.809506686626975558e+00
9.241502265748535727e-01,-6.202737549089762936e-01,-1.674430622424655013e+00
5.054254531860351562e-01,3.463500022888183594e+00,-1.244656100869178772e+00
5.054254531860351562e-01,3.037343740463256836e+00,-1.244656100869178772e+00
7.926921546459197998e-02,-7.980624884366989136e-01,3.016906142234802246e+00
1.711896673803872115e+00,2.648513268604518078e+00,2.744140648070655608e+00
2.210050344467163086e+00,-3.719062358140945435e-01,-2.096968412399291992e+00
2.210050344467163086e+00,-7.980624884366989136e-01,2.164593696594238281e+00
-1.898685979708307769e+00,-5.844259673224856400e-01,-3.783149238296887873e+00
3.287554985115424877e+00,1.704204820269800802e+00,-2.067329249884124032e+00
3.099479361103453012e+00,1.381208801127120189e+00,-2.375564750910005962e+00
3.525635643528379770e+00,1.381208801127120189e+00,-1.949408468485078982e+00
-2.406730017523237564e+00,-2.738492442022093964e+00,-2.253531676099319814e+00
-2.107572625931860788e+00,-2.912964572509897820e+00,-2.299554348375813184e+00
1.064461399604725855e+00,2.402031272649763072e-01,-4.265339875301085826e+00
1.141170793435777764e+00,6.495176832338043216e-01,-4.201471423783793568e+00
1.673190932091021210e+00,2.472083805585122640e+00,-3.307156575519063058e+00
1.566744151154688236e+00,2.171056243194684043e+00,-3.547905443946244297e+00
-4.306337635547740739e+00,-4.002608607242974514e-02,1.180526793223217519e+00
-4.297056916288505946e+00,3.627511719339561180e-01,1.275396037770273328e+00
5.054254531860351562e-01,-7.980624884366989136e-01,-2.949280977249145508e+00
-1.234901483016286328e+00,3.833693284928270106e+00,9.278865847686682544e-01
-1.053166816296119190e+00,4.256268789367555705e+00,5.951269182030013427e-01
9.315816164016723633e-01,-1.650374948978424072e+00,3.016906023025512695e+00
1.928242845811128037e+00,2.152086485879485256e+00,-3.363125127169446671e+00
1.357737779617309570e+00,1.758874952793121338e+00,-2.949280977249145508e+00
1.783894062042236328e+00,1.758874952793121338e+00,-2.523124694824218750e+00
2.354399128236054572e+00,1.725930263059203273e+00,-2.936968844744519913e+00
3.327942008370211369e+00,-8.626541927429314249e-01,2.683461167792530411e+00
2.614481133492216003e+00,1.723067282381518295e+00,1.889920863695132569e-02
2.636206626892089844e+00,1.758874952793121338e+00,8.861249238252639771e-01
2.188324851067289245e+00,2.149223505201800499e+00,4.450554165560721143e-01
1.996972203254699707e+00,1.545796841382980347e+00,6.730467975139617920e-01
2.423128485679626465e+00,1.119640618562698364e+00,2.468905895948410034e-01
-3.242590981965845387e+00,2.827791204565150540e+00,-1.648234525866032474e-02
-5.981548758451697978e-01,1.920517213426292003e+00,3.828805046151413372e+00
-3.468870222568511963e-01,1.758874952793121338e+00,3.016906023025512695e+00
-3.329980850219726562e+00,4.804062545299530029e-01,1.738437414169311523e+00
-1.220465796519944579e+00,7.091394020804462350e-01,3.884294774763463298e+00
2.392617595870533687e-01,1.075153909046635103e+00,4.291021028649764979e+00
7.481055935335820806e-01,2.951261337245001393e+00,-3.071402883700765862e+00
1.174261756749219288e+00,2.951261337245001393e+00,-3.071402883700765862e+00
1.762168568642362265e+00,2.149223505201800499e+00,-1.259569355515766320e+00
1.783894062042236328e+00,1.758874952793121338e+00,-1.670812129974365234e+00
-4.215366127433829213e+00,1.553305637816569718e+00,-1.770297961710305679e-01
-1.199199438095092773e+00,-1.650374948978424072e+00,1.738437414169311523e+00
3.129126376644853824e+00,-1.540108767013638857e+00,2.766158224003308241e+00
2.496769290599238356e-01,-4.160106655608755588e+00,1.278426606988906311e+00
-3.468870222568511963e-01,-1.224218711256980896e+00,3.443062305450439453e+00
7.926921546459197998e-02,-2.076531171798706055e+00,3.016906023025512695e+00
-5.187365906007462835e-03,-2.093714355949980011e+00,3.768479065210702306e+00
-3.274719828240803210e+00,-2.736433266386795626e+00,4.387885371082596575e-01
-2.848563545815876452e+00,-3.162589548811722384e+00,4.387885371082596575e-01
-2.051512002944946289e+00,-2.502687454223632812e+00,4.599687159061431885e-01
-1.838433861732482910e+00,-2.715765595436096191e+00,2.468905895948410034e-01
-1.625355720520019531e+00,-2.928843736648559570e+00,-3.923437893390655518e-01
-1.625355720520019531e+00,-2.928843736648559570e+00,3.381246328353881836e-02
-1.199199438095092773e+00,-2.928843736648559570e+00,3.381246328353881836e-02
-1.412277579307556152e+00,-2.715765595436096191e+00,-1.792656630277633667e-01
1.234099098849181786e+00,-2.097106238209231144e+00,3.704034002500063316e+00
1.783894062042236328e+00,-7.980624884366989136e-01,2.590749859809875488e+00
-2.240700045909221227e+00,2.791059297598772915e+00,2.030498683254072123e+00
-1.982869810887521123e+00,2.722356007332906724e+00,2.292463688823664469e+00
-1.838433861732482910e+00,-5.849843770265579224e-01,1.099203065037727356e+00
-2.264590144157409668e+00,-1.011140614748001099e+00,-1.457733988761901855e+00
-2.477668285369873047e+00,-3.719062507152557373e-01,8.861249238252639771e-01
-2.051512002944946289e+00,-3.719062507152557373e-01,1.312281206250190735e+00
-2.051512002944946289e+00,5.425000190734863281e-02,2.164593696594238281e+00
-1.838433861732482910e+00,-1.588281244039535522e-01,1.951515555381774902e+00
-2.880805657694283650e-01,-3.543635873677523307e+00,2.465672236847225474e+00
-7.083213449209674328e-03,-3.353608285179862314e+00,2.711191852195297791e+00
-2.051512002944946289e+00,5.425000190734863281e-02,1.312281206250190735e+00
-1.338088959455490112e-01,-2.715765595436096191e+00,-1.883890271186828613e+00
2.554341211920433535e-02,1.895104694311489979e+00,-1.000759565372068838e-01
-1.875347141920978566e-01,2.108182835523953358e+00,-3.131540828485090966e-01
7.185035049915313721e-01,1.545796841382980347e+00,-1.883890271186828613e+00
2.923473417758941650e-01,1.971953123807907104e+00,-1.031577959656715393e+00
9.315816164016723633e-01,2.185031235218048096e+00,-1.244656100869178772e+00
7.185035049915313721e-01,1.119640618562698364e+00,-1.883890271186828613e+00
-1.412277579307556152e+00,6.934843808412551880e-01,2.377671718597412109e+00
-5.599651038646697998e-01,6.934843808412551880e-01,2.377671718597412109e+00
-1.477511088738028278e+00,-1.673551413304755542e+00,-3.560932031286066834e+00
-1.317751799620172859e+00,-3.373340593218463468e+00,-2.068110373148611014e+00
-3.421492231451170873e+00,-2.571841084074240058e+00,9.250337166139452338e-02
-1.911142154760719691e+00,-1.355203722214660456e+00,3.725185321239464997e+00
-2.026921474788657029e+00,-1.697664904936372787e+00,3.525687965746516994e+00
-2.288082758586815313e+00,-1.376117653103173577e+00,3.526576518894709356e+00
-2.147146498730517550e+00,-1.016955198888312983e+00,3.705856752723568182e+00
-1.227117441444927348e-01,-5.518001507246884652e-01,4.407175216587423172e+00
1.783894062042236328e+00,1.758874982595443726e+00,3.381246328353881836e-02
1.996972203254699707e+00,2.398109316825866699e+00,6.730467975139617920e-01
2.923473417758941650e-01,2.824265599250793457e+00,6.730467975139617920e-01
-1.625355720520019531e+00,2.185031175613403320e+00,-1.670812129974365234e+00
-8.150443860588449940e-01,2.934662294581053210e+00,-5.155321137739574677e-01
-1.241200593977965783e+00,2.508506012156126452e+00,-1.367844425304070688e+00
-2.477668285369873047e+00,5.425000190734863281e-02,8.861249238252639771e-01
-2.264590144157409668e+00,6.934843808412551880e-01,1.525359272956848145e+00
-2.051512002944946289e+00,-1.224218711256980896e+00,-2.523124694824218750e+00
-1.625355720520019531e+00,-7.980624884366989136e-01,-2.949280977249145508e+00
-7.730432301759719849e-01,-2.076531171798706055e+00,-2.949280977249145508e+00
-7.730432301759719849e-01,-2.076531171798706055e+00,-2.523124694824218750e+00
7.926921546459197998e-02,9.065624922513961792e-01,3.443062305450439453e+00
-2.546476243037506304e+00,-3.439074163244516313e+00,4.253257541307216005e-01
-2.190790058317951594e+00,-3.671111927291569099e+00,3.823478379773500579e-01
-4.941026173113209907e-01,5.028940394926479929e-01,4.400004033579792306e+00
-4.601219261160896523e-01,8.361025709956928509e-01,4.345567472617185345e+00
6.641992022948564056e-01,-1.859531253576279797e-01,4.400512552444488357e+00
9.608165185519024210e-01,-4.541928157889241202e-01,4.317178597922516126e+00
-6.794637958987781445e-02,5.028940394926479929e-01,4.400004033579792306e+00
2.527127265930177447e-01,2.402031272649765015e-01,4.434609293937683105e+00
2.475424861653349740e-01,-4.390569251265429074e+00,-1.919569268634813419e-01
1.624605712496895560e+00,-1.509717529430328886e+00,-3.607685598769007740e+00
1.806414583378394001e+00,-7.811791055931190941e-01,-3.625069920474182084e+00
-2.147015742838617847e+00,-1.927147538962660445e+00,3.314955485455232775e+00
-1.600765192363730494e+00,-2.123821127756654548e+00,3.525687965746516994e+00
-1.625355720520019531e+00,-1.650374948978424072e+00,3.016906023025512695e+00
-5.765346028127664724e-01,-3.662235638314786268e+00,2.203515918882721358e+00
-1.786137515561082023e-01,-4.390569251265429074e+00,-1.919569268634813419e-01
-1.442424484949201169e+00,-4.242748260497547719e+00,1.466645596497957171e-01
2.774358700018757506e+00,-2.680450386125544426e+00,-1.924015276418381104e+00
7.926921546459197998e-02,-3.781156301498413086e+00,4.599687159061431885e-01
-3.468870222568511963e-01,-3.355000019073486328e+00,4.599687159061431885e-01
7.926921546459197998e-02,-3.781156301498413086e+00,3.381246328353881836e-02
5.987196120922293474e-01,-2.394542608418047447e+00,-3.546063157558887458e+00
-3.468870222568511963e-01,-3.781156301498413086e+00,3.381246328353881836e-02
-2.477668285369873047e+00,-1.650374948978424072e+00,1.312281131744384766e+00
1.362284127612779283e+00,3.921843804186983196e+00,3.177811038290748735e-01
1.632873964987869186e+00,3.799851026706736246e+00,1.025052442335687042e+00
1.569214689766043058e+00,-2.113220414220565502e+00,-3.264598579932611155e+00
2.636778105012332674e+00,-1.032432579539456441e+00,-9.874066532471272861e-01
1.996972203254699707e+00,-1.011140614748001099e+00,-6.054216921329498291e-01
-5.697376371050952848e-01,-3.856938108891183603e+00,-1.229630981843750082e+00
6.044699464061137339e-01,3.176047404871028768e+00,-2.886791361026641134e+00
1.399408532758822821e+00,2.754355517975162204e+00,-3.197751242300880037e+00
3.659831020384327616e+00,-9.996118735570995728e-01,-2.313679430601463416e+00
-2.477668285369873047e+00,-3.719062507152557373e-01,2.164593696594238281e+00
2.923473417758941650e-01,-1.588281244039535522e-01,-2.310046553611755371e+00
-2.262852400378863926e+00,-3.401987848927142899e+00,-1.178735160125405690e+00
-1.625355720520019531e+00,-2.928843736648559570e+00,-8.184998184442520142e-01
2.423128485679626465e+00,6.934843808412551880e-01,1.525359272956848145e+00
2.423128485679626465e+00,6.934843808412551880e-01,6.730467975139617920e-01
3.062362909317016602e+00,1.332718729972839355e+00,8.861249238252639771e-01
3.903903502449078022e+00,1.165143086158525909e+00,8.394143239231004472e-01
3.903903502449078022e+00,1.165143086158525909e+00,1.265570531842221236e+00
3.062362909317016602e+00,9.065624922513961792e-01,1.312281131744384766e+00
3.062362909317016602e+00,9.065624922513961792e-01,8.861249238252639771e-01
-1.600765192363730494e+00,-1.697664904936372787e+00,3.525687965746516994e+00
-1.484985872335792934e+00,-1.355203722214660456e+00,3.725185321239464997e+00
-4.262940712672632415e+00,-8.620975792382419289e-01,5.543506987607679237e-01
-7.730432301759719849e-01,2.185031235218048096e+00,-1.244656100869178772e+00
-5.599651038646697998e-01,1.119640618562698364e+00,-1.883890271186828613e+00
-1.338088959455490112e-01,1.119640618562698364e+00,-2.310046553611755371e+00
2.386215235293453196e-01,1.682026553099026600e+00,5.391583776932160621e-01
-6.136909221112186730e-01,2.108182835523953358e+00,1.130021697740953013e-01
-2.051512002944946289e+00,-2.928843736648559570e+00,3.381246328353881836e-02
9.315816164016723633e-01,-1.650374948978424072e+00,-2.523124694824218750e+00
-7.805970968323064918e-01,-2.432965470259598639e+00,-3.458620517740903733e+00
-1.313733199444383715e+00,3.914502946513723547e+00,2.325970380478681876e-01
-2.051512002944946289e+00,2.185031175613403320e+00,-8.184998184442520142e-01
-1.667356876402892540e+00,2.508506012156126452e+00,-5.155321137739574677e-01
2.571200325614459103e+00,-3.488610802325448290e+00,-1.414948512621472809e-01
-6.794637958987781445e-02,7.673778687004367827e-02,4.400004033579792306e+00
-2.051512002944946289e+00,9.065624922513961792e-01,-2.096968412399291992e+00
-1.838433861732482910e+00,1.119640618562698364e+00,-1.883890271186828613e+00
-2.477668285369873047e+00,9.065624922513961792e-01,-1.670812129974365234e+00
2.923473417758941650e-01,3.250421881675720215e+00,-1.031577959656715393e+00
4.300925916957070605e+00,-5.414604106875142708e-01,-9.906585296949158570e-01
3.559361167270300719e+00,9.177916799146764726e-01,1.951270214466505948e+00
2.423128485679626465e+00,1.119640618562698364e+00,1.525359272956848145e+00
-1.023598956807984406e+00,2.475328547333654594e+00,-3.375972662955428749e+00
1.996972203254699707e+00,1.545796841382980347e+00,1.525359272956848145e+00
2.423128485679626465e+00,1.119640618562698364e+00,6.730467975139617920e-01
-1.199199512600898743e+00,2.185031175613403320e+00,1.738437414169311523e+00
-1.454278735190429162e+00,2.721584153368589831e+00,-3.024539874626553382e-01
1.144659757614135742e+00,1.545796841382980347e+00,6.730467975139617920e-01
2.998118003399787290e-01,3.487121160926504260e+00,2.622747778127412666e+00
9.764123518420192438e-01,9.925019095265273927e-01,-4.172427329618001224e+00
9.315816164016723633e-01,9.065624922513961792e-01,-3.375437259674072266e+00
1.762867898590025018e+00,3.728909467020842694e+00,-6.318276242318159319e-01
-6.414122566124624836e-01,-4.345331685928728760e+00,-1.241279166162799902e-01
-2.723425539050243316e+00,-3.293709035993162892e+00,8.292450829166297943e-02
-2.546476243037506304e+00,-3.439074163244516313e+00,-8.304984918827695850e-04
4.674521872268756484e-01,-7.057553184245808353e-01,4.370526501916941697e+00
6.528380222224767770e-01,-5.898207143557279153e-01,4.369109390128746995e+00
-2.477668285369873047e+00,1.758874952793121338e+00,-8.184998184442520142e-01
-1.625355720520019531e+00,-2.502687454223632812e+00,-8.184998184442520142e-01
2.741575976620888255e+00,3.384923471491679603e+00,-4.941759641946905646e-01
1.357737779617309570e+00,9.065624922513961792e-01,-2.949280977249145508e+00
-1.625355720520019531e+00,-3.355000019073486328e+00,-3.923437893390655518e-01
-1.227023812157234328e+00,-3.734549932634198655e+00,-1.460693941107235050e+00
2.423128485679626465e+00,-1.588281244039535522e-01,6.730467975139617920e-01
-5.599651038646697998e-01,-5.849843770265579224e-01,2.377671718597412109e+00
3.105767061727275971e-02,-6.871992907537112227e-01,1.055811050776250593e+00
4.319777083703877363e-01,-1.261910428474424473e+00,7.729871053007155712e-01
6.932673795290091867e-01,-2.438164257713923089e+00,1.668691609906239881e+00
2.923473417758941650e-01,-2.715765595436096191e+00,1.951515555381774902e+00
7.185035049915313721e-01,-2.715765595436096191e+00,1.099203065037727356e+00
3.472512702566959319e+00,2.555057522014760440e+00,8.149664744123424898e-01
1.250006050366986532e+00,5.337165273583637237e-01,4.208209063097041458e+00
-3.523723031284738294e+00,-2.418668546358389015e+00,3.205582881350235724e-02
3.673602847935587778e+00,2.335041008189802980e+00,5.708085843961099304e-01
-3.212880155677079408e+00,6.111444187980329401e-01,-2.783821266483767154e+00
1.783894062042236328e+00,9.065624922513961792e-01,-2.949280977249145508e+00
-1.294057886445563188e+00,1.516908863578300126e-01,-3.874618287885179146e+00
-1.627032736256142531e+00,2.234960927451455359e-01,-3.753697809129520557e+00
-1.627032736256142531e+00,-2.026601598774588342e-01,-3.753697809129520557e+00
-1.294057886445563188e+00,-2.744653662647743575e-01,-3.874618287885179146e+00
-9.237829181029693082e-01,2.144388656992909925e-01,-4.338100382086886420e+00
3.652466269371653418e+00,-2.360233072933036524e+00,2.805085906861328748e-01
9.315816164016723633e-01,2.611187458038330078e+00,1.312281131744384766e+00
9.315816164016723633e-01,3.037343740463256836e+00,1.738437414169311523e+00
5.054253786802291870e-01,1.758874952793121338e+00,2.164593696594238281e+00
1.783894062042236328e+00,2.611187458038330078e+00,8.861249238252639771e-01
-1.263444373814644472e-01,3.487121160926504260e+00,2.622747778127412666e+00
7.926921546459197998e-02,3.463500022888183594e+00,8.861249238252639771e-01
-8.558253813698031287e-01,-4.856422666016566025e-01,-3.467774625046537551e+00
-1.424023107206515260e+00,1.460220425421840940e+00,3.731088990205811307e+00
-5.932053482775445641e-02,3.442270455003063390e+00,-2.641200260914236431e+00
-6.136909221112186730e-01,1.255870330278744618e+00,-1.165466394378622317e+00
3.062362909317016602e+00,-2.076531171798706055e+00,3.381246328353881836e-02
2.636206626892089844e+00,-2.076531171798706055e+00,3.381246328353881836e-02
-2.554855319395774593e-01,-2.372576493178836454e+00,3.621006800067316345e+00
-4.088032384518298645e-01,-2.067922125365838859e+00,3.774377372449845058e+00
3.062934387437259431e+00,-1.458588802359738423e+00,-5.612506241419408237e-01
3.241283298958758774e+00,-1.065217856960055665e+00,-1.155438415968162991e+00
2.738467801057414164e+00,7.373459139458786726e-01,-1.591370825499141883e+00
-2.164028356807308207e+00,-1.568119332844706282e+00,-3.174231020213238885e+00
-3.016340921657161722e+00,-1.568119332844706282e+00,-2.748074737788312127e+00
-2.477668285369873047e+00,-1.650374948978424072e+00,-2.096968412399291992e+00
-2.590184639232234964e+00,-1.141963095123263106e+00,-3.174231020213238885e+00
-1.898065466638223953e+00,-3.489272446056617571e+00,-1.303479037838844778e+00
-1.596952925639333554e+00,-3.637025891224606511e+00,-1.353818416521135770e+00
2.210050344467163086e+00,9.065624922513961792e-01,-1.670812129974365234e+00
-2.721501446966062332e+00,-2.637499067084290605e+00,1.559965580321811540e+00
1.348507969896736158e-01,-1.768151172094974743e+00,-1.440314511923667329e+00
2.343151694846672406e-01,-2.026276798358741971e+00,-8.474192554447188552e-01
2.636778105012332674e+00,-1.801200891954089500e-01,-1.413562935672054044e+00
2.636778105012332674e+00,2.460361485260342262e-01,-9.874066532471272861e-01
3.165195561602583751e+00,-3.493366675009264011e-01,-1.334121631196830693e+00
9.315816164016723633e-01,-2.076531171798706055e+00,-2.096968412399291992e+00
-1.668499388583471132e+00,-1.324205237031489846e+00,-3.619488493208098401e+00
3.816362353414631592e+00,-2.047555548395634251e+00,-2.925151952379259068e-01
3.652466269371653418e+00,-2.360233072933036524e+00,-1.456476619364714953e-01
3.820614771296151790e+00,-1.859531253576284238e-01,2.086535409929542784e+00
1.783894062042236328e+00,3.037343740463256836e+00,8.861249238252639771e-01
-1.764633775893024836e+00,-4.097268209716496301e+00,-4.380841464525433993e-02
-1.323866488499829464e+00,-1.360692497516025501e+00,-3.747317530683936138e+00
-5.599651038646697998e-01,6.934843808412551880e-01,-2.310046553611755371e+00
-7.730432450771331787e-01,9.065625071525573730e-01,-1.670812129974365234e+00
6.932673795290091867e-01,-1.585851752468714349e+00,1.668691609906239881e+00
-2.477668285369873047e+00,-7.980624884366989136e-01,2.164593696594238281e+00
-1.596952925639333554e+00,-4.063182173649533269e+00,-9.276623874159494187e-01
2.923473417758941650e-01,6.934843808412551880e-01,-2.310046553611755371e+00
-1.625355720520019531e+00,-3.355000019073486328e+00,3.381246328353881836e-02
-2.903824567794799805e+00,9.065624922513961792e-01,1.738437414169311523e+00
-1.472529697283381012e+00,-1.010582205043928816e+00,-3.783149238296887873e+00
3.748688213804242331e+00,9.429933011140729793e-01,1.571973380682919696e+00
2.923473417758941650e-01,-1.437296837568283081e+00,-1.883890271186828613e+00
2.923473417758941650e-01,-1.011140614748001099e+00,-2.310046553611755371e+00
3.488519191741943359e+00,5.425000190734863281e-02,8.861249238252639771e-01
-8.538946865387748719e-01,-3.725270915010764128e+00,1.478057706452367004e+00
7.926921546459197998e-02,-1.650374948978424072e+00,2.590749859809875488e+00
1.604092022364003722e-01,4.428805415594236905e+00,4.970742615435498335e-01
1.249375027292135343e+00,3.904869167753453940e+00,1.136333448361320109e+00
-4.246855740439737126e+00,1.398947685647526473e+00,1.234555074220151649e-01
-2.477668285369873047e+00,4.804062396287918091e-01,4.599687159061431885e-01
-1.454278735190429162e+00,1.869271677925703257e+00,-3.024539874626553382e-01
-2.365131895568103881e-01,3.852244548250411071e+00,-1.943168939537141648e+00
-3.310887354750222222e+00,-1.489249952458664872e+00,-2.471451553825923408e+00
-3.467000850868319439e+00,-1.114969833304445768e+00,-2.440083794712017529e+00
-2.477668285369873047e+00,-7.980624884366989136e-01,1.738437414169311523e+00
-2.477668285369873047e+00,-1.224218726158142090e+00,1.738437414169311523e+00
1.566744151154688236e+00,1.744900020374402283e+00,-3.547905443946244297e+00
2.849284768104553223e+00,-5.849843770265579224e-01,2.468905895948410034e-01
-2.477668285369873047e+00,1.758874952793121338e+00,8.861249238252639771e-01
3.039163782473181641e+00,-1.254605795960203718e+00,2.969937606686718023e+00
3.988258153640793502e+00,5.535485542576037421e-01,9.946501502285645113e-01
-2.972869174438527828e+00,-2.314867770895043808e+00,1.566655339462544649e+00
-2.023109208064260311e+00,-3.637025891224606511e+00,-9.276623874159494187e-01
-1.338088959455490112e-01,6.934843808412551880e-01,-2.310046553611755371e+00
9.315816164016723633e-01,-7.980624884366989136e-01,-2.949280977249145508e+00
3.405942984683203445e-01,-3.410948807571253294e+00,-2.614788679828746965e+00
1.357737779617309570e+00,-2.928843736648559570e+00,-3.923435658216476440e-01
3.488008035500809179e+00,-2.586520945374305214e+00,7.592244064020303718e-02
6.641992022948564056e-01,2.402031272649763904e-01,4.400512552444488357e+00
7.926921546459197998e-02,4.804062545299530029e-01,3.869218587875366211e+00
-8.267690633236820519e-01,1.042792218868603626e+00,-1.000759565372068838e-01
2.554341211920433535e-02,1.042792218868603626e+00,7.522365189056794410e-01
-1.472529697283381012e+00,-5.844259673224856400e-01,-3.783149238296887873e+00
9.315816462039947510e-01,-7.980625033378601074e-01,8.861249387264251709e-01
3.105767061727275971e-02,1.651132144914975730e-01,1.055811050776250593e+00
-1.345006886572296390e-01,-3.085084662372689301e+00,2.985435194441502738e+00
2.916555490642135373e-01,-3.085084662372689301e+00,2.985435194441502738e+00
-1.345006886572296390e-01,-2.658928379947762544e+00,3.411591357657139945e+00
-1.720990216305590570e+00,-5.907989611668698071e-01,3.705856752723568182e+00
-2.815550056256911571e+00,1.535620906129322449e+00,-2.562096314551103315e+00
-3.329980850219726562e+00,1.332718729972839355e+00,-3.923437893390655518e-01
-2.550456637221217182e+00,2.553072742947199103e+00,1.994819305493941375e+00
8.272782492077020988e-01,-1.649753622792197394e+00,-3.675360564078721026e+00
1.787335879595856047e-01,-3.186969362912326797e+00,-6.517608443902304094e-01
1.800059547897059353e+00,-2.603016710784972876e+00,-1.269821562779896329e+00
4.087120452659696035e-01,-2.486784158076536855e+00,-4.531885279375284514e-01
1.031045988896666099e+00,-2.760813080487400040e+00,-2.256045917676260393e-01
1.783894062042236328e+00,-2.502687454223632812e+00,-1.670812129974365234e+00
7.740851014177742018e-01,-1.128916837864551770e+00,-3.749240740822518125e-01
9.871632426302375807e-01,-1.341994949274692761e+00,-1.014158229498740571e+00
9.871632426302375807e-01,-1.768151172094974743e+00,-5.880022003935539976e-01
4.129594950543244436e-02,-7.057553184245808353e-01,4.370526501916941697e+00
-2.786723873252152650e+00,6.111444187980329401e-01,-3.209977548908693912e+00
1.336012405426725058e+00,2.575379787626727257e+00,-4.072570439856530444e-01
1.357737779617309570e+00,2.611187458038330078e+00,-1.244656100869178772e+00
9.315816164016723633e-01,-1.224218726158142090e+00,-2.523124694824218750e+00
9.315816164016723633e-01,-1.650374948978424072e+00,-2.096968412399291992e+00
5.610069602053108229e-01,-1.768151172094974743e+00,-1.440314511923667329e+00
5.610069602053108229e-01,-1.341994949274692761e+00,-1.440314511923667329e+00
3.627896817693703646e+00,7.858359851001595064e-01,-2.296123446434782167e+00
1.357737779617309570e+00,3.037343740463256836e+00,3.381246328353881836e-02
-5.932053482775445641e-02,3.016114172578136632e+00,-3.067356543339163188e+00
2.636206626892089844e+00,2.185031175613403320e+00,8.861249238252639771e-01
3.668357028936887199e-01,3.016114172578136632e+00,-3.067356543339163188e+00
-7.730432301759719849e-01,-3.355000019073486328e+00,4.599687159061431885e-01
-1.199199438095092773e+00,-3.355000019073486328e+00,3.381246328353881836e-02
-2.501284043553023473e+00,2.816498893900237999e+00,1.705282385334527362e+00
-2.160253313579034273e+00,3.050222115693232983e+00,1.719296715971250444e+00
-7.730432301759719849e-01,-3.355000019073486328e+00,3.381246328353881836e-02
-2.477668285369873047e+00,-2.502687454223632812e+00,3.381246328353881836e-02
-2.264590144157409668e+00,1.119640618562698364e+00,-1.792656630277633667e-01
-2.903824567794799805e+00,1.332718729972839355e+00,-8.184998184442520142e-01
-2.903824567794799805e+00,-7.980624884366989136e-01,-3.923435658216476440e-01
2.901785725945284611e+00,-8.626541927429314249e-01,3.109617331008167618e+00
-2.959541565423952303e+00,-2.045459162188591584e+00,2.305421736660754117e+00
-3.155310112009908075e+00,-1.961715878944285896e+00,1.891858208182014334e+00
-2.477668285369873047e+00,-1.650374948978424072e+00,1.738437414169311523e+00
-2.873803063342094788e+00,7.814084270293186751e-01,3.102761288045889465e+00
-3.468870222568511963e-01,3.463500022888183594e+00,-1.244656100869178772e+00
1.788199483006286616e+00,-2.903003018525987855e+00,-2.290313478828061022e+00
1.031045988896666099e+00,-2.334656798062473282e+00,-1.504073155920343741e+00
1.896430481646327881e-01,3.852244548250411071e+00,-1.943168939537141648e+00
-7.730432301759719849e-01,-2.928843736648559570e+00,8.861249238252639771e-01
3.666868103263442258e+00,-8.308477658572981372e-01,-9.865315811652878297e-01
-1.002690810731887261e+00,-3.662235638314786268e+00,1.777359636457794601e+00
-1.338088959455490112e-01,-2.715765595436096191e+00,1.951515555381774902e+00
-2.251344967690784848e+00,-1.201290630413970772e+00,-3.402598329634041185e+00
1.762867898590025018e+00,3.728909467020842694e+00,-1.057983653337002394e+00
1.862397454891107529e+00,-2.634426354521647973e+00,-2.565563945812879165e+00
-2.903824567794799805e+00,9.065624922513961792e-01,-8.184998184442520142e-01
-2.721501446966062332e+00,-2.637499067084290605e+00,1.986121862746738298e+00
-2.729153829584981317e+00,-2.387872101764568100e+00,1.891858208182014334e+00
-1.720990216305590570e+00,-1.016955198888312983e+00,3.705856752723568182e+00
-3.468869924545288086e-01,-7.980624884366989136e-01,2.590749859809875488e+00
-9.502521073015663955e-01,-2.580539610372132753e+00,3.444540234766989784e+00
-8.212548048256136379e-01,1.651132144914975730e-01,2.034985753333642400e-01
-4.186819609198912384e-01,-1.630335890197049942e+00,-3.744678559278265428e+00
2.138052956228798873e+00,2.648513268604518078e+00,2.744140648070655608e+00
1.783894062042236328e+00,1.332718729972839355e+00,-1.670812129974365234e+00
-6.136909221112186730e-01,4.035578399346971823e-01,9.653146601181428199e-01
-5.599651038646697998e-01,2.673281282186508179e-01,1.951515555381774902e+00
-1.129155640558091367e+00,-6.981619832088865607e-01,-4.301642886094279916e+00
3.783664503994747630e+00,-1.651283375255150787e+00,9.666844192500765320e-01
3.172290656139824527e+00,2.000109395510839327e+00,-1.955696381812281670e+00
-7.730432450771331787e-01,5.425000190734863281e-02,-1.670812129974365234e+00
-6.329460478235929832e-01,3.848606398991146094e+00,-1.829677210818138944e+00
-9.305397898633537279e-01,-1.981229313307438122e+00,-3.749240740822518125e-01
9.484819771990765647e-01,-2.441736673025233451e+00,1.930665342493858433e-02
1.570815920829772949e+00,-2.715765595436096191e+00,2.468905895948410034e-01
1.332501683957109773e+00,-2.225086116501459710e+00,6.033009932508901496e-01
2.636206626892089844e+00,1.332718729972839355e+00,-3.923435658216476440e-01
2.089161920536861672e+00,2.421809589768471493e+00,-3.053896966790139889e+00
1.642167825761558841e+00,-9.452739520510897719e-01,-3.757414353169001853e+00
-9.804924317745398188e-01,-1.048272275680983245e+00,-4.265811178481328625e+00
1.117449815672317825e+00,3.823667131409763886e+00,1.519067919370104658e+00
9.323287303188116937e-01,3.624700889790977154e+00,1.819224335965159423e+00
2.527127265930177447e-01,-1.859531253576278687e-01,4.434609293937683105e+00
-1.224389768885897900e-01,4.438569138121375879e+00,6.070814905198551603e-02
3.037172608328533863e-01,4.438569138121375879e+00,6.070814905198551603e-02
-3.839054040192584782e+00,-4.895833591640792459e-01,-1.300091095148452336e+00
-4.108555094254524143e+00,-1.719511247272642041e-01,-1.673545656348560229e+00
-9.505044525688249868e-01,3.707460725434678306e+00,-1.778212526722298792e+00
-4.336755804162267580e+00,5.521293281729875435e-01,9.841026241504287064e-01
1.783894062042236328e+00,-2.502687454223632812e+00,-8.184998184442520142e-01
1.570815920829772949e+00,-2.715765595436096191e+00,-6.054216921329498291e-01
1.996972203254699707e+00,-2.715765595436096191e+00,2.468905895948410034e-01
2.923473417758941650e-01,-2.289609313011169434e+00,1.951515555381774902e+00
3.816362353414631592e+00,-2.047555548395634251e+00,1.336410573846784633e-01
1.563384501200631771e+00,1.896062402493020604e-02,-2.313665046062045150e+00
-1.838433861732482910e+00,-1.437296837568283081e+00,-1.883890271186828613e+00
-3.112507414396244343e+00,-1.827977621027421673e+00,-2.467669955802976656e+00
1.996972203254699707e+00,1.119640618562698364e+00,-1.457733988761901855e+00
1.776462642413095150e+00,2.320387503362323911e-01,-1.674430622424655013e+00
2.089161920536861672e+00,2.421809589768471493e+00,-2.627740684365213131e+00
1.783894062042236328e+00,9.065625071525573730e-01,-8.184998333454132080e-01
3.062934387437259431e+00,-1.458588802359738423e+00,-1.350943715193363981e-01
6.641992022948530749e-01,2.402031272649763904e-01,-4.366700029556305651e+00
1.720769505544193390e+00,3.790987052563858484e+00,1.979403402220071828e-01
2.849284768104553223e+00,2.673281282186508179e-01,2.468905895948410034e-01
2.849284768104553223e+00,6.934843808412551880e-01,-1.792656630277633667e-01
3.488519191741943359e+00,4.804062545299530029e-01,4.599686712026596069e-01
7.926921546459197998e-02,3.463500022888183594e+00,-1.244656100869178772e+00
3.590780365907267679e+00,-1.149665763981688182e-01,-1.165214796393955421e+00
-1.681416343506934030e+00,-2.912964572509897820e+00,-2.299554348375813184e+00
-1.715620104534149704e+00,-2.662883755078675918e+00,-2.586377018963513130e+00
9.122640827491369508e-01,1.807564767768797598e+00,3.632751069049159121e+00
-6.081766636131502590e-01,-4.741211644424089822e-01,1.268889191988713971e+00
1.533968713213906154e+00,-3.309058358531366650e+00,2.180340251694549814e+00
-2.959541565423952303e+00,-1.619302939368309602e+00,2.305421736660754117e+00
1.457202271321592857e+00,-2.334656798062473282e+00,-6.517608443902304094e-01
1.161560118411540055e+00,-2.228658531812770072e+00,-1.937714728863635938e-01
9.315816462039947510e-01,5.425000190734863281e-02,8.861249387264251709e-01
1.096448227667977671e+00,-1.326433624984134196e+00,-9.579550977937945078e-03
2.849284768104553223e+00,-1.588281244039535522e-01,-1.792656630277633667e-01
-7.730432450771331787e-01,5.425000190734863281e-02,-8.184998333454132080e-01
-8.267690633236820519e-01,1.895104694311489979e+00,-1.000759565372068838e-01
-6.556920779940916821e-01,2.005501389641749732e+00,-4.363424072834010126e-01
-1.942109820061654890e-01,-1.735522190328722791e+00,-3.875349121452173584e+00
1.357737898826599121e+00,2.185031235218048096e+00,-8.184998184442520142e-01
-1.241200593977965783e+00,2.082349789335844470e+00,-1.367844425304070688e+00
-7.730432301759719849e-01,2.611187458038330078e+00,1.312281206250190735e+00
1.003328728485060495e+00,-1.868480428656314807e+00,-1.039323944729198423e+00
6.445313336886411282e-01,1.043246100311531199e+00,-4.235662969051902316e+00
1.545579825169573152e+00,-2.438164257713923089e+00,8.163791195621923347e-01
1.357737898826599121e+00,-2.928843736648559570e+00,1.312281206250190735e+00
1.144659787416458130e+00,-1.011140614748001099e+00,-1.457733988761901855e+00
1.776462642413095150e+00,-6.202737549089762936e-01,-8.221183257957029866e-01
3.062362909317016602e+00,9.065624922513961792e-01,-8.184998184442520142e-01
2.199654656557499810e-01,-9.087853969382201358e-01,4.295275065313900242e+00
-1.039847204536145320e+00,1.682026553099026600e+00,-7.393101119536955590e-01
1.144659787416458130e+00,1.119640618562698364e+00,-1.457733988761901855e+00
-1.034332946038077017e+00,-4.741211644424089822e-01,4.165767016446664250e-01
-1.734435111284254316e-01,-1.859531253576278687e-01,4.434609293937683105e+00
1.783894062042236328e+00,5.425000190734863281e-02,-8.184998333454132080e-01
3.034444935769504692e-01,-5.518001507246884652e-01,4.407175216587423172e+00
1.996972203254699707e+00,2.673281133174896240e-01,-6.054216921329498291e-01
1.144659757614135742e+00,2.824265599250793457e+00,-1.792656630277633667e-01
1.122934294016584067e+00,2.362301646414263878e+00,-1.941789176743508594e-01
1.783894062042236328e+00,2.611187458038330078e+00,-1.244656100869178772e+00
-3.396568839464647604e-02,8.361025709956928509e-01,4.345567472617185345e+00
1.244124130109129478e+00,-2.547734939274936661e+00,-4.386827180789282243e-01
1.473367757176415882e+00,-2.434986054623813345e+00,-1.103082588725874835e+00
-2.477668285369873047e+00,4.804062396287918091e-01,3.381246328353881836e-02
1.144659787416458130e+00,1.971953094005584717e+00,-6.054216921329498291e-01
9.315816462039947510e-01,1.758874982595443726e+00,3.381246328353881836e-02
-9.861213713884353638e-01,2.824265599250793457e+00,-1.792656630277633667e-01
1.545579825169573152e+00,-2.012007975288996331e+00,3.902228669395879646e-01
3.062362909317016602e+00,4.804062396287918091e-01,-8.184998184442520142e-01
-7.730432450771331787e-01,9.065625071525573730e-01,-8.184998333454132080e-01
2.416268544170728561e+00,-6.415657197004317469e-01,-1.204103286909880444e+00
1.783894062042236328e+00,3.037343740463256836e+00,-8.184998184442520142e-01
2.423699963799869295e+00,3.295803711589323504e-02,-1.200484794459590665e+00
