3.061616997868378704e-16,-7.498798913309267239e-32,5.000000000000000000e+00
3.061616997868378704e-16,-7.498798913309267239e-32,-5.000000000000000000e+00
6.026834012766115745e-01,-1.476148596545282363e-16,-4.963544370490270197e+00
1.196578321437786974e+00,-2.930771622555792777e-16,-4.854709087130260947e+00
1.773024435212673611e+00,-4.342657398786482767e-16,-4.675081213427075610e+00
2.323615860218835927e+00,-5.691217451330033763e-16,-4.427280128266052550e+00
2.840323733655770067e+00,-6.956786737927586652e-16,-4.114919329468287756e+00
3.315613291203965751e+00,-8.120910408566703615e-16,-3.742553740855514288e+00
3.742553740855498301e+00,-9.166612918751264678e-16,-3.315613291203984403e+00
4.114919329468273546e+00,-1.007864557116577451e-15,-2.840323733655790939e+00
4.427280128266043668e+00,-1.084370887601937144e-15,-2.323615860218853690e+00
4.675081213427070281e+00,-1.145064648755475547e-15,-1.773024435212688044e+00
4.854709087130256506e+00,-1.189060788869125781e-15,-1.196578321437801851e+00
4.963544370490268420e+00,-1.215717745149352642e-15,-6.026834012766270066e-01
5.000000000000000000e+00,-1.224646799147351482e-15,-1.010643099614860380e-14
4.963544370490271973e+00,-1.215717745149353431e-15,6.026834012766024706e-01
4.854709087130262724e+00,-1.189060788869127359e-15,1.196578321437778092e+00
4.675081213427077387e+00,-1.145064648755477322e-15,1.773024435212669170e+00
4.427280128266052550e+00,-1.084370887601939313e-15,2.323615860218835927e+00
4.114919329468285092e+00,-1.007864557116580212e-15,2.840323733655774063e+00
3.742553740855508071e+00,-9.166612918751288344e-16,3.315613291203972857e+00
3.315613291203981738e+00,-8.120910408566743058e-16,3.742553740855500966e+00
2.840323733655783389e+00,-6.956786737927619193e-16,4.114919329468278875e+00
2.323615860218846141e+00,-5.691217451330059401e-16,4.427280128266048109e+00
1.773024435212680272e+00,-4.342657398786499037e-16,4.675081213427072946e+00
1.196578321437793635e+00,-2.930771622555809047e-16,4.854709087130259171e+00
6.026834012766184578e-01,-1.476148596545299126e-16,4.963544370490269309e+00
3.018924871114280206e-01,-7.394233360552867778e-17,-4.990877771116587702e+00
9.012751890695280821e-01,-2.207487550889843138e-16,-4.918099534735718592e+00
1.487515269276011853e+00,-3.643361626403357129e-16,-4.773604332542729090e+00
2.052064027263778456e+00,-5.026107285268019273e-16,-4.559499229960453093e+00
2.586689070888276376e+00,-6.335560982105528494e-16,-4.278906361507242906e+00
3.083594363142705852e+00,-7.552627933383060756e-16,-3.935917403045258833e+00
3.535533905932727095e+00,-8.659560562354894894e-16,-3.535533905932748411e+00
3.935917403045243290e+00,-9.640217298695426386e-16,-3.083594363142725392e+00
4.278906361507232248e+00,-1.048029795894214492e-15,-2.586689070888293251e+00
4.559499229960445987e+00,-1.116755227537174773e-15,-2.052064027263792667e+00
4.773604332542724649e+00,-1.169195853248875424e-15,-1.487515269276026286e+00
4.918099534735715928e+00,-1.204586970620434634e-15,-9.012751890695389623e-01
4.990877771116586814e+00,-1.222412497466719163e-15,-3.018924871114433972e-01
4.990877771116587702e+00,-1.222412497466719360e-15,3.018924871114188058e-01
4.918099534735719480e+00,-1.204586970620435423e-15,9.012751890695190893e-01
4.773604332542731754e+00,-1.169195853248877199e-15,1.487515269276002972e+00
4.559499229960453093e+00,-1.116755227537176548e-15,2.052064027263778456e+00
4.278906361507242906e+00,-1.048029795894217055e-15,2.586689070888276376e+00
3.935917403045252616e+00,-9.640217298695450052e-16,3.083594363142712957e+00
3.535533905932741749e+00,-8.659560562354931379e-16,3.535533905932733312e+00
3.083594363142721839e+00,-7.552627933383100199e-16,3.935917403045245511e+00
2.586689070888286146e+00,-6.335560982105552160e-16,4.278906361507235800e+00
2.052064027263788670e+00,-5.026107285268043925e-16,4.559499229960447764e+00
1.487515269276018515e+00,-3.643361626403373399e-16,4.773604332542726425e+00
9.012751890695304136e-01,-2.207487550889848808e-16,4.918099534735717704e+00
3.018924871114348485e-01,-7.394233360553035411e-17,4.990877771116586814e+00
8.122867167290432899e-01,-6.064082246974408230e-01,-4.896167823394624641e+00
3.911464621634031413e+00,-5.313478999516498824e-01,-3.068894576703852017e+00
3.515535853062996541e+00,5.138465122971705989e-01,3.518091730985515309e+00
4.963940371041839938e+00,-4.462460499526005320e-01,4.002005192933852373e-01
6.978127298549254010e-02,-3.639151880391614524e-01,4.986250726733960192e+00
3.507493646877055227e+00,-5.029049496027009347e-01,3.527686909120790748e+00
4.891164716639942789e+00,5.225741597233252156e-01,8.963392004626224985e-01
4.255472194776378281e+00,5.225741597229133228e-01,-2.572522623238716832e+00
1.479368636026795913e+00,5.225741597232382851e-01,-4.747460867277346175e+00
8.963392004625060361e-01,5.225741597230481039e-01,4.891164716639993415e+00
8.963392004623020881e-01,-5.225741597230699753e-01,4.891164716640028942e+00
4.747924862799510315e+00,-4.997444907910684186e-01,-1.485753997515814717e+00
4.905959310945908314e+00,5.576407044161560966e-01,-7.877817490405519818e-01
2.572522623251829010e+00,-5.225741597255130211e-01,4.255472194768132432e+00
2.572522623238536088e+00,5.225741597170969754e-01,4.255472194777201622e+00
3.066706528183080316e+00,5.225741597213238165e-01,-3.914361674346256148e+00
4.535676316112589923e+00,-4.590037072621239167e-01,2.053522815109429356e+00
2.586366073032511981e+00,-5.279453340254440796e-01,-4.246408395402772484e+00
4.255472194776402262e+00,5.225741597231087221e-01,2.572522623238636008e+00
3.002391209749317169e-01,5.225741597224592416e-01,-4.963544370490362567e+00
1.479368636026816564e+00,-5.225741597231168267e-01,-4.747460867277352392e+00
3.914361674345227637e+00,5.225741597219949464e-01,3.066706528184279801e+00
4.024859932804037754e+00,1.040350090313016507e+00,2.778160220522635449e+00
4.340184315317521246e+00,1.035017253899833456e+00,2.256443970764935081e+00
4.257160159232260987e+00,-5.234854048975009500e-01,-2.569542840566167108e+00
4.021520439133667857e+00,-1.043953494425527539e+00,-2.781642403168833599e+00
3.646081082245444804e+00,-1.051070514315958215e+00,-3.255970441454816289e+00
3.737523495643575000e+00,-1.554585170427090546e+00,-2.934992856447935061e+00
3.335660622802252284e+00,-1.552520652651738997e+00,-3.385712308004964921e+00
1.123835043094511876e+00,-1.074617185568049083e+00,-4.752072463714601014e+00
4.085929780594973693e+00,-1.539871049559588867e+00,-2.435975159720508820e+00
3.773542512141478511e+00,-2.038453614058344687e+00,-2.570035753135246459e+00
4.088801954925952664e+00,-2.008154000291505703e+00,-2.061314164436593543e+00
1.687323597828458199e+00,-1.078628330513735856e+00,-4.581429907880767871e+00
1.334771327753068393e+00,-1.572007098153157978e+00,-4.554907154483436749e+00
1.917129775604460296e+00,-1.600172336285745844e+00,-4.331750444990640325e+00
1.538504180941568711e+00,-2.071281679132410680e+00,-4.282849179099788905e+00
2.090820755078994786e+00,-2.077492522166602740e+00,-4.038872787111863261e+00
1.715783450451023207e+00,-2.542064855701793746e+00,-3.948923070985835171e+00
1.151598981600932659e+00,-2.518988562605783965e+00,-4.162753464599716402e+00
3.747600118818490422e+00,-2.492460621821912081e+00,-2.177873595528160955e+00
4.036395592755306794e+00,-2.446688785792014986e+00,-1.649613471169876444e+00
3.666713553771145495e+00,-2.912922797567317090e+00,-1.752167940011336578e+00
3.927720497030671609e+00,-2.847718287142442684e+00,-1.209757105488389994e+00
3.350789917604324319e+00,-2.938916921731048237e+00,-2.266048158191725115e+00
4.267867463034094477e+00,-2.361935747121337137e+00,-1.098438366247867393e+00
4.128950476338825837e+00,-2.743752433291843928e+00,-6.508383430211119869e-01
3.759190013455044888e+00,-3.208654603420375562e+00,-7.569848602773298074e-01
3.931416794091679989e+00,-3.083279870580581949e+00,-1.932543163980768031e-01
3.533258949087122680e+00,-3.525404615414750698e+00,-2.959788781452807882e-01
1.319379295892060044e+00,-2.986522589776213543e+00,-3.786808827274985134e+00
7.451601447883946516e-01,-2.928082575082662231e+00,-3.983851000240373086e+00
9.043899667880653803e-01,-3.358754656506512504e+00,-3.591774762616511296e+00
4.076053305387226544e+00,1.544305524449435030e+00,2.449675468056291994e+00
3.251351894169257628e-01,-3.292588190388717528e+00,-3.748753141661314014e+00
4.793551233972337955e-01,-3.704658124736483149e+00,-3.323511222261298137e+00
-1.023339163944583102e-01,-3.607175916231163626e+00,-3.460897236110491715e+00
5.101581103149346874e-02,-3.986779057014750105e+00,-3.017116195570428872e+00
-2.709672244148720321e-01,-3.141710781572453648e+00,-3.880235834101362968e+00
3.680269315044433220e+00,-3.374710982619679278e+00,2.587345213312384762e-01
3.254236305000255403e+00,-3.792431948176678613e+00,1.655475450350269440e-01
3.373976026189179134e+00,-3.616502606188963576e+00,7.329356548354799550e-01
2.925179582884896767e+00,-4.006268314108567097e+00,6.270076580417759393e-01
3.010738921358523168e+00,-3.811645971184152160e+00,1.186088587657995186e+00
2.549081809641109420e+00,-4.166546171605096660e+00,1.068679057359930962e+00
2.628030055834432499e+00,-3.930530365852617170e+00,1.626157762562217224e+00
2.138417743580505626e+00,-4.263320736135632671e+00,1.500421892260967782e+00
2.177080177962756657e+00,-4.023796635033255242e+00,2.017271062256309033e+00
1.687662454117466071e+00,-4.308470077798547848e+00,1.894434224162133695e+00
1.618620676190585250e+00,-4.533423280449874859e+00,1.352087447942413867e+00
1.160708706147570712e+00,-4.538151144579745555e+00,1.748696511239949070e+00
1.221754498981997950e+00,-4.280221482763015395e+00,2.277503019254030203e+00
1.077454555827903393e+00,-4.736649988149824964e+00,1.184583711641333359e+00
3.109097638014439724e+00,-3.895796650267062233e+00,-3.953230793426751322e-01
3.053520593804449401e+00,-3.570357659940804673e+00,1.711303060043470659e+00
6.067657908162332747e-01,-4.061732175691791902e+00,-2.852046109032104759e+00
1.970162233359943060e-01,-4.313337621165300284e+00,-2.521170992531543753e+00
-3.812492536184440284e-01,-4.214874307614376647e+00,-2.662608416126488020e+00
-2.316749602878200587e-01,-4.505761466241938074e+00,-2.155096360282977574e+00
-8.106082472429275709e-01,-4.379874126129180034e+00,-2.271479013498891142e+00
6.896514654218383056e-01,-4.481034437342399812e+00,2.108248379008743179e+00
7.397507866318685510e-01,-4.187379832779098976e+00,2.630326768618762134e+00
-6.572203420947225760e-01,-4.638249617514401457e+00,-1.747770553466445387e+00
2.760179392748867144e-01,-4.544073622751993113e+00,-2.067657855692769164e+00
4.042435790515527927e+00,-2.920795164400727728e+00,3.573072727673136662e-01
3.733552421796653142e+00,1.541558193098241603e+00,2.946894068504673392e+00
3.756186697976345634e+00,2.034255508608522778e+00,2.598627717785185531e+00
3.386276240368629065e+00,2.018420771382777978e+00,3.075566746725788558e+00
3.382777848796595599e+00,2.496291780374704672e+00,2.706536785806681333e+00
-1.230782988550566337e+00,-4.479365849037324487e+00,-1.849447167553770921e+00
1.933613142145071406e-01,-4.357297034882810394e+00,2.444703244151876120e+00
3.725191333999579246e+00,2.520101324838320167e+00,2.184499676732083895e+00
2.988099736944114238e+00,2.463937909428294049e+00,3.162320341229940546e+00
2.961290982990858911e+00,2.923660051822099426e+00,2.771816663388224633e+00
2.544844612414996377e+00,2.871593473895988069e+00,3.205887836363015442e+00
2.686272502007952534e-01,-4.023574978673328140e+00,2.956126484344586913e+00
-3.014183640472776204e-01,-4.173068416604436059e+00,2.737635286182877881e+00
-1.070724038286629209e+00,-4.704830515684640169e+00,-1.310770709360634667e+00
-2.361658408941187670e-01,-3.820901070071900829e+00,3.216355190012162524e+00
-7.939801137797434238e-01,-3.929595305805647865e+00,2.987955205740630227e+00
-7.469784420309456552e-01,-3.566942810207190728e+00,3.423294056293185506e+00
-1.280448112881866551e+00,-3.635812733772073368e+00,3.184543671416379063e+00
-1.635629590245052833e+00,-4.511894686571331192e+00,-1.402683920491065495e+00
-1.785437592183276134e+00,-4.253981515469956065e+00,-1.927655018528657838e+00
-2.177766845306982280e+00,-4.254436873601293634e+00,-1.468706388637064819e+00
-2.296406957938828874e+00,-3.964268294365696832e+00,-2.002771073741836716e+00
-1.322885949811788198e+00,-3.980198517348219056e+00,2.721762760838938977e+00
-1.217833010816038231e+00,-3.227466903115544739e+00,3.619439203393323812e+00
8.203284187125455817e-01,-3.831834744697870665e+00,3.105495737362841346e+00
-2.014006000616287206e+00,-4.480274899210483497e+00,-9.332291556665375243e-01
-2.540805970863541763e+00,-4.190857634416078170e+00,-9.904631777510192192e-01
-1.743778189038284854e+00,-3.279970304735579933e+00,3.346794350940485607e+00
-1.669307552254427396e+00,-2.844284245633414088e+00,3.758119134091931990e+00
-2.362861487722503817e+00,-4.383674498563284061e+00,-4.475304240872814976e-01
-2.869246531167648939e+00,-4.064173467475265866e+00,-4.999183629878787283e-01
-2.187126359015429067e+00,-2.883317373608227818e+00,3.450066551930391689e+00
-2.098545409600968803e+00,-2.426674583150893127e+00,3.835017292181631454e+00
-2.592161482113683579e+00,-2.444700005233263695e+00,3.507725863726906645e+00
-2.494908399013069378e+00,-1.971806523946806999e+00,3.858420805544005461e+00
-2.961770232157580729e+00,-1.960628174131343604e+00,3.519070083801631998e+00
2.497889452581806502e+00,3.310111361070654290e+00,2.793512316062262357e+00
2.062992212246436807e+00,3.235426531768870184e+00,3.205632276125353730e+00
-2.852600813946227554e+00,-1.486331248520756043e+00,3.827987462877072922e+00
-2.702659358074730900e+00,-2.864656700998411409e+00,3.080482815994269430e+00
-6.669123002988983639e-01,-3.107285062400762854e+00,3.860052787811472097e+00
-2.677677090750946842e+00,-4.222432066619274060e+00,3.335926337371609984e-02
-3.159903768788126399e+00,-3.874915633734950404e+00,-6.083044884298541635e-03
-3.335792988950462501e+00,-3.683986973072253868e+00,-5.483840963256293444e-01
-3.314759433230816121e+00,-1.477104728010815160e+00,3.439553971417720568e+00
-3.166392397600058750e+00,-9.773474828299165695e-01,3.744162267080124007e+00
-3.604837119242630727e+00,-9.591403628706741680e-01,3.329444264144214127e+00
1.999349234884093329e+00,3.649994939640521352e+00,2.771306474853869162e+00
-3.431694820393134115e+00,-4.522976990358053007e-01,3.608170928757928220e+00
1.549588286393768666e+00,3.550117029902158272e+00,3.161557403665146815e+00
2.417791521066805949e+00,3.699213424105067372e+00,2.338825389715599279e+00
-3.739142330927643698e+00,-1.530009086968622256e+00,2.945825321172053091e+00
-3.601071257429879768e+00,-3.468388166452079258e+00,-5.068851672292200294e-02
-3.753196945607088164e+00,-3.249968525473466041e+00,-5.926358670528205641e-01
-3.844393563298537320e+00,-4.289262659377574560e-01,3.168068873755346182e+00
-3.644628772239412839e+00,8.114070976539375368e-02,3.422001942983579958e+00
1.904786486030027426e+00,4.014097365011692453e+00,2.293209712792001476e+00
2.305722027007223840e+00,4.033210126877731838e+00,1.848475589945567155e+00
1.775620298014553677e+00,4.316766284081798410e+00,1.792401017042036582e+00
2.163319675155186417e+00,4.307217696344977753e+00,1.329632919034090754e+00
1.618805751968124040e+00,4.559219543838132438e+00,1.262135130831611107e+00
1.992666703925517480e+00,4.517229533744069769e+00,7.898840082802961460e-01
1.218686503558019218e+00,4.536291771871455936e+00,1.713726981317870823e+00
1.051489852249784862e+00,4.745465449745786657e+00,1.172572708144252518e+00
6.430642516963693822e-01,4.688576640432971843e+00,1.613603871765451281e+00
-3.206038456867633002e+00,5.912730360896933240e-02,3.836381286453907968e+00
-3.393906490686682709e+00,5.920524855366033901e-01,3.623654589891915023e+00
-3.991598866583925709e+00,-3.009775615202409771e+00,-9.159276400936861018e-02
-3.858443390801170825e+00,5.863622709329189275e-01,3.125474985855615451e+00
-4.115355028961745987e+00,-2.768464437585719473e+00,-6.320266160712286752e-01
4.696673934838375142e-01,4.863232085594847653e+00,1.062255252347044321e+00
5.690454354736652204e-02,4.772132268883590989e+00,1.491145694157219648e+00
-3.548609767580728658e+00,1.119969638893559383e+00,3.339616254210545421e+00
-3.915668518777325247e+00,1.131331871343735251e+00,2.896140232781911461e+00
-1.181540887636378934e-01,4.910797441813301134e+00,9.327958494699571945e-01
-5.289475636309098894e-01,4.785454370431835969e+00,1.348940674545684670e+00
-7.033793398933240182e-01,4.887466007329987150e+00,7.860874833026549879e-01
-2.880995868294461970e-01,4.978879250373878129e+00,3.574353623596183693e-01
-8.696971140203526573e-01,4.919447828380625332e+00,2.065429584997283408e-01
-4.501810966310325623e-01,4.974644065574833185e+00,-2.241727036844023968e-01
-1.026949319170763264e+00,4.879011133859987304e+00,-3.750006020328280898e-01
-6.020286267925273327e-01,4.898153815220082308e+00,-8.035239479737045221e-01
-1.172700347497061646e+00,4.767222476427930289e+00,-9.478205290141282768e-01
-1.589708471139223311e+00,4.712311634991171339e+00,-5.166682025391376998e-01
-1.725487850325815531e+00,4.565364754555276683e+00,-1.086340801149632496e+00
-7.414722311677180988e-01,4.751571501006996989e+00,-1.368498155360569291e+00
-2.130324864147937980e+00,4.477066814745091605e+00,-6.462110409930420518e-01
-2.251901452258399328e+00,4.296951143201225065e+00,-1.210434104880640183e+00
-2.640609579374095350e+00,4.176466511310303886e+00,-7.644007647963859675e-01
-2.744380049833692770e+00,3.965431166593286871e+00,-1.320505132547929117e+00
-3.113385029201075405e+00,3.815156131389525473e+00,-8.668433267133821563e-01
-3.195722513012129617e+00,3.575652382520865924e+00,-1.414944401451976086e+00
-2.804983282223147523e+00,3.698335334259547302e+00,-1.858597466321306513e+00
-3.234369752723176727e+00,3.281941744107573999e+00,-1.941059167298500032e+00
-3.601581907918864900e+00,3.134167529514886308e+00,-1.485126815287526991e+00
-3.615217072429607104e+00,2.816980977923815299e+00,-1.998705503376844828e+00
-3.956023669507406026e+00,2.647432095906974592e+00,-1.530026151364332954e+00
-3.941956408314009952e+00,2.310251793985474311e+00,-2.030693557221032730e+00
-4.251794686388361555e+00,2.121479607635933018e+00,-1.556138239098500353e+00
-4.209810106224948889e+00,1.769163697515777622e+00,-2.036555592395794090e+00
-3.880323222130516392e+00,1.943941031053846746e+00,-2.482777670187155561e+00
-4.111389532080625742e+00,1.388710802392713939e+00,-2.483537481661115986e+00
-4.323292272780594914e+00,-2.507633574123008913e+00,-1.446298103665539236e-01
-2.821533122800174986e+00,3.379084548127783805e+00,-2.370809662023828146e+00
-2.988625237401965506e+00,3.996945693559479373e+00,-3.042109680803355976e-01
-3.611357987537822112e+00,1.629609102571542234e+00,3.049994698136825555e+00
-3.206846994468720347e+00,1.610488153227263686e+00,3.481732365128252127e+00
-3.735459544128638232e+00,1.547840685320740262e+00,-2.941178540490883009e+00
-3.948342094485103093e+00,9.837048857107175692e-01,-2.905670215758467290e+00
-4.435768698820246492e+00,1.638484685839472599e+00,-1.624599638322029804e+00
-3.559080618605042545e+00,1.130486227802623311e+00,-3.324897899036682425e+00
-3.728245152019066921e+00,5.606092271366392987e-01,-3.284190216917343808e+00
-3.255999825930985914e+00,2.105992700032240705e+00,3.156463191761992526e+00
-2.826822531508629055e+00,2.072148540276510076e+00,3.565848398682293752e+00
-3.980632561652092338e+00,1.615817566801960092e+00,2.558065284532294648e+00
-4.245141084981205459e+00,1.134016913887235578e+00,2.385955323894869196e+00
-1.823975723539967841e-01,4.843340395286817035e+00,-1.228326072743841202e+00
-3.017724630493844873e-01,4.663888086542806732e+00,-1.776817744381562481e+00
2.571351629035755204e-01,4.722904689434543002e+00,-1.621127016157511758e+00
1.396828705650771107e-01,4.508097440606627870e+00,-2.158134880322976290e+00
7.096124687673223130e-01,4.538854458290716209e+00,-1.973638860233663195e+00
5.764891147107394920e-01,4.285433023688880461e+00,-2.510522674682866828e+00
1.127515356654910095e+00,4.281050310293256445e+00,-2.324073441448303967e+00
1.002259192701186574e+00,3.999150683714697507e+00,-2.828828435870621938e+00
1.565579406734890044e+00,3.964101529001059721e+00,-2.614356553528818683e+00
4.558392221161750579e-01,3.976555332846682056e+00,-2.996534379644114843e+00
1.410767401097113849e+00,3.653436503831296367e+00,-3.108397827253559509e+00
-4.416971684110383656e+00,-2.246515367760111737e+00,-6.659803632125584905e-01
-4.592708416087896595e+00,-1.968481673018627864e+00,-1.791907022844678177e-01
-4.224058412507995186e+00,2.460705245323330459e+00,-1.049885814438261455e+00
-3.302614044681634109e+00,7.057328917611750407e-01,-3.687096629783118029e+00
-3.459084590398159520e+00,1.279506765870919716e-01,-3.608096786510985865e+00
-3.095359689936232339e+00,1.272151169165398388e+00,-3.714886242229899604e+00
-3.030825530167537973e+00,2.618598812166708090e-01,-3.968063256589271504e+00
-3.141518602108300584e+00,-3.092143903089817902e-01,-3.877531087358727646e+00
-3.576830321705235516e+00,-4.503095241952723149e-01,-3.464607651978655056e+00
-3.236149525236188040e+00,-8.854669131859388420e-01,-3.707193628065110769e+00
-3.626988928306450699e+00,-1.021532473286556275e+00,-3.286551797851888335e+00
-2.776107347916215495e+00,-7.392297342100031532e-01,-4.092281441067488146e+00
2.504827800160872364e+00,4.246154049570899147e+00,8.342742228151998063e-01
-3.535453996025994527e-01,4.610666305232151707e+00,1.901778607571537716e+00
1.963197454711984147e+00,3.590515526202317620e+00,-2.872986949137166679e+00
1.796040443302908907e+00,3.253345592581034840e+00,-3.345142923890374931e+00
-9.377364356120717614e-01,4.586941673286649035e+00,1.755168499942910909e+00
-7.558639387914575236e-01,4.380841571011237612e+00,2.288426716269163386e+00
2.082829767456753967e+00,3.930849173767304361e+00,-2.282596094995553493e+00
2.487602813206819530e+00,3.492205907772207407e+00,-2.572222801672982673e+00
-2.838253637319354983e+00,-1.309081766569249128e+00,-3.902642850515453787e+00
-2.368193951320935131e+00,-1.155807576499698897e+00,-4.249207720861952531e+00
-4.653636606185359348e+00,-1.691753369743823843e+00,-6.940006293455601716e-01
-4.796419564263494806e+00,-1.399772624826661316e+00,-1.870720779172007908e-01
-2.187165327132307269e+00,-4.495564078311589107e+00,7.881275014045219240e-02
-3.942778628387625606e+00,-5.817611045469907038e-01,-3.019279832139786901e+00
2.612926051139407235e+00,3.728787172987062970e+00,-2.066098659271665472e+00
-1.334123846042411188e+00,4.323897120064465582e+00,2.126976083203387713e+00
4.916494622985294605e-01,-1.116643301310086711e+00,-4.848854353747993784e+00
2.976995438783784920e+00,3.301541604440628053e+00,-2.288519432211172600e+00
3.082759163074992870e+00,3.532912024087782044e+00,-1.736412558274426976e+00
-4.279912843010412971e+00,1.598273682202694168e+00,2.031715357281322021e+00
-4.515495533330479816e+00,1.112075612551526982e+00,1.836732947502338620e+00
-1.076059732831216031e+00,4.040766450797060649e+00,2.741222709210641817e+00
1.602446969859115278e+00,3.116276158003246533e+00,3.566649214017250102e+00
3.423539392824426653e+00,3.079714100354296935e+00,-1.948009005589624865e+00
3.505196261968324567e+00,3.286014596169922530e+00,-1.384090762501325456e+00
-4.213823875781824491e+00,-2.653591288149025118e+00,4.496016229403958508e-01
-2.349541117748102703e+00,-1.470239213547351875e+00,4.161496508584220599e+00
-4.821889228804161043e+00,-1.112290295112638328e+00,-7.156776959921612447e-01
-4.929661427898806458e+00,-8.107767069173557051e-01,-2.026803833797183041e-01
-4.882806877297621639e+00,-1.020592348948514694e+00,3.414502251907228780e-01
-2.411290360753046702e+00,-1.716640821033295294e+00,-4.029742310334690991e+00
-4.177045444985124867e+00,-2.489488720365202301e+00,-1.163931811449220310e+00
-2.938480083882822669e+00,-4.025047146207895388e+00,4.053766981804375336e-01
1.075085178755399884e+00,3.401040131621646978e+00,3.503871841480433957e+00
1.115722157212153842e+00,2.937818192912298620e+00,3.889008656881515869e+00
3.296011817153262413e+00,2.848287907199990698e+00,-2.454294623488457283e+00
5.827782004381316661e-01,3.204944079923352174e+00,3.793244391501600532e+00
-4.501294650550898169e+00,1.606593101293699810e+00,1.468742685359611055e+00
-4.227265435716931030e+00,2.110545245710278461e+00,1.635795128309988744e+00
6.172005330362640985e-01,2.719246377845096152e+00,4.150272598106789168e+00
8.148473498427402650e-02,2.972981062617921388e+00,4.019296435855379102e+00
1.117378067980947659e-01,2.458201544867598898e+00,4.352557848822058872e+00
-1.713794099429172713e+00,3.998245951372195961e+00,2.465144843025981025e+00
3.820932965923605540e+00,2.810403803808437129e+00,-1.581803315667692722e+00
3.874971071403653600e+00,2.994327576608977193e+00,-1.009257925281657364e+00
-1.929027564382854276e+00,-1.565239172651835764e+00,-4.339225620804632477e+00
-1.864942826532646869e+00,-9.821126440149541281e-01,-4.534031650554545934e+00
-4.262978136063397816e-01,2.683809551353720124e+00,4.197074751082830346e+00
-3.932750346857524781e-01,2.158500748760248555e+00,4.492906549739752009e+00
-1.892759895579348317e+00,4.211712009173233184e+00,1.918056810804210643e+00
8.563714128690629313e-01,4.721228880658010496e+00,-1.405925268163764397e+00
2.690121383938441024e+00,3.933697517745313288e+00,-1.513033634312699549e+00
-1.533392531168938255e+00,3.704361902606534862e+00,2.987709865410731247e+00
2.551408870952422969e+00,2.392349136453451930e+00,3.573090872415044750e+00
-2.938493836335876352e+00,5.684527869825108937e-01,4.005260965628567149e+00
-9.510617408557929808e-01,-4.064893897109373988e+00,-2.751748384268319914e+00
-1.950977959870202838e+00,-2.101727099365306550e+00,-4.095903831865951972e+00
-2.422564198170159333e+00,-2.251540262876338350e+00,-3.749899885382397713e+00
-1.620703211984830139e+00,-2.385150245472404507e+00,4.084651687131349185e+00
-4.308099230039615923e-01,4.439378868895837549e+00,-2.259716369069896924e+00
1.236930633136124280e+00,3.300963363492406266e+00,-3.545933372426837593e+00
1.606071184912527761e+00,2.866959321964774432e+00,-3.768431980969399575e+00
1.031523963159934443e+00,2.882077711983511037e+00,-3.953427168358449872e+00
2.157786641178378595e+00,2.806915987040297544e+00,-3.530606102760505127e+00
-5.006838906828176006e-01,-4.830217231642801146e+00,-1.190931205717471908e+00
-3.818693961730406650e-01,-4.467525741967897979e+00,2.212552713297610385e+00
1.526010959922297294e+00,-4.696717428435820629e+00,7.823911730229554662e-01
1.491486226131633286e+00,-3.334004901879429550e+00,-3.414656666709488420e+00
5.714394929493944453e-01,-2.455895282646641586e+00,-4.317642327309165751e+00
-4.716909841158646977e+00,1.050406645525208349e+00,1.283513704413471235e+00
-4.688464881934148565e+00,5.355173908625361356e-01,1.652730520972490069e+00
-2.258546364450716659e+00,3.851974602872917153e+00,2.249724422779038502e+00
-4.286518041489761011e+00,8.131831374215068298e-01,-2.442231820486356675e+00
9.963688779294659348e-01,-4.863334783596164890e+00,5.960065786190826831e-01
1.414674492695999541e+00,-4.791726056672593437e+00,1.950832579188560290e-01
4.358166247222041711e+00,1.528036627206930120e+00,1.916113521555708132e+00
1.143803896020143540e+00,2.431421847616840992e+00,4.216621923575867292e+00
-4.923000378649981634e+00,-5.138010409996408567e-01,-7.071603510377444390e-01
-4.666757724661803053e+00,1.555357783477702815e+00,8.956754460655500516e-01
-4.633998994659180859e+00,-1.384391351917013013e+00,-1.268666190230939295e+00
-2.428267145166438379e+00,4.024226593131546181e+00,1.705613965362062556e+00
-2.772192543797059372e+00,3.647822562599610130e+00,2.002083677548269769e+00
1.954045796961257242e+00,2.399769564367778329e+00,-3.927188696932212508e+00
2.490716462498325789e+00,2.320675478788938761e+00,-3.662075480596700405e+00
4.163746857605559626e+00,2.497714741090055757e+00,-1.193579983880955542e+00
4.187992004624688569e+00,2.661378166584793536e+00,-6.146456081559901197e-01
3.870291848751927777e+00,3.137339144744744956e+00,-4.218342047969766972e-01
4.153767428709317144e+00,2.783103900991069413e+00,-2.342700326284287773e-02
4.441007998487169317e+00,2.287289835143491601e+00,-2.138999004727484554e-01
-1.449253387385165182e+00,-1.924571140323003693e+00,-4.381288685419900020e+00
-4.850537051161608382e+00,9.967616452913113934e-01,6.919223495339714702e-01
-2.377211181609931057e+00,3.768105224600292402e+00,-2.269416227660473240e+00
-2.379300365264747086e+00,3.427846936242785247e+00,-2.754776788333673565e+00
8.664864952071588133e-01,4.885013980159794045e+00,6.211598564516153109e-01
-9.347811948718536268e-01,2.381919257064228912e+00,4.295654172595896547e+00
-8.983953212404077737e-01,1.844782432315819509e+00,4.559568359416521943e+00
4.438631317958363631e+00,-2.239440617656224042e+00,-5.324074973464477667e-01
-1.946249436417678780e+00,-2.620698363823495747e+00,-3.787354382296000299e+00
4.080113513781010504e+00,2.294203579990087505e+00,-1.757641501621488356e+00
1.015056856100392091e+00,3.815002575655012773e+00,3.068454810915293152e+00
-2.401850615050392879e+00,-2.752684485104046175e+00,-3.413772363302731705e+00
-2.922251402541892862e+00,3.788819543571462667e+00,1.450962855001076690e+00
2.331908658600738704e+00,4.412760894262640399e+00,2.995718578392992382e-01
-1.982090759993442086e+00,4.589536013820801230e+00,-8.646037815371060420e-02
-3.974331379438049705e+00,-1.146802821615081402e+00,-2.808831318315454961e+00
2.270712670060722527e+00,1.896257411687954031e+00,-4.030889703110741351e+00
1.727693528538107426e+00,1.965798357447148703e+00,-4.260365229567252499e+00
3.806563662721785146e+00,3.237503882274610501e+00,1.692385709669277372e-01
2.261108949001410462e+00,-2.575690463149293841e+00,-3.640495152968550752e+00
2.790643193231011399e+00,3.694595764923734649e+00,1.887398395114564309e+00
-3.432707492591624110e+00,3.609301630799479188e+00,-4.352711892757724077e-01
-3.484761459934975214e+00,-3.407837385543493802e+00,-1.114935837187032375e+00
-3.635729650375466360e+00,-1.579135220032210629e+00,-3.047589517345555166e+00
-2.720844157836681543e+00,3.243795435989171166e-02,4.194753252324019854e+00
-2.425293170874075255e+00,5.387714407475134859e-01,4.339087273833798442e+00
-2.196140492581891923e+00,1.462919542477657871e-03,4.491877647121365946e+00
-8.997730254800296867e-01,-4.860646556651525785e+00,-7.513478248655381941e-01
-2.802720572976540314e+00,3.011108273399162538e+00,-2.842179507997544707e+00
-2.332167858632766322e+00,3.033874077084505405e+00,-3.218167361023179573e+00
-1.880581490328815386e+00,3.422112446012136822e+00,-3.122908846745527711e+00
-1.824823140553668566e+00,3.004666476082732185e+00,-3.555559009945472138e+00
-1.363095126689825909e+00,3.372925558005130497e+00,-3.430064847164004949e+00
-1.295672497323496319e+00,2.932144605692485140e+00,-3.837155299305457401e+00
-1.745982924369659406e+00,2.542163315565853399e+00,-3.935600247078049563e+00
-1.205703162923349669e+00,2.449611490575339889e+00,-4.188756787897560230e+00
-1.645213660704692771e+00,2.041365787087011441e+00,-4.257475511842821803e+00
-1.094502674824428423e+00,1.932381917667174598e+00,-4.479728118878990806e+00
-1.523988819827455599e+00,1.509596661916588589e+00,-4.516478273541367550e+00
-8.242163140602787319e-01,3.277334055627127984e+00,-3.685071092321494213e+00
-6.850823259464950965e-01,2.366564048228767980e+00,-4.350866214020698841e+00
5.724157328661255706e-01,-4.886369058742967120e+00,8.920412829722117465e-01
3.244226988566834446e+00,-3.337967753186844799e+00,-1.825640305574823818e+00
-4.264840070471477063e+00,-7.003102386742338092e-01,-2.514101179926711449e+00
2.904172839318103883e+00,-3.340995376873881373e+00,-2.324549421086670620e+00
2.775707638735697813e+00,-3.717014610791963047e+00,-1.865274641285664448e+00
8.795359366594007744e-01,-4.922025429191254631e+00,9.067001671751975106e-03
1.256645131699154261e+00,-4.824101288447231184e+00,-3.858623741420946218e-01
-4.773437563313208898e+00,1.454723108110839602e+00,3.131684975836541152e-01
-4.563880306613300242e+00,1.973897012652916949e+00,5.241441885084454633e-01
4.375202331615399842e+00,2.390655532334762245e+00,3.773203985267205018e-01
-1.900476646550577575e+00,5.119314332358613218e-01,4.596315342051821240e+00
-1.639599793147696660e+00,-3.334487709270148037e-02,4.723409852795087183e+00
-2.854790158890557539e+00,2.553516878298199622e+00,3.213988908031240932e+00
-2.108336756083540209e+00,1.061205225105362082e+00,4.407806664675325337e+00
-1.314248099721476049e+00,4.692832057837231230e-01,4.801304531598453273e+00
-5.418757705146510784e-01,4.158557957224633839e+00,2.722639595270155866e+00
-4.916075584858216274e+00,9.066065514615578858e-01,1.013183340167367330e-01
-2.344231050439223640e+00,2.490543887270361356e+00,3.647159432728003026e+00
-3.507196621779267720e-01,1.602062306832473526e+00,4.723387776118791237e+00
-3.304925349627924280e+00,2.533571152412605887e+00,2.767396908477244288e+00
3.520381765512635486e+00,3.543075137429112953e+00,-2.313672309939585614e-01
-3.246786092572294891e+00,3.387263915137199266e+00,1.727664098801771297e+00
-3.370475539541761378e+00,3.506120438042998444e+00,1.160609370670354856e+00
-3.955771962502059313e+00,-1.695297209134014826e+00,-2.545159239298206533e+00
-3.589056966692320216e+00,-2.113952866362375893e+00,-2.765840445259924341e+00
-8.886785161558803381e-01,3.706597682786522796e+00,-3.235951809419380432e+00
4.392768751192122068e+00,1.965113435102334938e+00,-1.357170544084387309e+00
4.634283391861189649e+00,1.864806042051495805e+00,2.142798857750771169e-01
-9.825884955852290936e-01,1.416827695801215148e+00,-4.693305778313850318e+00
-1.384080977941929191e+00,9.546315848031171614e-01,-4.708821337000969720e+00
-4.959699719297472775e+00,4.613964760070706217e-01,4.341566380107742540e-01
2.414279419769597368e+00,-3.692816740216919857e+00,-2.352521924754508831e+00
2.266232620948953613e+00,-4.040323199707840374e+00,-1.881482965548567865e+00
-1.909626582595302491e+00,-3.102181906370331532e+00,-3.424878645271087763e+00
2.789961734414621475e+00,1.801733983155822783e+00,-3.737628683328991563e+00
-2.031631574147071628e+00,4.348876539783510964e+00,1.399909278721049866e+00
-4.398106684259726618e-01,3.171796268025776300e+00,3.840087890931203063e+00
1.813638489849779045e+00,-4.651760048548896798e+00,-2.680370848591160371e-01
-1.429899212430611355e+00,2.032142411625875056e+00,4.338869145429681495e+00
-1.933732425274675260e+00,1.067192946584965441e+00,-4.485730500397970388e+00
-1.781685030263147285e+00,5.048302122415795345e-01,-4.644431602440101337e+00
-1.220450356277455795e+00,3.869288231985021920e-01,-4.833299805892497858e+00
-2.741453389691145937e+00,2.631035704629823169e+00,-3.249936066004064816e+00
4.546512714133990052e+00,-1.841547812819837704e+00,-9.684646577529044675e-01
4.683769960619474482e+00,-1.703438828919838555e+00,-4.007431997262852486e-01
4.278131947556134129e+00,1.744891131251788963e+00,-1.911267113560637387e+00
7.337228736988271605e-01,-4.915001230784215913e+00,-5.517369355052980096e-01
1.141380475417880902e+00,-4.768904316943554988e+00,-9.771398191517788323e-01
2.798042384870923494e-01,-4.990250439294939611e+00,-1.382394344654280793e-01
1.888272988039537692e+00,-3.989236604608825676e+00,-2.349556646495098544e+00
-4.804369144063076469e+00,1.356860478894316158e+00,-2.774288528421390843e-01
-4.913170204354704751e+00,7.993589062981990567e-01,-4.709393612376286953e-01
-2.349452489947802203e+00,-3.212745647014050743e+00,-3.026274674425693867e+00
2.989947943448436174e+00,-2.920778718523699524e+00,-2.743950249710719991e+00
-2.406109211736160880e+00,2.957727744737254749e+00,3.234576486838712128e+00
-1.922482334790099001e+00,2.953052539716430225e+00,3.547328906387783753e+00
4.522760492841981339e+00,1.946143978085824289e+00,8.701500680618511341e-01
4.232891686547958443e+00,2.464303477631567318e+00,1.004906134962935793e+00
-1.456835609017907318e+00,-2.950870961706267614e+00,-3.764304793139916505e+00
3.337591886775426175e+00,1.512694955423025567e+00,3.401798696155987400e+00
1.630713556596810720e+00,2.625368036028460583e+00,3.930421856713531170e+00
1.647517992694691902e+00,2.101678678514869780e+00,4.227130373672338237e+00
1.144323149908113457e+00,1.890991281382263800e+00,4.484938851569844509e+00
1.639384854881085651e+00,1.546200296073970470e+00,4.463371140965905148e+00
-1.866922460274278439e+00,-3.923547182595306104e+00,-2.473939779637303715e+00
-2.741469955219903110e+00,1.556027798107295856e+00,3.881123545591397939e+00
1.193339505365952208e-01,4.998342956159234518e+00,-4.824003381738917878e-02
1.792850158405126848e+00,4.661524257278766292e+00,2.363893151315324681e-01
2.116657377604681312e+00,4.523085828917753126e+00,-2.479034692679312202e-01
1.564760279918095742e+00,4.738729980478507464e+00,-3.097796612187637688e-01
1.870874157677684613e+00,4.567688897868030118e+00,-7.975261866716030212e-01
-1.832606661221973354e+00,4.352906469401046863e+00,-1.641267221963372824e+00
4.664989770506053013e+00,1.755821626199686181e+00,-3.936506802272449201e-01
4.822540516699591606e+00,1.319875140190001961e+00,3.213376883067810968e-02
3.949481362134811047e+00,2.079671011611993858e+00,-2.253123488318051315e+00
-2.197002144289539327e+00,2.127207941597533569e+00,-3.955776529480849568e+00
6.700376386878061918e-01,3.301358306105413032e+00,-3.694872514370484584e+00
4.425461313770889804e-01,2.852050092683640070e+00,-4.082886624733340852e+00
8.196284053425849647e-01,2.429620138735652635e+00,-4.292453291371464807e+00
4.544864188873932953e+00,-2.083869308823466771e+00,4.120932461100937361e-02
4.370498175452197209e+00,-1.499518168449425870e+00,-1.910547293541590808e+00
3.332707919992721646e+00,3.706860282378133586e+00,3.901855545061763131e-01
3.677304738701252074e+00,3.302576088656246078e+00,7.552622308584819866e-01
-1.059359919673016348e+00,-7.147646831099417619e-02,4.885964354666145759e+00
-1.374836384788279853e+00,-5.737210201817876110e-01,4.772909920170698150e+00
-7.253234278182446593e-01,4.296960788176280022e-01,4.928414268799523157e+00
-3.870873111948544221e+00,-2.215168350784852525e+00,-2.260391675987795335e+00
-3.496271457435252028e+00,-2.608461702872332033e+00,-2.443770333024760877e+00
-3.017136600952754932e+00,3.900854904561276371e+00,8.247531417045304014e-01
2.020654457152250227e+00,1.442012281027458931e+00,-4.340225356609576757e+00
1.454844309566494021e+00,1.492941341330965566e+00,-4.544728175179114871e+00
2.438062948155505172e+00,-1.584372582161084342e+00,-4.067629848170492224e+00
8.061498431559357414e-01,4.451846556250764309e+00,2.128657950441513513e+00
-1.267925066241989640e+00,4.794838226692857752e+00,6.339498452087022340e-01
1.725025261551281996e+00,-4.307363694012771305e+00,-1.863036729243572776e+00
2.087326043763166439e+00,-4.324662114233429833e+00,-1.392970776700659608e+00
-3.670388700157831252e+00,3.075764284467211951e+00,1.438026723030418452e+00
-3.769546993030418847e+00,3.170633332618428391e+00,8.588362692762124828e-01
2.130816282827620700e+00,1.743794952803706888e+00,4.173583727615033823e+00
2.990644044380890598e+00,2.211068559237570064e+00,-3.341739670614725100e+00
3.268738647942889930e+00,1.677444613530315154e+00,-3.391390160388895847e+00
4.550887260352283192e+00,1.416024832130043709e+00,-1.511389697713456437e+00
4.750287813136401915e+00,-1.550169883019495431e+00,1.781545007770004019e-01
4.579877622164727491e+00,-1.908603725774776327e+00,6.180232875494271472e-01
4.752950714629922579e+00,-1.360191688890324713e+00,7.478890785220668747e-01
4.548294737046281178e+00,-1.705099533024643899e+00,1.185601352662961627e+00
4.341449413364955490e+00,-2.248228656474199560e+00,1.047513675042621051e+00
4.273621979926321757e+00,-2.036417454847310182e+00,1.609086424740397980e+00
4.031537108544781312e+00,-2.570027309710201102e+00,1.463443941451169295e+00
3.937053415802862499e+00,-2.335181135445638212e+00,2.011601219370737326e+00
4.149096232959317732e+00,-1.785576031036330447e+00,2.143995962456866522e+00
3.782941242079010724e+00,-2.069262266202249290e+00,2.531305835463040221e+00
3.965961513774244995e+00,-1.505552687365094622e+00,2.646594108817829749e+00
3.577604961783011017e+00,-1.782743307926677678e+00,3.003759150709028436e+00
3.361524768184870116e+00,-2.325798586298691184e+00,2.879377045273971536e+00
3.124670487442176459e+00,-2.017686686378556971e+00,3.341462970095372853e+00
2.896957525576737247e+00,-2.554436124878064707e+00,3.175294187775716370e+00
2.632143795199981984e+00,-2.226603998110114002e+00,3.621333135323272945e+00
2.378273490455335537e+00,-2.742868801853386884e+00,3.438093358304390001e+00
2.101075805932321572e+00,-2.399856126447340365e+00,3.850476727637632823e+00
1.830816002398523601e+00,-2.897304205169320745e+00,3.640568789086350954e+00
1.539231912225436982e+00,-2.534909740782097298e+00,4.025543159186703690e+00
1.802388455431555681e+00,-2.025488062980884241e+00,4.201046769847843976e+00
1.222124378168043313e+00,-2.137795660087344896e+00,4.351579221386080221e+00
9.550805715157262288e-01,-2.636202592297522518e+00,4.139837798063713770e+00
6.300068585507665464e-01,-2.221620921245946345e+00,4.434804600031585053e+00
2.092613042189506611e+00,-3.219680041929651626e+00,3.202285290735079393e+00
1.468021003115477008e+00,-1.607080966444456527e+00,4.501355918132199818e+00
2.887378658055632208e+00,-1.618787313088176916e+00,3.747342007341952552e+00
2.065068152396182022e+00,-1.521912329839234523e+00,4.291768445086749040e+00
3.096175685720071957e+00,-2.846021928673868828e+00,2.704414040908549755e+00
3.571633727938536285e-01,-2.702253554707558347e+00,4.191689402997899272e+00
2.847770098363883520e-02,-2.269655910927591780e+00,4.455092711329150745e+00
2.996312771605373348e-01,-1.843410889325002522e+00,4.638109247405147961e+00
-3.055867144338754171e-01,-1.844655420756569741e+00,4.637225801989258045e+00
2.637351770612263557e+00,4.244039858258625841e+00,-1.802812235383063344e-01
1.755995663809906793e+00,-1.085827324813260608e+00,4.553839945515178123e+00
2.551441431757488942e+00,1.363785329026003357e+00,-4.078018660654304739e+00
2.284357648022654175e+00,9.009048624075781664e-01,-4.355465596788796745e+00
-5.732419099954707553e-01,-2.287988899188337033e+00,4.408684668902471238e+00
-9.023257325846684163e-01,-1.809189034915189342e+00,4.573034365523419353e+00
-6.284858588343823493e-01,-1.313808064022261801e+00,4.783190765185441506e+00
3.335569332036421919e+00,3.600250444875761957e+00,9.550779891453795578e-01
3.509523214127583834e+00,3.300311870861478258e+00,1.338352855023819066e+00
6.774357141512596936e-01,-3.097302339448122943e+00,3.866238361927722522e+00
-1.362922586784417467e+00,1.465700165554025602e+00,4.581939005173222057e+00
-7.378649310466494082e-01,-3.478575765346486826e+00,-3.514977380905262905e+00
4.066320118336507861e+00,1.491733245025647303e+00,-2.497953686699779574e+00
-2.799828299066804971e-01,3.592539636431436811e+00,-3.466304743617693696e+00
4.750542272496798724e+00,-1.324786229117653535e+00,-8.229760411829680766e-01
3.240496662061991717e+00,-1.038709381684381983e+00,-3.663367877181588739e+00
-3.737374882881386196e+00,-2.702870287859946430e+00,-1.930419952189481592e+00
-3.268281002605915031e+00,-3.123789892730533868e+00,-2.135480272463276652e+00
4.587952217714536651e+00,1.007889415136016487e+00,1.713141376193174192e+00
-4.206915206582637623e+00,-1.763640859761147928e+00,-2.047299529234723803e+00
-4.204863398884790548e+00,-1.365230394116128121e-01,-2.701941016459992628e+00
-4.491195273736408922e+00,-2.531710070738763529e-01,-2.182903904056461730e+00
-3.249150829061098200e+00,-1.988570633418767386e+00,-3.238611697304271786e+00
-2.473700716011571821e+00,-5.049946068105871655e-01,4.315760096981302141e+00
2.435515854198405439e+00,-4.335482058494081414e+00,5.213998891677410485e-01
-3.192423824240734564e+00,2.561366839143400131e+00,-2.871903557182363897e+00
3.088639444868711337e+00,-3.688404099875359332e+00,-1.362344147278412354e+00
-1.607069890306824123e+00,-6.613540802044197420e-02,-4.734231983698641955e+00
-1.035489597662528904e+00,-1.852105486379637955e-01,-4.888093528749825722e+00
-2.155905443127315024e+00,5.016083985434244275e-02,-4.511048172037084747e+00
-6.406158010841521699e-01,2.671156152421537699e-01,-4.951591728272346060e+00
4.690102165450107385e+00,-1.140991618789738427e+00,1.304254501043330183e+00
-4.502080238994352612e+00,-8.167572521420054521e-01,-2.015981426682794009e+00
-4.712227894922754068e+00,-4.161683918734885856e-01,-1.619170199799054854e+00
-4.651214136617302763e+00,1.903357390727768716e-01,-1.824823104238593174e+00
-4.827769064896266116e+00,1.649648701444913490e-01,-1.290516349237328386e+00
-4.991244186995699827e+00,-2.078945324495037883e-01,-2.103837663871310215e-01
5.559425734829438470e-01,-4.839107921322010952e+00,-1.128699420035169210e+00
-3.041592135943728792e+00,2.208272482271921078e+00,-3.297309497545821255e+00
-4.737415071689544455e+00,6.045741124679501199e-01,-1.480333942413782466e+00
-3.934558776799990665e-01,3.962545248583347668e+00,-3.023810117260770980e+00
3.665812254943289883e+00,-2.850843314747517621e+00,1.853243887421991420e+00
1.358797418212805752e+00,-4.218616039736955869e+00,-2.314508216777875216e+00
1.546537441220517728e+00,-3.344694839634547279e+00,3.379532271280321076e+00
1.778632703856316111e+00,-3.669805062076376245e+00,2.892921794852286510e+00
2.347571181056350653e+00,-3.476346984895101411e+00,2.721014735440517196e+00
2.260324009922195232e-01,2.380267407207695474e+00,-4.391268202226601858e+00
5.992887048479695888e-01,1.940238547505075406e+00,-4.569061985464526465e+00
2.672931694227971902e-03,1.875077509362244044e+00,-4.635091928896344804e+00
3.737267170901979463e-01,1.421088783224581764e+00,-4.779208617661114822e+00
1.202402349877213616e+00,-4.494800913052748648e+00,-1.830571861749745732e+00
-4.078680980783330412e+00,2.663280553024474528e+00,1.127518582054406249e+00
-4.109773873668425281e+00,2.797287248125038150e+00,5.338002986037747588e-01
-3.523729332170712159e+00,2.948242625585828947e+00,1.972611724156208224e+00
-9.339108004057701251e-01,4.055629630557479715e+00,-2.771223361013987585e+00
1.153579612513903063e+00,1.365603786592283653e+00,4.669516075102118080e+00
1.630238616648491901e+00,9.873520576942378391e-01,4.622494777385364628e+00
6.221960307310553384e-01,1.656034648817031663e+00,4.676582228643047401e+00
-2.824291971382836497e+00,-2.841421303271592702e+00,-2.991604893313422497e+00
3.749709726680072741e+00,-3.022464141595551990e+00,1.343274907980462451e+00
2.258738852715379331e+00,1.149864637460884964e+00,4.309977971028501997e+00
2.582724779037581797e+00,1.408858575673396452e+00,4.042851744684289095e+00
-2.586934456777025382e+00,3.455670343265313527e+00,2.523115652326770153e+00
2.040383265325999229e+00,-3.637175675008530451e+00,-2.758222115730321722e+00
-3.766959703928578485e+00,3.271339709439078369e+00,3.291672742320569944e-01
-4.084281664217246366e+00,2.882656657648786869e+00,-9.451921207839522610e-02
3.442537796464781419e+00,2.069125492763516316e+00,-2.977860509679313594e+00
3.777613410352896217e+00,-1.206233859755787119e+00,3.045428836387515936e+00
4.118549606496411997e+00,-9.437628421917167998e-01,2.673361336693276247e+00
-3.644924050541292204e-01,3.164993958573708799e+00,-3.853564392721338550e+00
-4.763327067786043756e+00,1.285098447247706499e+00,-8.119342499108779254e-01
-4.641282100030257318e+00,1.768097832885217047e+00,-5.764811543193026910e-01
-1.296803652818357744e+00,-1.393323886711134829e+00,4.623521259035924480e+00
-1.487464702129291494e+00,-1.789719182404514664e+00,4.425421336782831006e+00
-2.764950955471619398e+00,-3.272297720537504340e+00,-2.578199728880916197e+00
-2.242662653811716700e-01,1.343867396605658904e+00,-4.810792560748416768e+00
-1.391671231144591347e+00,-3.420775469176530414e+00,-3.370689302484668914e+00
-3.314361546337088793e+00,3.740066881900784512e+00,1.640343228442301127e-01
-1.419804899492632000e+00,2.519917156541794601e+00,4.078501142765934340e+00
-1.928140140898615185e+00,2.176915647780207852e+00,4.067347275498509163e+00
-2.562685378741103026e-01,-4.960615597813056610e+00,-5.715061917684537418e-01
-7.163148951388014218e-01,-4.944933323782674250e+00,-1.858154846774499047e-01
-1.284854480556027134e+00,-4.822728493061025468e+00,-3.007305205868359699e-01
-1.097231248445061480e+00,-4.870910657541245747e+00,2.651658984236212602e-01
-5.342363833264308637e-01,-4.956279725552755977e+00,3.871469602166561219e-01
-9.047527480216254192e-01,-4.846399434067778955e+00,8.329675806505467683e-01
-1.482716740189070403e+00,-4.720936938507960257e+00,7.171509541192724324e-01
-1.272159373089579271e+00,-4.662946931123969740e+00,1.280053298492637159e+00
-1.842321012378699940e+00,-4.502379622154142780e+00,1.155175755181452102e+00
-1.620156207981639174e+00,-4.414032121529968933e+00,1.700415917309701541e+00
-2.174514722321135185e+00,-4.221560901640925678e+00,1.565218603309228129e+00
-6.845265583431312528e-01,-4.762076623585409507e+00,1.361634907757688584e+00
-1.958225230647019810e+00,-4.105819822254312967e+00,2.075475254788884172e+00
-2.478902736479102753e+00,-3.875330682430851326e+00,1.958788739217796504e+00
-2.250625410458857445e+00,-3.695435410289608313e+00,2.505682020962471057e+00
-2.780454096713955270e+00,-3.468884444911227938e+00,2.288212342401705790e+00
-2.989636334358843239e+00,-3.600159919428029376e+00,1.760943821598345060e+00
-3.241577147631422573e+00,-3.172086788384583134e+00,2.104766733609620299e+00
-3.444871108696921702e+00,-3.271894673805292975e+00,1.558065559592981542e+00
-3.669625827054110001e+00,-2.819316908457731419e+00,1.893488436484833226e+00
-3.437425174166512054e+00,-2.698517076490749123e+00,2.429426631922467994e+00
-3.847470899060071670e+00,-2.326696492478200984e+00,2.187110219622119711e+00
-4.054576101015430645e+00,-2.431427990964509345e+00,1.627442953171876816e+00
-4.198052925887289177e+00,-1.918074506667933221e+00,1.922847320595094667e+00
-4.376583854323049749e+00,-2.006700141764044876e+00,1.348580107788545090e+00
-4.490197972310366659e+00,-1.480354099479386010e+00,1.626860138307667292e+00
-4.291169924249447654e+00,-1.393079505094976245e+00,2.155270324971165774e+00
-4.540777595331380923e+00,-9.319128695063357837e-01,1.874267119005461169e+00
-4.712018879623365741e+00,-1.031521365446101068e+00,1.316374472063768675e+00
-4.734368451004924871e+00,-4.787597978841254265e-01,1.535104044050168426e+00
-4.523547978480812581e+00,-3.711963423404821549e-01,2.097552612406945904e+00
-4.883172841888280935e+00,-6.125917670845042462e-01,8.828104684160769100e-01
-3.611853221592793872e+00,-2.164412072480820459e+00,2.696263467498871247e+00
-3.192625476390873018e+00,-3.655366486888007582e+00,1.202263870386189426e+00
-3.636477425082448534e+00,-3.288632714469789331e+00,9.802687418176665446e-01
-2.368319776941171906e+00,-4.276786914575929188e+00,1.048882796818321639e+00
-4.843938622709963226e+00,-4.424702862133408042e-03,1.239451104894132794e+00
4.819020620222814522e+00,1.197726956430356537e+00,-5.852267933950040524e-01
4.934605225135027418e+00,7.905589450052733502e-01,-1.571236027534966273e-01
-7.856900262988374406e-01,-6.094918972053825490e-01,4.900123550464367206e+00
7.573301906163777686e-02,-3.142133296947868804e+00,3.888606801160966242e+00
4.585039830763069979e+00,1.485177987683292455e+00,1.331035722742696104e+00
4.323859484338359316e+00,2.010915458620306850e+00,1.503482017843611684e+00
4.746637670093148742e+00,1.409514293103982130e+00,6.947663538113070247e-01
4.011487117647630107e+00,2.518554053573675233e+00,1.601516963436453667e+00
1.115518574986252842e+00,-1.173748865229049754e+00,4.730531884496093298e+00
1.272244109259402567e+00,4.761883035400583886e+00,-8.401576540262390980e-01
1.573397296931650091e+00,4.557398356409615658e+00,-1.324590943273852961e+00
6.782457276783208089e-01,4.883824776865110628e+00,-8.296012787867201865e-01
3.700042629636127955e+00,1.525206689227692092e+00,-2.997236909890586443e+00
3.490150524295360768e+00,1.131209280353716151e+00,-3.396941989761150804e+00
2.218061319044124957e+00,4.290422005356377078e+00,-1.293245143394708085e+00
1.857851839476465372e+00,4.284135425527347607e+00,-1.787336061935618670e+00
-2.797999573274798646e+00,4.135582596205129136e+00,2.610650836846770684e-01
-2.576584296434426768e+00,4.226798313413537400e+00,7.038390306682252850e-01
3.901736271041552406e+00,9.564710602527427552e-01,-2.976846852315006675e+00
-1.796622832075869924e+00,-1.274939597265454028e+00,4.488504809241968374e+00
-9.727490162056168232e-01,9.671664761525068377e-01,4.808154360966144125e+00
-3.933783815429880981e-01,9.805881859035383563e-01,4.887095278240544793e+00
-2.238751276415122060e+00,-3.309178857897837389e+00,3.006214897307181833e+00
1.193984029713866801e-01,-6.493930945827393053e-01,-4.956211519908743313e+00
-1.071090214444602451e-01,-1.200286435840970389e+00,-4.852611681297132940e+00
2.610813405883058991e-01,-1.657366227971014849e+00,-4.710092750676757589e+00
-3.374657070692735350e-01,-1.730691144172892715e+00,-4.678763197687371367e+00
-7.099263443145241714e-01,-1.275275948391831227e+00,-4.782224988548900768e+00
-4.196490094084436961e+00,-2.504326577116273711e+00,1.057269731620215758e+00
-4.473280102157106697e+00,-2.101161812613336455e+00,7.582111611291014741e-01
2.017257737981855481e+00,-5.998279083100268583e-01,-4.535512947723194799e+00
-4.495223375638373042e-01,-3.053234391822786664e-01,-4.970383009941693686e+00
3.706656042256196715e-01,-3.560212668460294161e+00,3.491058974749479127e+00
-2.314228113399122044e+00,-5.856732328421967448e-01,-4.393328476620580680e+00
5.631185682995339808e-02,-2.294747443481109261e+00,-4.441954878813749730e+00
-5.343752282816743859e-01,-2.288714287064204989e+00,-4.413188193085254341e+00
-2.440212948467141707e-01,-2.725732358685723611e+00,-4.184595167572950913e+00
-6.796578511769122422e-01,-2.738725920831119875e+00,-4.127644066038315351e+00
5.971098388734290552e-01,1.077042158994754750e+00,4.845971525717878592e+00
2.074481592882027936e+00,-5.399786732080642526e-01,4.517183763505100202e+00
2.041218568541854239e+00,5.133799748703979926e-01,4.535401609211913154e+00
4.857585173994497296e+00,-8.103825022788559984e-01,8.643763517063064450e-01
-1.952816031465962610e+00,3.330363776800926434e+00,3.177292347490516367e+00
-1.461939841975876231e+00,3.337690344656117247e+00,3.423821704124336396e+00
-1.018655421645244585e+00,3.664984914279354467e+00,3.245031079983287103e+00
-1.481869292050840281e+00,-7.029371211716232137e-01,-4.723340216939247327e+00
-3.210377749545866521e+00,-2.531252930349873420e+00,2.878581822324318473e+00
3.506162071185396023e+00,-5.324598730968800320e-01,-3.524672185341863884e+00
1.263709565189039763e+00,-3.968762723400097503e+00,2.766217739115915286e+00
1.725256389148606129e+00,-4.019181411371993917e+00,2.422740426497180355e+00
4.962770477698101423e+00,-5.376065237368335969e-01,-2.861615126528423425e-01
4.894736102320266902e+00,9.079106192596575475e-01,4.661081377514755264e-01
2.106413984574162068e+00,2.254654524891573253e+00,3.934406321031974407e+00
1.514550552992470545e+00,-5.444636862481206929e-01,4.733888033824555031e+00
5.123063454901448655e-01,-1.019001316950691738e+00,4.868180206650457365e+00
4.533411237219906909e+00,-5.205962078971081430e-01,-2.043810691471062313e+00
3.578005352249931104e+00,5.669047944234204550e-01,-3.446229338469886105e+00
3.069225869396809081e+00,4.821203865561224933e-01,3.917577375814341067e+00
9.162188972679415899e-01,5.218808960046020795e-01,-4.887553914042744196e+00
1.012094254169974894e+00,9.757004229377428395e-01,-4.798299063767829331e+00
4.513033511616700189e+00,6.040641975052039037e-01,-2.065825493190804885e+00
4.743000324565540993e+00,5.289312162254177219e-01,-1.491368395022997895e+00
2.969595039444864470e-01,5.206621122311789751e-01,4.963942588095072495e+00
3.002391209753090262e-01,-5.225741597231219338e-01,4.963544370490269309e+00
-7.206073641994022172e-02,-9.793864860715040255e-01,4.902612503672621358e+00
3.064233669638145141e+00,-5.206621122405656887e-01,3.916552435846242908e+00
3.218686023515741734e+00,-1.029759377131871156e+00,3.685058467274759941e+00
3.903400439065422223e+00,-5.230531013711340327e-01,3.080564958810300791e+00
3.069225869406768226e+00,-4.821203865375329745e-01,-3.917577375808826368e+00
4.892355508566232025e+00,-4.865781295419721597e-01,-9.099996162928165599e-01
4.765896748217051559e+00,-5.332790400712423828e-01,1.414864534418343478e+00
-3.910802809318311812e+00,2.556806557722531181e+00,1.779989217106401567e+00
-3.646052985518947853e+00,2.513792769073182942e+00,2.321022089714733116e+00
-4.380942752563294462e+00,2.161270676180728767e+00,1.065950122212311557e+00
3.653979075799556497e+00,1.028107954760345777e+00,3.254447871295147454e+00
3.233690103945662919e+00,1.026442018684607493e+00,3.672827942324899286e+00
-8.809645216874634199e-01,-1.799523337259999689e+00,-4.581006141688156674e+00
-1.323607898760538193e+00,-1.373349816554561453e+00,-4.621901384896508702e+00
4.528801309852753754e+00,5.200701518291337422e-01,2.054138683987136282e+00
4.078861486500934497e+00,2.044295873369856409e+00,2.045420092807921808e+00
3.612690749645124377e+00,2.940615838121066083e+00,1.816932590940042669e+00
2.968274968050945262e+00,1.969666218333075536e+00,3.508526571425623519e+00
2.085050832135289411e+00,2.785721280982579984e+00,3.590587691742496812e+00
2.889518718719644497e+00,3.332694776008842563e+00,2.354533309199969615e+00
2.618428891074939369e+00,-3.646139917505443417e+00,2.202156634837190818e+00
3.193612222898866371e+00,-3.177082376921080087e+00,2.169559526726212439e+00
-1.369554935892008940e+00,-4.189498218331655366e+00,-2.360598219979358703e+00
-4.411232900457029871e+00,1.254135804245116059e+00,-1.992026024537810969e+00
2.046260141531249133e+00,-4.464330751075137549e+00,9.394521691844738287e-01
-3.097187981001622514e+00,1.088944021765086978e+00,3.771157319418161347e+00
-2.620773137098276528e+00,1.022760906936284186e+00,4.133462022458525453e+00
-4.092055890048897027e+00,4.149676728816500959e-01,-2.843040700232644546e+00
-3.863095939925924593e+00,-6.227234544999531510e-03,-3.174342606033218050e+00
-2.344793894297748926e-01,-2.726236389402246107e+00,4.184812369154875533e+00
1.475103298284707654e+00,3.934227183766449976e+00,2.710337013344039647e+00
-1.200352350386813649e+00,-2.800651084825105386e+00,3.964278967982552970e+00
-2.851932696981674287e+00,-2.372287157853206541e+00,-3.352422039745531990e+00
-2.858137695322688465e+00,-1.865176300024806721e+00,-3.654061614751629161e+00
-8.697589693244206499e-01,4.551138633024831570e+00,-1.879004118747107377e+00
-1.296915210997247270e+00,4.589928315484590904e+00,-1.500189652742862201e+00
-2.702779494748565270e+00,-3.918804678485399595e+00,-1.529036590356041447e+00
-2.784929182829283256e+00,-3.585754174505736191e+00,-2.094405988971695276e+00
-3.184675473873228579e+00,-3.498669227267965809e+00,-1.617762579700276815e+00
1.258088484494687576e+00,-3.007171082915742311e+00,3.791323705944564360e+00
-3.540812010462425441e+00,3.398196186722473477e+00,-9.565108379468968414e-01
-3.823220438161551549e+00,3.175982263678212458e+00,-5.441710595256030736e-01
-3.273182499435288939e+00,-1.448414928201072760e+00,-3.491184687345376680e+00
-3.586174839678347048e+00,2.464183800799893742e+00,-2.463158179072827636e+00
-3.226686943580574063e+00,2.943936453887645577e+00,-2.433460401074587054e+00
2.900687484510615644e-01,4.965723012566680694e+00,5.074003189176473638e-01
1.528452491594192164e+00,-4.579598921673291301e+00,-1.300425583241246130e+00
1.958374856523384944e+00,-4.519001287736170269e+00,-8.622037362339868283e-01
2.343074293281162124e+00,-4.396552368994761650e+00,-4.246529440043205761e-01
-3.345740367187332254e+00,-3.671849795603996824e+00,5.688061830677169084e-01
-2.158225838628515664e-02,4.213532003141096993e+00,-2.691780500826306710e+00
-3.971621063592076784e+00,-1.795387509381400903e+00,2.450063227426792167e+00
-1.970780089944465185e+00,-6.031608030556095956e-01,4.555460776116483146e+00
-9.121830043692406020e-01,2.874674887999911999e+00,3.988002815300234261e+00
-3.044165602766250700e+00,-3.824440977885336324e+00,-1.052001420914554730e+00
-3.848195046714939505e+00,-2.986624196330682324e+00,-1.127595136709410584e+00
2.744581471957873386e+00,-4.179386426916451569e+00,-1.279957847012301846e-03
-2.688470233604512760e+00,-3.971645994513713251e+00,1.413561423244731108e+00
2.656248028404113448e+00,4.010102099392854669e+00,1.365074197267052147e+00
5.433235828964663172e-01,3.656590614679261719e+00,3.366622129213209913e+00
4.701521462781359517e-01,4.023309213209087076e+00,2.931201107781063797e+00
6.680780643013769712e-03,3.808909950450046100e+00,3.239160440072801794e+00
6.279258152596536857e-02,3.434034079052513011e+00,3.633657528663270408e+00
-2.803407018876841850e+00,8.137687837273277491e-01,-4.059395207804113781e+00
-2.599585564803680082e+00,1.395590662766520662e+00,-4.036642366282060301e+00
-2.318849057287098780e+00,6.200545926500992122e-01,-4.386168185518226181e+00
-1.982766604233969554e+00,-1.933201328523873386e+00,4.163096109451236870e+00
1.370840581153545568e+00,4.262975234852204309e+00,2.224373675464490940e+00
-4.703368248352569836e+00,-1.645306831020757476e+00,4.138750441683002879e-01
3.040706406531693773e+00,1.260389885255702280e+00,-3.763711185309286389e+00
2.409631419694895804e+00,4.320273493862313963e+00,-7.272642982093109332e-01
2.904000636827071880e+00,4.017666535423392027e+00,-6.520244715092831100e-01
3.118231549018951831e+00,3.748239813161123646e+00,-1.107849407517434326e+00
-1.709172546180181274e-01,4.383423885035440115e+00,2.399246201658899125e+00
2.305208296994070427e-01,4.574170567097065820e+00,2.005947100543183925e+00
-4.625977071002631114e+00,-1.580451941772274882e+00,1.050003713472558609e+00
-4.630905709082624000e+00,1.884712184349952580e+00,-5.071780504707894960e-02
-4.413729046294335490e+00,2.309827611702471639e+00,-4.285934088556969668e-01
-2.076648096030127899e+00,1.600576935695521286e+00,-4.257427175909645811e+00
-2.758286306445213665e+00,1.867166417052595007e+00,-3.729014108676420580e+00
8.509823276573164064e-01,3.661958977650172642e+00,-3.296344266611459073e+00
2.372571534753784128e+00,-1.895212070948343319e+00,3.972288448565608476e+00
-7.632576979502612158e-01,2.830729122007033194e+00,-4.050235835644754090e+00
3.543510424020282823e+00,-2.597021986758435208e+00,2.387260076982160140e+00
2.833651989153410877e+00,3.037751031943350277e+00,-2.782532133200626312e+00
2.318249629606500051e+00,3.172524082897593356e+00,-3.092055885372078983e+00
-8.151989000970816246e-01,8.244823261109072154e-01,-4.863710481434030619e+00
2.619948093399583566e+00,-3.025659474597608423e+00,2.996874493813447948e+00
-4.257288456008209820e+00,-1.243967350170774422e+00,-2.308254802669831296e+00
-1.422124324898945469e+00,3.759897877028071100e+00,-2.973336570059052164e+00
-1.447806542345290381e+00,4.086431181726378092e+00,-2.490970977943446130e+00
3.716434642758410956e+00,2.604100969681471867e+00,-2.099231213041855781e+00
-3.427471476210586787e-01,-4.897449025584831084e+00,9.473739676578769586e-01
-9.203675723639681561e-02,-4.771676239167582878e+00,1.490850463286280903e+00
5.708071260954503817e-02,-4.973737905975390561e+00,5.085990905531819761e-01
4.298935050962777282e+00,-1.256327117617625833e+00,2.222790948591938598e+00
-1.496205574758280532e+00,4.498930830419826776e+00,1.587762658951331840e+00
-1.094065875383032793e+00,4.726669237530861878e+00,1.208973853853663405e+00
-1.831375550373170125e+00,-3.513655550948587614e+00,-3.049637398574385205e+00
-4.971245887079524195e+00,-4.570465133199608787e-01,2.789674082343166495e-01
-3.845462760085133880e+00,-2.902808549966686691e+00,1.336457512620105925e+00
-3.073104321489796842e+00,3.241437716829391302e+00,2.247022776287903589e+00
-2.865584439621446933e+00,3.013836157139317073e+00,2.775827342850983648e+00
-9.565392063299773540e-01,-4.537425531746300145e+00,1.869973874312266027e+00
4.056530903007601552e+00,2.867655034259771973e+00,5.666671310645443604e-01
4.399492406718272797e+00,1.213554264080596301e+00,-2.042486869323781207e+00
-4.143249259966507836e+00,-2.243964899023189297e+00,-1.672754345903435080e+00
-4.302987580988823169e+00,-8.446139481012516770e-01,2.402274996025386855e+00
-4.211469409799600605e+00,-2.948299164093182156e-01,2.678917828286690561e+00
-4.449133865203909188e+00,2.303746410260286703e-01,2.269831573986901052e+00
-4.154954952405098823e+00,2.675724397081792327e-01,2.768529272554827170e+00
-3.811771710211970365e+00,-3.205029792725874849e+00,4.451746364824141211e-01
-2.084593786554740369e+00,3.638779645147302677e+00,2.722820493370622152e+00
4.446343659720382036e+00,2.145611368380794914e+00,-7.914416690694582313e-01
-1.204338003306576997e-02,-1.400068453233305199e+00,4.799964925211254396e+00
1.437700484487093977e+00,4.736022880122324530e+00,7.092986647833353642e-01
4.453778994344205877e+00,-1.493678765288936949e+00,1.712535084505783844e+00
2.822839056093395804e+00,4.112555904253456518e+00,3.441854119276084312e-01
-1.464150335795389113e+00,-2.447392869418011152e+00,-4.106888352136214948e+00
9.170424572947341035e-01,-1.798996035524710546e+00,4.574127938272519955e+00
1.388479363916141462e+00,2.447194284913490669e+00,-4.133202776040122650e+00
1.181838179080089812e+00,1.973607179554516700e+00,-4.439384328854568018e+00
6.464052540611091580e-01,2.193807915362827377e+00,4.446275641254554323e+00
-2.257336104220260431e+00,2.606366492865094475e+00,-3.620951175789837162e+00
-4.792197692098238981e+00,-7.988364573535254864e-01,-1.181821303857389038e+00
-1.467967134197742274e+00,-4.703166604957176311e+00,-8.516433402139955700e-01
-4.437578563242211338e+00,-1.979439771339555509e+00,-1.178861606250882987e+00
-2.969108346158091383e+00,-4.652738877917251825e-01,3.995987467211769673e+00
-2.338465985675354908e+00,4.057284336232707567e+00,-1.752147439229959858e+00
-4.634627047858537741e-01,-1.047557490078017267e-01,4.977371651215367621e+00
2.347401567716789206e-02,-4.746427742970924513e+00,-1.571900967409819661e+00
-2.495301886475625341e+00,4.327890619212293899e+00,-2.069572020621935904e-01
5.621258410812018241e-02,4.955059687991405504e+00,-6.665010381315281673e-01
-1.434633981318264695e+00,4.789432160203396904e+00,5.625764353687194574e-02
-2.668644010858566951e+00,-1.669976980067628680e-01,-4.224979397839608630e+00
4.858892769053597682e+00,-1.148960004602706864e+00,-2.665557477564732269e-01
-8.639654759354626901e-01,-4.265885977201693713e+00,2.460849545564612662e+00
3.344167032722964006e+00,-3.621128584934754091e+00,-8.390319592347544875e-01
-1.882646012539590963e+00,1.645170479675618802e+00,4.330018254496471819e+00
7.747280472466329115e-01,-4.370306379901967020e+00,-2.302220362736285608e+00
1.518418369644539023e+00,-3.911139853295811264e+00,-2.719814461077673773e+00
-8.270476105809817513e-01,-6.896071830520920098e-01,-4.882666708153982071e+00
-5.192352959148335279e-01,-3.855841062677820563e+00,-3.140522951172910915e+00
5.315617165890531570e-01,-4.739809237811630993e+00,1.500550076009603773e+00
-1.799904101229824471e+00,-3.651776509674645510e+00,2.902563272310273668e+00
2.605765333240205095e+00,-4.031037106805825054e+00,-1.400259572949990705e+00
4.269374716297675398e+00,-2.601043162336406755e+00,-8.374962388673044822e-02
2.531393568365520430e+00,-3.297461141661340633e+00,-2.778272236709563359e+00
2.088388609458230238e+00,-3.213159653522291492e+00,-3.211578748351287871e+00
1.936826536460372616e-01,-2.848960326366087870e+00,-4.104377186427761615e+00
3.411274091395230634e+00,-2.495455090908470730e+00,-2.671312966058946081e+00
3.032722621227040616e+00,-2.474579675198432138e+00,-3.111116991338096494e+00
4.349967137482647850e+00,-1.945679365559919605e+00,-1.513974144183236614e+00
2.582015760883198841e+00,-2.047382163885594242e+00,-3.760508062157810638e+00
4.343836306303338723e+00,-1.025944473148695968e+00,-2.253558093783387672e+00
1.000837029879602991e+00,-2.069187962890844279e+00,-4.440358815889703159e+00
2.945116063237987358e+00,-1.568541320825181273e+00,-3.723703734042435265e+00
9.318991584533545813e-01,4.171072035130247713e+00,2.594941624820941151e+00
9.783974950597560394e-01,1.525985172625160979e+00,-4.659839867912732636e+00
3.533014853701666791e+00,-3.291729068599857921e+00,-1.297045019441537050e+00
3.536701115412841823e+00,3.440266683687899008e+00,-8.101298447438025629e-01
1.111836658093004360e+00,-3.766570481940806570e+00,-3.094635043150126386e+00
2.298663393544065681e+00,-1.082562008810829646e+00,-4.306298422109171575e+00
-1.887578934593571733e-01,8.031455941858590686e-01,-4.931463029588342373e+00
2.797160042287106130e+00,-1.047148450090982896e+00,4.009909702387879804e+00
2.272761049869518768e+00,-1.040350090342815337e+00,4.330384382444553815e+00
2.807484193528148264e+00,-1.010613593919239550e+00,-4.012068377642041384e+00
7.804154186493643675e-01,-1.590391478011705662e+00,-4.675639712488771416e+00
2.787867725157281651e+00,8.290063969202111638e-01,-4.067006508587333258e+00
2.580219582525054456e+00,-2.859294735569806623e+00,-3.188557749374632877e+00
3.398890915941235935e+00,-2.039823179740746895e+00,-3.047402490142136600e+00
3.001886933747635045e+00,-2.035546078199812037e+00,-3.441689556093138869e+00
-4.985538494242460317e+00,3.632642086276830495e-01,-1.115573267729656481e-01
-4.948312175058874551e+00,1.307291081354856610e-01,-7.050649037146901055e-01
4.750649879928268149e+00,5.037417102369590172e-01,1.475659177352639961e+00
-3.908957724920386845e+00,2.941757553999291286e+00,-1.032526996389602436e+00
9.938502055028001214e-01,-3.437580663967255479e+00,3.492177107155432836e+00
2.674627890419354337e+00,2.711573415981511914e+00,-3.239403534222506931e+00
1.233546376112067300e+00,4.842600546868108147e+00,1.660821527241548301e-01
4.637535765952752520e+00,1.600836664186908731e+00,-9.646678154183175868e-01
-2.682210873923436267e+00,-9.775596449501894325e-01,4.104890006854232887e+00
-2.253295002007160708e+00,-1.004337078936745842e+00,4.349019276319933347e+00
-1.837638854578174552e+00,-4.633286434839527068e+00,-3.946393960017603453e-01
1.930101944278210135e+00,-4.596949841983121843e+00,3.778341368706983339e-01
4.339837416027908290e+00,-2.435366768266105542e+00,4.845615610728099543e-01
4.589594409535617814e+00,-1.424784218075064501e+00,-1.380439454624371454e+00
4.585333889137720220e+00,-9.896587340975668834e-01,-1.730690242403174706e+00
-3.019824559252118235e+00,-3.030417491999749302e+00,2.587900588415192438e+00
3.324671625431478983e+00,2.940016106969758791e+00,2.302794796287586543e+00
-3.978800097716924888e+00,-9.330226144215625350e-01,2.880732299847687194e+00
-1.625636718385252921e+00,4.611096226430261069e+00,1.046468752729019736e+00
-1.798196562277672550e+00,4.641356520187138734e+00,4.736019171509897041e-01
-1.121896259312052058e+00,-2.284710739298898119e+00,4.303654914264607001e+00
-1.924249791007796917e+00,3.784026590833771131e+00,-2.641667182229699318e+00
-3.666971876928540652e+00,2.086887558593379488e+00,2.682949416519689212e+00
1.457907027649645859e-01,1.916000682358971252e+00,4.616024962691087197e+00
1.001884112769944268e+00,4.885683613676210513e+00,-3.554206685534015975e-01
-1.413124862118089631e+00,-4.249403774047493698e+00,2.223880772248066684e+00
-3.496715463430166704e+00,2.075950305932693141e+00,-2.909194269055663362e+00
1.285271948903765615e+00,4.473096664627817631e+00,-1.827425031637853747e+00
-4.397876523532764814e+00,2.373891948588637835e+00,1.527059271455859790e-01
1.757744244867695871e+00,9.926155563511794844e-01,-4.574390618095937278e+00
4.075753763531090534e+00,-2.745697094781436309e+00,9.216174492548058206e-01
-1.426881799068806078e+00,-3.835952352030915780e+00,-2.872190433177204127e+00
-5.398454645164736387e-01,1.890194421055665597e+00,-4.597361409009631750e+00
2.897395230507630703e+00,-3.969820800405900130e+00,-9.195779960918410989e-01
-1.902122831273757697e+00,4.099493106997849523e+00,-2.139178580769782734e+00
4.746472519319810957e+00,1.049946419624408822e+00,-1.169876548726288989e+00
-1.897502532587061475e-01,2.727112257434798348e+00,-4.186508518650970068e+00
2.881752280868572491e-01,3.623780906912377198e+00,-3.432953098516552615e+00
4.762669692393189713e+00,9.887744101177702305e-01,1.157282405921567836e+00
3.906781294473302246e+00,2.908670955360633137e+00,1.129908487708173093e+00
6.692653592828350373e-01,4.954140143534619511e+00,9.262460301018465847e-02
-4.862330009665948971e+00,5.325470450292820734e-01,1.036407507659274252e+00
-1.403035435426655431e+00,4.361609241771330581e+00,-2.001963133784448345e+00
-4.311899191592625802e-01,3.564862848702167408e+00,3.479343059193573673e+00
-4.405703260481350192e+00,2.831773871159329325e-01,-2.347251445416572935e+00
-1.667544947999588301e+00,-4.710724376273710767e+00,1.684330643956459539e-01
2.567130170008484313e+00,1.887550766107794598e+00,3.853179829127896916e+00
-4.467066541273809754e+00,-1.329184347813048950e+00,-1.810686467989653270e+00
3.225874398920486552e+00,3.328133135063485959e+00,1.875437068440815036e+00
-2.307994628907052981e+00,-3.591678170676198878e+00,-2.602500472857645075e+00
3.162315724041658616e+00,2.569214582748540643e+00,-2.898084831275841822e+00
1.108257091973645497e-01,-4.609445217872697675e+00,1.934097320615337345e+00
3.101824893405009220e+00,3.918575258578392173e+00,-1.531348213512957468e-01
-1.555494022370937701e+00,9.323233826189092355e-01,4.659529102451267946e+00
-2.019073463713705774e+00,-4.532794474003951635e+00,6.140982043341104424e-01
1.302399790195154505e-01,1.359122657581733673e+00,4.809971221277001163e+00
2.070556738842547428e+00,4.987513359040907091e-01,-4.523719917962162995e+00
3.782181857680500525e-01,4.320952480790158923e+00,2.487231525754628247e+00
-4.679024838045262591e+00,-1.602123002102014832e-02,1.762518052430700255e+00
2.935617796017996051e-02,-4.889314032119496112e+00,-1.045823364691648827e+00
-4.955249221120507030e+00,-6.381670221813644239e-02,6.644039321847884372e-01
1.480517759295807867e+00,4.844117843822381420e-01,4.751148533519167216e+00
3.754809718301486576e+00,-3.201628405528691435e+00,8.068330262579209711e-01
1.815508182250629376e+00,-2.941720956496382211e+00,-3.612507142455365194e+00
3.397122524522395715e+00,-1.459708630042090505e+00,3.365829655339560578e+00
2.806174203250822341e+00,9.793005788852711113e-01,4.020740816964528896e+00
-2.362232083629391077e+00,1.925108210717877411e+00,3.964065837003537318e+00
-3.331211929783964631e+00,1.701121415508088042e+00,-3.318013412957331099e+00
-2.302390161661558743e+00,4.425396484625779614e+00,3.389181277917368562e-01
-3.208128115421477133e+00,-2.489073437555364698e+00,-2.917606453498922559e+00
-3.356260892056492029e+00,-1.969895077647973780e+00,3.139271604609968236e+00
-3.468208483297584355e+00,3.539012867156297482e+00,6.685191414498374840e-01
-4.114672024103771975e+00,2.769758552198208434e+00,-6.308024227780482107e-01
4.262721345841026910e+00,-4.344743108758319372e-01,2.576904887825748780e+00
-1.049975447789845084e+00,-2.297349970277127618e+00,-4.315059057893205541e+00
-9.233038216516905594e-01,3.268070731031923692e+00,3.669771620945348367e+00
4.878513674509070697e+00,-1.045300475920807326e+00,3.277975635475982030e-01
3.096651162909190624e+00,3.677031234572535112e+00,1.374842854740544684e+00
3.920797491448373862e+00,4.378437463771184257e-01,-3.071748668887250400e+00
-1.266903724296370992e-01,3.943671472524468147e-01,4.982812870528212201e+00
-1.032899001665777527e+00,-3.733555122518446900e+00,-3.161279139758794710e+00
-2.362431757593359272e-01,-3.464136108109493239e+00,3.597770168646012845e+00
-4.538159969748186029e+00,7.078721508629162162e-01,-1.975859586865388318e+00
6.583187734993998230e-01,-4.647137825610653472e+00,-1.723579537542997642e+00
2.449967534022041704e+00,-4.259651888492807181e+00,-9.235934555298748183e-01
4.553181197192910368e+00,-9.591774761890289325e-01,1.829896050244541605e+00
3.403934692786410032e+00,-3.435048680071684402e+00,1.270302787835587477e+00
-4.499267264719869708e+00,1.875474414859938044e+00,-1.113189022505143955e+00
-2.352483033630977383e-01,-4.994462755875898274e+00,-1.262272117887517611e-04
-4.471861898553414427e+00,-2.219926051460119787e+00,2.727260279381720776e-01
-2.334938317759772008e+00,1.461292828029152391e+00,4.172851102424782965e+00
-4.438937348223459090e+00,7.645163273177708607e-01,2.170564443597894133e+00
3.585286291216030374e+00,2.360448078129731009e+00,-2.563982659939816333e+00
2.269937636825786420e+00,-4.454871038921736748e+00,3.882204912328717644e-02
2.628132707589728501e+00,4.823063956006724551e-01,-4.226144698429027180e+00
-3.962517497525503529e+00,-2.927032171063064236e+00,8.549489758845606469e-01
-7.438901806852384890e-01,-2.690980583312205354e+00,4.147921274483977960e+00
4.770122307423356744e+00,-9.430418923129415543e-01,-1.164733944540512711e+00
2.950013988448862090e+00,1.480332180121268104e+00,3.755800061831493508e+00
-1.887247756458020342e+00,-4.706253689735589996e-01,-4.606170607763315772e+00
-4.621387572797960863e-02,4.120566585566009188e+00,2.831747745051998777e+00
-2.484416197376455138e+00,-4.308952419161925285e+00,5.104950613004066717e-01
4.975177457396562808e+00,4.292572971247100577e-01,2.516891739393221084e-01
-9.429621188583789948e-01,4.311229164950569626e+00,-2.350345831931490270e+00
-4.792290882467075797e+00,-1.174798359331814757e+00,8.085770913983496566e-01
-4.845391727865600018e+00,6.945185741511704647e-01,-1.019717094929099677e+00
4.193288589724718740e+00,9.966366525765244511e-01,-2.534372937439463680e+00
-3.987037948872020454e+00,2.096103361440729618e+00,2.170225585604240504e+00
-1.768872582565115481e+00,-3.942699847512139755e+00,2.515195360022191462e+00
2.306325642459305936e+00,4.058601595695478181e+00,-1.791260762243395810e+00
-3.123283656349512771e+00,-2.901871761053538279e+00,-2.612324536572753875e+00
4.882474397808707067e-01,9.094920919633566747e-01,-4.892283574385640321e+00
-4.659903764052317321e+00,1.158312150762822013e+00,-1.394134093681897113e+00
2.795120712040237709e+00,-3.258849995162968138e+00,2.562654271287876817e+00
-2.122989202801940145e+00,4.441191430823609565e+00,8.767756380998101839e-01
-4.074433900497537842e+00,-1.318340954468552484e+00,2.580884638694136868e+00
-4.174946670476012422e-01,-8.553065508254225069e-01,-4.908579112849453807e+00
5.077957103242392023e-01,4.960971972152642628e+00,-3.618018906697824111e-01
-1.123711952486884824e+00,-9.752846781759054728e-01,-4.773477898173766221e+00
-2.565837990198101881e+00,4.116369980847133903e+00,1.213249186621085496e+00
-2.305455555535707579e-01,2.320773226505235431e+00,-4.422766145519224423e+00
5.602107751062163077e-01,-4.954408544606017095e+00,3.741655523825960228e-01
2.695599447400394144e+00,-2.417071248079234902e+00,-3.448406907672494803e+00
2.529837479819564194e+00,-1.444271748200596672e+00,4.063742295354097145e+00
3.109829874117819304e-01,4.856189543829224853e+00,-1.149222648551685211e+00
1.541533174560266728e-01,3.268539796242181161e+00,-3.780593122130233130e+00
1.603334493550865103e+00,4.195306504462422481e+00,-2.197435285828750917e+00
-7.374985565305434143e-01,-3.099393912858705136e+00,-3.853550733031780418e+00
-4.334293231957393466e+00,2.401652454111864010e+00,6.678081079672469889e-01
5.275207449546313043e-01,-2.067311336896431317e+00,-4.521940479482453590e+00
1.272964177722806234e+00,-3.675251629012675547e+00,3.141987852566297867e+00
-3.599056321566878935e+00,-3.094558413570914990e+00,-1.571783006393359106e+00
-3.406097404039559184e-01,-6.398037145673179937e-01,4.947184675304512780e+00
4.616887161254292771e+00,9.675790339263996565e-01,-1.657752621277171157e+00
2.951246340007623203e+00,3.945855030520510898e+00,8.487479712538853471e-01
2.665486603693954848e+00,4.095107329309824351e+00,-1.060790802637834096e+00
-8.141972126773134866e-01,1.437752809622709016e+00,4.719104762271176590e+00
2.590694490816116136e-01,-4.949120663808660225e+00,-6.626369108453531442e-01
1.073775211738200008e+00,-4.087560950318212427e+00,-2.671863071358681729e+00
-4.031301629462055169e-01,-4.656478629079080278e+00,1.776145503232427814e+00
-4.211064133027060841e+00,6.945008111868028466e-01,2.604727911086670122e+00
-2.356777087817756300e+00,1.074074845968661762e+00,-4.276910682209140724e+00
-3.921164355730883511e+00,-2.718405637968026589e+00,-1.494904974508162621e+00
-4.995992945598847434e+00,1.083434192121569481e-02,1.998426995456339395e-01
-4.849136448606281569e+00,-3.500815662969994357e-01,-1.167612349942010574e+00
3.773784747056654343e+00,1.889192836911938178e+00,-2.681324133304880064e+00
-2.616049861703491519e+00,-3.294122777256050405e+00,2.702783426292981517e+00
-4.408966202501227727e+00,-1.732089046667069754e+00,-1.600276401006360816e+00
3.431136095279190723e+00,-3.230008952501752795e+00,1.671630121298008476e+00
-2.631529127582922456e+00,3.071482432334698420e-01,-4.240367249114309622e+00
1.209049709177125287e+00,8.753398029005361458e-01,4.771999479274569467e+00
-2.868142616279469870e+00,-3.989477253421538361e+00,9.261906807529930452e-01
-3.948134989128730954e+00,2.522474629868395185e-02,3.067832104237720348e+00
-2.385721751541043378e+00,3.305022555114989213e+00,2.895713665818000937e+00
-3.305354667108475475e+00,2.868705758691084018e+00,2.417676114510964425e+00
4.874274023805645228e+00,-8.941694221597763503e-01,-6.647659628229902751e-01
-5.806021053255083775e-01,3.865797234810653737e+00,3.117452956280478027e+00
2.721834831860062032e+00,-4.160173319608199805e+00,-5.334539332439141024e-01
2.089354725364540519e-02,8.774572778820128871e-01,4.922360428206679295e+00
-1.385811780611831301e+00,2.945629735914969682e+00,3.795100943006782579e+00
2.121947303485308467e+00,-3.800233492040983041e+00,2.460805771937603748e+00
3.241598382166571923e+00,8.709147574662490232e-01,-3.705880113274384602e+00
-2.408274106414632243e+00,1.745868523274043627e+00,-4.018974860311235631e+00
3.262054122540229084e+00,3.743172015418709808e+00,-5.896322282614232524e-01
4.979481982828226627e+00,3.376919213206807657e-01,-3.012031689139728075e-01
2.238191077120419564e-02,3.864851869076499025e+00,-3.172131630334106944e+00
4.363427310836883066e+00,-8.091596635966242790e-01,2.303424134164398396e+00
1.024009532489923657e+00,-4.691322165709189029e+00,-1.393879770602688861e+00
4.906131811878402083e+00,-3.436017281273945345e-01,9.010041603137136645e-01
-1.518773706179302740e+00,-9.536293595290356029e-01,4.667324444910876835e+00
-1.128809538012326863e+00,-9.507713506623924893e-01,4.777219156125455335e+00
-2.618221974261219387e+00,2.316966620750680050e+00,-3.574434133093357779e+00
-1.846048483887723135e+00,2.608702822639724861e+00,3.845357535819962091e+00
1.317520019265793485e-01,-4.880000477454238705e+00,1.080850012737538890e+00
-5.382072522368538392e-01,4.205708988098037615e+00,-2.649970728342303072e+00
-1.112565748764706708e+00,-3.190388951502321824e+00,-3.685595717493650891e+00
6.011111221267968485e-01,-1.464675868949652404e+00,4.742719685768077120e+00
1.662573897234860931e+00,-3.600549151900577005e+00,-3.044978463139160318e+00
-3.694868017514321590e+00,3.365896091462154516e+00,-1.367253986265142274e-01
-4.638532442782566712e+00,-9.699937529395390445e-01,-1.594719065074427622e+00
1.101917367785358592e-01,1.122491820511900329e+00,-4.871126142282665938e+00
-2.973091686319864202e+00,-2.366245085731763620e+00,3.249863076959702557e+00
1.524777701544486774e+00,-4.701289238219209743e+00,-7.569230208396066084e-01
-1.138922711460862436e+00,-2.766249921639853060e+00,-4.006334537747208380e+00
-1.762966077099200168e+00,1.278604575614442851e+00,4.500791147144607152e+00
3.559073465172379880e+00,-9.332109557897595442e-01,3.385574306007746337e+00
3.611249869054004247e+00,-2.728911401634689149e+00,2.124127337351889189e+00
3.377121224724444204e+00,-2.894388513065486279e+00,2.284199502878466514e+00
3.437100672854125794e+00,-3.020455654505068921e+00,2.015734755327215133e+00
-3.510388851793284637e-01,-1.149103377016605698e+00,4.853486698242932995e+00
-4.302676024289694978e-01,-7.970181108983778184e-01,4.917278914318366390e+00
-7.089850578645731094e-01,-9.642300852651424226e-01,4.854647312667969672e+00
2.693638633168744967e+00,7.521353124340391938e-01,4.144707877002982599e+00
2.537695115224427145e+00,1.066784781757062373e+00,4.173975770363026250e+00
2.421630792898069373e+00,8.382964388579166037e-01,4.293362712779576817e+00
3.204667008180142052e-01,-3.801624545235836816e+00,3.231865082383118093e+00
6.742259178051129842e-02,-3.700034900820020844e+00,3.362320021477934073e+00
1.626029374510018846e-02,-3.929388389270490389e+00,3.091867152565514587e+00
-4.237173290165560324e+00,2.416473858623576998e+00,1.098643072019498623e+00
-4.311675860658272796e+00,2.139665443578551596e+00,1.353249076176493704e+00
-4.165193877547084256e+00,2.393936704174461916e+00,1.385722562005325065e+00
-4.075562077496187818e+00,2.337419819993391989e+00,1.710632145604954468e+00
-4.004066968605786592e+00,2.616136276449093412e+00,1.457147451003888872e+00
-6.239625956030745435e-01,-4.374032519687522935e+00,2.340621754150869371e+00
-9.122223036099436078e-01,-4.411181790587431095e+00,2.170098080545308949e+00
-6.707235056374242221e-01,-4.512697000829503757e+00,2.045897298910638984e+00
3.416418036858670515e-01,-4.707052838982953347e+00,-1.651343225679260174e+00
6.083523027168353803e-01,-4.752666679727713728e+00,-1.429009064766586290e+00
2.904185685612395984e-01,-4.804518197437051441e+00,-1.353610706787985229e+00
4.433181846317593156e+00,1.982945362732374539e+00,1.189464756055560235e+00
4.462810818272298086e+00,1.751327869134970738e+00,1.419919115690365441e+00
4.563694868104521518e+00,1.719351093524686291e+00,1.102960093580870105e+00
4.288301922728628313e+00,2.242800986694187593e+00,1.257103954971713344e+00
4.385962412306181335e+00,2.209322203063544432e+00,9.392705259337142953e-01
-2.552668115596602227e+00,-3.597462553273745645e+00,-2.354176856017752950e+00
-2.307962115034269956e+00,-3.787427715767469838e+00,-2.308398183460328212e+00
-2.545641050024868957e+00,-3.782400257122906506e+00,-2.052598338532128253e+00
-8.006241275708763094e-01,3.770078168374806360e+00,3.185201973296990730e+00
-8.300660836599551562e-01,3.961563067706486585e+00,2.935474128201676525e+00
-1.049449798931706423e+00,3.860572261300286190e+00,2.999106022600901866e+00
-5.213559078389702339e-01,1.087561157164073755e+00,-4.852360121300700158e+00
-9.007327551834877211e-01,1.122947772415030521e+00,-4.788284536675706526e+00
-6.052281284667841987e-01,1.384466779338798137e+00,-4.766230234621471773e+00
3.748820246620958141e+00,7.635106310945570796e-01,-3.219223240896842864e+00
3.539898551597107978e+00,8.504554311963368196e-01,-3.427221003079513828e+00
3.702919162078162518e+00,1.045810325775311522e+00,-3.192909400784196272e+00
-4.937008625419431418e+00,-5.358827914336847797e-01,5.820442134231542664e-01
-4.935159056185119297e+00,-7.400389451188700285e-01,3.107208552082537656e-01
-4.894248213048618901e+00,-8.184748147460112477e-01,6.135416910829121218e-01
-4.370900496378218314e+00,2.172681673293109572e+00,-1.083828029392533310e+00
-4.471382465004182016e+00,2.099640282493079102e+00,-7.734659241269142838e-01
-4.328529877877356213e+00,2.390588342618811701e+00,-7.408889744476471195e-01
-4.342024709721175491e+00,-2.306536844218658455e+00,9.092355065837287587e-01
-4.353745935264407230e+00,-2.382956050508949986e+00,6.053237088628209417e-01
-4.213420039820889862e+00,-2.584026538738670720e+00,7.549161643056581106e-01
-2.779567878207760856e+00,-3.434744585381259707e+00,-2.340199146147550646e+00
-3.033418630220817480e+00,-3.362324345322361463e+00,-2.119704321522652535e+00
-3.023751322752535664e+00,-3.205608290124983828e+00,-2.362414745220294154e+00
3.916721659040983461e+00,6.981296813106276922e-01,-3.028515542914113734e+00
3.754556192323512231e+00,5.030649470616281871e-01,-3.263469542943989943e+00
-1.053197525899398218e-01,3.221361236628032199e+00,-3.822530514314399497e+00
-1.784996622442653474e-02,3.006499976424714227e+00,-3.995076879168157014e+00
-2.775840685882556280e-01,2.950972451259108009e+00,-4.026749145002181507e+00
-4.577599053592109613e+00,1.824705737851310516e+00,-8.461890301848218332e-01
-4.535839268330402518e+00,2.042715802994054641e+00,-5.034622926002270127e-01
4.701068267379578280e+00,1.640862696016363476e+00,4.555510490150082581e-01
4.795460216456563174e+00,1.367795456107511187e+00,3.642758606249094644e-01
4.737078495097633457e+00,1.595259136471986139e+00,1.234326487854615767e-01
2.155409030356175482e+00,8.337227804599792735e-01,4.433860421483871050e+00
2.311042662395567771e+00,5.189138492601298447e-01,4.403386223082598860e+00
3.832182474886756673e-01,-2.656984219725201157e+00,-4.218243548080524263e+00
1.252731482889040959e-01,-2.577530462488879515e+00,-4.282597734233235975e+00
3.143582373589811074e-01,-2.378973257855538481e+00,-4.386532245067026103e+00
-4.843611551433307127e+00,-1.099071043887268395e+00,5.757342957566303765e-01
-4.845730195928539707e+00,-8.951726298841712337e-01,8.470919849535920587e-01
-1.278152075730126791e+00,3.690818552367428396e+00,3.121567824796886992e+00
-1.307232389319868737e+00,3.880003011623684550e+00,2.869968660125787441e+00
4.936508785065098159e+00,-7.940055574961227824e-01,2.088515358753082266e-02
4.877597977401615381e+00,-1.099134614922981479e+00,3.067684999763675008e-02
4.920310581576989861e+00,-8.449109817186175597e-01,-2.768920616283223612e-01
-1.304127801832187572e+00,-8.399721600537727317e-01,-4.753282807368287344e+00
-1.225016707286587403e+00,-1.175619318368997801e+00,-4.702898391964931868e+00
-1.406151174329306475e+00,-1.040669061680696617e+00,-4.683988341039389880e+00
1.340419000516778869e+00,-2.617646552813712724e-01,-4.809860306526481999e+00
1.148553789211964160e+00,-5.658342097647579561e-01,-4.833286236128245150e+00
1.007039745445497347e+00,-3.039911455637829274e-01,-4.888093732173298456e+00
-3.219685657904807208e+00,1.489597201179495123e+00,-3.523453482383484658e+00
-3.052769146646875154e+00,1.788843444733817289e+00,-3.532794880475480070e+00
-2.933693851870055713e+00,1.573343640433415791e+00,-3.730687627315849131e+00
-4.451914185179586703e+00,1.888511355582724205e+00,1.270427072929368073e+00
-4.534696921448838403e+00,1.862769847057452965e+00,9.831644458054753510e-01
-4.592263120260049014e+00,1.583816261288806926e+00,1.184333350360690762e+00
9.652339469761609392e-01,7.496273757831206641e-01,-4.848338088982794503e+00
1.248394948658887227e+00,7.507390248747585204e-01,-4.783084879938162892e+00
1.199815745179476645e+00,5.231090926871968527e-01,-4.825639756008253123e+00
4.930391427578096675e+00,-7.471620564308713019e-01,3.646768875243012187e-01
4.975296558624828336e+00,-4.931097922221206464e-01,5.715668421627369267e-02
3.622297523531017860e-01,-3.257657213444074551e-01,-4.976210033881926620e+00
5.983033918200929280e-02,-3.254097889454266035e-01,-4.989040869723543992e+00
-2.878557861315139910e+00,-3.878474611820984741e+00,-1.292802894690785021e+00
-3.121388323729612058e+00,-3.669746973233573240e+00,-1.337868485661978912e+00
-2.949878639818348969e+00,-3.716486657241292235e+00,-1.576687330097787054e+00
-3.862538894428397818e+00,-1.665784960011965854e+00,2.702952784646040385e+00
-3.797937143586832320e+00,-1.983137193791842945e+00,2.577370816154110233e+00
-3.684368454501927737e+00,-1.851668754289063523e+00,2.827852880872812502e+00
2.988702349721312213e-01,3.065634033764485622e+00,-3.938599313673909474e+00
1.266681225749732576e-01,2.795544079636986812e+00,-4.143535746862808011e+00
-4.593826767464531891e+00,1.521610404276988460e+00,-1.257560101196915525e+00
-4.720254964848213497e+00,1.223945503643351085e+00,-1.105056772721206837e+00
-4.643129606837741896e+00,1.584323884197325949e+00,-9.650208723487230245e-01
4.885674238491927390e+00,9.959493383708284409e-01,-3.718496345769908284e-01
4.931459789756321932e+00,6.756311932418046506e-01,-4.735259578261635238e-01
4.873670740226169862e+00,8.797019703441977256e-01,-6.880828142279337145e-01
-4.478167791375859963e+00,-2.163247547670213322e+00,5.161136306886932035e-01
-4.349065068975847659e+00,-2.440249921010342327e+00,3.616812807198049873e-01
1.425440095495805970e+00,4.668219027243919683e+00,-1.084366934128270898e+00
1.218224320962837615e+00,4.652068042423303851e+00,-1.369011480038953010e+00
1.066950111995306649e+00,4.753327792510621208e+00,-1.125829629854939729e+00
3.994887718869790660e+00,1.227438767310754741e+00,-2.744861779056638973e+00
3.807836641818292733e+00,1.243106855793231658e+00,-2.992501537895318364e+00
3.890669626027897454e+00,1.511378871507667254e+00,-2.752893708057786881e+00
-2.068310543885772956e-01,1.075164614869031032e+00,-4.878651654491641843e+00
-5.029789974168796807e-01,8.154361470263475908e-01,-4.907349184466124115e+00
2.425355930005959504e+00,-2.722759568033651600e+00,-3.421144391496231840e+00
2.338606975999813820e+00,-3.041823946622231656e+00,-3.205967013174115365e+00
2.181523862433535577e+00,-2.903442178282905850e+00,-3.436710222727671571e+00
4.363556223606887663e+00,8.022616295612119419e-01,-2.305591759430837051e+00
4.303530063140656559e+00,1.106931860482850638e+00,-2.292232722018546553e+00
4.464864196953373998e+00,9.105633652252000942e-01,-2.058121002437335534e+00
-4.555448289298757558e+00,1.400739023620512613e+00,-1.511893207614770640e+00
-4.474722199971515657e+00,1.759812815735063429e+00,-1.371101778372672442e+00
-2.065309383425108225e-01,-8.103629657898757666e-01,4.929569639956778104e+00
-5.637173532369427198e-01,-6.252772454536698055e-01,4.928615537042569272e+00
-3.114060750737086103e+00,-3.839441123273325207e+00,7.492112530097471135e-01
-3.034835401378402686e+00,-3.828036655808638500e+00,1.065790527414181232e+00
-3.276151903015549927e+00,-3.671417926433374390e+00,8.874227390771827206e-01
4.135236826474804950e+00,1.245821588184073292e+00,-2.519473151153054147e+00
4.053239634679928649e+00,9.779356738985094388e-01,-2.759509065318753507e+00
-4.611873574258852138e+00,9.356975896717703023e-01,-1.689701794913920807e+00
-4.545316994878358940e+00,1.208816611931205598e+00,-1.696719132558219600e+00
-4.481755736266233470e+00,9.825516138285005363e-01,-1.987072682769234433e+00
-4.105455581583291824e+00,-6.154735227497200034e-01,2.786830961942370788e+00
-3.918553354286395507e+00,-6.821855094925354246e-01,3.029779289032328737e+00
-4.035849422735938496e+00,-3.625894557145946662e-01,2.929240229753543368e+00
1.304417050004870182e+00,-8.003229403936743536e-01,-4.760039847599620622e+00
9.696964180946610057e-01,-8.419327507631085838e-01,-4.832270491179777139e+00
9.319026493008540912e-01,-4.578545824667452635e+00,-1.780021231234694357e+00
7.180509363689575597e-01,-4.518334056979630198e+00,-2.017191166527770196e+00
9.906520082116022641e-01,-4.441910536377644547e+00,-2.070758166818035928e+00
3.909281272735217971e+00,2.286441788477788339e+00,2.118892134711958697e+00
4.053828534106584058e+00,2.286305836216370402e+00,1.827369650439185866e+00
3.876524163904718545e+00,2.524658281984555330e+00,1.897013696806013394e+00
1.609055808560924783e+00,1.244915025985490420e+00,-4.567398163398051381e+00
1.389137624075146293e+00,9.871556712958271529e-01,-4.700619144539083472e+00
1.236737747353532146e+00,1.237591604202866513e+00,-4.683892266638664204e+00
1.058263005449941119e+00,2.614009714718679156e-01,-4.879728367789503807e+00
1.340419000516769321e+00,2.617646552814319461e-01,-4.809860306526481999e+00
5.967653944047351944e-01,-3.703896077571547263e+00,3.305302544486823368e+00
5.454699912175334786e-01,-3.934861992217997262e+00,3.036333906354726775e+00
1.954970048066561938e+00,-3.082204239509391375e+00,-3.417324850978168627e+00
2.041714143964529882e+00,-2.763314917950663308e+00,-3.632560256701395485e+00
4.669776376898701620e-01,-6.294306102836976224e-01,-4.938192887356212424e+00
7.089619616563939131e-01,-3.038370627586292616e-01,-4.940147363816035586e+00
2.930697668468638106e-01,-4.871198420726658540e+00,-1.088823244457259420e+00
2.645443852328345849e-02,-4.825046452890323856e+00,-1.310811538754872885e+00
-4.706196880330635324e+00,8.828571188666529679e-01,-1.439539590019207393e+00
-4.644664829228617009e+00,6.571962355231544262e-01,-1.730659334514129677e+00
-2.907347511727576439e+00,-4.012833065646113972e+00,6.667092569543939806e-01
-3.147107369903484386e+00,-3.854568960393293775e+00,4.878661003510440519e-01
4.678124302458291361e-01,-4.601941576067048345e+00,-1.898232140854490435e+00
5.262523757939221447e-01,-4.464650558082723819e+00,-2.188596315263021452e+00
-2.540431372262898613e+00,-3.437344123341549817e+00,-2.594392765282804714e+00
-4.114224646652166584e+00,2.106946452917229706e+00,1.906287544264859912e+00
-3.956253040456897629e+00,2.330774901427569379e+00,1.978774933829223981e+00
4.229248043486371067e+00,7.604806810659562322e-01,-2.556390056386574905e+00
4.391498665214952801e+00,5.642501707377516329e-01,-2.323006934608181862e+00
4.840861524777951175e+00,9.507304320132852204e-01,8.137391127187659778e-01
4.834221066524931665e+00,7.568177353810540131e-01,1.028364524562786375e+00
4.901132222121109550e+00,7.164383916443818334e-01,6.823627864004622179e-01
-3.191856957164964204e+00,1.958043269843182221e+00,-3.313323968225780458e+00
-2.905508380656903533e+00,2.041632767731797582e+00,-3.519908619787778470e+00
-3.489284790137232140e+00,-2.070255283053199946e+00,2.922145567268558786e+00
-3.554417262099399899e+00,-1.753264668329142184e+00,3.048307879738939796e+00
4.763981163749283709e+00,1.201496783293982906e+00,9.278410161101062759e-01
4.828559606567821127e+00,1.160604763100271608e+00,5.813851646633012571e-01
-6.809565960919469196e-01,-4.604538297045020379e+00,1.826068231278505927e+00
-3.929452517455689353e-01,-4.567179882917748124e+00,1.996612617961238012e+00
-4.909906218976844983e+00,-1.099265778106398167e-01,-9.384759284837007609e-01
-4.892047115251148881e+00,-4.324698366025375718e-01,-9.385333572078831121e-01
-4.945956177852728786e+00,-1.919356704189846830e-01,-7.075861680256605446e-01
-3.822541521575513634e+00,2.308569296567109408e+00,2.249151866544098155e+00
-3.785335989350025354e+00,2.539934946543091154e+00,2.054254588667287162e+00
1.318700620873684226e+00,-8.615012945181532711e-01,4.745402426775932270e+00
1.207907898578612027e+00,-5.346090340232093618e-01,4.822359556201940123e+00
1.008442391248576264e+00,-8.502808043830719642e-01,4.822869114669247281e+00
-4.157105663428610209e-01,5.364516579598055390e-01,-4.953726308921705623e+00
-9.470404111517841117e-02,4.029560405622423236e-01,-4.982836298130900232e+00
-3.210860042780323553e-01,1.338822511608717958e-01,-4.987883250506256694e+00
3.012196075436686993e+00,-1.039929136778788621e+00,3.852949804189296668e+00
2.848026075954321001e+00,-1.335667671660965894e+00,3.886481614720955324e+00
3.060087821863769708e+00,-1.327333707558142395e+00,3.724788282743195289e+00
2.697620230310321165e+00,1.195484730686583008e+00,4.036540765521354324e+00
2.423683249514207549e+00,1.280921445148049953e+00,4.181506876400430173e+00
4.643270387137585331e+00,1.680932074131033405e+00,7.839052711193585932e-01
4.588840513371635232e+00,1.909769360836415242e+00,5.434369616152533444e-01
3.325879950109413841e+00,-2.726470849178328493e+00,2.550466480085752607e+00
3.151284372656919519e+00,-3.017671620865761017e+00,2.441938736182726277e+00
-1.597905381809920033e+00,-1.180412816562353751e+00,-4.588390128713798255e+00
-1.675590123486399463e+00,-8.436245131455750723e-01,-4.634727113746258453e+00
4.208834333041110654e+00,2.031212596615925126e+00,1.777607646350334303e+00
4.175297765251780646e+00,2.268877928547522682e+00,1.555339678923348679e+00
-1.630261704295554059e+00,-1.472857671279891090e+00,-4.491429288729739788e+00
-1.900619736110360058e+00,-1.276116215657970177e+00,-4.445129022069276736e+00
3.317472927952000994e+00,-3.208476912843978290e+00,1.923551213784742586e+00
3.552594430640649836e+00,-3.043956477082313317e+00,1.764483430641861306e+00
-2.169942198295660596e+00,-1.704696370979801090e+00,4.169575654526979314e+00
-1.895140161394437861e+00,-1.608692836325652298e+00,4.338265912438331817e+00
-2.077770507572138214e+00,-1.375693687019048594e+00,4.334782185688151657e+00
4.676059572211715754e+00,1.450516645795007165e+00,1.015119863562318203e+00
-4.147989548654806846e+00,-8.903413331412056708e-01,2.646030047968245036e+00
-4.265493845002179540e+00,-5.708280394220744958e-01,2.545528944572830632e+00
-2.913705897454105465e+00,4.026701119104029836e+00,5.440551815280472159e-01
-3.062810717153913398e+00,3.946367558142909626e+00,2.130108141017652834e-01
-3.174502847927606730e+00,3.831025044569996485e+00,4.957608056078716130e-01
-4.978778451838435259e+00,-3.865258546832965603e-02,-4.585532740542724861e-01
-4.965696081014092655e+00,-3.614719061076772100e-01,-4.595655471161464445e-01
4.130622572238709544e+00,2.496525727586853094e+00,1.305877657825953664e+00
-1.242384035174165735e+00,3.507227508170945196e+00,3.340035496079851729e+00
-1.500141565188460868e+00,3.526845760110500994e+00,3.211064351392618477e+00
-5.619223311888807970e-01,4.017063028900317967e+00,2.923601873640366389e+00
-8.101822041546852260e-01,4.105816769415596035e+00,2.736032428911751246e+00
1.431792005244395094e+00,4.523010345935324139e+00,-1.578717537838944640e+00
1.073094688516863071e+00,4.606921060364530085e+00,-1.620106827664972160e+00
6.734230788982720206e-02,-3.519024789497421146e+00,3.551327856516588000e+00
-2.365273029050237175e-01,-3.647496416399027108e+00,3.411718735085988108e+00
3.029561435876312103e+00,3.818517467873620230e+00,1.113858991881419902e+00
2.808775805577462759e+00,3.985113212524113102e+00,1.108896369084336531e+00
2.880846046826150086e+00,3.849441288666875849e+00,1.372052411386983417e+00
-4.691170697898359165e+00,2.601598977165217597e-01,1.710331637665617466e+00
-4.572567692572832243e+00,1.073760342932487122e-01,2.019924524356941475e+00
-4.580982782908303186e+00,3.839672006551031469e-01,1.966511106380736784e+00
-7.951522274906483445e-02,-2.939435539230749406e+00,4.043933238823114173e+00
-4.516853633427724279e-01,-2.923164576010927718e+00,4.031263969786246015e+00
-2.964111737954534531e-01,-3.133393693291423254e+00,3.885097730931712068e+00
-4.480531532953199836e+00,2.071337700175134078e+00,7.964906239531213128e-01
-4.622809280866995607e+00,1.767491236339084004e+00,7.110619397735364888e-01
1.500090995732081822e-01,-4.653412959553082651e+00,-1.822976987761681933e+00
3.770298450457154615e+00,2.932859754561276233e+00,1.477559898804495786e+00
3.714745195886857143e+00,3.110011070648964981e+00,1.236324904738393737e+00
3.567696597582162177e+00,3.126238086408020145e+00,1.580562056577528907e+00
1.621220553605732695e+00,7.588418447839554437e-01,-4.668597537930551766e+00
-4.450611018419267317e+00,4.981815063708613378e-01,2.223483022070344983e+00
-4.572462493344273682e+00,6.512647593004905477e-01,1.915317456781812089e+00
7.512520460836038527e-01,9.439547936253946947e-01,-4.852274694496060192e+00
4.316082473955422660e-01,1.166969936320137347e+00,-4.842715714194373966e+00
6.950204634606205190e-01,1.202043827760499894e+00,-4.803336048155893323e+00
-4.762436367226077771e-01,-2.945978001817798120e+00,-4.011783345506938048e+00
-4.622863377793865469e-01,-2.734872186798799287e+00,-4.160140077422499694e+00
-2.578379271534455008e-01,-2.937637093626960016e+00,-4.037797408175422653e+00
6.773872842884015588e-01,1.476425320700297750e+00,-4.728775183858861197e+00
9.968576996344766794e-01,1.252868568265398830e+00,-4.736728309427517658e+00
-1.659461694354787520e+00,-1.115469831242257737e+00,4.582784518233157023e+00
-1.747747547706421045e+00,-7.797203734108270057e-01,4.619243947744508638e+00
-1.888296562479885532e+00,-9.413409192814814475e-01,4.533013717805511433e+00
-2.115036416044723921e+00,-8.048901795346048438e-01,4.458561736445222579e+00
-2.028015730965107011e+00,-1.141358700084964095e+00,4.425432466177562141e+00
-3.498124156442596444e+00,-3.487234677202763589e+00,7.760938681804563366e-01
-3.421071040978955313e+00,-3.478628879822706743e+00,1.093349920674340003e+00
-4.372090464139180455e+00,1.861895313797522489e+00,1.555046884772955940e+00
-3.270546583562034204e+00,-3.622877551812555996e+00,-1.085487581376851418e+00
-3.340588641806603754e+00,-3.459332140673875955e+00,-1.368754421630632656e+00
-2.683531456738167176e+00,1.634177051969861960e+00,-3.889488948886707487e+00
-2.852677182207261186e+00,1.336308939166359622e+00,-3.882848350530589521e+00
3.966788947209713090e+00,2.718859106431104067e+00,1.368353246669700374e+00
3.819421212599147353e+00,2.734835106217865963e+00,1.712512348144086705e+00
2.891366514285480971e+00,4.035239858227717136e+00,5.973599975215739821e-01
3.148484071135977391e+00,3.834281929289288016e+00,6.207496601115737311e-01
3.084360561089430686e+00,3.918075678812490192e+00,3.679713362398368548e-01
4.867487187495263434e+00,1.115921576152412165e+00,2.495746690811466439e-01
-1.389055146069985591e+00,-1.652081948480892404e+00,-4.510116521408296109e+00
-1.692198265861547979e+00,-1.748063895251564359e+00,-4.368150369107397957e+00
-1.140588664114428497e+00,-4.265286624608291888e+00,2.346569306291904411e+00
-1.187308237043340542e+00,-4.402596533058504846e+00,2.051205235306859276e+00
-2.090819200930805533e+00,-3.763662159581536049e+00,-2.542306475929509091e+00
-2.074182486081988852e+00,-3.560386755678991211e+00,-2.832209943562864485e+00
-1.853795830171598435e+00,-3.727946037850754735e+00,-2.768728834485467249e+00
7.688104304423126756e-01,4.811926858987051858e+00,-1.119951081879077881e+00
9.770434314212133042e-01,4.831748046520780271e+00,-8.364191222463090991e-01
-2.990708376381340017e+00,-3.549220698514410355e+00,-1.859756930536722530e+00
-2.749873715046224909e+00,-3.760511052122083253e+00,-1.815695783485089754e+00
3.147793450057753351e+00,3.778316818564251722e+00,9.031713095133292457e-01
3.219963302446954945e+00,3.643000106698176754e+00,1.166356100636495974e+00
-3.728681900698737728e+00,-3.044720046506951050e+00,-1.351521779994814487e+00
-3.547588094014677562e+00,-3.256410968072456225e+00,-1.345513404698266635e+00
-3.672168367871050609e+00,-3.202192666659173792e+00,-1.123005611562769568e+00
-1.738026902106375005e+00,-1.864583490596812387e+00,4.301463808303903846e+00
-1.645045062619432619e+00,-1.535130151556558742e+00,4.465109423041429437e+00
-1.709960129324012978e+00,3.339069353843342913e+00,3.305548699739031537e+00
-1.746177921350063444e+00,3.523565054539189223e+00,3.087936523541216616e+00
-4.338442163505058957e+00,4.633287436026979345e-01,2.441975853540139685e+00
-4.330315703834341612e+00,7.304050572389515494e-01,2.390580339056909587e+00
-4.715043316984515620e+00,-1.379353887893416619e+00,9.304565389705082845e-01
-4.756997407450738180e+00,-1.412775342335564011e+00,6.124063174033940182e-01
-4.674378688977498086e+00,-1.616235389212508533e+00,7.334623635130083086e-01
1.638420157868555549e+00,-8.167142362924378896e-01,4.652801010415902105e+00
1.438992453907439684e+00,-1.132333959055330963e+00,4.652646614859926366e+00
-4.187455777023955328e+00,4.815479323248890164e-01,2.689484282226302092e+00
-4.309303604631473661e+00,2.493936540417938941e-01,2.523431245037968118e+00
-4.709459485722001126e+00,1.528920971266883200e+00,-6.952639901241766118e-01
1.997487395924126830e+00,-1.083031749059301552e+00,-4.453884409552385293e+00
2.112274969601028118e+00,-1.344153372775880984e+00,-4.327995628839312658e+00
1.805725589914974227e+00,-1.342000690028108734e+00,-4.465242349737615690e+00
2.230971144573302284e-02,-4.999470208239658930e+00,-6.928140947835985386e-02
-2.461625358676734765e-01,-4.985724041798951234e+00,-2.862861941539003308e-01
1.179595653533639481e-02,-4.987316298455572117e+00,-3.557203881826690450e-01
-4.965646766818887947e+00,1.991175880109362362e-01,5.501857625619143155e-01
-4.921173839058757160e+00,2.349564435784514405e-01,8.525511805074543759e-01
-4.920304543113375395e+00,4.979118325952568980e-01,7.366729328402876753e-01
3.586415715028170581e+00,-3.324868388721738732e+00,1.040611607026310725e+00
3.394434775929991766e+00,-3.531476276800930236e+00,1.003238684635586742e+00
3.570156467651445009e+00,-3.414577938127927759e+00,7.711292375060019300e-01
1.402378251316076371e-03,-4.961670535065715981e+00,-6.179187121263931548e-01
2.698109454972177357e-01,-4.976585750689864973e+00,-4.009941641975400817e-01
-7.628562227198312229e-01,1.657071811737471423e+00,-4.655337087064987500e+00
-3.829061259751163071e-01,1.620629592913878758e+00,-4.714545855250802830e+00
-3.396700215914145282e+00,3.645351488779280391e+00,4.169414424874061664e-01
-3.248505672550188184e+00,3.726625545052483446e+00,7.479792392650552735e-01
7.057159946304139009e-01,-7.723124344123717400e-01,4.889324947124586984e+00
8.155728578340223356e-01,-1.098611718066726528e+00,4.809146827295973203e+00
-2.085925549322408923e+00,-3.951980297248593565e+00,-2.242936988157028466e+00
3.149039310098090017e+00,-1.542573461163374571e+00,3.564269706457606546e+00
3.313186440014582068e+00,-1.246721634147771596e+00,3.531073601704078246e+00
-3.233203116844518998e+00,-3.318131083945759396e+00,-1.880532827413504693e+00
-4.845261129636774022e+00,-9.268859048618366403e-02,-1.230793813286634508e+00
-4.896824983581484325e+00,1.481126869545780211e-01,-9.995837694437086363e-01
4.836232389550084498e+00,8.054617794793192953e-01,-9.808606404911379695e-01
4.791593253178056955e+00,1.125915457461393876e+00,-8.791748851895324623e-01
-4.908106973447547539e+00,-3.417998731019393499e-02,9.535814939809977853e-01
-4.861159510706893450e+00,2.644978254444013688e-01,1.139810998279582765e+00
-4.558288398937699881e+00,-1.844310688952410127e+00,9.058283251951602111e-01
-4.597051034386977264e+00,-1.876797159015024530e+00,5.871577395851577119e-01
-1.631569516197516556e+00,-3.680309725246042607e+00,-2.965350104131786679e+00
-1.649873854798714845e+00,-3.886750517183392262e+00,-2.677888474232312355e+00
4.962700867987681619e+00,5.647692456372851444e-01,-2.294249203042286467e-01
4.949916665173866193e+00,4.483180622194187226e-01,-5.452851757767223084e-01
2.175504700743531306e+00,-3.006142438025661834e-01,-4.491860457924512495e+00
1.899313930768560033e+00,-3.005743240896524560e-01,-4.615437321434072260e+00
3.674910165920425076e+00,2.734800694072756944e+00,2.003971166487651168e+00
-4.314398838852047113e+00,-2.238140617293326251e+00,-1.173324011743543505e+00
-4.299032077879271441e+00,-2.115944117494842125e+00,-1.428672000496969074e+00
-4.166826388321308805e+00,-2.370526543660115504e+00,-1.420620200965769575e+00
-3.200549133939279312e+00,-3.017324742292688100e+00,-2.377443299174324842e+00
-2.948052371937327276e+00,-3.091210895096791145e+00,-2.598730923806771287e+00
-1.318486292489974288e-01,1.172339972403043218e+00,4.858830613231047479e+00
-1.104043775780499947e-01,1.482802307252674368e+00,4.773793899093020876e+00
-3.728231539855415000e-01,1.294012140563149282e+00,4.815239918833479571e+00
1.988048970185721936e-02,-4.831395628235340745e+00,1.287330979040609780e+00
3.322482051036048656e-01,-4.818480942151643909e+00,1.293001369035177150e+00
2.201922570980199279e-01,-4.765043283584460276e+00,1.498625328586404626e+00
-3.622587823627502424e+00,3.409886222429760583e+00,4.995331922800017033e-01
-3.548686523606833454e+00,3.513649953570801454e+00,2.471597882810817048e-01
-4.785219426056189107e+00,5.351306090139502647e-01,1.347334507756274613e+00
-4.777838239388344732e+00,2.661946645619476248e-01,1.449621384637117316e+00
-4.524418465300018566e-01,-3.291997897956925545e+00,3.736046870069445802e+00
-8.036992903279785438e-02,-3.307861721523210896e+00,3.748545251932910105e+00
4.821108564895321358e+00,-6.731387061883596923e-01,1.141839081361304187e+00
4.737181765910812636e+00,-8.387611408131874224e-01,1.362199935906574177e+00
4.781760348166624652e+00,-9.773050860196154099e-01,1.086113595137082388e+00
2.511064020529646168e+00,-4.323679458809529308e+00,1.879952845212318202e-02
2.309088498046429017e+00,-4.430667054894232848e+00,-1.931314497034261890e-01
2.548772374697862553e+00,-4.296304014800258919e+00,-2.133803983223239442e-01
-4.768662305921719913e+00,-1.023838323554398209e-02,1.503248145713165007e+00
3.223612325499994657e+00,3.820238191333899636e+00,1.187591527353438897e-01
2.967720147277205456e+00,4.022869475893182667e+00,9.569904582529678572e-02
4.018801233823429797e+00,-7.348389967902636544e-01,2.882576675791219678e+00
3.849830819015056971e+00,-8.667426421020570926e-01,3.070433170958749791e+00
3.954484310969212491e+00,-1.076741729919278523e+00,2.864032311505718909e+00
1.839421621151471786e+00,7.518755657532936176e-01,4.588159896218052758e+00
1.949555287983838925e+00,1.071392709891054729e+00,4.477873584670134299e+00
2.535132725684793975e+00,-4.282887369135231381e+00,-4.795600551170676185e-01
2.737098907298909811e+00,-4.175715606150232517e+00,-2.677475456778560803e-01
-3.140873197344773438e-01,4.001837353525385943e+00,2.981047961960851644e+00
-2.874828461740813190e-01,3.844336445229698640e+00,3.184090279661419665e+00
-1.979288096279278181e-02,3.970020177709469689e+00,3.039497989873140682e+00
-3.662260778337193212e+00,2.303956493324685439e+00,2.505919086546903873e+00
-3.491850205813808117e+00,2.314140495290875510e+00,2.729786788050115653e+00
-3.480993658980025440e+00,2.527678976701247304e+00,2.548239026638472016e+00
-2.148007330445792284e+00,2.053709295278396407e+00,4.020987769048577576e+00
-2.127148333679691916e+00,1.789100227376780206e+00,4.156243537489600293e+00
-1.908772866456257100e+00,1.914432875422394487e+00,4.206130396193430876e+00
-3.511208797810581927e+00,3.559666505669199399e+00,1.368015330336799437e-02
-3.735234179830411172e+00,3.322460789583385310e+00,9.633235960766697858e-02
-2.358194554107605700e+00,2.212482374489132209e+00,3.813638707003084605e+00
-2.140987350126553057e+00,2.338975565145513968e+00,3.865923754065812457e+00
3.339661604719792898e+00,3.659607454057205889e+00,6.737459819318794008e-01
-2.351637973233945189e+00,1.695401400162361849e+00,4.073746793207899231e+00
-2.111571564409491231e+00,1.555278821411320678e+00,4.257038091918683875e+00
-5.047888538088964872e-01,-3.123993044414220321e+00,-3.871156890584760646e+00
-7.093182460544751322e-01,-2.922108595894342020e+00,-3.994765197056592942e+00
-4.428580815518955660e+00,-1.857991538495151085e+00,-1.391236645325979904e+00
-4.283350047699576280e+00,-1.991394034992449935e+00,-1.639287090862526552e+00
-2.944263947292467543e-01,4.144934035520467575e+00,2.780797536547878757e+00
2.306575669188197786e+00,-5.650536246920914163e-01,-4.400048077411352843e+00
2.459674693119282107e+00,-2.644762842524127633e-01,-4.345118260657193865e+00
4.952035135230182239e-01,4.875808030838474139e+00,-9.905904939002312393e-01
1.838809076396573094e-01,4.913189465653148957e+00,-9.092618359969472097e-01
3.680001904806343704e-01,4.929771096711279554e+00,-7.496217671841437502e-01
2.824235806951095329e-01,4.965390040163343954e+00,-5.149161777551900521e-01
5.937748203229640254e-01,4.928657830546638863e+00,-5.964590951119174145e-01
-3.419696857342358509e+00,1.891707329607022148e+00,-3.118832599386165416e+00
-3.539160957822597542e+00,1.627159245076982508e+00,-3.134755573531171624e+00
-3.622194628430489782e+00,1.814955563071150912e+00,-2.930126682900654700e+00
1.068711155444658223e+00,-4.302304965054730701e+00,-2.312580475117257617e+00
1.282749855003473494e+00,-4.364022858361801482e+00,-2.076019581117736656e+00
3.582111723445552176e+00,-3.233531194232791783e+00,1.308721367089799248e+00
3.758275819698719378e+00,-3.117035899622691897e+00,1.076777629564838801e+00
5.582969624078368276e-02,6.639192338527815096e-01,-4.955410608207760248e+00
1.503939460872426026e-01,2.617646552810403149e-01,-4.990877771116609907e+00
3.218089186118334721e-01,-4.683580881938008034e+00,1.720613013506140154e+00
9.406898460230421824e-03,-4.696763138934923809e+00,1.714738326102125177e+00
-1.889386192570577938e+00,2.395715307269260741e+00,3.961157404325080122e+00
-2.098304612571474159e+00,2.553474727495207208e+00,3.751917452304161849e+00
-1.753823767002841150e+00,-4.634604913405817150e+00,6.667379477205535032e-01
-1.846579149837230149e+00,-4.629958209349266163e+00,3.919597212287829757e-01
-1.577778662137139687e+00,-4.723758037867377801e+00,4.435363491170458139e-01
2.154546230514152949e+00,-4.465697920648241670e+00,-6.445716578435866095e-01
2.082211654028538916e+00,-4.532548325580825654e+00,-3.469874696616435106e-01
1.889710426800129017e+00,-4.594385472028209350e+00,-5.662301981164514775e-01
2.084717242487239997e+00,4.176634591855783896e+00,-1.791557284875385125e+00
2.197961670604448692e+00,4.000885118077022184e+00,-2.040069304338337997e+00
1.974498625340384672e+00,4.116159948056061779e+00,-2.039260272880352609e+00
1.845918771494609922e+00,4.069331219230971186e+00,-2.243463241784006801e+00
1.732681014457610802e+00,4.244835912211220474e+00,-1.994789357436038690e+00
-9.584452688393597652e-01,-7.811059119257909300e-01,4.844714255866287012e+00
-8.803314242885741381e-01,-1.134459479676101390e+00,4.789365122057732904e+00
-2.801275174740110341e+00,4.070241187586642440e+00,7.655024952657142334e-01
-2.690703134627386639e+00,4.186497982340815049e+00,4.830644730909520179e-01
-8.866114940618782247e-01,-3.611073177927772271e+00,-3.342763910635626168e+00
-1.213927464850881321e+00,-3.582011475829514513e+00,-3.270408827212031078e+00
-1.067180622520589761e+00,-3.457491859574842952e+00,-3.450634080845180307e+00
-1.253561818695021479e+00,-3.309392585991661306e+00,-3.532209432988572928e+00
-9.263859333580153343e-01,-3.338701185163810869e+00,-3.604841674562443643e+00
-2.349291543224459211e+00,4.287683428614227132e+00,1.047186736413798114e+00
-2.303048722357960099e+00,4.240566448765695995e+00,1.309031235703739471e+00
-2.080334658320018626e+00,4.401432532591196711e+00,1.139999723877322957e+00
2.372259352065391180e+00,-1.335660975193632138e+00,-4.193852086791221900e+00
2.181322852504850918e+00,-1.594997293125329119e+00,-4.206877018414369118e+00
-1.654281803134181605e-01,-4.784173528370779804e-01,-4.974309032786619511e+00
-2.250947473997279014e-01,-1.528882920266255163e-01,-4.992590262063795414e+00
-1.231426207195908118e+00,-3.789479890623462577e+00,-3.020501887897355964e+00
-1.412260332674891705e+00,-3.636046133264920321e+00,-3.128048795898526357e+00
-3.397597913493824784e+00,-3.302184866854788403e+00,-1.597467847356443649e+00
2.501230681331744421e+00,4.000959812303078955e+00,-1.654135925219101244e+00
2.265702950122161052e+00,4.180987958036396890e+00,-1.544645537514149902e+00
2.458994557679380577e+00,4.120275542457457085e+00,-1.405942822283356097e+00
-7.291803712288196238e-01,5.467535061038992783e-01,-4.916233984441515048e+00
8.094064501503366316e-01,-1.097887578690962096e+00,-4.810353839689043731e+00
6.531624657507449916e-01,-8.631040394798824567e-01,-4.881437309888135623e+00
1.586363137606465745e+00,-8.021267678618078101e-01,-4.673333354675540008e+00
1.408021923576167067e+00,-1.078493703396907977e+00,-4.674861024079977057e+00
1.218091686859403389e+00,1.511288061423981421e+00,-4.607847766343996732e+00
2.557561731538422922e+00,-1.048427552796583173e+00,-4.166494648491361197e+00
2.628942504542428615e+00,-1.300544876012289075e+00,-4.049351100273766768e+00
1.655966615609239634e+00,-3.142549163023772962e+00,-3.518829255017394519e+00
1.793637352558007381e+00,-3.280349017559275104e+00,-3.319966170084659218e+00
-4.413361943242087193e+00,2.345877774078912736e+00,-1.381804147663627802e-01
-4.249977311670267710e+00,2.633788691475348553e+00,2.915439837390962352e-02
-4.260701574194649233e+00,2.603388799338665294e+00,-2.622762954085285925e-01
2.882263649190477395e+00,-1.292251177657489425e+00,-3.875905462004720636e+00
2.696659118151675472e+00,-1.579426210282053100e+00,-3.903004284748288644e+00
3.738343216952550563e+00,-7.295187802382363529e-01,3.239227121018927846e+00
3.672716576890918461e+00,-1.070997655032796647e+00,3.219334864338425195e+00
2.161907061028369270e+00,-8.427333425206881001e-01,-4.428990672024450070e+00
1.855449613611122484e+00,-8.406593613384751862e-01,-4.566245566057997252e+00
-5.831639893820443898e-01,1.521748674570565951e+00,4.726965277313843750e+00
-6.050424700985029824e-01,1.211683157954529522e+00,4.813080877577940342e+00
-3.309024104469932670e+00,2.704312748114003018e+00,2.595583178483218845e+00
-3.480080702136040038e+00,2.694638293679714636e+00,2.372332770261204260e+00
-2.622791251636917398e+00,-4.140330573482636112e+00,9.892566869229639792e-01
-2.681945816392244275e+00,-4.157999849759540290e+00,7.198637977671711319e-01
-2.430069059062727188e+00,-4.299417815952372379e+00,7.808782312610113019e-01
4.479619405992013581e-01,8.005091680990141789e-01,4.915131246626484263e+00
5.977398962327326037e-01,5.225715394152137261e-01,4.936560138663854680e+00
7.482187657672627612e-01,8.014086293994966415e-01,4.878310454171375987e+00
2.017599473728481918e+00,-1.064788652863200236e+00,4.449215378956645317e+00
2.177157505403723103e+00,-7.914498709445106917e-01,4.430980963448856613e+00
1.919087646256273594e+00,-8.145366743951425459e-01,4.544626784682308518e+00
2.322560093102707501e+00,2.593871289942081049e+00,3.588529830604859860e+00
2.099943864044297115e+00,2.525252318432251286e+00,3.770057890286997448e+00
2.332968828878567269e+00,2.327549807253642467e+00,3.760288331795116346e+00
-3.289977796586931014e+00,-2.255138102414429024e+00,3.015028729051127065e+00
-3.416740564510657663e+00,-2.351704180113221021e+00,2.792019227022872307e+00
-2.028946276493927225e+00,-3.680283830695616043e+00,2.709038193274843742e+00
-2.022573526890718121e+00,-3.486072153185259648e+00,2.959137927016437075e+00
-2.249189746036239335e+00,-3.509330511963911547e+00,2.761475121040302128e+00
-5.460653359199059143e-01,-1.913882972712866934e-02,-4.970054964897607341e+00
-4.429780660239384993e+00,1.448363511704987783e+00,-1.810880018148830484e+00
-4.803370861354038013e+00,-1.335809358010605408e+00,3.784728885220988159e-01
-2.574712669614904303e+00,4.177265093106374394e+00,9.598494730109969897e-01
-2.353102489183656942e+00,4.340110490174714286e+00,7.914225220911265124e-01
-1.613986931210976250e+00,-3.472515852405802406e+00,-3.215070736495633241e+00
-1.104382270736542271e+00,-1.589453277137824028e+00,-4.610203691799163117e+00
-1.167320063251957141e+00,-1.865580976012041869e+00,-4.489651600277175802e+00
9.086128273984813708e-01,-3.640812431498084756e+00,3.304377031837610890e+00
6.836381927828751870e-01,-3.505975345350522243e+00,3.498681994574935672e+00
-2.495547635209101500e+00,-3.769565252189912008e-01,-4.316265258125024928e+00
-2.417015445612543889e+00,-5.853323579011807110e-02,-4.376598016265411673e+00
-2.240036311581561801e+00,-2.683515359050842597e-01,-4.462087490847020277e+00
-3.275305356722785000e+00,2.146142198776960441e+00,-3.109091263191196219e+00
9.282706214374243370e-01,3.837375187277110467e+00,-3.068039329188291919e+00
6.545408166223875002e-01,3.825862372288699742e+00,-3.151880934883293239e+00
7.302449057565707502e-01,3.994393402543755300e+00,-2.917458435579074028e+00
-3.460435768655766520e+00,-1.516395432040989588e+00,-3.275046440081879950e+00
-3.266989361813693371e+00,-1.721561088799465233e+00,-3.370906098859438593e+00
-3.448542143625472622e+00,-1.787014898578435540e+00,-3.148671916204947685e+00
4.095686326038658009e+00,4.810959809610725890e-01,-2.827348612358063562e+00
4.088364048895292591e+00,7.412922361096696555e-01,-2.781324365187207270e+00
-1.461604338218840615e+00,1.200980562598600310e+00,4.628321342210393041e+00
-1.266421499553365360e+00,9.514729235390588791e-01,4.742454624057149459e+00
-1.170483766048664220e+00,1.219191475990632600e+00,4.705692286825426507e+00
3.524892407318463983e-01,-4.888807044722389250e+00,9.875813964636116493e-01
5.530777888673250597e-01,-4.822585289335853176e+00,1.198655950030307560e+00
1.751294806751665378e+00,-5.621581211664502531e-01,-4.649402622558220344e+00
1.629168865876596151e+00,-2.617646552813716609e-01,-4.719882209515803950e+00
-2.715494882018341993e+00,-4.173218883922589661e+00,4.586193330029603166e-01
2.738201709343804691e+00,2.415036511766410210e-01,-4.176592796217391879e+00
2.851574210556226951e+00,5.031733746311397582e-01,-4.076191982322832530e+00
2.958913508172938744e+00,2.617646552804691606e-01,-4.021978383382686317e+00
-3.900695307630675401e+00,-2.020803148483807654e-01,3.121496382086452304e+00
-4.086407788128897600e+00,-1.350208432904670686e-01,2.878027234234696863e+00
1.574439143728289414e+00,4.386632510124307771e+00,-1.810689538219253381e+00
1.718804893752478247e+00,4.428961852819417899e+00,-1.558847857708675955e+00
-1.804819283872621360e+00,-2.162872062979678045e+00,4.130933525456873312e+00
-1.557893102581442868e+00,-2.092551131595260294e+00,4.265465841216943055e+00
2.445351342207774614e+00,4.198907380057351091e+00,-1.178742392069848988e+00
2.680904692631638220e+00,4.019050804390423615e+00,-1.288402367567813123e+00
-8.923772364932168466e-02,-4.992712379288461122e+00,2.546757278926351509e-01
1.688382560658626685e-01,-4.993700105035092207e+00,1.856149354474179447e-01
-4.977081717733432775e+00,2.475017178527195161e-01,-4.091460309761900671e-01
-4.996793555890349126e+00,7.781568683137418674e-02,-1.612416779112424980e-01
4.193754788415272827e+00,-2.622251050551324680e-01,-2.709918590829399232e+00
4.091867210239750641e+00,-5.283922236814193596e-01,-2.824433463850364312e+00
4.020757494911536334e+00,-2.661747885662382740e-01,-2.960179073813681505e+00
-4.262518938972644555e+00,2.590873888055480911e+00,3.439546352236034221e-01
-4.105302611473199192e+00,2.845707896606633813e+00,2.200841553178873311e-01
-2.025148501992883432e+00,-2.106037217126110472e-01,-4.566663948362828407e+00
-2.103272327664884145e+00,-5.287864759355924704e-01,-4.505178173895762583e+00
4.147048518205322942e+00,-7.851788805692047069e-01,-2.680575071352997440e+00
3.973599521376705024e+00,-7.890619758857163601e-01,-2.930509860404183264e+00
-4.105666063668274468e+00,2.830474495530845847e+00,-3.632083476354300289e-01
-4.271508075926450765e+00,2.544145513603663478e+00,-5.306056566843804223e-01
1.861119848826511491e+00,2.710259499283988571e+00,3.767058050368335742e+00
1.871971382258650340e+00,2.444461014021607870e+00,3.939585447091240589e+00
-9.250466040574384374e-01,2.632749765695407973e+00,4.148845315452550864e+00
-1.168284416488185817e+00,2.702594558278856418e+00,4.041174850925455253e+00
-1.179071525487701111e+00,2.454620687565712167e+00,4.193402868549424234e+00
3.835455287801830870e+00,2.617646552808073346e-01,3.196992649431447120e+00
3.721707694237286645e+00,5.191531613042092985e-01,3.298389278687831272e+00
3.635532246228167619e+00,2.573825441109888756e-01,3.422960635564208154e+00
1.797759492813212567e+00,-5.432011937708869365e-01,4.633896121956755820e+00
4.207285620453576347e-01,-4.980865825755103948e+00,1.181655741075730570e-01
3.090657185949369778e-01,-4.970827847342105699e+00,4.419829110696894547e-01
2.319204799717768495e+00,2.833859142212865390e+00,3.404486959743366015e+00
2.552784157947303623e+00,2.636781970892993154e+00,3.395684596794428245e+00
-2.106452032154555454e+00,-4.521332517053773259e+00,3.470044761442381831e-01
-1.930488266905027395e+00,-4.610627148291190025e+00,1.238238700020020677e-01
1.817154612316560641e-02,2.557979362915251631e+00,-4.296092570442492153e+00
3.349002735743869530e-01,2.620940513797000548e+00,-4.244821860796671231e+00
1.878858195542970178e+00,-3.412988695106557557e+00,-3.133911301890315748e+00
1.578902002897520918e+00,-3.471392699080183331e+00,-3.233651371749743042e+00
3.631320377803000543e+00,-2.667413701510133461e-01,-3.426712908196809515e+00
3.417168994986861552e+00,-2.667202117872162770e-01,-3.640304436214733208e+00
-2.225804791410399108e+00,-5.549664243351294379e-01,4.442724985681106631e+00
-2.087853581402340009e+00,-3.014833271080591404e-01,4.533208050167262471e+00
-2.339188326559991093e+00,-2.522260163243067455e-01,4.411868086148388102e+00
3.790973892023344671e+00,7.767350341245735645e-01,3.166259565601163839e+00
3.591103874395398687e+00,7.723421620198839266e-01,3.392264811017679627e+00
1.132852033484095688e+00,3.664092689645430667e+00,-3.207969923786359701e+00
1.208718538331608805e+00,3.833287218449513034e+00,-2.974039104646254650e+00
-3.456126812160178474e+00,-1.237136139051044470e+00,-3.394802149127603919e+00
-3.638061317973347641e+00,-1.302733739916312583e+00,-3.172915796164418545e+00
4.807978044513040672e+00,2.649683966853971784e-01,-1.346528452071670268e+00
4.837131289014690694e+00,5.447106458769584991e-01,-1.142563435920910031e+00
4.892106649178039390e+00,2.794929288310106785e-01,-9.945733938737179036e-01
3.715731131808089671e+00,-5.328960089623219210e-01,-3.302932636271016076e+00
3.834142175352149184e+00,-2.661691279672867561e-01,-3.198203835671363571e+00
7.226945302615372935e-02,3.209315857950160389e+00,3.833414776680045932e+00
-1.888530619844547009e-01,3.308942810286022773e+00,3.743692294945663690e+00
-1.794713769652772350e-01,3.077677459968383378e+00,3.936456716039533177e+00
5.670877828943833299e-01,-4.927118263398584830e+00,6.339692934015344061e-01
3.154116498712095651e-01,-4.940445062081982641e+00,7.017963234979822662e-01
-3.095162683270583859e+00,-2.451464062043236858e+00,3.067619910712491738e+00
-3.169690624121211719e+00,-2.171505323893004213e+00,3.199629037195159675e+00
3.060882968995053410e-01,-8.846493104801141927e-01,-4.911588902989359795e+00
1.513838671919884860e+00,-1.327765843193942752e+00,-4.576606858912760423e+00
1.231341295178685291e+00,-1.325506112735386210e+00,-4.661205011570377366e+00
-7.365541843266031341e-01,-3.967940036380155355e+00,-2.951768927481015048e+00
-4.510919110788175757e-01,-4.042972666266425819e+00,-2.907041125884153754e+00
-6.673415038181065295e-01,-4.147254648443525760e+00,-2.711998192891241999e+00
4.887276174121734762e+00,-5.776324367796564774e-01,8.836698285230881744e-01
4.843763132808668104e+00,-4.391429068347974529e-01,1.159789731210033370e+00
-1.864480784469142671e+00,1.824445040839562049e+00,-4.265572845152367343e+00
-2.140926981077188263e+00,1.867470376530216081e+00,-4.114484907552561133e+00
-1.924989337859229765e+00,2.088497988938415872e+00,-4.114923109771125631e+00
-2.022830999895590398e-02,-5.824270300987669513e-01,4.965920817943527688e+00
1.142899459492022068e-01,-7.523017632024785462e-01,4.941758782593234756e+00
-1.437410825657452484e+00,3.929850178430963847e+00,-2.736809765652132853e+00
-1.192909728103914713e+00,4.078042081420178100e+00,-2.635628798363156999e+00
-1.180183176241061282e+00,3.914947607883713321e+00,-2.877560233608178475e+00
2.666594690924349642e+00,-1.247158055932164666e+00,4.041518221888598106e+00
2.712114394325868982e+00,-1.533512113852997683e+00,3.910597922154173123e+00
-4.041198550254333277e+00,-7.150286409932515852e-02,-2.943399670083535646e+00
-3.910013637959633304e+00,-2.945272057206042016e-01,-3.102425998482490677e+00
-4.081330003467630085e+00,-3.598040534845018956e-01,-2.865883187760980277e+00
4.717627858436025612e+00,2.649478697753266387e-01,-1.635172778519087267e+00
-2.430253557698818234e+00,-3.305531335854083430e+00,2.857854130808456627e+00
-2.437404619182269361e+00,-3.500620127629239686e+00,2.608585333935997230e+00
2.488160195045807654e+00,-3.256763138017695791e+00,2.864009899884904620e+00
2.360508718957701202e+00,-3.128273131627152370e+00,3.105141832777421840e+00
2.224127034338314601e+00,-3.354098385164303586e+00,2.967032685658124613e+00
2.077670123440371164e+00,3.015870082716719303e+00,3.404087910489022484e+00
2.308129469390443056e+00,3.059091148755632261e+00,3.211619481840328305e+00
3.373941144817941051e+00,3.320365718028119417e+00,1.609873488771158323e+00
3.424478355892973891e+00,3.139137335220028469e+00,1.848990205665853370e+00
3.449906377387573109e+00,1.029086164139986215e+00,3.469744609338876629e+00
3.380807805500788632e+00,7.715580307189079390e-01,3.602060075498200842e+00
2.237260973758003146e+00,-3.642363171729439575e+00,2.593810683247419480e+00
2.374193632691872224e+00,-3.729478760752919175e+00,2.335421325495305123e+00
2.487623941494415014e+00,-3.567875288770952835e+00,2.466169712222048283e+00
3.840835788018850838e+00,-1.049434189700268805e+00,-3.024345934406604375e+00
3.785888251586131847e+00,-7.926990478660331796e-01,-3.168387344693572416e+00
1.954773978330581974e+00,-4.028920602569967535e+00,2.224108241931780583e+00
1.709575472583412914e+00,-4.171429027150408864e+00,2.162528976681746151e+00
1.935622578429437635e+00,-4.173142978520202995e+00,1.959143413510533005e+00
-5.708423810913739599e-02,1.234195210247412744e+00,-4.844946188840681067e+00
-3.932143415467513614e-02,9.637587990389797632e-01,-4.906080187083264654e+00
9.457814559987812175e-02,-4.935311690140784968e+00,7.960863618569302691e-01
-2.367039561304676187e+00,-7.557967098798323846e-01,4.338881773977413481e+00
1.926225816806283742e-01,-1.160587912552021095e+00,-4.859622643607714565e+00
6.155951742597269051e-03,-9.265346595034413824e-01,-4.913399599971183029e+00
1.629128280688331598e+00,-1.589189542918937770e+00,-4.452012762980197991e+00
-1.157465703750815589e+00,3.739917739476283920e+00,-3.110191062714834587e+00
-9.128470963216148704e-01,3.887725336468975446e+00,-3.008704353524018771e+00
-2.639507387992413356e+00,-1.794166777278549674e+00,-3.848891570834825249e+00
-2.853499961463516588e+00,-1.590084799616518385e+00,-3.785388791122544561e+00
-2.629569506015957181e+00,-1.515626472117361345e+00,-3.973441909736201705e+00
-3.897122002313448075e+00,3.130338584223778309e+00,-1.158466538329821910e-01
-3.763158736096249068e+00,3.274519424420936797e+00,-3.408208708874233550e-01
-3.960815120238996290e+00,3.034731870692952249e+00,-3.199157018444108713e-01
-2.345294099621625383e-01,-3.928339440395452797e+00,-3.084338696851618433e+00
-1.654185184108194206e-01,-4.108322093207836367e+00,-2.845052950689521687e+00
-1.542875432434720917e+00,-3.650180766303037228e+00,3.048887628841171704e+00
-1.564276701009309933e+00,-3.823030214110824332e+00,2.817353081293711980e+00
-1.303849995805558493e+00,-3.814391852405457861e+00,2.958105810267899649e+00
7.566389830071540423e-02,1.119727442026887232e+00,4.872420900339569982e+00
3.095868926470771720e-01,9.791004724668644910e-01,4.893415802965888517e+00
3.642195199891694046e-01,1.219906513042654517e+00,4.835201365061745804e+00
-4.239329599029195705e+00,-1.506372367078041785e+00,-2.181496468596419991e+00
-4.113750718547500185e+00,-1.472216333096754592e+00,-2.430973898299417346e+00
-4.087799394812776654e+00,-1.732204683560108149e+00,-2.299861526705623938e+00
2.413800282629130489e+00,4.165591212432236290e+00,1.349599216985124528e+00
2.585200614729075141e+00,4.135587071503350920e+00,1.101661180045276911e+00
2.338353764841484050e+00,4.284528098118196127e+00,1.083937565954485205e+00
3.886619884619929799e+00,-1.301646456788603468e+00,-2.863547166366679608e+00
3.698556756969483050e+00,-1.305211477332070436e+00,-3.101145097365812120e+00
3.582589240590926316e+00,-7.931971559681504358e-01,-3.396452944612389224e+00
-3.934113332953048214e+00,3.083654930917329562e+00,1.175778487228353181e-01
3.741363406869901986e+00,1.709232605956380713e+00,-2.842661386178522598e+00
3.925496470655968295e+00,1.692810699609074154e+00,-2.593235314073247366e+00
3.770537715964181746e-01,-1.389541588371924652e+00,-4.788215181830254963e+00
7.712696681467146043e-02,-1.431439647043182495e+00,-4.790097281670055551e+00
1.731002293440337514e+00,-1.839111260297317196e+00,-4.315240530069199387e+00
1.439265356531176154e+00,-1.824976165744788048e+00,-4.426960269524975011e+00
8.414527473296371518e-01,4.892824040960818799e+00,-5.934898299105391128e-01
1.138907164241103942e+00,4.831602135574442514e+00,-5.987581103858016229e-01
-3.726740985410472717e+00,-2.286842893750396788e-01,-3.325523285658185113e+00
-3.766392280903224865e+00,-5.169394944924354807e-01,-3.247624169356194024e+00
-5.838657496401065128e-01,-4.227977310369467112e+00,2.604478575338673441e+00
-3.422757725625848457e-01,-4.328287748153863745e+00,2.479671846171956684e+00
2.301797249000698820e+00,-4.323188343365974795e+00,1.005868764937737803e+00
2.244739793372020120e+00,-4.407469272602271282e+00,7.316815366803650633e-01
2.496558487017917827e+00,-4.258279637833459752e+00,7.963982966529713492e-01
4.061236584463145505e+00,-1.294306160564669739e+00,-2.613642853899986740e+00
3.918995711798167747e+00,-1.550103289209596058e+00,-2.690474382648748719e+00
3.543057769032217585e+00,-1.556393166262383110e+00,-3.166130439086835668e+00
3.497252973372455109e+00,-1.304175567472075414e+00,-3.326912642292612521e+00
-3.826200175607451931e-02,-1.697125512652548185e+00,-4.703009782418642537e+00
-2.226937242104029824e-01,-1.468167826481207250e+00,-4.774399516010651823e+00
2.007428809834070904e+00,-1.842001375329516133e+00,-4.192524359706492731e+00
1.817979823266385520e+00,-2.078179254327034098e+00,-4.168467386112197026e+00
-1.183159832643107423e+00,4.769478569689402647e+00,9.231505747674478846e-01
-9.003326014203806293e-01,4.815679121592634893e+00,9.993176695507806073e-01
-9.873838037127327105e-01,4.849657086718418775e+00,7.112660299828732491e-01
3.936910668561880211e+00,-1.792428806803601393e+00,-2.507575195343955787e+00
3.762474017019350025e+00,-1.799839737096892822e+00,-2.757601528869112251e+00
3.293850421421129937e+00,-1.297889294746898736e+00,-3.530726947794921244e+00
3.448995198904943660e+00,-1.046621572526529320e+00,-3.465402631997145821e+00
-5.246328971902981531e-01,-1.505672324462824063e+00,-4.738956760145890179e+00
-4.092836915258957764e-01,-1.240102146961812979e+00,-4.826451442307447159e+00
2.268580925976579898e+00,-1.834279233808553622e+00,-4.060660078695820907e+00
1.906781065549852272e+00,-2.314000632517593026e+00,-4.001198200635498026e+00
1.630118000810037548e+00,-2.310889534736585649e+00,-4.123409373525749544e+00
4.094736229559952534e+00,-1.777211434582415039e+00,-2.252699431153357246e+00
3.938249804180715685e+00,-2.026946505786164643e+00,-2.319844034100527974e+00
3.144589489521397052e+00,-1.562618632780597094e+00,-3.559463435811421661e+00
3.098569048508841739e+00,-1.306054337261679299e+00,-3.700417803403146078e+00
1.436311716010981065e+00,-2.535152004426069361e+00,-4.063251526659908741e+00
1.347510065782524746e+00,-2.299330167530881930e+00,-4.230519755691632078e+00
2.180722972209399035e+00,-2.331678983798407323e+00,-3.848080097268120614e+00
1.992371435479905362e+00,-2.563928939203432567e+00,-3.802199949739479834e+00
3.925362675804967783e+00,-2.254420394662640881e+00,-2.123468047211072740e+00
3.767369763513927605e+00,-2.269552663855201935e+00,-2.378246364645339561e+00
4.235817358688225731e+00,-1.522427397994451592e+00,-2.177169290999519280e+00
4.237300932326538927e+00,-1.757008537565319273e+00,-1.989523010127609126e+00
1.520480347444131519e+00,-2.769574241151902871e+00,-3.875254576899953562e+00
1.237893436680188808e+00,-2.758112518908043764e+00,-3.982516186089748889e+00
4.070024319670030977e+00,-2.231492634273337661e+00,-1.858855201590038586e+00
3.899111580290589352e+00,-2.474088548555888334e+00,-1.917241439764029387e+00
1.034194951978326893e+00,-2.962818091005295251e+00,-3.892576237007348006e+00
9.501129939559471715e-01,-2.728513597175605376e+00,-4.080747339488675962e+00
3.858594371162045178e+00,-2.684703889531496745e+00,-1.703999561141676944e+00
3.713932706767715697e+00,-2.707631637990547624e+00,-1.968612395204716314e+00
1.113828907946622593e+00,-3.178186399306427656e+00,-3.695743007175428474e+00
8.262825637660060618e-01,-3.149164095859176005e+00,-3.794736172933202312e+00
6.595030466117121071e-01,-2.696909294433242898e+00,-4.158333318663796518e+00
8.630939055608742860e-01,-2.491988421112417029e+00,-4.247948048084547956e+00
3.989367448972545915e+00,-2.652062702283179085e+00,-1.432309596503746008e+00
3.804196248462269558e+00,-2.885614524610527809e+00,-1.483684507751681370e+00
3.515164963946511012e+00,-2.931267799127476259e+00,-2.012780257763197689e+00
3.555682167916297320e+00,-2.720652454956474120e+00,-2.226022133785145130e+00
6.158862291776974196e-01,-3.331750020948229807e+00,-3.676972389156702992e+00
5.361257995930713838e-01,-3.116020393212144413e+00,-3.873368822626721997e+00
1.407467049762926914e+00,-3.164838058571151080e+00,-3.605944615055980851e+00
1.200200599107586141e+00,-3.352699966465694459e+00,-3.509832112332829102e+00
7.875136111732494726e-01,-2.266499941842845978e+00,-4.386661637947842252e+00
1.077847403854724107e+00,-2.297561521019203745e+00,-4.308068712443611226e+00
4.159720712895764727e+00,-2.408706821510600893e+00,-1.376537336476657769e+00
4.105273963261742765e+00,-2.609581785794850006e+00,-1.156204389289798629e+00
3.461786112316406872e+00,-3.131157903275791021e+00,-1.792173846848238217e+00
3.303535574703650113e+00,-3.144178721134160526e+00,-2.049583586057074136e+00
6.931639659213162385e-01,-3.538298528473966531e+00,-3.464096886599333125e+00
4.030003129721546618e-01,-3.505191311843842694e+00,-3.542770753960631680e+00
4.206101132583772717e+00,-2.557521312634205124e+00,-8.762408332754851870e-01
4.035680907591483013e+00,-2.800833210937997642e+00,-9.319940646851386790e-01
3.079818876505790559e+00,-3.345585404214573622e+00,-2.078887681195167314e+00
3.133197727844789782e+00,-3.145695299828557001e+00,-2.299494091939522811e+00
1.888572289432907669e-01,-3.662639368347846869e+00,-3.398441672958997906e+00
1.116042524187427915e-01,-3.456187680342987179e+00,-3.611414017955766553e+00
3.951270565852921024e+00,-2.981636895358009465e+00,-7.051966673660582385e-01
3.850463320181678473e+00,-3.033707968454192550e+00,-9.851640381545695435e-01
4.361206174690384074e+00,-2.304893335304042168e+00,-8.169133459024092714e-01
4.291614312893126559e+00,-2.496146886580455693e+00,-5.927033912384415126e-01
3.015471922108792668e+00,-3.533942234698900453e+00,-1.848832433939009645e+00
2.845192005500882804e+00,-3.535531015000004551e+00,-2.098786052413846637e+00
2.952377043076871654e+00,-3.136535332332961890e+00,-2.538821755172981920e+00
3.176073937191864704e+00,-2.935120014534070787e+00,-2.509506892951696599e+00
2.656600207474977826e-01,-3.852600564325788124e+00,-3.175987034786674990e+00
-2.570595179670600444e-02,-3.803917527896147455e+00,-3.244926909039198559e+00
-1.870446583066347757e-01,-3.381568038083309524e+00,-3.678316449085416995e+00
2.713768545482722963e-02,-3.223528548964251783e+00,-3.822057984913439732e+00
4.037532203056300339e+00,-2.918828607406334985e+00,-4.228158817614751097e-01
3.852305032704500309e+00,-3.151695496362635129e+00,-4.759846985009719700e-01
4.415262827916034638e+00,-2.105591582949773333e+00,-1.035344506062576553e+00
4.500682869860029633e+00,-2.044178107277757839e+00,-7.517909088801271178e-01
2.599789701233143457e+00,-3.711763250480121901e+00,-2.112796034109142962e+00
2.664086611111350589e+00,-3.523334190731033377e+00,-2.342810002736656738e+00
3.172174599416314855e+00,-3.519556041899037258e+00,-1.596882456146954343e+00
2.937343173368999860e+00,-3.709237496623088326e+00,-1.616654655610719749e+00
3.206447125842731616e+00,-2.713054981785231412e+00,-2.712568800046409656e+00
3.387211788743735408e+00,-2.722152425817537580e+00,-2.473192768227167271e+00
1.294130860635597013e+00,-1.392956289057117214e+00,4.624380833401028568e+00
1.614896650625381680e+00,-1.348866655872674514e+00,4.535710258876088474e+00
-3.014997304873664241e+00,-1.234090897601890502e+00,3.792994978649550042e+00
-3.246498976763601885e+00,-1.229469205319953184e+00,3.598423247346372200e+00
-3.089316413876519452e+00,-1.484426243458315975e+00,3.640412452275889610e+00
5.440570342328094888e-01,-3.890321250839123390e+00,-3.093445087401959892e+00
3.294541949119698665e-01,-4.031149215731844038e+00,-2.939608125917372750e+00
-3.144003460680296680e+00,-1.722009568572737237e+00,3.485674294160923559e+00
-2.912027963612562775e+00,-1.726350476880370577e+00,3.679647696466794571e+00
1.194598408239581522e+00,-1.705989896048301313e+00,4.545605913144315835e+00
1.070962570829081306e+00,-1.970933956742633386e+00,4.468608117752326692e+00
1.347531188227067966e+00,-1.875860719433114499e+00,4.434558180703374930e+00
-3.871044513187089919e-02,-3.000618919403364782e+00,-3.999348397171253566e+00
2.598517665629104800e-01,-3.076016472542347557e+00,-3.933268325459409187e+00
1.646809756418469162e+00,-2.727323677013624992e-01,4.713134273683802888e+00
1.927683568010985615e+00,-2.705409706492452049e-01,4.605523167330786372e+00
-5.605162435369759333e-01,7.066112093196440513e-01,4.917979477345856942e+00
-6.842350243736360360e-01,9.755473470937805480e-01,4.855937582485868376e+00
-8.505880738315041434e-01,6.997078565292969010e-01,4.877182469845349644e+00
9.825495599557965143e-01,-4.241557750308727393e+00,2.458410912159853634e+00
7.159957744239893174e-01,-4.342058353025755046e+00,2.373579429875110502e+00
9.573899852551035483e-01,-4.388360626876104398e+00,2.196746554479325653e+00
-4.209915287067253487e-01,-3.550399338857362697e+00,-3.495344141482835010e+00
-5.055926595448351213e-01,-3.317864388129429187e+00,-3.706231504452590197e+00
-1.145588622287410541e+00,7.195375983005721787e-01,4.813511436894844842e+00
-1.021649708265311762e+00,4.503112106871880460e-01,4.873751295165853925e+00
3.016403095086356512e+00,-2.702219153971032739e+00,-2.932460402437775837e+00
3.227443848990983355e+00,-2.489217305732559726e+00,-2.896101415084044284e+00
3.739159765832931193e+00,-3.310381855192948919e+00,-2.450637027091318587e-01
3.652876983883419193e+00,-3.373172723586076671e+00,-5.274424304790679141e-01
4.623476223166877119e+00,-1.775694420969112564e+00,-6.858403146139162576e-01
4.569541412492395871e+00,-1.975044767862180306e+00,-4.674285447608328981e-01
2.525575370569212552e+00,-3.885754353743369638e+00,-1.876801041650030921e+00
2.344533494592023981e+00,-3.873637211012831205e+00,-2.120871860861200275e+00
-2.772464054269988765e+00,-1.234197172554684974e+00,3.973688514093528745e+00
-2.929646617160005739e+00,-9.792401344177860123e-01,3.931699309167522305e+00
-9.457270931238255240e-01,-4.567140232986592885e+00,-1.801896322646430404e+00
-1.022561225406118934e+00,-4.437716360456418485e+00,-2.064229164708554443e+00
-7.352557288781839118e-01,-4.517303447017845031e+00,-2.013297936400002985e+00
3.146760703140541349e+00,-7.765188247397079024e-01,3.807218878918745997e+00
3.369595242620031961e+00,-7.678145213145440851e-01,3.613348690864328638e+00
3.291596210538306533e+00,-5.126763938497852502e-01,3.728613321592766372e+00
4.025773390409180252e-01,-4.194686188215886347e+00,-2.691196623898300722e+00
1.242485287067612298e-01,-4.157839079085989376e+00,-2.774335324999408048e+00
-9.228466820728045694e-02,-4.271889829105054659e+00,-2.596621040506807976e+00
3.195753960237497360e+00,-2.608068841386088077e-01,3.836552670668326392e+00
3.417297634707725962e+00,-2.518758551428279535e-01,3.641240918892493461e+00
-3.391802918932391275e+00,-9.700136601760015465e-01,3.543267765522903012e+00
-3.466122027932320826e+00,-1.220349006030972072e+00,3.390685239145851071e+00
2.406952109551076635e+00,-3.984442234057063548e+00,1.825048389985861830e+00
2.161274710524482501e+00,-4.150329237338715060e+00,1.761720422580935530e+00
2.387600552651688801e+00,-4.104449317970960465e+00,1.566160718823287112e+00
1.465982860997369741e+00,-4.407904879785923491e+00,-1.849667219264429230e+00
1.544584436242495862e+00,-4.270380293550538831e+00,-2.092393621614408339e+00
2.168438157116013565e-01,-2.927534553881723234e+00,4.047532605849664122e+00
3.772726801544218911e-01,-3.125419977476338040e+00,3.884509658785893826e+00
5.182450534716479540e-01,-2.905078104556631402e+00,4.036327943933423867e+00
-8.655592944345887885e-01,-4.680121617197429806e+00,-1.532079879137904221e+00
-1.152868809579558729e+00,-4.600539301629906319e+00,-1.583013468691037984e+00
-2.591600465189016322e+00,-3.032616319178802478e+00,-3.014439465221101955e+00
-2.617847413875626472e+00,-2.802165292822695442e+00,-3.208542440013002484e+00
-2.379993721993720168e+00,-2.988166814383574454e+00,-3.225909014942485609e+00
-4.124824582365676839e+00,9.000575319057106949e-01,-2.678753180860755645e+00
-4.206608539204059305e+00,1.102954011877294027e+00,-2.467374524789309742e+00
-4.037317712349890897e+00,1.188401341685621837e+00,-2.699586624027030535e+00
-3.227866720333831263e-01,3.384523814042497580e+00,-3.666170661130880859e+00
-5.951057274703633881e-01,3.225236122058509292e+00,-3.774082819719375870e+00
-5.533276715950700142e-01,3.442577577557639934e+00,-3.583641738559331547e+00
-9.354556485613979566e-01,-2.959736981168131109e+00,3.919806083453661216e+00
-1.210918862584331013e+00,-3.018611349896802576e+00,3.797586210543701934e+00
-9.441486275852426502e-01,-3.173345140621181226e+00,3.746793827731229154e+00
-1.548899224633165650e+00,-1.336017281040910110e+00,4.562452083769300337e+00
-1.393756928699523723e+00,-1.593376703091661906e+00,4.529745280448649325e+00
-2.044385878099170384e+00,-2.183922403844205551e+00,4.006366098525698582e+00
-1.862348822718021601e+00,-2.409437285988976551e+00,3.965635992802021281e+00
3.797643899670242185e-01,2.330256156117907373e+00,4.407457913013756112e+00
6.329576905341312010e-01,2.461017138929934678e+00,4.306130421142260190e+00
3.651353395453305617e-01,2.593455580437090013e+00,4.259185877150096111e+00
-9.649560160060319802e-01,-1.356815817139039648e+00,4.714648526193133016e+00
-1.101389585708542285e+00,-1.603913986775202360e+00,4.605909345994517068e+00
-7.668047894692124888e-01,-1.564352626010492076e+00,4.686663128105235998e+00
-5.220941362072561986e-01,-4.450938291754616749e+00,-2.217333090884291202e+00
-5.970179773581368865e-01,-4.305228873508104570e+00,-2.471552929116294539e+00
-3.070222524048932256e-01,-4.368287590774676765e+00,-2.413255241538322160e+00
-3.531477376592162987e+00,-2.436181876984002237e+00,2.567817244445647518e+00
-3.736039111164288773e+00,-2.249393776135211631e+00,2.445861688594618499e+00
-3.649115685308507828e+00,-2.517206212995124481e+00,2.312493804639089934e+00
-1.736019401718291028e-02,-4.417393265857731954e+00,-2.342292756770264717e+00
-3.477930110576589406e+00,8.576563705469705257e-01,3.488327349318711246e+00
-3.711451383401933146e+00,8.549915589713156239e-01,3.239462619437316615e+00
-3.634617235993086393e+00,5.905791440020859984e-01,3.382421295831100849e+00
2.203036831521034689e+00,-2.704789782396724851e-01,4.480342603115545330e+00
-3.073357546074443114e+00,-7.226290828892520945e-01,3.877148514378823130e+00
-3.206251214763707225e+00,-4.596243531237301227e-01,3.809028564062213462e+00
-3.305073536451858640e+00,-7.161291296991119104e-01,3.682885823405607439e+00
-4.003102000423336193e+00,1.669347439215024709e+00,-2.487660246374677531e+00
-4.167988371861323316e+00,1.581741187271421323e+00,-2.264060014336632509e+00
-4.051924735962436408e+00,1.859699993345931945e+00,-2.263497706834465273e+00
3.713271133368001742e+00,-2.941017920124810558e+00,1.600634587780936258e+00
3.896444502003998611e+00,-2.800429420809521730e+00,1.405459107148712583e+00
3.855709214136045393e+00,-2.715389392938971191e+00,1.661375003044441856e+00
3.812564833151736554e+00,-3.234698392275310308e+00,3.279792716308879696e-02
3.613129344623007277e+00,-3.456146456445695847e+00,-1.865504280277843416e-02
-1.239683394737944033e-01,2.040974362615886051e+00,4.562790319744354228e+00
1.289996075707699752e-01,2.191098654299658222e+00,4.492487705979039347e+00
-1.410259080662049080e-01,2.312570305941914484e+00,4.430815982788026020e+00
2.081049566587128474e+00,-4.022118038426967246e+00,-2.119386511792487937e+00
2.155208264520699135e+00,-3.848047225922786474e+00,-2.355336469298945357e+00
4.656212804524075821e+00,-1.585784437186886997e+00,-8.972012247884564307e-01
4.724866702609722857e+00,-1.516587472535205094e+00,-6.128597561589437248e-01
4.622630126143696394e+00,-1.897065634082202523e+00,-1.800908016890335195e-01
4.499956955474770481e+00,-2.165605644210468306e+00,-2.460479478434937917e-01
4.674025102259341535e-01,-4.280089619877499807e+00,2.542118750029465524e+00
4.423361430065360089e-01,-4.427470976861147989e+00,2.280754148443511653e+00
-4.452600039249723363e-01,-4.580362164284617066e+00,-1.955000248822149622e+00
1.121127066529490790e+00,-4.645876716519641292e+00,1.469320807582758848e+00
1.350485695237750638e+00,-4.643454008394648724e+00,1.270638917585117156e+00
1.392221797642824388e+00,-4.544133463893555103e+00,1.553244838552808593e+00
4.809615188679792652e+00,-2.503041046759215127e-01,-1.343484124209520791e+00
4.719475658534561191e+00,-2.502950693967606055e-01,-1.632146404810379314e+00
-8.823787354118212134e-01,-4.229784113671264834e+00,-2.516015524401077563e+00
-3.848928238299766047e+00,1.268088075819144622e+00,-2.928771764474651818e+00
-3.930823040326052009e+00,1.471044509063520245e+00,-2.717472774103893762e+00
4.488111715090113307e+00,-2.298415627273249495e-01,2.191808862313031625e+00
4.612505921934918263e+00,-2.298570243703368376e-01,1.916234554657370026e+00
-4.924797512278717426e-01,-3.700742179413677224e+00,3.325954151238263545e+00
-7.717275763826132451e-01,-3.754341847621499806e+00,3.210818250703175281e+00
-5.160418206595381863e-01,-3.882537462460105004e+00,3.107990297913466371e+00
-4.327939295138043541e+00,1.705854017978581716e+00,-1.832758447517386813e+00
-4.349697334442544694e+00,1.882542427578088207e+00,-1.592534805620218208e+00
-4.238368067184635102e+00,1.948800345740075546e+00,-1.799559207004020500e+00
1.987554658747702763e-01,4.623560357904606732e+00,-1.892930500995197107e+00
-8.119292833735700099e-02,4.594374951551643882e+00,-1.971072427117490422e+00
-2.235670005408302297e-02,4.701397931255904439e+00,-1.701868875661518787e+00
1.626254849019616255e+00,-4.110800966065806250e+00,-2.335938908326288477e+00
1.809951282769270975e+00,-4.155882331278516695e+00,-2.110146535804779511e+00
-3.524696587621316546e+00,-7.070089304104164585e-01,3.475147815205932300e+00
-1.355651718096143821e+00,-4.616791103695211618e+00,-1.359208712473447322e+00
-1.435825875853089961e+00,-4.503847292976902672e+00,-1.629037634855416972e+00
-5.487003128820441278e-01,-4.058736806430436772e+00,2.868027807182142563e+00
-2.692737962413571662e-01,-4.004147612464860728e+00,2.982330216500131748e+00
-5.800303081009061668e-01,-4.743050062599584393e+00,-1.472087275048067356e+00
-7.871024281799658961e-01,-4.776009523927540634e+00,-1.253077329978733001e+00
6.442443565722696386e-01,4.420333109039865427e+00,-2.246242287499444323e+00
3.587404952193408159e-01,4.404801553739653208e+00,-2.338595418036756968e+00
4.254136881740616105e-01,4.531635811246259138e+00,-2.069613506948726922e+00
-2.923983150748776794e+00,-4.055876708397241792e+00,1.366237234193900391e-02
-3.020079329718356131e+00,-3.976792366833703518e+00,-2.534626467570992858e-01
-2.778274194372616357e+00,-4.150492035503643429e+00,-2.336843257559411968e-01
-3.650148272262514926e+00,8.470527251519984757e-01,-3.310425844406055251e+00
-3.845428320052619142e+00,7.735923573726741775e-01,-3.100683134399882412e+00
-3.760275402929277533e+00,1.058944080419788270e+00,-3.120731697642229019e+00
-3.253734522335159252e+00,-3.786300881954990150e+00,-2.777360067964902424e-01
-3.108190485062759745e+00,-3.881161188412715290e+00,-5.251092630340113976e-01
1.691632155229330081e+00,-3.126461732055560105e+00,3.516193636503302411e+00
1.822724383148857985e+00,-3.287867927227145159e+00,3.296604361488605583e+00
1.965300105771902173e+00,-3.064082375699239691e+00,3.427680657409942988e+00
-3.758852172050112905e+00,3.344023587040920176e-01,3.280122773794798441e+00
-3.525700080083944421e+00,3.372118223361011968e-01,3.529267223117687369e+00
-2.652336538116352394e+00,-2.659617994804568841e+00,3.300233781156220569e+00
-2.449830748399279834e+00,-2.879791558095711856e+00,3.271869478771746387e+00
-2.393954084078141253e+00,-2.668813720393854005e+00,3.485171038724369730e+00
-2.562035162079627781e+00,-3.248650465805363652e+00,-2.807533789518874112e+00
-2.799666524116455335e+00,-3.062377984426790434e+00,-2.789929826042187866e+00
2.236693095452296776e-01,-3.358229654421291066e+00,3.697602686624539725e+00
5.252315344333606806e-01,-3.336258395831441348e+00,3.686937991271483028e+00
1.304112039578045223e+00,-4.725304770625184503e+00,9.852850414648852695e-01
1.575152033652303496e+00,-4.623395230631812680e+00,1.069164445841717992e+00
-6.817657776748596854e-01,2.537428407203544900e+00,4.254016044011573072e+00
-6.653002315664434674e-01,2.274559174569128484e+00,4.402698736373070965e+00
-4.105354237661339445e-01,2.425580490138331768e+00,4.352932339434355313e+00
-4.165053325067504808e+00,-2.763752778549803502e+00,-1.183274203317635498e-01
-4.226702014674057040e+00,-2.642662182492524714e+00,-3.890072857596910683e-01
-4.060907397540973740e+00,-2.894416087407076343e+00,-3.624729252731884732e-01
3.631441434641974997e+00,-2.518976461814487200e-01,3.427707788393531629e+00
-2.811530115707574939e+00,-4.128808269517115548e+00,2.196376152584905428e-01
-3.052870822767627779e+00,-3.954747102590927987e+00,1.998877035807093694e-01
-2.217166855969536776e+00,-3.102163803694012678e+00,3.234308406420274284e+00
-1.994877193852925057e+00,-3.300551447379186154e+00,3.182267293086587401e+00
-1.969044689294281891e+00,-3.087276407575062276e+00,3.404642036219432732e+00
-1.575674767215696215e-01,2.575704781821833933e+00,4.282629725668533283e+00
2.718249109258128016e+00,-2.644497815561412390e-01,-4.188220158140245175e+00
-4.377772714699332823e+00,-2.381230546588197772e+00,-4.060137219716914436e-01
-4.273960966571285880e+00,-2.512073043728292987e+00,-6.501897255407068643e-01
-3.387028767870737589e+00,4.176036794433959920e-01,-3.654263714146992470e+00
-3.600233301651321050e+00,3.449092200317339096e-01,-3.452442295479814405e+00
-3.521855031889341348e+00,6.343283571411190147e-01,-3.492014414300487868e+00
2.368312741542352440e-01,-4.434588781129051860e+00,-2.297462358748632916e+00
2.220113285400793571e-02,-4.530967375381727891e+00,-2.114200026706651414e+00
3.993758358924269558e+00,-3.007181861482370877e+00,8.216704019217237198e-02
3.868067946568953364e+00,-3.153227425087825608e+00,3.085565854099333594e-01
3.473592321425899687e+00,-3.590123653373825885e+00,2.125289110140019533e-01
3.399909833969859463e+00,-3.665561973094005666e+00,-6.533408208754262758e-02
-4.304876898791072826e+00,-1.120877159555082381e+00,2.282908075118813329e+00
-4.429484737091091695e+00,-8.897905209758247835e-01,2.141947196515039398e+00
-4.423809547445401336e+00,-1.164558942599693614e+00,2.018343765849117677e+00
1.066755380871945214e+00,4.147363375963767140e+00,-2.580970744718968035e+00
7.908169563621311182e-01,4.149863053824171644e+00,-2.674555136099320940e+00
8.534475458457880803e-01,4.290507625286084092e+00,-2.421398687505172287e+00
-3.195711219057244534e+00,-3.760959745336161397e+00,-8.016305872112273745e-01
-2.962531153716727150e+00,-3.952078009231111189e+00,-7.774886315629969680e-01
-4.112369149338424457e+00,-2.838349231475659540e+00,1.794258056999671891e-01
-4.276828861729693898e+00,-2.585612643510644570e+00,1.527813640264764627e-01
-4.115175057037949169e-01,4.908086261823646268e+00,8.610125370732445438e-01
-6.172682287663590062e-01,4.845131930093941719e+00,1.069428124625399601e+00
-3.241309541853522602e-01,4.856818616201308281e+00,1.142913843585466438e+00
1.999276512840402420e+00,-4.181472316368247455e+00,-1.875681927366867008e+00
4.725614587466157701e+00,-1.629765384076751200e+00,-1.114969218956865793e-01
4.655632278542316982e+00,-1.820169283877529187e+00,1.098720393168459430e-01
-2.339577901717867725e+00,3.553016818730592163e+00,2.627250792674912905e+00
-2.174829667970494373e+00,3.750999048533794067e+00,2.490004428352270427e+00
-2.426865201067020639e+00,3.660043218795068665e+00,2.390482991447997474e+00
6.460297996549021482e-01,-4.886108405181703418e+00,-8.417779699959793138e-01
8.502386340566340239e-01,-4.812933640860311613e+00,-1.054876312101383995e+00
9.392838866069516124e-01,-4.850898722296620669e+00,-7.658507468048575406e-01
-3.683855095389194645e+00,-3.365318186515368293e+00,-3.222501197579004106e-01
-3.550973525931341523e+00,-3.473314623468803930e+00,-5.715527486877305385e-01
-3.474771655662320491e+00,-3.582724055534343588e+00,-3.000837931333120157e-01
5.170598953245028051e-01,4.138162910390778215e+00,-2.758306870475643713e+00
-2.812311402278386385e+00,-1.026027682261286378e+00,-4.004768629003242708e+00
-3.042927231232953389e+00,-1.099342891670029632e+00,-3.812091167844170236e+00
-3.011876315522755920e+00,-8.139015773015897404e-01,-3.907194042079181528e+00
-2.274914353638851860e+00,-4.255715992397809622e+00,1.309063052590461851e+00
-2.108896582655491070e+00,-4.397039603766354610e+00,1.103901230443295134e+00
-2.012016023669588094e+00,-4.369784896052711254e+00,1.362634023766623459e+00
-2.298785259513863810e+00,2.825076955430318559e+00,-3.425569518567437299e+00
-2.504064553270996196e+00,2.623593814051309092e+00,-3.441862317397869298e+00
-2.541016981495956895e+00,2.837151464298599102e+00,-3.239414185987566697e+00
-3.386620869340533080e+00,-3.678313527735716182e+00,-2.843728228228857569e-02
-3.625688901158341082e+00,-3.335074843640630338e+00,-8.553687972638747139e-01
-3.417451682491030596e+00,-3.553371982866099010e+00,-8.334095927102526113e-01
1.337588159176910985e+00,4.660845957514936799e+00,1.219578975198569282e+00
1.137162869899295714e+00,4.649361118064767595e+00,1.445787605822490551e+00
1.421339284217423282e+00,4.556067956796939988e+00,1.490650667389397999e+00
-3.941466980070193138e+00,-3.014716668623596885e+00,-6.134504486422622804e-01
-3.879495579448721809e+00,-3.135608776671147790e+00,-3.427413729048414126e-01
-3.586221264388622210e+00,1.377184658925853400e+00,3.200371768727213961e+00
-3.770392129153963712e+00,1.382993683943458452e+00,2.978501580087937750e+00
-3.738341190452183493e+00,1.127521355042304663e+00,3.123059515553957333e+00
1.426696443574876572e+00,-4.431108983158904557e+00,1.824776818479250329e+00
1.656038113807817513e+00,-4.428692831917073747e+00,1.626105029246936118e+00
-3.644693737943345280e+00,-4.414173244601481971e-01,3.394312640618569965e+00
-3.731423120423674078e+00,-6.953018549369780477e-01,3.254694582735658592e+00
-2.865982383993209481e+00,2.789316582376536235e+00,3.000976170835062184e+00
-3.091812564725584966e+00,2.779599126672748444e+00,2.777503152042331891e+00
-3.086074183098618917e+00,2.548677940891222349e+00,2.996729365496102027e+00
-3.803273053936194970e+00,-3.245001474754852566e+00,-7.127065343944977149e-02
-7.014691622592765796e-01,-4.854017302987916338e+00,-9.728602349223516299e-01
-9.870587640680940078e-01,-4.791526031860089851e+00,-1.032953668991726470e+00
7.814423418399311094e-01,-4.016817734428463460e+00,2.873068595554362226e+00
5.050861786975066048e-01,-4.112782743861602697e+00,2.798196929074681982e+00
-4.466146528219971046e+00,-2.242147266306580899e+00,-1.622061178335674758e-01
-4.512634467416216211e+00,-2.111144981258201270e+00,-4.233167036575287145e-01
2.452543774867671278e+00,-2.617646552825871331e-01,4.349311244048029934e+00
2.711369925863979180e+00,-2.617646552825638739e-01,4.192845381166011798e+00
-2.394110080061480517e+00,-1.438849301297535854e+00,-4.147041067159041638e+00
-2.607981915912341186e+00,-1.234697309826890299e+00,-4.083375182294719963e+00
-9.182402377330156629e-01,2.117159766105797036e+00,4.435591210942557261e+00
-6.469943669885944715e-01,2.005234273383342813e+00,4.534361454266058189e+00
-1.458119850439076604e-01,4.481374269042791347e+00,-2.212695985845941848e+00
-3.668423219730808094e-01,4.558481955135016861e+00,-2.021303781107094188e+00
1.967420310587882915e+00,-3.819208769660709546e+00,-2.557909633906759073e+00
2.230763636100538516e+00,-3.670643927201592938e+00,-2.559309820937976099e+00
-2.576851976323935034e+00,-9.492505114414713230e-01,-4.178367786426122166e+00
5.916803533125514214e-02,4.369508925936367305e+00,-2.429792355275950833e+00
-2.266557084774317998e-01,4.335246551048999919e+00,-2.480779017049351332e+00
9.202398621915184318e-01,4.417998484628368416e+00,-2.152776808184065693e+00
4.842532308260771856e-01,4.639304657687270073e+00,-1.800652965342212086e+00
-4.304862552851515645e+00,-2.372330231935213973e+00,-9.166284261918449250e-01
-4.153778580762393702e+00,-2.633781771004282568e+00,-8.996205226233444652e-01
1.038830374692253367e+00,-4.808874089827450682e+00,8.919425098082039982e-01
1.263358574733594253e+00,-4.788245511531582288e+00,6.903839750057561009e-01
4.579891989678337438e+00,-1.319626269919293327e+00,1.511018156945536539e+00
4.508511210031470817e+00,-1.602045067245251309e+00,1.451474516323218555e+00
4.627359185044436884e+00,-1.425559669260716644e+00,1.247127339914477329e+00
-2.345304066955951505e+00,-8.722626811984041106e-01,-4.328822778597945842e+00
-2.093554622372291174e+00,-7.853819373652782820e-01,-4.472158791412038426e+00
-2.120437011276734118e+00,-1.070913934662610423e+00,-4.399646602370835602e+00
3.187190783087899160e+00,-3.850788210499564546e+00,-1.150872281232942634e-01
3.326621312385853013e+00,-3.716681868880900019e+00,-3.462174598604292886e-01
-3.681039503612673514e+00,-1.247642033508380877e+00,3.145367630193017128e+00
-3.534499225461453786e+00,-1.506774804254347178e+00,3.199522607277007769e+00
-4.631175615380576538e+00,-1.833285610235147356e+00,-4.373514499908275344e-01
-4.543593685458281684e+00,-1.972733514080257544e+00,-6.812333696232055757e-01
1.490893458189276100e+00,3.815730610012565638e+00,-2.866607159717137865e+00
1.286266022330188719e+00,3.988903644766227163e+00,-2.726566968289901194e+00
-1.184529776812870638e+00,2.211118029779046257e+00,4.325256786160757372e+00
-1.166285326529703514e+00,1.942022580115092545e+00,4.457390137226560967e+00
-3.989052848460681311e+00,-2.882803836242236351e+00,-8.814189775213461253e-01
-3.807642834048707847e+00,-3.123995922068465880e+00,-8.616876041914021123e-01
-8.221081841325993400e-01,-4.658677912143155631e+00,1.618906496525258198e+00
-1.116940121914441031e+00,-4.610881541017055163e+00,1.578675450738985298e+00
-9.801175784214507525e-01,-4.721059785125032882e+00,1.323239977382959065e+00
4.350132789690062118e+00,-2.622196652151551066e-01,-2.451037649494150372e+00
-1.580379580889544444e+00,-4.229456280549491964e+00,-2.148045611998927740e+00
-1.302545385649063192e+00,-4.342354423873949543e+00,-2.108870213120446646e+00
-1.510866784891790715e+00,-4.374655003098603778e+00,-1.892002949832558567e+00
3.601568157032148054e+00,1.330598909244161909e+00,-3.202844572090613351e+00
3.385330480299938216e+00,1.406772828090331107e+00,-3.400077609305252047e+00
3.490759339924674798e+00,1.604252523119553242e+00,-3.200152039012083005e+00
2.180615140863965795e+00,-4.189862830271808392e+00,-1.640111908054305845e+00
1.909544416705403869e+00,-4.323640548030225794e+00,-1.630880906767293803e+00
4.673291530520895520e+00,-1.732429882841170388e+00,3.987893827581060480e-01
4.570712257928070343e+00,-1.999886223258328988e+00,3.302189413822617658e-01
-4.703154866530001144e+00,-1.687209038557463403e+00,-1.834665136889332970e-01
-4.733618315124798137e+00,-1.548573236563964839e+00,-4.413372607347685328e-01
-3.091533955547983936e+00,-2.371839120920834695e-02,-3.929612606811551778e+00
-3.306333823033110964e+00,-9.079751199824639962e-02,-3.749654979125703225e+00
-3.250337417042717281e+00,1.952285652728621146e-01,-3.794363251281244853e+00
1.349090256318303371e+00,4.130361159016849193e+00,-2.473877963116208001e+00
-2.152581677692916973e+00,-1.363037803605098297e+00,-4.302152957160418900e+00
-2.173980699112567194e+00,-1.643829757667290004e+00,-4.191853008836728733e+00
-2.034981090621832134e-01,4.953876425015423024e+00,6.462947356156746315e-01
-4.966455662672698002e-01,4.942189385403703561e+00,5.728064771893019991e-01
1.090480108518909752e+00,4.365356735778608055e+00,2.180484740216479977e+00
1.297091399374472820e+00,4.407543610030288939e+00,1.972590486479629535e+00
1.014191949865941744e+00,4.501942861435030530e+00,1.924558432784332584e+00
8.488256884154478099e-01,4.725642723999295747e+00,1.395634549514507272e+00
9.325768134559367928e-01,4.620864723281230546e+00,1.666706241705312230e+00
-3.544628779322619216e+00,-1.859176913820579646e-01,3.521511242184099721e+00
-3.751355312125021602e+00,-1.742106159086291017e-01,3.301058009713873531e+00
1.560921927722725311e+00,2.210511810503115182e+00,-4.204421514451258446e+00
1.674317281531813695e+00,2.427911517554992127e+00,-4.037562049515491580e+00
1.844104967447740551e+00,2.186620175576253100e+00,-4.100971723481818820e+00
-3.793505436106076045e-01,-4.906725464023428351e+00,-8.832544286707005865e-01
-5.793444588348322100e-01,-4.921876503682651283e+00,-6.629416871143496426e-01
-4.817900046308021267e+00,-1.258315606068636017e+00,-4.521957311931228407e-01
-4.746422507993825590e+00,-1.404584420542285716e+00,-7.061274539199653422e-01
-2.300924816871626533e+00,-2.203260282466129372e+00,3.853750006787095561e+00
-2.548075494969286758e+00,-2.212195295788426108e+00,3.689648119432066053e+00
-2.349481604210426955e+00,-2.439974453070761218e+00,3.677833718350903780e+00
-6.257654415190919694e-01,1.726755621919018546e+00,4.650455099704917217e+00
-3.726772779176022454e-01,1.883718269637862486e+00,4.616569844284440727e+00
-3.569193508308259322e-01,4.277256519703889204e+00,2.564699834610879581e+00
-4.642140309152039124e-01,4.389919674993603138e+00,2.348001401321028414e+00
-6.497923756914272264e-01,4.275770146077722877e+00,2.509095360165447097e+00
-1.943382391909608931e+00,-1.836677200643014984e+00,-4.224912039256418339e+00
-2.185120794717089421e+00,-1.912673529342082457e+00,-4.070249019734426099e+00
8.264367436226324193e-01,-4.820267738276441172e+00,1.040202499574838013e+00
7.854451280826398873e-01,-4.881395017847783180e+00,7.450225704648774094e-01
1.207581443962577605e+00,-4.835778755822911279e+00,3.962207477266499467e-01
1.473043471881516409e+00,-4.752935993753111710e+00,4.896349346537308689e-01
3.577781400075726204e+00,1.800432625081660243e+00,-2.992978886630130564e+00
3.361604091009646744e+00,1.876615499435497547e+00,-3.190287166163206400e+00
-1.130031658456781773e+00,1.010434856409084536e-01,-4.869580953726403649e+00
-1.323694753286932313e+00,-1.259026809437237271e-01,-4.819956505514529255e+00
-1.416344166424903017e+00,1.606898775574955585e-01,-4.792509568637782991e+00
2.252554599650697487e+00,4.389110421627846925e+00,8.134540443997452241e-01
2.081791304894499817e+00,4.420288191166615199e+00,1.061695469472594855e+00
-1.399102743995187526e+00,1.752292662987341432e+00,4.469002342244393411e+00
-1.132699591369252801e+00,1.658228713678514099e+00,4.579003075871868056e+00
2.290261944933326355e+00,3.719722426345382527e+00,-2.432769059021723024e+00
2.229585928387019855e+00,3.548021724924282694e+00,-2.727725871014884618e+00
2.027873150563181959e+00,3.769715993775882623e+00,-2.583983709603306700e+00
3.774751164714801543e+00,2.711610904653587895e+00,-1.843480389439496658e+00
3.575979365765880491e+00,2.846677776135345450e+00,-2.027016826391378146e+00
3.628856831895153512e+00,2.950441873296450357e+00,-1.768132021628135764e+00
8.523733247757837583e-01,3.097505204368390608e+00,-3.831308030440962575e+00
9.551262188351926641e-01,3.306846068175620434e+00,-3.626637973038531637e+00
1.136409642581926338e+00,3.097468871593815010e+00,-3.756894956443971978e+00
-1.661938818867490175e+00,1.012759991383114011e+00,-4.605678729806824911e+00
-1.732020600220265161e+00,1.290749707102655464e+00,-4.509331417630227712e+00
-1.456692555465438854e+00,1.234366157482754467e+00,-4.621080716468045857e+00
-2.192459892760839857e+00,-4.440128378996587521e+00,-6.916499090322093535e-01
-2.456303584125186124e+00,-4.295082035702894707e+00,-7.203075795769779965e-01
-2.281568583907036540e+00,-4.343490730131936317e+00,-9.636042103407291837e-01
4.760211973375013450e+00,-1.457812298510404059e+00,4.638591066789296002e-01
4.674545018911727468e+00,-1.637245513583740708e+00,6.841461791294838335e-01
-1.311638761124208630e+00,1.724134880392846014e+00,-4.506324741352901952e+00
-1.587497543454727156e+00,1.778726414396422539e+00,-4.394995323348325655e+00
-1.372361967760721058e+00,1.990505421586971524e+00,-4.376586660409776286e+00
1.321208046476745723e+00,2.879772505760086698e+00,-3.867986506309630368e+00
1.424167523677321912e+00,3.089746591583223179e+00,-3.664043239960830700e+00
4.936360665934260261e+00,2.617646552814754113e-01,7.508812429821626333e-01
4.881843560751943478e+00,2.617646552814751892e-01,1.048371457828831010e+00
-5.647494704140516575e-01,3.002510419184682977e+00,-3.958028450927868924e+00
-7.950759170151946442e-01,3.059183265616811198e+00,-3.874177594477634656e+00
-4.871937792517715415e+00,-1.107296848569027548e+00,-1.952327712929219083e-01
-4.884715003347440465e+00,-9.632964610404126660e-01,-4.600209388923857112e-01
-2.732896720546663882e+00,-1.969501709107630560e+00,3.694907107444977967e+00
-2.782132412237555918e+00,-2.206762154251995067e+00,3.519934663504186823e+00
-1.703223111840831638e+00,-2.016828714474573125e+00,-4.246343482075145559e+00
2.800069319606170559e+00,3.521589337507871953e+00,-2.181288688677201382e+00
2.737180389638644851e+00,3.402942285063935923e+00,-2.434712984953559811e+00
2.554455110202886292e+00,3.616429426529581548e+00,-2.322971651331389609e+00
-4.737788519578122859e+00,-1.250940087784374599e+00,-9.942378188983559406e-01
-4.653719759277906931e+00,-1.541351974693078164e+00,-9.834258956404079433e-01
2.422533304098807072e+00,4.336913951719915339e+00,5.678994329185979018e-01
2.166259963561683488e+00,4.473197740246930287e+00,5.457286385370438975e-01
-1.185560119245147703e+00,1.187959526645756769e+00,-4.709904390399769269e+00
-1.255380536107068679e+00,1.465654443004367202e+00,-4.612578103757710934e+00
-4.871709911070182808e-01,-4.961729679728954956e+00,-3.793455030979136500e-01
-8.095047667847169448e-01,-4.911653353154394885e+00,-4.694287709546721699e-01
7.258708680651865253e-01,4.578182715602253872e+00,1.874394436999603286e+00
-5.799564495198863412e-01,4.958209523802861618e+00,2.825045747078926972e-01
-7.879758461614951859e-01,4.912419360611067987e+00,4.972223761654588348e-01
-1.975209557871935528e+00,2.339087411136930861e+00,-3.953127532163878577e+00
-1.698697473969422278e+00,2.295953393799211373e+00,-4.104025451362574906e+00
-2.620792114138623674e+00,-4.231574205062426763e+00,-4.745823864400066094e-01
-2.709970445149185725e+00,-4.135059743230538487e+00,-7.465528155007601363e-01
3.299981585156640307e+00,3.415677676240025384e+00,-1.563095502412634730e+00
3.470746526608663007e+00,3.188724734722959031e+00,-1.669117465668578326e+00
3.259123718121030855e+00,3.312385138197320167e+00,-1.845594019883698200e+00
-1.304645922853709283e+00,6.720062429526696413e-01,-4.779781022747153330e+00
-1.503811315473745580e+00,4.466944875913945734e-01,-4.747527310317297022e+00
-1.585776166732698167e+00,7.310646864019363367e-01,-4.685174316214775203e+00
3.206116802063182281e+00,3.196459619650872774e+00,-2.122135940855239600e+00
3.035491172741054733e+00,3.423558381975141618e+00,-2.016194768721239150e+00
1.629168865876587269e+00,2.617646552814321126e-01,-4.719882209515803950e+00
1.499889868522376934e+00,4.434619751252924402e+00,1.756268215308066427e+00
1.700315157800011301e+00,4.446104590703150450e+00,1.530059584684169360e+00
-1.697474410303892123e+00,2.197483210067632531e-01,-4.697902862105405752e+00
-4.262591578708976314e+00,1.858334198615539279e+00,1.837636264165263045e+00
-4.398661057576523703e+00,1.605374058820798533e+00,1.753440911985632678e+00
3.669767796959554573e+00,3.053787235400688527e+00,-1.485660740984442452e+00
2.853094325985948032e+00,3.637545263998337219e+00,-1.904761722470832641e+00
9.396528032908459949e-01,-4.901549952667308752e+00,3.030852533112783354e-01
1.149048481233315044e+00,-4.865103588185569095e+00,1.022480513227743970e-01
-2.602019680741501251e+00,-2.367101911338588827e-01,4.263034349667765177e+00
-2.462985909449813438e+00,1.698141862868402310e-02,4.351254076846470475e+00
-1.428063836849996271e+00,2.249592899095185228e+00,-4.230835079062027049e+00
-1.478540560728178521e+00,2.500449337303849440e+00,-4.069603288019403742e+00
-1.921375588442550297e+00,-1.597011538467876107e-02,4.616065511185000858e+00
-1.773424579600306528e+00,2.397510835113160488e-01,4.668777642855207688e+00
-2.051994208197359448e+00,2.571590662840115837e-01,4.552272947018052740e+00
2.352218254684346199e+00,3.836898070322943166e+00,-2.178366929670437102e+00
-4.934794894035974266e+00,-6.634267607591914917e-01,-4.557019715834498275e-01
-4.881446813490343040e+00,-8.145477979594333284e-01,-7.127333946886521554e-01
-1.861104211487526250e+00,7.874482360218392207e-01,-4.573425017376965052e+00
-4.850066101787428252e+00,-1.212796310132328692e+00,7.735579113358313774e-02
-4.914652694414325396e+00,-9.172557388146421742e-01,6.950397756686060857e-02
-9.322338888622193620e-01,3.276199440435954013e-01,-4.901388083871924373e+00
-8.395844757242446610e-01,4.102738554237611579e-02,-4.928835020748655538e+00
-2.524771979331054794e+00,-4.310741078285825090e+00,-2.074555575633188764e-01
7.383821855284772306e-01,2.872304265720517336e+00,-4.025501205218786183e+00
5.574195292663435275e-01,3.082940903260244614e+00,-3.896762612143238158e+00
3.696786738774507253e+00,3.145875237043912254e+00,-1.198848114222501149e+00
3.854985230186016576e+00,2.907670577513837173e+00,-1.297898566032035017e+00
3.365267938579091567e+00,2.968846351856461396e+00,-2.204750108434108125e+00
3.141765650201733706e+00,3.080073452168074599e+00,-2.375385469447415687e+00
-1.526744435172616932e+00,4.168677060976585302e+00,2.300257157571099054e+00
-1.398320086254762007e+00,4.029283679889661407e+00,2.609516040064001174e+00
-1.208261950899229165e+00,4.193333990545284884e+00,2.440502633013690303e+00
-2.190768016475530988e+00,-2.180612089638346074e+00,-3.930072061999748012e+00
-2.421344891923564724e+00,-1.987717023884281620e+00,-3.896930836865888370e+00
4.658839721878484497e+00,-1.535353580117526429e+00,9.684533183729117090e-01
4.572428327156167427e+00,-1.810154157507519734e+00,9.034606350462035529e-01
-2.314940314808608957e+00,2.706108950495931809e-01,4.423552993053691651e+00
-2.577771668990117337e+00,2.861267202400409326e-01,4.274719256573065174e+00
-1.138006371746012713e+00,4.463562925203405918e+00,1.944620145585015614e+00
-1.046899379012494524e+00,4.360305642110520630e+00,2.211727016971670956e+00
-8.483282113358687759e-01,4.491982662652834080e+00,2.025445877894060054e+00
7.619687936142842677e-01,4.813130062485440952e+00,1.119456367687856391e+00
5.573827371709310086e-01,4.784633667701920778e+00,1.340375003570682733e+00
2.656227123233358522e+00,3.838038395103458900e+00,-1.792740568936593837e+00
2.891718015850310408e+00,3.740130971635769352e+00,-1.627693838477499932e+00
-1.040231796361802408e+00,1.677323741125582135e+00,-4.593963743576388481e+00
4.026694034875019312e+00,2.751032470010495778e+00,-1.103428972997304358e+00
3.999666274425710988e+00,2.658929749709159740e+00,-1.390238209564512939e+00
2.066065036474208583e+00,4.545250792676856832e+00,2.684594880596060662e-01
1.896242221859181232e+00,4.597824052980609366e+00,5.140811354946949185e-01
-9.179061875734630949e-01,4.219742466501831046e+00,2.520163039808217320e+00
-1.152205054519479521e+00,2.195001365091610701e+00,-4.342164497066610451e+00
-1.884926613115724292e+00,-8.001883084849049227e-03,-4.631089249089805904e+00
-1.972393762164567299e+00,2.780027269490496500e-01,-4.586106990769317271e+00
1.069737967366582332e+00,-4.880579618952874732e+00,-1.886882726515689002e-01
1.338094141499654777e+00,-4.816676416656941129e+00,-9.556341195846169978e-02
-3.698150492349696616e-01,4.985858085701953435e+00,6.675311677959694379e-02
-6.611453291291961021e-01,4.956088060909322301e+00,-8.830984244245393064e-03
-1.070722911490674001e+00,4.865831176333051289e+00,4.209981119129316274e-01
-2.166596423881165023e+00,5.262529411907832522e-01,4.475367893024371213e+00
1.883054479800374992e+00,3.428185097213961363e+00,-3.114747624663007475e+00
1.606334592563351205e+00,3.459703088895273559e+00,-3.232668203423116005e+00
1.690065861427754612e+00,3.628596192014631683e+00,-2.996158717313449849e+00
-7.438631055144685478e-01,-2.457152881298158842e-01,-4.938247834752084842e+00
-9.468340821705557575e-01,2.411759119529487183e+00,-4.276321219249857641e+00
-8.914554772833107599e-01,2.153490238557166148e+00,-4.423549132140456308e+00
9.272679343178799050e-01,2.660703234138111384e+00,-4.130476059467341088e+00
6.322407573394115410e-01,2.645661982540220780e+00,-4.195324099387343963e+00
-1.626784836562634506e+00,3.858874491772843029e+00,2.731786732575360421e+00
4.038850201206416024e+00,2.833021565827910759e+00,-8.134358362949543064e-01
4.183459643802475370e+00,2.584235131619262660e+00,-9.057561444344942592e-01
2.002734678560886383e+00,1.934439032755973065e+00,-4.152950690273092604e+00
2.116240199004510547e+00,2.151939585115606679e+00,-3.986312010132902373e+00
1.767613345426302995e+00,3.784212618331262323e+00,-2.748686580957035996e+00
2.328499773415967145e+00,2.568481788666436838e+00,-3.602914113116026940e+00
2.226443154540116431e+00,2.364536490191701201e+00,-3.801567843160682969e+00
2.059673982568658523e+00,2.608101114768036854e+00,-3.735713005662437691e+00
1.783312047069675499e+00,2.638177655247530673e+00,-3.854843291513781356e+00
1.885368665945527100e+00,2.842122953722267198e+00,-3.656189561469125771e+00
2.385065989851818280e+00,2.112320259014005774e+00,-3.853513117586492065e+00
4.730084782666760468e+00,-1.252858503765716502e+00,1.027931670066779768e+00
4.129506038887859276e+00,2.400362785551345635e+00,-1.478322824192634943e+00
3.957743929048851861e+00,2.556968742723032317e+00,-1.672774294641792503e+00
2.149605402103888618e+00,1.672185658420040300e+00,-4.193207810140121339e+00
1.877618409877613415e+00,1.707036811044170932e+00,-4.308198513605056235e+00
1.537864903850964859e+00,-4.746334990567699919e+00,-3.275296853968731048e-01
1.617339662931104094e+00,-4.731054490964901049e+00,-3.654884718768779128e-02
2.228277822706774547e+00,4.475947736487737139e+00,2.588059240922980370e-02
1.958267661935570114e+00,4.600560237733429148e+00,-5.767426074043202969e-03
4.452823958285845762e+00,-1.980200349900161916e+00,1.118555036987829210e+00
4.468639450950086633e+00,-2.082132523595099372e+00,8.342575211527949453e-01
-8.452279962160023918e-02,4.996886640356304810e+00,1.548541241711108574e-01
-1.657187002280197385e-01,4.995389762742368234e+00,-1.364493704034181187e-01
-1.616421313116426672e+00,4.275685652683858251e+00,2.026251301772901581e+00
-1.806684925937121822e+00,4.112736787089154689e+00,2.195742630299634790e+00
3.879728948793323084e+00,3.071452206132573970e+00,-7.168574679379442482e-01
4.036508180898672471e+00,2.904659390484552350e+00,-5.191873754320379675e-01
-1.426967165339471766e+00,-3.191893422135335001e+00,-3.574294488535074699e+00
-1.653733649578815967e+00,-3.267573758966560771e+00,-3.404133773218066317e+00
-1.686126340143093927e+00,-3.031732215668170749e+00,-3.600774602437011307e+00
8.079872044182111468e-01,-4.926792663240509462e+00,-2.717917050535871848e-01
9.967262585582568057e-01,-4.877097697200910353e+00,-4.695261626981330760e-01
7.486681630132765997e-02,1.385004956358432793e+00,-4.803764797601926873e+00
-1.109991788264971108e-01,1.612414215289299291e+00,-4.731574746385481589e+00
1.885438123543825839e-01,1.651095480469655596e+00,-4.715753910584769670e+00
-1.704520117222421138e+00,-2.790659614164674007e+00,-3.782437056694313071e+00
-1.931461856934197252e+00,-2.866670219471971759e+00,-3.612707703094843570e+00
5.237860223637891277e-01,2.409339482214595485e+00,-4.349796715045225248e+00
2.645165058676403280e+00,2.064972160709954707e+00,-3.706614599314355107e+00
2.534962103140797396e+00,1.852375255633859963e+00,-3.891358766286574955e+00
3.135411734859715693e+00,1.947810260587649722e+00,-3.372718257081883664e+00
3.034887178273864894e+00,1.742768885676274637e+00,-3.571024562540500824e+00
2.895585728551232307e+00,2.010068532241185757e+00,-3.546153942555820393e+00
1.740925607731916847e+00,1.470159036624633542e+00,-4.450596638134507899e+00
1.594292193982002948e+00,1.732655504281980230e+00,-4.410911164792304717e+00
-2.889947872613670921e+00,-3.540528517910177531e+00,2.028018517528990206e+00
-2.739420521634025274e+00,-3.744786696911459156e+00,1.863370011641630519e+00
-2.634486152441817275e+00,-3.678821131022159907e+00,2.127382851895055715e+00
4.305243742239583504e+00,2.539831446219014577e+00,-1.188803798106954773e-01
4.322385960366510460e+00,2.478856540209930071e+00,-4.150299539610702859e-01
4.178523543129673001e+00,2.727229990426667694e+00,-3.196209924713935835e-01
4.813139237719829211e+00,-1.087064855588789181e+00,8.074532048766057679e-01
-4.677037554349042558e+00,1.717386650834354045e+00,4.194076856051646152e-01
-4.728636339838893754e+00,1.507763076464221141e+00,6.055153761930223144e-01
2.745689615262254080e+00,2.270013535621331346e+00,-3.508308293855737503e+00
3.222344135710974111e+00,2.143924817358751067e+00,-3.165451728989456814e+00
2.489015007885355235e+00,4.336038994179085115e+00,5.975057723476134841e-02
2.381217843118019317e+00,4.391332761106004234e+00,-2.144718276452278194e-01
3.015309451304810651e-01,1.911144808508171034e+00,-4.610488543532126116e+00
1.145616779126612389e-01,2.131561376435946897e+00,-4.521429167911438896e+00
4.134148058165844630e-01,2.164201445543597835e+00,-4.488353852075238848e+00
7.107552895816092731e-01,2.188922914286818067e+00,-4.438856090665911580e+00
1.201212686820383624e+00,-4.805303164292735296e+00,-6.827514776695658982e-01
1.843984085199494194e+00,4.639147888497927141e+00,-2.793377206469096485e-01
1.681803910713123074e+00,4.708522513008666976e+00,-3.676071817305127248e-02
1.503939460874321732e-01,-2.617646552813734928e-01,4.990877771116587702e+00
4.522864331988643016e-01,-2.617646552813737149e-01,4.972616639918029158e+00
4.286041402346119078e+00,2.235473785035864136e+00,-1.277695602947877873e+00
4.244224337580604356e+00,2.133571123920693147e+00,-1.560267294876193755e+00
4.019363010648277168e+00,2.965632351635539177e+00,-2.230375384662465765e-01
-3.958295407349166961e+00,-2.383440935016830853e+00,1.910786952395423288e+00
-3.869254568466890198e+00,-2.630235314811518954e+00,1.763726530139082538e+00
-3.765341849577329203e+00,-2.577657348709696539e+00,2.043987120425291959e+00
-4.820003272125619631e+00,-5.469504059291392384e-01,1.211781213813888813e+00
-4.807045547748534098e+00,-8.236757475108616999e-01,1.101758305997016629e+00
-4.731573308274035661e+00,-7.564803125563830388e-01,1.428268730016620136e+00
4.272259940817623836e+00,2.591596147197936517e+00,1.772693090013066353e-01
4.416162213550942184e+00,2.343247812314023903e+00,8.185959742378677573e-02
2.675583039262200202e+00,1.585652593267986354e+00,-3.914966315752276937e+00
2.415483970437615646e+00,1.633000691572036978e+00,-4.061864834024414783e+00
-3.602892351189721953e+00,3.016888007982708508e+00,1.708084732391434102e+00
-3.390847666466930921e+00,3.172984067208163950e+00,1.853192977554930287e+00
-3.464835989603323618e+00,3.237352442119243001e+00,1.585705120964844284e+00
4.873969402583060440e-01,1.683735549577305868e+00,-4.682678594748571399e+00
-4.030016721053316431e+00,-2.126213093864405046e+00,2.058684800427261319e+00
-4.133998098554351408e+00,-2.178800839860150607e+00,1.778450623822239507e+00
3.845422428093038913e+00,3.193229873225379212e+00,-1.265279663159873114e-01
3.987432280968723042e+00,3.015799914640133306e+00,7.303889063456006636e-02
4.343464103102772533e+00,1.858431115308792458e+00,-1.637239559352799301e+00
4.186761249548288433e+00,2.023238644821704124e+00,-1.837807287334797035e+00
4.459299795619872775e+00,2.173428856918407703e+00,6.251818429056519300e-01
4.513104882127779938e+00,2.131680430662673320e+00,2.963492271699099678e-01
4.479680675195512940e+00,1.693537825731897595e+00,-1.436798761516429268e+00
4.422087827288646800e+00,1.583171094727349848e+00,-1.714266179029785286e+00
1.997409208666429681e+00,4.553693680546191835e+00,-5.236700458191450025e-01
1.720925068054710128e+00,4.661627956195401268e+00,-5.546545845464336821e-01
-4.691439147864056913e+00,-1.131507136634646998e-01,-1.725571104847906767e+00
-4.579237462504804235e+00,-3.147284269191668454e-02,-2.007384796735654398e+00
-4.610785762213792438e+00,-3.353296392221482569e-01,-1.904785732838663259e+00
-4.780985353506933322e+00,-1.258910629839944673e-01,-1.458194256542298062e+00
-4.747028722406064105e+00,1.779328184454884443e-01,-1.560146858719363649e+00
-4.945581454343463967e+00,6.850672675073565809e-01,2.681546521020963803e-01
-4.914094202903495301e+00,7.304131937331131974e-01,5.640697930317249975e-01
-4.892150424924549768e+00,9.534076838668558151e-01,3.973386568837560251e-01
4.313104121367824284e+00,2.432587709982449109e+00,6.925675934392494515e-01
-4.867541391247982574e+00,1.080056043996851400e+00,-3.748596354817654297e-01
-4.922974157589850464e+00,8.544321754075020481e-01,-1.851245562611954498e-01
-4.868961627743322751e+00,1.133768507903226253e+00,-8.821359334018953613e-02
-4.615517869840866538e+00,-6.175819453217518129e-01,-1.820875430663018157e+00
-4.504428394688892112e+00,-5.358909803519059656e-01,-2.103080049427013432e+00
-7.959744237024813929e-01,-4.812307793866323458e+00,1.099144400843193203e+00
-1.090467254281028531e+00,-4.763458625773434818e+00,1.058462605804032508e+00
4.658552266019469812e+00,1.813785113507802915e+00,-8.985736910433381186e-02
4.561329472910811589e+00,2.025254556253544891e+00,-3.043311057539773712e-01
4.546729720901041993e+00,2.080204030578072238e+00,1.903730021760738573e-04
4.120755048968097078e+00,1.915510995361809687e+00,-2.085712217217885911e+00
4.021006471496538559e+00,2.190319475656025361e+00,-2.008483893573675072e+00
3.434252656082494859e+00,3.633121863932467832e+00,7.958778804690085085e-02
3.578479341111806544e+00,3.480784196602643821e+00,2.804050319043726591e-01
3.669638462460071526e+00,3.395995481632853696e+00,-3.111661233039055355e-02
-3.526646515704004337e+00,3.296751653373227064e+00,1.301611650706038015e+00
-3.314452411765494322e+00,3.452756693757219608e+00,1.446677719416668007e+00
-4.352065556723638373e+00,-1.702320093779317478e+00,1.778097772422806644e+00
-4.441557297268704296e+00,-1.746738728209700442e+00,1.490460529652321231e+00
-4.295261458295871471e+00,-1.966023017886138202e+00,1.638744183214665640e+00
-6.648964064836245802e-01,4.016415171267036399e+00,-2.902812763624473380e+00
-6.422105747869095715e-01,3.841410630396412618e+00,-3.135463274591061555e+00
-3.547257742326896945e+00,-3.286362966149054099e+00,1.271527020643239414e+00
-3.324359115879421456e+00,-3.469486348115934149e+00,1.382498082785850180e+00
4.753189699627192510e+00,1.540903664770904680e+00,-1.811175730114380489e-01
-3.932482579567893044e+00,2.923177665396191838e+00,9.952954827205441335e-01
-3.882955632145980385e+00,2.875758948159323758e+00,1.285560590119106950e+00
-3.726575221965435780e+00,3.128746207804932844e+00,1.150471330446579454e+00
-3.946786672890095993e+00,2.989357815404360075e+00,6.975778165753201421e-01
-4.101852185875014101e+00,2.735368560905804713e+00,8.322063934147984066e-01
3.701325518875236753e+00,3.345620324992419015e+00,-3.271300113419386979e-01
-3.549002664638338356e+00,-2.365431901881746679e+00,-2.609465846480860218e+00
-3.689639975801002780e+00,-2.415787841114307888e+00,-2.355955423112978231e+00
-3.736418613258148724e+00,-2.168305724622380470e+00,-2.517464246234268455e+00
3.427126650969023469e+00,3.454898653223991811e+00,1.148250066043493778e+00
3.600046881074754790e+00,3.307537951481273275e+00,1.048739793073092841e+00
3.510745950933403581e+00,3.455654565895265762e+00,8.562209932090640851e-01
-4.251809687866537679e+00,-1.658384631168554835e+00,2.042516779188899623e+00
-4.397868156125926298e+00,-1.439067614198281220e+00,1.894159466121905000e+00
3.512310285730701587e+00,3.512021541448361539e+00,5.739173713636764873e-01
3.748770054864488444e+00,3.276013772073105734e+00,4.630948509092308041e-01
-3.576506316650397643e+00,3.344450514904387273e+00,1.011559845147868231e+00
-3.389275286835537582e+00,-2.872056767341876871e+00,-2.294363300615578360e+00
-3.510546855580500836e+00,-2.919749972002119609e+00,-2.037429968309949047e+00
-3.622816143191575300e+00,-2.660066358321916180e+00,-2.190719096998630988e+00
-4.645893294113557559e+00,-7.066017777916714371e-01,1.707743958365047998e+00
-4.634527135094992367e+00,-9.834420614883403466e-01,1.598123883109114907e+00
-4.797530812837376146e+00,1.408324400735385895e+00,1.790201578773032223e-02
-4.853638556295727824e+00,1.182829364547396622e+00,2.076233590035600762e-01
4.181711594187038195e+00,1.621991422975462616e+00,-2.209622584704395987e+00
4.016329093544070084e+00,1.789457343184787330e+00,-2.380534189898038555e+00
-1.448766216393055251e+00,-4.546675571799804416e+00,1.492922534841334414e+00
-1.734314972411115097e+00,-4.466127978061990689e+00,1.430332989217035777e+00
-1.560101394559930243e+00,-4.591083252308372664e+00,1.219851716015406762e+00
-3.096653690008235316e+00,-3.634244764594672716e+00,1.484250960981531531e+00
-3.222998297725853334e+00,-3.442162504571085524e+00,1.662467823743113415e+00
-2.975855845636482311e+00,3.852814910232007062e+00,1.140218949800916981e+00
-3.200107897243740229e+00,3.710795171530648862e+00,9.946399554326535997e-01
-3.152123388894255029e+00,3.654147263700082249e+00,1.308176561622703682e+00
5.807921932504718221e-01,-4.965731857808154182e+00,-6.471124020200424987e-02
5.077360014692452461e-01,-4.962129592829279900e+00,-3.456501942425965201e-01
-4.609113495835597263e+00,-1.258122829697661871e+00,1.474177644620790151e+00
-4.523741104173188532e+00,-1.208338031711622573e+00,1.753763274656312099e+00
-4.820651235312723770e+00,1.227949311822170486e+00,5.034502508424891776e-01
-3.811077100936381079e+00,-2.463513866792467422e+00,-2.099235755897746358e+00
-3.559863061317381394e+00,-2.763837402901172080e+00,2.165312401246652474e+00
-4.390445776583570492e+00,-7.597425689674388583e-01,-2.268650945336953217e+00
-4.385938412577323753e+00,-4.776031453738975863e-01,-2.352751469366805015e+00
-4.046228721904852499e+00,-1.993017329973581164e+00,-2.157756949347447328e+00
-3.920357390909006590e+00,-1.958747638853316264e+00,-2.407094849571093764e+00
-3.373026865163459287e-01,3.784086658319266494e+00,-3.250679169035139537e+00
-5.856104065850677998e-01,3.657561523386479774e+00,-3.358467530636859877e+00
-1.665594306192611951e+00,-4.620189210118668122e+00,9.378951273366266106e-01
-1.379955711008284958e+00,-4.700517774618087508e+00,1.000427351762755990e+00
-4.540446585503270072e+00,-6.527455047027113100e-01,1.989539672960077832e+00
-4.637600634978797487e+00,-4.257715184223928029e-01,1.819719474134557036e+00
-2.133431867031199580e+00,-3.163234927295949905e+00,-3.231472305849263371e+00
-2.159678815717173794e+00,-2.932783900939180288e+00,-3.425575280640381415e+00
-3.089824410549851574e+00,3.594213499337893136e+00,1.592047245890497509e+00
-3.779193855390756251e+00,-1.908047831708742370e+00,-2.660272030317260672e+00
-2.178023711896720727e+00,-2.691602106559594088e+00,-3.607144412188065807e+00
-3.425185052878326974e+00,-2.054910086127945679e+00,-3.007565775085979887e+00
-3.619051081807989512e+00,-1.849947291551009565e+00,-2.912072163554245030e+00
4.049136992823736847e+00,-1.226742590898202145e+00,2.664506000935766394e+00
3.877299780947981223e+00,-1.357823678101064857e+00,2.850063379619624193e+00
-2.680145399714423782e+00,3.913657989282165683e+00,1.581171015202810892e+00
-2.852162374871626049e+00,3.724772955969441579e+00,1.729519070101661615e+00
-2.604764244206768442e+00,3.842714012966077952e+00,1.857081647816295256e+00
-3.345663337604024345e+00,-2.940718265093021699e+00,2.271280017250315364e+00
-3.461704847441714694e+00,-3.000992923563059023e+00,2.002658488590350672e+00
-2.520324555261593158e+00,-3.588973544756705270e+00,2.401506408732223985e+00
-2.369312366846773710e+00,-3.792663701895945039e+00,2.236528773038227946e+00
-3.015048705282944663e+00,3.524041146796370150e+00,1.868318843360995185e+00
-4.223227718388529617e+00,-2.223089805813875497e+00,1.490711022942151409e+00
-3.563809239879863977e+00,-3.051222920604243605e+00,1.728959915824024307e+00
-3.349093067328428930e+00,-3.227646848323004303e+00,1.834631147910454452e+00
-2.684167000968315175e+00,3.557848367372643317e+00,2.266486820102110222e+00
-2.519995831722588786e+00,3.756795560344118101e+00,2.129814105944343172e+00
-4.767889837001080267e+00,1.278538132301154207e+00,7.953406480708047344e-01
-3.016062332835033111e+00,-3.326051024559539382e+00,2.200171035733390124e+00
-3.121307317618103649e+00,-3.392318890518734698e+00,1.936391792487619945e+00
-2.895449574125399383e+00,2.422940086968787821e+00,-3.278068501214811192e+00
-3.122138685673564229e+00,2.388745158371385902e+00,-3.089683899006143264e+00
-2.972161369859033453e+00,2.600771418243523758e+00,-3.066308011528725785e+00
-1.965210482216846355e+00,4.286870583664805778e+00,1.661531931530174422e+00
-2.233931235224172251e+00,4.194027219356110336e+00,1.555534287500552670e+00
-2.164489559917931683e+00,4.125547688712682515e+00,1.815169747754663110e+00
-1.900785068892782537e+00,-4.325646829715532604e+00,1.635785935398096580e+00
1.913926178878238238e+00,-1.306186295965573452e+00,4.430661795041038964e+00
1.770156246937295563e+00,-1.567695233900592067e+00,4.405550875320161097e+00
-1.195908469704155763e+00,-4.792378984096247407e+00,7.764706078677323653e-01
-2.222321171791980632e+00,-3.997333381689216925e+00,2.020548055612180427e+00
-2.330994998011722164e+00,-4.055903848949032664e+00,1.765249638811676736e+00
-2.069689720171294489e+00,-4.170379572956242065e+00,1.823271422385206897e+00
-2.347571897533889285e+00,3.945100130210483336e+00,1.981184279294170070e+00
-2.079537321229417923e+00,4.039388136187893608e+00,2.087790222900390180e+00
-1.792329641452787170e+00,-4.267399504924149767e+00,1.891257761846026009e+00
-2.109059704398052570e+00,-3.909217612521342922e+00,2.295622970184198586e+00
-8.581229517293452735e-01,3.498797481505318885e+00,-3.467281526372982370e+00
-6.050507697741216440e-01,-1.830233148102634377e+00,4.613475933564849640e+00
-7.391323281445631999e-01,-2.052333337942517044e+00,4.499067822500714797e+00
-4.401199829964537180e-01,-2.069640538854307987e+00,4.530218807132614600e+00
4.349311244051915715e+00,2.617646552813667205e-01,2.452543774860910464e+00
4.192845381170303476e+00,2.617646552813666649e-01,2.711369925857459506e+00
-2.008230428053939587e+00,7.880688342071682229e-01,4.510649405616628194e+00
-2.271112804840081711e+00,8.015050967563855933e-01,4.381738947902414694e+00
-4.355986108437840620e+00,-1.952035878479251307e-01,-2.446892025077497035e+00
-4.242425646680802132e+00,-4.191649653133821540e-01,-2.612685469825790197e+00
-4.792615150532689050e+00,1.025486723540932843e+00,9.895539392705225978e-01
-4.701432373621331706e+00,1.305547661254349512e+00,1.091823676450824010e+00
3.684507568450078097e+00,-1.497291914264734070e+00,3.030267463692196017e+00
3.778500246258083450e+00,-1.647075990943870805e+00,2.830207866762417979e+00
-4.679904824065048707e-01,-1.582458250254679788e+00,4.719831648965651993e+00
-3.802761134162217616e+00,-1.640239970041166950e+00,-2.801538969421026870e+00
-2.416616392180853445e+00,-2.506685686103673483e+00,-3.588382934432409854e+00
-2.188399433397875793e+00,-2.440572004636465842e+00,-3.775515356886871565e+00
-1.952175336191400268e+00,-2.365528510094264902e+00,-3.948833539755404853e+00
-4.338483750927689120e-01,2.933171909320682502e+00,4.025950588097352956e+00
-1.727290391173268991e-01,2.833686039821537328e+00,4.115870273315977101e+00
-1.292401995131666093e+00,-4.804950729528385089e+00,4.920828891399529059e-01
-1.002798902435583228e+00,-4.867425469778908109e+00,5.500578673390337237e-01
-3.002907391478488286e+00,2.791196607716591060e+00,-2.862126603641994560e+00
-2.776456038383822378e+00,2.825518250818358723e+00,-3.050858646547619735e+00
-2.728799591950113457e-01,-2.282987592128642440e+00,4.439989209677923654e+00
-1.387804844120786030e-01,-2.060510816750352081e+00,4.553573887750274274e+00
3.686683702902051163e+00,-1.929357656389380615e+00,2.772353207743937453e+00
3.881533024460158021e+00,-1.790674465249210368e+00,2.593682004319272760e+00
9.679388820259941795e-02,2.720724389957411837e+00,4.193839498251869635e+00
-1.989800515086134869e+00,3.932284517002315294e+00,2.361743505867396564e+00
-4.618119686394886791e+00,1.331099006163951159e+00,1.378820509682578965e+00
2.637646336533621683e-01,4.826440929238240862e+00,1.279021569250343937e+00
3.506258596561906971e-01,4.739024391981693896e+00,1.555220022615093178e+00
4.064945145369695645e+00,-1.648572089587117873e+00,2.399673109106676083e+00
3.973267749083605249e+00,-1.930942047683205987e+00,2.341923611602453992e+00
-1.127998652543648728e+00,3.546401167646856312e+00,-3.339260067436007340e+00
-1.095654682934033453e+00,3.331207414114062182e+00,-3.564070422973742325e+00
-1.351946409327154708e+00,-5.250646790546615456e-02,4.813469016949782464e+00
-1.188973226879614709e+00,1.992669204277717487e-01,4.852487543537510994e+00
-1.479623439169257981e+00,2.183675641256443423e-01,4.771061735630630629e+00
3.475775901209247731e+00,-2.057948397100114235e+00,2.946833941613628660e+00
3.578762262828107499e+00,-2.201547029430481750e+00,2.710286210599032852e+00
7.508812429820080903e-01,-2.617646552813480132e-01,4.936360665934290459e+00
1.048371457828677578e+00,-2.617646552813484018e-01,4.881843560751983446e+00
9.607082099269503850e-01,4.823876303850302527e+00,8.984748969951821262e-01
6.692575688964383929e-01,4.882736575622098840e+00,8.431950186979362272e-01
-2.983187224347651993e-03,-1.847419726513859883e+00,4.646184612634483457e+00
1.642918191271490191e-01,-2.059508492047578798e+00,4.553178337090674432e+00
-4.111484079579201811e+00,-6.422345030808398469e-01,-2.771864626279442856e+00
-1.252973812904670359e+00,2.695796382458684803e+00,-4.020290846256997064e+00
-1.523607450024095034e+00,2.742156877162709172e+00,-3.893481218557543144e+00
-3.972421659588068366e+00,-1.423691373749676803e+00,-2.681971109230361083e+00
-3.811870724731182491e+00,-1.365419196728963280e+00,-2.933474389719706199e+00
-4.712174061823244386e+00,7.945616552565119006e-01,1.471083745772571172e+00
-4.611123786583585016e+00,8.254332858767345904e-01,1.748198305504784722e+00
-4.624312108575477254e+00,1.083140577669579940e+00,1.562864041267771897e+00
8.821115792735720884e-01,2.580041258107990121e+00,4.191093684012805021e+00
1.131827985404049830e+00,2.689526916288264236e+00,4.060222946836436364e+00
8.680450462427967695e-01,2.833702221428959778e+00,4.026987648101483686e+00
6.010860155797455029e-01,2.967509288673210843e+00,3.979017997384866945e+00
8.508024217102231335e-01,3.076994946853484070e+00,3.848147260208494735e+00
1.519185921532263173e+00,3.282990058424894997e+00,-3.451673566851516384e+00
1.326144530296466506e+00,3.483229290615313722e+00,-3.332934801907217359e+00
1.048371457828779718e+00,2.617646552813365779e-01,4.881843560751963018e+00
7.508812429821106749e-01,2.617646552813366334e-01,4.936360665934275360e+00
-4.796940736892234547e+00,-2.419850812076455027e-01,1.389533298347581658e+00
-4.875726083427537105e+00,-3.092802326129655555e-01,1.063786114357222257e+00
-7.207501685567274663e-01,-4.909892995498288393e+00,6.111218923277896842e-01
-8.171205449837126711e-01,-4.921948192605725581e+00,3.267108878974566144e-01
-1.610485744958005006e+00,4.915606509445849537e-01,4.707940504268293580e+00
1.936934837769244577e+00,-1.776641369540516990e+00,4.253449056738898726e+00
1.638296257941232570e+00,-1.819718393997290518e+00,4.359427753474493628e+00
4.160169547997677242e+00,-2.307432167151095559e+00,1.539073138583477274e+00
4.194314519147653186e+00,-2.413628745616043680e+00,1.257824309195493262e+00
4.315414821095033382e+00,-2.146241683654833921e+00,1.330729708549332146e+00
2.239529165850813630e+00,-2.986723537034781994e+00,3.326257901700648834e+00
2.108391392198015968e+00,-2.825241002526522660e+00,3.545800193884060647e+00
3.327245813381768391e-01,3.094478777870570241e+00,3.913246152017784141e+00
3.499881304536722193e-01,2.851372615382213649e+00,4.092332161102021360e+00
-2.572120788998721430e+00,3.027996611785471526e+00,-3.035692864210129294e+00
3.867052556646116024e+00,-2.206246878623968399e+00,2.275605245796979315e+00
4.050464677555656756e+00,-2.064144502961874572e+00,2.081596350584382193e+00
-1.788666357243030802e+00,2.778484089386753730e+00,-3.752425725779473975e+00
-1.563099609419520197e+00,2.973831134541587762e+00,-3.703113284017062412e+00
4.655027502079487345e-01,-2.035505445412599812e+00,4.543129402872484235e+00
3.298440623737630140e-01,-2.249742950110718454e+00,4.453073045992384849e+00
4.419020621997174381e+00,-1.874177829762238012e+00,1.399897926561580741e+00
3.271210652897924120e+00,1.197917019292684904e+00,-3.586666374121806999e+00
3.160488667438849042e+00,1.471602107643253721e+00,-3.584089650074415268e+00
-2.134045171395601681e+00,3.431579381658758976e+00,-2.944505757137791946e+00
-2.110215951451082983e+00,3.233879971223512229e+00,-3.176320035821456056e+00
-2.360130017263693425e+00,3.236889437008975801e+00,-2.992044965268836343e+00
-4.516989297559156569e+00,1.361925611399960490e+00,1.655888376294996966e+00
1.827668731280621461e+00,3.954971563091941089e+00,-2.453125953519952773e+00
4.219056546340373082e+00,-1.914489625453482446e+00,1.879971098930360629e+00
4.112841353902879860e+00,-2.189794456394245525e+00,1.813652733124883953e+00
-2.146752517873001587e+00,-2.659848728158241915e+00,3.649199689016882076e+00
4.943374193230693159e+00,2.793075271344009347e-01,-6.964473354007967298e-01
3.808381020040925158e+00,-2.597751682181892008e+00,1.935954597585695991e+00
3.991577679212955587e+00,-2.457087044659488129e+00,1.740698390237497950e+00
-2.278667052364241830e+00,-4.446749265114374516e+00,-1.846549151103916986e-01
-2.436289073100172509e+00,-4.365929442883382805e+00,5.617519075800232048e-02
4.482951587013445760e+00,1.317069914464662483e+00,-1.780020199016200344e+00
4.345645991142490061e+00,1.481552536427482192e+00,-1.979990656915454617e+00
1.980526906190248626e+00,3.035669203668704963e+00,-3.444158193195239637e+00
1.704164970691263381e+00,3.065745744148193008e+00,-3.563288479046579749e+00
-2.595694668546882244e+00,3.225297988539612248e+00,-2.803537421330348334e+00
-1.061881751368508375e+00,3.110414112551184385e+00,-3.767987685032022860e+00
-1.331813633766112170e+00,3.158297223880420557e+00,-3.640251514736850158e+00
3.001770758180206222e+00,-2.704918528320720217e+00,2.944959774000571961e+00
3.234867087422700127e+00,-2.590729019619608220e+00,2.797098152301811247e+00
3.134820839720017016e+00,-2.444468284358885857e+00,3.032733603470739059e+00
1.375727797674814123e+00,2.786677256021103499e+00,3.916861357959903422e+00
1.619612752378967402e+00,2.876207376708852514e+00,3.755567288506092449e+00
1.361624072380806849e+00,3.032703345267272255e+00,3.734794546573854568e+00
4.192845381170279495e+00,2.617646552812684657e-01,-2.711369925857505248e+00
4.349311244051895287e+00,2.617646552812685212e-01,-2.452543774860957537e+00
-2.686945625625714928e+00,5.546550023867403700e-01,4.180033616283270526e+00
-2.834926859264916832e+00,3.010036339708403452e-01,4.107625410739725424e+00
8.304467947441960263e-01,3.309029250212969231e+00,3.655226879734565504e+00
1.097405825407246294e+00,3.175222182968713724e+00,3.703196530451177360e+00
-4.127240948190472380e+00,-9.252727297533285267e-01,-2.666411920756925458e+00
-3.965790373410809977e+00,-8.658616807677014249e-01,-2.919381829076197477e+00
-3.807606926248104262e+00,-1.086149267895475168e+00,-3.053262069170870063e+00
-2.817173403826235933e+00,3.200830232043953227e+00,-2.611172119644271206e+00
-2.604919047926876452e+00,3.409358427309973738e+00,-2.567230388546808406e+00
8.177500835197509810e-01,-2.871992260022283805e+00,4.010354754791093157e+00
6.573212190768570329e-01,-2.674106836426652034e+00,4.173377701853447697e+00
-4.104204761281379454e+00,2.219829832396865488e+00,-1.796624276991758196e+00
-4.111415010905418832e+00,2.388816895484162650e+00,-1.545904411000563972e+00
-3.956207925753146615e+00,2.483372723824524453e+00,-1.783613961251800717e+00
-1.596872540985046829e+00,3.194624436104467335e+00,-3.499196021958783653e+00
2.909737153811875920e+00,3.848323048374385547e+00,-1.312950650663322394e+00
3.107381423012139710e+00,3.648661481313179245e+00,-1.425289474703493209e+00
-2.137655054037729929e+00,2.727282187403037295e+00,3.604492022493745118e+00
-2.167894548239503116e+00,2.960304343058658194e+00,3.396591147633386321e+00
-2.379842951339465440e+00,2.729495178199801586e+00,3.447637393802297723e+00
1.760778969355309698e-01,4.895947153811701646e+00,9.993488086218222932e-01
-3.068029714010161654e-02,4.850242718732599378e+00,1.214168146818554561e+00
-1.624802672883804977e+00,3.403728920863271945e+00,-3.282475545601000189e+00
-1.856088648537210117e+00,3.219262831524433821e+00,-3.345337314881206225e+00
-6.264091099422917086e-01,-4.959580754813170955e+00,1.008482199551707092e-01
-9.083821554497567563e-01,-4.916631178566541749e+00,3.974561117707996888e-02
3.011754856788719348e+00,-1.821703044074663325e+00,3.551159064561690837e+00
2.765998174044665081e+00,-1.927040869086057873e+00,3.692664023446166066e+00
2.883668237658622235e+00,-2.126024158040594969e+00,3.487761284054084587e+00
1.931729704989417207e-01,-2.490498512310191259e+00,4.331293266871839798e+00
4.944872809035751882e-01,-2.466437118761525937e+00,4.321130670116321681e+00
-2.082373207885561239e+00,3.024903124665622833e+00,-3.393181826762095010e+00
1.515076929321975907e+00,-2.085524336008629298e+00,4.284288755692368333e+00
1.969539221680424612e+00,-2.653421188890160209e+00,3.752368751683554216e+00
2.243768281759332961e+00,-2.576062350225697628e+00,3.650945995974252511e+00
1.809036717345644085e+00,4.546519416939940328e+00,1.027884889802068491e+00
1.894519161043860978e+00,4.441321570473682812e+00,1.298252616435970896e+00
2.509787614240827747e+00,-2.489277952629413537e+00,3.536164787726450598e+00
2.642556467718288005e+00,-2.653614098238961994e+00,3.312888095385605247e+00
2.769770377189164190e+00,-2.395033575356010580e+00,3.404729979097138148e+00
-2.363598665688671829e+00,-4.230365326161856565e+00,-1.231832194238411393e+00
-2.099717243218222062e+00,-4.375338454170099034e+00,-1.203162877582451218e+00
-4.404976329488565767e+00,1.357415594272305182e+00,1.937422628409146474e+00
2.842177243149416999e+00,-3.616140313756124769e+00,1.961009370133486529e+00
2.628659911394196413e+00,-3.796177505105160943e+00,1.918119761631845055e+00
2.845303191457946745e+00,-3.756421785998729668e+00,1.671390174182359356e+00
-4.865479162060720064e+00,-6.573834469527156665e-01,-9.460230056533900367e-01
-4.814666894895144544e+00,-9.570787931032803675e-01,-9.502541107476034643e-01
-4.788280353188477001e+00,3.852271256715240622e-01,-1.387072932803497860e+00
-4.701317656439329085e+00,3.980478552736392839e-01,-1.655043865933429892e+00
2.370935443723233504e+00,-2.317458138993047534e+00,3.742733345525939281e+00
3.016362659910785116e+00,-2.290274406619590586e+00,3.264383471082895838e+00
3.249025298297325115e+00,-2.175712105100043203e+00,3.116105172606520757e+00
-4.790860596591558718e+00,1.322915844818711717e+00,-5.454799827252765354e-01
-4.847338000512672274e+00,1.044186657229927429e+00,-6.426418393232637971e-01
1.090592201177404519e+00,-2.391362036560553683e+00,4.253468732790683937e+00
1.249435769683816311e+00,-2.590281995587073283e+00,4.090152740518630203e+00
1.383201721736254219e+00,-2.340623040255311871e+00,4.196216960598181167e+00
-2.426652053471015869e+00,-1.724168520723000420e+00,4.017287981155043042e+00
-2.605825152541489498e+00,-1.480987211898120881e+00,4.002043497087001356e+00
-2.678641642912297005e+00,-1.732229244563264103e+00,3.850228667642467961e+00
-2.382444875226145786e+00,3.604313619134958291e+00,-2.516521359223269361e+00
-2.604051144585262101e+00,3.580027525580039338e+00,-2.324289257487853977e+00
-5.557174880525493910e-01,4.503962602319350417e+00,2.098928047928576568e+00
-6.468170482764038498e-01,4.607181392650813834e+00,1.831804389467146299e+00
3.357428588576378825e+00,-1.903782142113936482e+00,3.178566788346297578e+00
-3.803200578667915277e+00,1.625793460491415265e+00,2.809352413322931508e+00
-3.955142319928497852e+00,1.376007182515760929e+00,2.731932184878616887e+00
4.522864331986703457e-01,2.617646552810409255e-01,-4.972616639918064685e+00
-2.968857827477064948e+00,4.586630957923492485e-02,4.022906844791927838e+00
-3.077803679028001671e+00,3.143556286364876384e-01,3.927888116037199229e+00
1.973069745348868365e+00,4.319873364929828874e+00,1.563870164354697501e+00
2.608692835176158908e+00,3.703257910314316614e+00,2.116743381091579224e+00
2.552670617596327851e+00,3.870708276587612406e+00,1.871226911845950802e+00
2.366073546927013993e+00,3.873278361840555295e+00,2.097477223292296244e+00
2.685176048914596159e+00,-4.178388526158119731e+00,5.752381339980677799e-01
2.742101313474664792e+00,-4.093828140296237983e+00,8.493830374802430194e-01
1.673822118989865881e+00,-2.284309369553981117e+00,4.120709916767760994e+00
1.284666375390105308e+00,3.689290713640034802e+00,3.120699654595336270e+00
1.046981177816027397e+00,3.614616024578696241e+00,3.292169711323805092e+00
1.314735396015292102e+00,3.481931175389522348e+00,3.338806093248761098e+00
1.341203525677476804e+00,3.264591086281896981e+00,3.541697070908110589e+00
2.049012911988454810e+00,4.438901939114013651e+00,-1.047709721933724358e+00
1.900370460036344689e+00,4.434740862094539438e+00,-1.312122555514624977e+00
1.725299338535794647e+00,4.570925146686015239e+00,-1.063007759069226621e+00
-3.791801714971912318e+00,-8.031120232557996674e-01,-3.158678652924042485e+00
1.955178873568462983e+00,-2.216579655430450213e+00,4.032871210872396084e+00
1.823480700742198257e+00,-2.471892767935574220e+00,3.945207761049923434e+00
1.574695007197987051e+00,4.674094034943490072e+00,-8.204758295107876798e-01
-1.647641988207232622e+00,-2.618908100781662363e+00,3.927670586792724183e+00
-1.887369884943306486e+00,-2.640296492176474885e+00,3.803507506343282163e+00
7.939923109516744404e-01,-2.433351274227166350e+00,4.295157480973968767e+00
-2.635265088945021983e+00,2.760666861033521879e+00,3.230185194904295898e+00
-2.605409061117548664e+00,2.527753031639201176e+00,3.438358363417838959e+00
9.277582630041212308e-01,-2.183692318895422257e+00,4.401221701053550817e+00
3.747118334131045447e+00,-2.470609053355288243e+00,2.203450724544995243e+00
4.021978383382203148e+00,2.617646552808072791e-01,2.958913508173565798e+00
2.238605064637038122e+00,4.177836147125641553e+00,1.591958696810875651e+00
2.044401061393175567e+00,4.182619167355082546e+00,1.823765665059062790e+00
-1.193179152228065032e+00,-4.855512966181365186e+00,-1.781420593112352860e-02
-1.002347245082250149e+00,-4.892433909852814899e+00,-2.437015346655003745e-01
-3.945952716180752162e+00,3.040158054196033355e+00,4.323148935356414535e-01
4.830355772632215938e+00,1.261301323292017607e+00,-2.770957987058610406e-01
4.750847543655437377e+00,1.479528010911063118e+00,-4.903513861229016335e-01
-4.388559382963675759e+00,1.125159147829949413e+00,2.115316391052662670e+00
-4.269839548432897480e+00,1.368488990631468560e+00,2.212624711323368576e+00
2.314327872905070083e-01,-4.198390868131368414e+00,2.705541162754336870e+00
-2.595729927041610541e+00,3.739895008257652975e+00,-2.067697142492111340e+00
-2.818400220891640107e+00,3.545177926088470599e+00,-2.118568778032238420e+00
-1.094245606149208516e+00,-4.850250475912441850e+00,-5.269695193597844218e-01
2.041777422835669320e+00,4.295316679303526897e+00,-1.543178401901562413e+00
-3.773742432009564496e+00,3.225678420014335579e+00,5.948670334657659708e-01
1.421115203891284651e+00,4.759057002046985119e+00,-5.760278018781573861e-01
-4.729573526530937322e+00,1.564711603357950009e+00,-4.275650306733569384e-01
-7.347081247996172237e-01,4.694927827476067961e+00,1.554945872416231278e+00
-4.420582858754020794e-01,4.706703818400181483e+00,1.628349973975512510e+00
-3.328585885137325562e+00,-2.618570199364920192e+00,2.657744554366075374e+00
3.070323678753573038e+00,2.948292973315018717e+00,-2.623105230673450361e+00
2.910190440281871016e+00,3.174955812988160986e+00,-2.539773058142142936e+00
3.196992649430847155e+00,2.617646552804715476e-01,-3.835455287802352231e+00
-3.278470015964081608e+00,3.718380404354949764e+00,-6.521361230092943551e-01
-3.216536331328934128e+00,3.810076800661053920e+00,-3.704170653539387570e-01
-3.056591077950638446e+00,3.913202321023629526e+00,-5.865991620585896404e-01
1.688103811180867497e+00,-2.721071420236376603e+00,3.840061958959701371e+00
-1.829974327742417639e+00,-4.097259680563818840e+00,-2.205370052809676906e+00
-2.044510122715708533e+00,-4.116348557838349187e+00,-1.968667800441492144e+00
-4.433069889973595856e+00,-2.057708370622373550e+00,1.055332938972396439e+00
-4.294379823825862807e+00,-2.259640152747957043e+00,1.205125847704936248e+00
-4.245834027003416722e+00,2.295367338214883812e+00,-1.305443295511634183e+00
-4.096955249057688597e+00,2.558386319750097559e+00,-1.292136651494028676e+00
-2.898754058810883105e+00,4.073911850108771660e+00,-2.161351592765059504e-02
-3.157678148914690563e+00,3.876098171495153455e+00,-7.022586986730737502e-02
-3.380136838281623479e+00,3.681875953033013626e+00,-1.358838510226507701e-01
-2.364517974480603579e-01,4.787505468742526915e+00,1.422632044572305521e+00
-2.706651656186329635e+00,1.106787824033977685e+00,-4.055743769598115556e+00
-2.955508152329199945e+00,1.045125825483117055e+00,-3.895212904376841756e+00
-3.033485868242592698e+00,3.336600592977989166e+00,-2.159874989463837380e+00
-3.025195823216449753e+00,3.496517746218725797e+00,-1.903300785890466695e+00
1.843516418642912713e+00,4.172931096953774066e+00,2.046483147809964542e+00
2.109042367130359530e+00,4.030893748146707090e+00,2.074568843109564575e+00
-4.969588317742747563e+00,-5.102736471132026663e-01,-2.069124385255531884e-01
-3.799040041961839975e+00,2.822559243084493019e+00,1.612592347386305303e+00
-3.059127033128087092e+00,7.612729474702023547e-01,-3.881005706596548421e+00
-3.204833913006505330e+00,9.907495993856414440e-01,-3.707756035847100673e+00
-3.171812593281480908e+00,5.812811963637204427e-01,3.821219313760330749e+00
-3.306004098993202245e+00,3.261850014210411763e-01,3.736835592086986679e+00
-6.257179540209510948e-01,-3.577765670533468723e-01,4.947774547216491570e+00
-7.628030049502536603e-01,-8.827716556128334391e-02,4.940682009366655691e+00
-9.242111461081895518e-01,-3.411065130953976343e-01,4.901987362706403673e+00
2.067143739293177074e+00,-3.580075991384725320e+00,2.812467361057136905e+00
1.939475608062323664e+00,-3.451599094419844249e+00,3.053669605103243256e+00
-1.101649839416396270e+00,8.911828702809356795e-01,-4.795014152537159902e+00
4.886607009844821548e+00,1.056954796761246929e+00,-6.259783493730429471e-02
2.165237741547885175e+00,3.863701616365062819e+00,2.320248982819434147e+00
-4.132783219377073713e+00,-2.472214277718700615e+00,1.344715370135658006e+00
2.068398658725046690e+00,-3.431825451991202591e+00,-2.990702435156297412e+00
2.314421544134527053e+00,-3.261695130648246455e+00,-3.000799525251806266e+00
2.289978525748844085e+00,-3.473522433775221074e+00,-2.773200363058792028e+00
-2.964221035561762196e+00,-5.251802251031821855e-01,-3.992189798029863734e+00
-3.194750418533736980e+00,-5.984489186557935270e-01,-3.799398459629921287e+00
-3.220922531377027109e+00,3.435064151598218984e+00,-1.681068803253637833e+00
-3.005836884026027889e+00,3.643641484708648459e+00,-1.639762591822016002e+00
1.578823411563198276e+00,3.339130682269902284e+00,3.370092420368273167e+00
-1.708316617143890381e+00,-2.538677295691193159e+00,-3.954335838536239933e+00
-1.463209067107916317e+00,-2.704151520608099268e+00,-3.942915644485193383e+00
4.506436274734695324e-01,2.608068841338680999e-01,4.972816112647434394e+00
-2.299307626215245204e+00,4.184623041354368134e+00,-1.483952304420372847e+00
-2.546003813643794800e+00,4.018588035773256628e+00,-1.539095442021479521e+00
-2.502706803904631627e+00,4.138742065379097390e+00,-1.267782619359890894e+00
-2.979811399410322359e+00,1.586267242987997150e+00,3.688425173128439205e+00
-2.789354144587418816e+00,1.817481522546727790e+00,3.730450960845646868e+00
-3.022349907768626220e+00,1.844684503026968958e+00,3.530232303872242294e+00
-2.425064923746964307e-01,4.761890374757408395e+00,-1.505187915161714018e+00
-5.225841315229010631e-01,4.716410060576587071e+00,-1.575557668247155041e+00
-4.627236716163019570e-01,4.805647770458441492e+00,-1.300629197739980869e+00
-3.285997412095762460e+00,2.323695881974157551e+00,2.966927443635300143e+00
-3.060979583684649619e+00,2.334013069452437694e+00,3.191047943840857215e+00
-2.590902800707368225e+00,2.286089749788384751e+00,3.614002813114455037e+00
-2.845880845466807418e+00,2.316964096215976099e+00,3.395974026733894036e+00
-1.931741312914861286e+00,-2.869035208790566838e+00,3.610680333496451233e+00
-4.137871031801859445e+00,1.610002054503273605e+00,2.299112156609645297e+00
-4.119725444306043372e+00,1.377203356715512639e+00,2.476120590316412517e+00
-3.608419953354311538e+00,-7.372511507544663445e-01,-3.381680969716937213e+00
-8.939726784232437939e-01,1.794371786560947091e-01,4.916158576485171849e+00
-1.782298963590788654e+00,4.467285932931694958e+00,-1.366296745884214792e+00
-2.045986848805620983e+00,4.332833826677248368e+00,-1.428456805407794183e+00
-1.992329548522602689e+00,4.439257132805657591e+00,-1.150486453165706857e+00
-3.929201108927555808e-01,4.879527213163024513e+00,-1.017756337468605166e+00
-6.729632823114271023e-01,4.833574004612962050e+00,-1.087971857444139490e+00
1.440657199621078410e+00,-4.070668389867829973e+00,-2.520747050560764979e+00
1.705735231735571622e+00,-3.955729783922488529e+00,-2.538241358855484631e+00
3.155334541314961605e+00,-3.818351836029899360e+00,6.812144953476801934e-01
3.095392430988269883e+00,-3.906524208987284918e+00,3.970066785040287094e-01
3.320207973160548942e+00,-3.711287802938441960e+00,4.500687266645748141e-01
2.711369925857332497e+00,2.617646552783475800e-01,4.192845381170573482e+00
2.452543774860783454e+00,2.617646552783468583e-01,4.349311244052168846e+00
-2.819769849165909559e+00,4.094187229747841883e+00,-5.352839671656186571e-01
-2.882255823752439827e+00,4.003114787216875747e+00,-8.171128237952995921e-01
2.477191323924366362e+00,-3.501294113531502550e+00,-2.569914915950234580e+00
3.743661442445803123e-02,4.791803242426088794e+00,-1.427312224348708192e+00
-1.509972952744519592e+00,-3.040877402306471633e-01,4.756838480358715593e+00
-1.219322740454805931e+00,-3.231883839285011883e-01,4.838264288265314406e+00
-3.172273502320404948e+00,4.846448566342312914e-01,-3.834292658289637501e+00
-3.437339350778416236e+00,9.198468521339169257e-01,-3.512631485967399492e+00
2.784828069383708637e+00,-3.996152843255686093e+00,1.129378181705359641e+00
2.973282770931569896e+00,-3.915968494591622662e+00,9.081741647103276360e-01
-2.779753174968636387e+00,3.838887091768048432e+00,-1.592456650244662875e+00
-2.975479883129212411e+00,3.777433497147548280e+00,-1.370224667607840008e+00
-1.485904838883626289e-01,4.699941197901955192e+00,1.699551000812201673e+00
-2.241388874968738953e+00,-4.117254970463027242e+00,-1.739076599625177799e+00
-1.985224152565946421e+00,-4.261984954986814067e+00,-1.701284605095474856e+00
-1.082237689525577862e+00,-5.926877854205852003e-01,4.845356826115449600e+00
3.533792735360373083e+00,-3.502217260161857304e+00,4.967727510025427007e-01
-1.828153161745720290e+00,-4.504302648835414757e+00,-1.170091306220753191e+00
-1.910183243527248997e+00,-4.391177244865110296e+00,-1.438319290118357241e+00
3.198365966080000788e+00,-3.721064729754444578e+00,9.613180659899349667e-01
5.578852660708814026e-01,4.731667584364432244e+00,-1.516603409258952428e+00
7.844724502492841367e-01,4.638796319427516579e+00,-1.692977165134134987e+00
-3.653716078081086671e+00,1.341530224870105092e+00,-3.138575389652402237e+00
-2.059794394705904530e+00,4.541208718222371488e+00,-3.669746981458844037e-01
-1.789070120997785951e+00,4.659180603856537317e+00,-3.020996570670069215e-01
-1.863414791871095488e+00,4.603083410277610810e+00,-5.825018724974572182e-01
-4.087950929828140900e+00,1.134769112699913984e+00,2.645932020324689660e+00
-9.588289736585294820e-01,4.768063006219288802e+00,-1.160268144868253470e+00
-8.889822655269578044e-01,4.841498751300461478e+00,-8.772687004188846061e-01
-3.431594372413320659e+00,7.026219625439307503e-02,3.635824980248462790e+00
-3.917852189149508835e+00,2.130746976594246167e+00,-2.260608667087447454e+00
-4.083333077056392924e+00,2.043435883718443424e+00,-2.037341594075229079e+00
-3.324932798231740705e+00,-1.969445122971104079e-01,3.729079611153252927e+00
1.916497363646854302e+00,-4.293640919111230581e+00,1.700495666818449436e+00
1.457367756377352386e+00,-4.302196059075758861e+00,2.089781876642786695e+00
1.193321091192866445e+00,-4.416920279628696377e+00,2.016630857821786194e+00
-3.437559388463532262e+00,-9.551641263158422435e-01,-3.502976868691187740e+00
-3.412711392873292837e+00,-6.691080215405419418e-01,-3.592449777583945014e+00
3.037235093284141652e+00,-3.697216524316432995e+00,1.451135059339683231e+00
2.824391778808919007e+00,-3.877963308101555207e+00,1.408620481469240238e+00
1.440244936861208580e-01,-1.624339809704502091e+00,4.726603127810457217e+00
-1.590620311100196804e-01,-1.624884980291806169e+00,4.725933566088424520e+00
1.665889765920198551e+00,-3.514221254695662822e+00,3.142460860670755363e+00
1.955690113938918895e+00,3.839156890020776647e+00,2.536956947219951353e+00
2.212607159763359199e+00,3.681320551605487879e+00,2.559736031877308804e+00
-1.427035790058298170e+00,2.279518036652764756e+00,4.215135392186995844e+00
-3.815300495298667993e+00,1.749287882918778569e+00,-2.717254870866417704e+00
1.835996390158236347e+00,3.181529587698979977e+00,3.392194973453307227e+00
1.809591751348200717e+00,3.398973022811723865e+00,3.189413752345512165e+00
-1.101820178388211557e+00,4.831867091527545455e+00,-6.626105223354898932e-01
-8.159776800137316100e-01,4.897517730078412512e+00,-5.903393170770577791e-01
-7.399151429585090201e-01,4.935832758948462740e+00,-3.001342314896687236e-01
-9.500565432434312507e-01,4.908184197049498820e+00,-8.438277356139364804e-02
-3.333680368347083256e+00,1.203651208990201171e+00,-3.526726381333499027e+00
-3.160319602858922217e+00,3.702158644658956277e+00,-1.142979167597809376e+00
-2.934235893801314443e+00,3.897404251718072032e+00,-1.095673226020378310e+00
-3.893932110045942974e+00,8.603663612827440188e-01,3.016133691785933824e+00
-3.046792527014005714e+00,2.092766936093794161e+00,3.367102886536763595e+00
-3.237154049777212439e+00,1.861535849352594196e+00,3.324983900650664292e+00
-2.697416104022757555e+00,4.078389639705504166e+00,-1.044358323805337552e+00
-2.450726733855351558e+00,4.244452600877278492e+00,-9.892222171346511939e-01
-1.709662056364443572e+00,-3.067724171593020799e+00,3.558949853545510411e+00
-3.365573619024040397e+00,-3.804853958407369285e-01,-3.678062680064239753e+00
-3.524463241270856084e+00,-1.614774941264625063e-01,-3.542892022038093280e+00
2.593393476986157076e+00,-4.056104256687075527e+00,1.349936491991615917e+00
-2.389829293563201507e+00,4.334678600229458389e+00,-7.065956271729878502e-01
-2.195129200897830479e+00,4.395049830398592761e+00,-9.300240747846011402e-01
-1.931438360708037871e+00,4.529498837291879632e+00,-8.678629740673098336e-01
-1.197079223490592259e+00,-1.802743115723714817e+00,4.507451451918025320e+00
-1.713660071093109138e+00,-4.390949149651247829e+00,-1.668213033733444206e+00
-1.446247524441955701e+00,-3.041505903878446659e+00,3.695620372105077323e+00
-1.483431447780303447e+00,-3.259488280925201931e+00,3.489293235921524516e+00
-2.855180512933823245e+00,4.752173074452996360e-02,-4.104349634676606406e+00
-2.910391157338609425e+00,-2.385412497334863657e-01,-4.058660047781880387e+00
-3.384123771522565605e+00,1.367813820282943515e+00,3.417132079984451121e+00
-3.415090846705591598e+00,1.622894370280137721e+00,3.271600276876855951e+00
-1.660627886266196285e+00,4.647316972596608586e+00,-8.029694761138557180e-01
-1.451749661398892499e+00,4.674844912671028752e+00,-1.018944533869238667e+00
-1.383716775216785155e+00,4.748388537829026923e+00,-7.335762944626691429e-01
-1.310720233148663816e+00,4.804426800610933412e+00,-4.466492896961899994e-01
-9.444166317102904717e-02,-4.421194739112963568e+00,2.333263347995107928e+00
-5.412727719866526621e-02,-4.272978543400229867e+00,2.595905353726192466e+00
-7.083935825362523975e-01,-3.343950173652856961e+00,3.649133564059896084e+00
-9.842550129020730676e-01,-3.403599775621447332e+00,3.527995271675796296e+00
2.348031938385066741e+00,-4.222634372755706522e+00,1.286897420288688920e+00
-3.606851351408507877e+00,2.645096469076196666e+00,-2.234745622688017797e+00
-3.770429848430433939e+00,2.391254068635991992e+00,-2.250724935947677086e+00
-3.785493167392968594e+00,2.568302113899084471e+00,-2.018381958738892035e+00
-5.270664658994629326e-01,4.945421593937881610e+00,-5.147875277599065491e-01
-1.642803758534451541e-02,-4.106440738843970983e+00,2.852520741019016981e+00
-3.439954917956235647e+00,1.871214831298003922e+00,3.108900966187101211e+00
-1.514900282432628975e+00,-3.464265115221734526e+00,3.271688302045792973e+00
-1.251393854897179914e+00,-3.437830066669733231e+00,3.408128203666515699e+00
9.268240371668220456e-01,-4.517605880969598253e+00,1.931899145493548797e+00
2.506124293244988976e+00,-2.064010178786810812e+00,3.802525872189661094e+00
2.240672121557553353e+00,-2.151228927360421039e+00,3.918112115006729290e+00
-1.677129999221550039e+00,2.352846030153400658e+00,4.080606636776265894e+00
-1.681906011901359799e+00,2.108146840964939983e+00,4.210333604841735244e+00
-3.424223139765668833e+00,3.213918256399673101e+00,-1.716224149193290138e+00
-3.404864200576112498e+00,3.361041994890408446e+00,-1.452685955125296857e+00
-2.054055358512824281e+00,5.634816372366256987e-01,-4.523642893582769275e+00
-2.130108763722754261e+00,8.451386021953913863e-01,-4.443914647896686887e+00
-3.431053183065528422e+00,3.055035106913872589e+00,-1.973482847784507666e+00
-3.614994852264884262e+00,2.981012950206347600e+00,-1.745099999656305245e+00
-3.792539653921302989e+00,2.737200410643300774e+00,-1.767590700758699063e+00
2.462332879647167072e+00,3.511068146038261339e+00,2.570859246182867430e+00
2.252729326237422836e+00,3.486413923512884594e+00,2.787495028990254475e+00
1.777712099971716198e+00,3.606636096765778010e+00,2.971853925602714330e+00
2.034883257730113915e+00,3.449003255125989043e+00,2.993931641427373780e+00
-1.261802734569674733e+00,-4.451757606143406654e-01,-4.817641788385053303e+00
-1.547733412204638448e+00,-3.853488785527863225e-01,-4.738779117720459233e+00
1.881958313915115921e+00,-4.406424339521350042e+00,1.428865789624627070e+00
-3.785709610623420041e+00,2.896083560130700008e+00,-1.510332002168449872e+00
-1.015473270810096640e+00,-3.607630428518644017e+00,3.309655076816409025e+00
-1.060306980413882938e+00,-3.961899030161300850e+00,2.859913492064495966e+00
-1.039094530640912506e+00,-3.789561872980790280e+00,3.091844654448613561e+00
2.284608977611999769e+00,3.278750849556157476e+00,3.005054855730496133e+00
2.525975537888524691e+00,3.096501817131389611e+00,3.005182869392606371e+00
2.734579309445483108e+00,3.122582689231274244e+00,2.787750589501479581e+00
2.758099801184549893e+00,2.902922988390181036e+00,2.994315215567921129e+00
2.774816806739177633e+00,2.432581636221930577e+00,3.373861033319781377e+00
2.771528678419064029e+00,2.672641781622303370e+00,3.189923931981363481e+00
2.980132449802673111e+00,2.698722653567542373e+00,2.972491651923430123e+00
2.983630824928210856e+00,2.220853891214143783e+00,3.341519877902449753e+00
3.183082966242166023e+00,1.997688168447969259e+00,3.298063797391125540e+00
3.193013467620351875e+00,2.245275723533392664e+00,3.124644287099998863e+00
3.177832198184857404e+00,2.714929156926123799e+00,2.744183338090223856e+00
3.191261074689047739e+00,2.484647949603451256e+00,2.939792053820452722e+00
3.390713212855435366e+00,2.261482224819421738e+00,2.896335970669385418e+00
3.748353028982418511e+00,2.281843954249227036e+00,2.396463590079052519e+00
3.560941215612077215e+00,2.513106135195457558e+00,2.450305126346131512e+00
3.576006498987024607e+00,2.269414064634289296e+00,2.657430586570915132e+00
4.349821772244085949e+00,1.773066713900794067e+00,1.713267339841728409e+00
4.480474750640811799e+00,1.509596433600151055e+00,1.626795812796388851e+00
3.368078936863291961e+00,1.768784913414549020e+00,3.244602318487570969e+00
3.542034399674971912e+00,1.529917824511563440e+00,3.180148386751939338e+00
3.566421055546865393e+00,1.783242903540295243e+00,3.016734261005625584e+00
3.577758878825318067e+00,2.030041831355082760e+00,2.842282809281143408e+00
4.595092698211439952e+00,1.248870135098965717e+00,1.524941467893702551e+00
4.481234915290436938e+00,1.270280554419426666e+00,1.817944153995328271e+00
3.751714286087815875e+00,1.791174717109295544e+00,2.777828837123162309e+00
1.954583639373671744e+00,1.351851507305168898e+00,4.399102215099066626e+00
1.637579252483979841e+00,1.268920658827989767e+00,4.550623534575624518e+00
6.107672405770041557e-01,1.369036122768512387e+00,4.769979399577414902e+00
8.772066559322423407e-01,1.223920827224309837e+00,4.767863912851827202e+00
8.895205608213389015e-01,1.513597467049973666e+00,4.681642433977203588e+00
3.700517069451825680e+00,1.287181441600260712e+00,3.106338255099652113e+00
3.846437045196518856e+00,1.036119345918126822e+00,3.021817128542702680e+00
3.886296211193348338e+00,1.293313621506565037e+00,2.867758991841852900e+00
4.472064816968646994e+00,1.023283078741537233e+00,1.988348061480289086e+00
4.357007862071339055e+00,1.283834886925303342e+00,2.090035998006262385e+00
3.923277732746755841e+00,1.792550893517325772e+00,2.528765138537723001e+00
3.911939680606298264e+00,1.545751878817453129e+00,2.703216429446632763e+00
1.394508734734754229e+00,1.178675188965195408e+00,4.654682608692706225e+00
1.398659666570811311e+00,1.458172123177802426e+00,4.573563730428949370e+00
8.848739604689260796e-01,1.776754488227963558e+00,4.589132985940354459e+00
1.150737483240998893e+00,1.630828803437350816e+00,4.584342990935917683e+00
4.057858697521128377e+00,1.294689494638061822e+00,2.618694694580865345e+00
4.224817397368828331e+00,1.538978739173535448e+00,2.186884176005103875e+00
4.215850987275348238e+00,1.292031067998173022e+00,2.357383331666058623e+00
1.888545824543051976e+00,1.648004062141490200e+00,4.326369988774208863e+00
1.892619825610182716e+00,1.926250856268829192e+00,4.208033725438864003e+00
1.646454265890412660e+00,1.827272109242126241e+00,4.353190208240055092e+00
1.394397136763198652e+00,1.721735931306666689e+00,4.482329975340298311e+00
4.648994374050277933e+00,-5.110857010992141403e-01,-1.767948731208233371e+00
4.612658528894482579e+00,-2.607736881293782338e-01,-1.911904385526742578e+00
4.990683940528116480e+00,-2.693050342113758600e-01,-1.433478437339044398e-01
4.990976951219530555e+00,-2.235264029037286881e-01,2.004620153553240691e-01
4.190315937705523019e+00,1.039617317147073061e+00,2.521992897709864678e+00
-6.514257940053356233e-01,4.503148611929731260e+00,-2.072992285026612258e+00
-5.867810309270447000e-01,4.615499617941845045e+00,-1.831079271501613981e+00
2.447340252925932269e+00,-8.068445594286610678e-01,-4.284801925798764621e+00
3.231930219529715487e+00,-3.764633726516320777e+00,-6.181908776959100793e-01
3.444570736187931193e+00,-3.579353553528239917e+00,-5.684721472882279247e-01
-4.190079493436510205e+00,-1.365111178010620582e-02,2.728194913460181947e+00
-4.341161085341196824e+00,-3.230845754665634395e-02,2.480579890809848198e+00
1.398468520763924028e+00,1.999978855355052154e+00,4.363985606594624755e+00
-3.916736793668073258e+00,-2.064832867267848648e+00,2.322851290844331729e+00
3.129585540383308384e+00,-3.380221198035916252e+00,1.944170516640028934e+00
2.914073263957448923e+00,-3.421064867284138167e+00,2.191915186799557436e+00
4.305794449999721607e+00,7.802392355103079380e-01,2.418958637455772553e+00
4.147712656792371000e+00,7.828865549837312754e-01,2.680217968507426995e+00
2.790241176246345489e+00,-2.895388492022329618e+00,-2.971746903530660955e+00
2.811518960685090995e+00,-2.671734091572033343e+00,-3.155502824850580090e+00
4.972844199474710791e+00,-2.693278949994655780e-01,-4.452898524847276884e-01
-2.927272663566997668e+00,3.450080253054996771e+00,2.127914707081405066e+00
-2.835105652109652041e+00,3.354572231354512990e+00,2.389355788910707101e+00
4.969712967694913885e+00,-2.233914066827202005e-01,5.020451156473091370e-01
-4.495275285176633773e+00,-7.055107096892515584e-02,2.188040826142253703e+00
-4.377175645437261231e+00,-3.337502135866068365e-01,2.393521289632033255e+00
1.146151762150766862e+00,2.165151377132609412e+00,4.358721791101086040e+00
1.398197961372512177e+00,2.270670373044007206e+00,4.229550628352135355e+00
3.592838033071047654e+00,-2.042903307653181066e+00,-2.813904927977819437e+00
3.574696951351393537e+00,-1.800472874781321897e+00,-2.996637971656859190e+00
4.924623011238263182e+00,8.509545066568906524e-01,1.548051187232232229e-01
1.547261639438975989e+00,-2.957607835734045842e+00,3.722705643631414318e+00
1.404891177404581581e+00,-3.181772054814082207e+00,3.592019956912119838e+00
-4.544904282935244844e+00,-1.685295681107137789e+00,-1.226223277465607664e+00
-4.553915464179550732e+00,-1.838951438900126911e+00,-9.381426066827482924e-01
2.957615715369269704e+00,-2.608016723998645703e-01,4.022995372589204699e+00
1.358366545737608178e+00,-2.727945778394050280e-01,4.804208930273776268e+00
5.993707244136644574e-01,-5.235188488067973323e-01,4.936262021981799641e+00
4.092301487287177686e+00,5.235188488062531009e-01,2.824711764426899752e+00
1.487481678482038272e-01,2.608016723951749327e-01,4.990977506484845172e+00
2.327191778693191271e+00,-5.321200718185363776e-01,4.393293372215273607e+00
-6.079448292655347252e-01,-2.517564249727569869e+00,-4.276946730211045988e+00
-3.898372313485859442e-01,-2.511339579560173174e+00,-4.305949424829441874e+00
4.488445099426568774e+00,-2.607686620159709867e-01,-2.187660918502686513e+00
2.658406071630748713e+00,3.522248862370073397e+00,2.350880709404349567e+00
2.845192150772167139e+00,3.519968655504508881e+00,2.124782880543381491e+00
4.610499282920124564e+00,2.605186513421424155e-01,1.917140160368013380e+00
4.485974394434905754e+00,2.604957760305277037e-01,2.192755272059478511e+00
4.721084849906138636e+00,2.523101214018320104e-01,1.627174681042241833e+00
4.648662451582523225e+00,5.128919440745227654e-01,1.768298409474550859e+00
-1.018867783794524140e+00,-1.327048940740357175e+00,-4.711777748156796619e+00
-7.968194515523634447e-01,-1.540055281468708070e+00,-4.689702388387575027e+00
4.637033834009093525e+00,5.676014327766318868e-01,-1.782062242393579243e+00
4.605050894168456033e+00,3.027548584340551963e-01,-1.924018128244344927e+00
4.375308714125508147e-01,4.639202229632289232e+00,1.812834633698221731e+00
5.192744362985720619e-01,4.521185055653370810e+00,2.071047984075554460e+00
-4.213764675968501905e+00,2.536847879468921985e+00,8.992163766269517522e-01
-4.362385995110024339e+00,2.283957886591492237e+00,8.678276337755421732e-01
-1.697446042855402570e+00,4.362937996332235002e+00,1.755975219573158608e+00
-1.766964674649495803e+00,4.431543297315674756e+00,1.496415665033392184e+00
3.976846512637978392e+00,7.828865549831734993e-01,2.927760314121655050e+00
2.427057768590390907e+00,-7.828865549997785500e-01,4.300753332838981535e+00
-2.390140892036128895e-01,-4.974087631421568290e+00,4.486919880063999777e-01
-1.430897251967782891e-01,-4.944457074020750298e+00,7.292938870642412530e-01
-4.392699262067816246e-01,-4.935607737921174909e+00,6.684446045132790282e-01
-4.028232853324672291e+00,-2.708446537334322723e+00,1.199023533462743485e+00
-3.956962086508155174e+00,-2.671806066279356795e+00,1.484554946820715537e+00
-3.687536128745760422e+00,3.292017073771077218e+00,-7.514658243689055217e-01
-3.634368371976949508e+00,3.398630942357574014e+00,-4.905856239468188162e-01
-3.492491142091862066e+00,3.509508225395407077e+00,-6.970348902973668714e-01
2.096153062499528374e+00,-4.371780551720256369e+00,1.222160851187102493e+00
-3.176778715703996725e-01,-4.704255007057207116e+00,-1.664050960304912952e+00
-2.391158764015358651e-01,-4.798576006131511029e+00,-1.384374194729042218e+00
2.199044784949995890e+00,1.449642807734031313e+00,4.250027972116091846e+00
3.502035848761425818e+00,1.272672897654808954e+00,3.334073875840898982e+00
3.158570323403178559e+00,1.744293514598848738e+00,3.461339862978661142e+00
2.764776011072604511e+00,2.184906919419083327e+00,3.547139039010462902e+00
7.746114729680499966e-01,-2.013132995325578101e+00,4.510795119386131091e+00
1.018599394583329376e+00,-1.489763952012956860e+00,4.662945275320867999e+00
-2.520373919513700045e+00,-1.226087536385742416e+00,4.140582647279811290e+00
-1.092030457015985556e+00,-4.292346403265780097e+00,-2.320179267927542366e+00
2.402221968448665645e+00,-3.842113489488859113e+00,2.113644612556793589e+00
-1.436730023985067328e+00,-2.826205316267314416e+00,3.866312241462428911e+00
-2.242840131412217719e+00,-1.955994644240569125e+00,4.017928956145072839e+00
8.967048574341868195e-01,2.316749411667792025e+00,4.339192616396611690e+00
-2.475889393752922718e+00,-3.093394803571907214e+00,3.049734463709276699e+00
-2.641462156031224584e+00,2.992142772762784730e+00,3.011604108387804679e+00
-3.093093415029328774e+00,-2.034363497976753865e-01,3.923185794412903604e+00
2.780040231547698526e-01,4.257915437845881002e+00,-2.606313466807760992e+00
2.091608837384193453e+00,-1.964227458020674666e+00,4.094750659629226242e+00
-4.421358017538677743e+00,-6.090195342478842422e-01,2.254038262242002766e+00
-1.902365024116034808e+00,3.824888563042114775e+00,2.598313836958427991e+00
-2.797967043623510008e+00,-4.015515758022937476e+00,-1.023236834689894792e+00
-1.026476673556063479e-01,1.762176319467278152e+00,4.678054945754187344e+00
-3.739941299288026322e+00,2.208013445472306824e+00,-2.477400997516006953e+00
-4.019794073031772719e+00,-2.742951599837184062e+00,-1.147811888494483457e+00
-2.044660776618559161e+00,2.810438873154876394e+00,-3.594550827129523451e+00
4.371087824126711929e+00,-1.768036171515886101e+00,1.663622351972540603e+00
3.968061287661309167e-01,2.058578089902809438e+00,4.539251165549857525e+00
1.576017256922138232e+00,4.297469828179275808e+00,2.011944999688710656e+00
-1.291479229837293019e+00,-4.486607758046900152e+00,1.789534080237712432e+00
2.920546151736063134e+00,1.533799191421134411e+00,-3.757375442509777841e+00
3.905015703051720521e+00,2.453387807109661534e+00,-1.931771370231249119e+00
1.389738889829835067e+00,2.532915247071680920e+00,4.080804598268132466e+00
3.319018859214086792e+00,3.524885257502270886e+00,-1.248718436487735950e+00
2.290134977833995222e+00,1.405406930133025201e+00,-4.216647144833837402e+00
-3.723604413501348187e+00,2.757217945311544405e+00,1.879499766907477332e+00
4.241308928235306475e+00,1.355328863219956492e+00,-2.274726851249260218e+00
3.512594754815566045e+00,2.731148491419610913e+00,-2.280900262233874098e+00
-4.721970842875360397e+00,-1.093668889087909601e+00,-1.227550292279782962e+00
-2.626683323005882809e-01,4.504539363912248184e+00,2.154096206340716524e+00
-2.089254121713829626e+00,4.212591650289370548e+00,-1.699731979699758089e+00
1.499952127294467363e+00,2.661827168195407101e+00,-3.957880713523542315e+00
-1.019644311470636389e+00,6.067884648484749288e-01,-4.857173379344451369e+00
2.665570075960952856e+00,3.271043853810370994e+00,-2.682351258987329956e+00
-2.922449704298489159e+00,5.387976306010383576e-01,-4.021067624288900078e+00
-1.710616958551891553e+00,-2.278626479410534422e+00,-4.108728634072081221e+00
-2.576338018468707691e+00,3.884766189603495068e+00,-1.808611087742822088e+00
-5.954557318109404696e-01,1.627606316856623214e-01,4.961747821909813894e+00
-3.208873014203882934e-01,-1.359576517615479485e+00,4.800893982638619661e+00
3.669775007265540623e+00,-2.337313355597287146e+00,2.463679701949049061e+00
-2.549346236510813934e+00,-6.635390571928545533e-01,-4.249770545096260399e+00
-1.031215286461255820e+00,2.886335581260222938e+00,-3.950400225966963497e+00
-1.620923149367864635e+00,-4.063251953439356967e+00,-2.421278940294698145e+00
1.782513834130575070e+00,-3.780760557534289745e+00,-2.743810131500741711e+00
-2.727242786526644203e+00,-4.539238001167223979e-01,-4.166065285977402333e+00
-2.830711369855353876e+00,-7.227065268987192814e-01,4.057680176720389831e+00
-2.241493323728660059e+00,3.357242095135035131e-01,-4.456792224776288336e+00
2.635145553860146705e+00,-1.760453904253661550e+00,3.867403516698139754e+00
2.722507094971063690e+00,-3.324997546864851827e+00,-2.555845541337531390e+00
4.701858712937977414e-01,-2.893225526838867800e+00,-4.050700099647423613e+00
3.585836479694664458e+00,-2.498416593887441639e+00,-2.428928007224348207e+00
1.271668054828317684e+00,-2.073491720336678945e+00,-4.368465685343585037e+00
-6.247865325290954397e-01,-4.880020682854659064e+00,8.916501128138796251e-01
3.938588313747204861e+00,3.058046340563292276e+00,3.686118199154874153e-01
4.112657815013324836e+00,2.830547314710783358e+00,2.721168789204402305e-01
2.388415158697653473e-01,3.923091280107658729e+00,3.090681079995198477e+00
2.754535145988453726e-01,3.738876462126326405e+00,3.308311980792148610e+00
5.075746008357551187e-01,3.846290520221669507e+00,3.154111167768083757e+00
-8.068965451819779533e-01,4.658750814710455934e+00,-1.626332933875485942e+00
3.557894446025624546e+00,-3.420868121289557529e+00,-7.994050335623837933e-01
2.852226767267378449e+00,-3.866531744052587705e+00,-1.383739404771407333e+00
2.695372869807402871e+00,-3.880701157885746877e+00,-1.635580513423423810e+00
-4.091886843836690879e+00,-1.859935462311867793e+00,2.190228785600019545e+00
-1.378835070713002153e+00,-4.771336497318014125e+00,-5.772017646654721279e-01
-1.185993150632716153e+00,-4.790482121628810042e+00,-8.029329293328399952e-01
-3.259449867182594662e+00,-3.781071184064811241e+00,2.819348583593405677e-01
8.061132697749167075e-01,-4.747683204628818210e+00,1.345245548135445279e+00
-2.626924313249701548e+00,-4.062767593227134100e+00,-1.262215566328107830e+00
-2.445069317226892913e+00,-4.094652677975313182e+00,-1.501817392596452638e+00
-2.946429671030145858e+00,-3.821134187346340472e+00,1.310528792497976935e+00
-2.844025823534577224e+00,-3.792533882957072056e+00,1.590032660573679646e+00
-3.165031766842675509e+00,3.319685922308782899e+00,1.990542461768051385e+00
9.863427162117197836e-04,4.981199054464124032e+00,4.331916515051579264e-01
2.050491521639793979e-01,4.990497825357062212e+00,2.299702161221408026e-01
-3.730173158550407653e+00,-3.252104641645948035e+00,7.138792664134203658e-01
-3.586842560226681798e+00,-3.446209258502330730e+00,5.081360002591079894e-01
1.401163027385722071e+00,-2.775999043246443865e+00,3.915427369085283438e+00
-4.434705070388425874e+00,-2.116523613178729057e+00,-9.239690111297309549e-01
-3.713104263937232030e+00,-3.342725157867683983e+00,1.975986945544309648e-01
-3.908699513604530384e+00,-3.112989013664197557e+00,1.771087608045197603e-01
3.373284138434943458e+00,-1.799376899842557664e+00,-3.222296835131146509e+00
3.379182163477194578e+00,-7.869476331145452974e-01,-3.600255731024256001e+00
1.496981609931085533e+00,-4.000649607118245576e+00,2.598816803969214551e+00
1.754983152092674858e+00,-3.851161198141098918e+00,2.662440902969166245e+00
1.523997535725036823e+00,-3.826380285998399078e+00,2.834827228955378420e+00
1.693037527816052101e+00,3.981435077200697226e+00,2.506351662365516653e+00
1.740355969944903158e+00,3.798942746764605527e+00,2.745759476844562563e+00
-1.513895244952710772e+00,4.585806182585902668e+00,-1.295570470127536122e+00
-1.567609106866441060e+00,4.479556246094421823e+00,-1.573587470128638754e+00
4.226154369412550516e+00,1.789401325061799719e+00,1.984354339265617551e+00
4.753653748755461095e+00,7.909225007498600357e-01,-1.333123263149637916e+00
1.081689343949600035e+00,1.752342024917052932e+00,-4.556231511994916161e+00
7.901224350915517780e-01,1.735922597587265415e+00,-4.621934581184687474e+00
8.921586813201686228e-01,1.960428240262919619e+00,-4.512291435858802657e+00
1.002543175268942877e+00,2.205595402624683565e+00,-4.373814822513926615e+00
3.233490516122469738e-01,3.325285702751424211e+00,3.719935535180472375e+00
-4.317170917584629564e+00,1.513981623109158292e+00,-2.017398055230859022e+00
2.775466465593498189e+00,4.137995088249558862e+00,-4.168723401575796794e-01
2.661365968820383454e+00,4.176109600357020391e+00,-6.908254380164804420e-01
2.528006330677547098e+00,4.289817809111887037e+00,-4.545845979360998990e-01
2.340914741345481609e+00,2.074774326861063667e+00,3.900696048957113415e+00
2.563548042795395165e+00,2.143527465702665502e+00,3.719342876914981222e+00
2.360710237955768065e+00,1.578961838609334256e+00,4.115085258488122122e+00
-2.864178259658151759e+00,1.057772031442094196e+00,3.959495072152567463e+00
-2.685995894481351343e+00,1.291738504806848820e+00,4.014578145961128719e+00
-2.924550958050890603e+00,1.324851524840535921e+00,3.832984493953937477e+00
4.403057730737470976e+00,-5.229639131981288491e-01,-2.310755583199029850e+00
-2.504502227621379085e+00,-3.949277348996287795e+00,-1.769371926007758500e+00
-2.177996642718920683e-01,-4.843629704177646822e+00,1.221398622502504638e+00
-3.889977478982589165e-01,-4.775667763628335116e+00,1.428873039696397562e+00
-5.144264630880395206e-01,-4.837187582979009193e+00,1.156279248775319735e+00
2.690037330737875099e+00,-7.863802541645823485e-01,4.140688983139966695e+00
2.935945612888017031e+00,-7.853092231207394747e-01,3.970329052137254067e+00
2.823417503107496618e+00,-5.225508070769345759e-01,4.093318245283338541e+00
-4.530722387537418960e+00,2.101167805376935593e+00,-2.401010218943369079e-01
-4.642834009424746000e+00,1.829060295922697588e+00,-3.140554008580473400e-01
-3.590732637952376738e+00,2.735467813696896844e+00,2.150315084579903058e+00
1.642095341156369237e+00,2.367819743866999449e+00,4.086190469264271208e+00
2.422294770908241635e+00,1.134403460097054950e+00,-4.224407275885035062e+00
2.156418854262232898e+00,1.173588036141482549e+00,-4.355748942077347863e+00
2.580854035398969959e+00,3.111048070621547978e+00,-2.942885038571299461e+00
2.407759876688882361e+00,3.339068282151822942e+00,-2.837836391220398102e+00
-2.956129254732120515e-01,1.450689253192286032e-01,4.989145017455385300e+00
-4.267812907512100185e-01,4.127805995401390149e-01,4.964621829153557542e+00
4.223580263099758092e+00,2.633965770539535622e+00,4.728573577520484572e-01
3.874063086534567990e+00,3.090816217991662285e+00,6.621860072139590381e-01
-3.333180283969294333e+00,3.613268976668441379e+00,-9.133435809178085396e-01
-4.658962770051226165e+00,-1.811141055189652516e+00,1.176179641173989848e-01
-4.760141216127690811e+00,-1.525824419458408743e+00,1.136461328281574146e-01
-1.271691495155621965e+00,-4.712692136184759129e+00,-1.083205230180871892e+00
-3.481953430011923700e+00,-3.578904597755296457e+00,2.596963445915290158e-01
8.482502823258272207e-01,-4.650576177443587866e+00,1.628684339068911857e+00
-4.959359710485868433e+00,-6.350520410337930910e-01,3.821213404597526009e-02
3.005988883746921303e+00,-3.994653331665396934e+00,8.231397575431750879e-02
2.932248165991858002e+00,-4.045052747729429576e+00,-1.986679670303558298e-01
-1.695395485676652436e+00,3.151290391882814124e+00,3.492134449469877389e+00
-1.940369654425452950e+00,3.146119135717262871e+00,3.367031331612242884e+00
5.705405825030555045e-01,3.649021381408961151e+00,-3.370330310479570546e+00
3.726469051426609114e-01,3.806702648069451467e+00,-3.220271608617606418e+00
3.394821273676709605e+00,-3.320913777675502665e+00,-1.564199540032236158e+00
3.316787540790572031e+00,-3.496349655592271066e+00,-1.332088396127012242e+00
-4.022175364954953203e+00,-2.936156093539671996e+00,4.484336382558100631e-01
4.107770876320977038e+00,-2.847273531662843027e+00,-1.387510848296231725e-01
4.163161176454298840e+00,-2.765739537214649602e+00,1.370176308047725833e-01
3.205410813083212851e+00,-2.040882060505279760e+00,-3.249637200438987072e+00
3.174299518235651263e+00,-1.797161819064892141e+00,-3.419653778472944161e+00
8.794409067722591677e-02,4.986386922736500082e+00,-3.580660465296465200e-01
-1.974314240765616679e-01,4.976122432147289665e+00,-4.463478162460819965e-01
1.515050210746442083e+00,3.748863962083226475e+00,2.941197350180843273e+00
4.085912145553114883e+00,1.798021243763820998e+00,2.252208148860922243e+00
4.451554390089676794e+00,2.220380330641971156e+00,-5.035620114460358510e-01
4.325046979841422612e+00,2.407881321568847266e+00,-7.043267447743656318e-01
2.668630154036189417e+00,4.186880680317359271e+00,5.902908348890648638e-01
2.581677564912217893e+00,4.269776200638800034e+00,3.224161089142620895e-01
4.881356130080855671e+00,-2.436796342205110322e-01,-1.054979889470985643e+00
4.828658855138847628e+00,-4.940328778031342627e-01,-1.199993823458586739e+00
2.186301321904270178e+00,2.571468256167080413e-01,4.489316433480144752e+00
-4.268779575775650592e+00,1.323739225294340294e+00,-2.241703681769247503e+00
3.157514172902328387e+00,7.557307118484750674e-01,3.802495935446863928e+00
3.298319685881703212e+00,4.988817162160296692e-01,3.724540815046946118e+00
-4.988782325835303233e+00,-3.329735951747049838e-01,3.434370902702438971e-02
4.677189542693602320e+00,7.570924660971747322e-01,1.597093916930533819e+00
4.566552403107285052e+00,7.653500131682673402e-01,1.887018417244096025e+00
4.206776907373541263e+00,-2.677243637342674010e+00,-3.679599949680281146e-01
-2.316852920691757856e+00,4.410168058778360489e+00,-4.273291906869726153e-01
-2.242583436803189834e+00,4.466455110189722966e+00,-1.469635248492169310e-01
2.214579121398740080e-01,3.450735811874147352e+00,-3.611561815863036706e+00
-6.303850479347146429e-02,3.437287328555762134e+00,-3.630575982934856061e+00
4.102869458212195057e-03,3.614035903381672465e+00,-3.455246395777069157e+00
4.200912604457275101e+00,-2.200233322117168822e+00,-1.584710263094562865e+00
4.316535796475291953e+00,-2.157615653265341660e+00,-1.308515728041424797e+00
-3.020013242602321846e+00,2.982766364242141144e+00,-2.642465672596774784e+00
-3.029529081485820008e+00,3.167175763813462552e+00,-2.406439532908378087e+00
-2.735314192297497171e-01,4.937860492798892054e+00,-7.366914661851580171e-01
4.563842857489644800e+00,1.954217485579173186e+00,-5.936096286258911725e-01
4.312935507770934151e+00,2.325918178374312806e+00,-9.943298915936239490e-01
2.734566788009564764e+00,4.185141134851926736e+00,8.208631606662519786e-02
-1.233014404220114102e+00,4.842952032375740679e+00,-1.596592969212823621e-01
-1.154237204660695459e+00,4.863168544259319326e+00,1.316365659828493129e-01
-3.236306520200759262e+00,3.118506949130233963e+00,-2.191171950243177680e+00
-3.071385599758321927e+00,-1.659889886448866259e+00,-3.579295470125647416e+00
-3.058859721716391089e+00,-1.930164462565324035e+00,-3.452222812958491538e+00
2.758839653112064472e+00,2.879567598655133676e+00,-3.016105802718467732e+00
2.500959482516402321e+00,2.947376413070220913e+00,-3.171462430250216347e+00
4.455978976159050475e+00,-1.896908099188437724e+00,-1.243378875187225008e+00
4.227248019284035152e+00,-1.980600971699784107e+00,-1.790975704570298088e+00
-3.215021804563820140e+00,2.757339882115668050e+00,-2.657199949321381816e+00
-1.893461756936867468e+00,4.623548557424854266e+00,1.939105777210176074e-01
-1.619075009304095092e+00,4.723153306224365799e+00,2.653657101978271204e-01
-1.711446058243292212e+00,4.697948862471338138e+00,-1.512862610299489305e-02
-1.535600154900034875e+00,4.725912364400156385e+00,5.546931478580914288e-01
-1.353728938956380023e+00,4.800821722373432188e+00,3.457293013607919407e-01
2.267192154969939200e+00,4.429588074925536745e+00,-4.884559539203490175e-01
-1.514887124296163456e+00,4.759404584624676637e+00,-2.306187340510293671e-01
-4.761935395205395771e+00,9.282257682356139794e-01,-1.209284174655996580e+00
-4.813965451418829034e+00,9.917875786278067540e-01,-9.176568157135356341e-01
1.246865724955918742e+00,4.749392863054388236e+00,9.426522669034362867e-01
1.154151168688251516e+00,4.819110182525543351e+00,6.664173830972331958e-01
-4.605295859667639213e+00,1.932621045089957690e+00,2.371200982698494497e-01
-4.710129508930580577e+00,1.672543447063759903e+00,1.314474297407121073e-01
-3.157830089796600515e+00,1.352205084636278087e+00,3.633132330793773068e+00
1.531085849051779579e+00,4.656235923580826608e+00,9.875439973939368343e-01
-3.329413784715852032e+00,1.106622239988096945e+00,3.562357515481537451e+00
3.161249452525378256e+00,-7.619546260866569831e-01,-3.798147844238444648e+00
3.293426587230767755e+00,-5.081746707797362150e-01,-3.727613153010838065e+00
-3.251351203108821863e+00,8.420013050611978578e-01,3.704017974621351073e+00
1.718299566150809587e+00,4.635031393122716281e+00,7.509531181990181103e-01
-3.023149678034663168e+00,8.301561911941989225e-01,3.895049001286229107e+00
-4.726154895300038739e+00,1.623712583821018907e+00,-1.643695554923254587e-01
1.618152727013800529e+00,4.707143830443781596e+00,4.736863008076575010e-01
2.144077057158075839e+00,4.451921835992540544e+00,-7.637575133386034221e-01
4.779849981405591031e+00,-1.428745717794135617e+00,-3.342451632288495067e-01
4.813516367053210843e+00,-1.352072195932334520e+00,-4.428274040268130596e-02
-4.226789124056395508e+00,2.602397815550200111e+00,6.014809310178629298e-01
-6.134116787903188817e-01,2.131672886498700237e+00,-4.481037471087464752e+00
-8.184980871779882206e-01,1.914384913484986628e+00,-4.545898292340806002e+00
-9.401570927293208257e-02,-2.514545749420410647e+00,-4.320673641977793800e+00
-2.394508222966724720e-01,-2.295749362708159769e+00,-4.435335180944786515e+00
-3.427059074092892565e+00,2.885600896123416970e+00,-2.220039092216462340e+00
2.317998430527836273e+00,4.313073442810448910e+00,-1.012067563453010077e+00
4.368031128447405820e+00,-1.725679712283435085e+00,-1.715323174077656887e+00
4.813202450565206902e+00,-1.239057382950813802e+00,-5.457279282098064233e-01
-2.183260582486528101e+00,3.149524617209741084e+00,3.211521121610508622e+00
-2.651263342272572210e+00,4.239111725444779211e+00,2.710109072088971727e-02
-2.746944866384214645e+00,4.169979989939734288e+00,-2.560484027437589516e-01
-2.572523275726996683e+00,4.259741782707041402e+00,-4.865428454953171222e-01
-2.143448047546874680e+00,3.940750647641823701e+00,-2.208192654769515428e+00
-1.916567276831644850e+00,3.948725691569614504e+00,-2.394647215377706750e+00
-2.154439295725269599e+00,3.782577513371323530e+00,-2.459776143548924487e+00
2.977984481689600393e+00,-1.804760540795037338e+00,-3.588098077980188538e+00
4.361876726531884962e+00,-2.424618616712841845e+00,-3.086356849571819105e-01
4.427432950613719775e+00,2.059025567247814603e+00,-1.076220786474459068e+00
-3.412583800640546450e+00,2.708944370251776590e+00,-2.452731579787508220e+00
-6.321431910774315266e-02,4.908659882764818683e+00,-9.492429115853431298e-01
4.937366886203458982e+00,-5.131111869604175757e-01,-5.992705072316093506e-01
4.936256488201325787e+00,-2.436991526336806102e-01,-7.576163974571480386e-01
-2.605873299119700337e-01,6.889395609300553724e-01,4.945448061083530078e+00
2.144466437321922658e+00,3.387432139267492204e+00,-2.987736133104373693e+00
3.925584891195871950e+00,2.043471757427172353e+00,2.326801761777784527e+00
-2.644959656309142648e+00,-2.061951127889000812e+00,-3.708442525197646500e+00
-4.357876773270685788e+00,1.035798939169789712e+00,-2.221717935878137595e+00
4.415051107918896101e+00,-2.346672040414219840e+00,-2.130843031021940198e-02
1.247290398176357895e+00,3.881493266675293707e+00,2.894525294995955456e+00
3.652494807990831927e+00,-3.255890096963187652e+00,-1.028815510233520802e+00
3.737110972406016973e+00,-3.075272744448912743e+00,-1.255666805793718366e+00
3.606515457215997866e+00,-3.108057914899967411e+00,-1.527423403804507362e+00
-1.659218725866711042e+00,1.841926976309699260e+00,4.342153640035766315e+00
-1.625760426529791580e+00,1.558287933929649594e+00,4.464150731158047947e+00
-4.927942469043615326e+00,-3.388045360271803585e-01,7.749803275978903727e-01
-4.970795145863765363e+00,-2.608276451289396336e-01,4.724029608223512811e-01
2.841385239115342465e+00,-4.102218475993254287e+00,3.135817248454214612e-01
2.539761990810989634e+00,-1.045726225812311450e+00,4.178045678386024697e+00
-3.374359071705520297e+00,3.493230696335749563e+00,-1.187872113224448745e+00
1.910515658102580616e+00,2.571468256167048216e-01,4.613437485240275748e+00
6.120197050654403448e-01,-4.621091640388144128e+00,1.808575110894324656e+00
-1.554664239465208153e+00,-4.616039880951833041e+00,-1.129245287787489671e+00
3.527201210647408658e+00,3.369112925399183833e+00,-1.099058558729061774e+00
3.712393148840801071e+00,3.222989771456266084e+00,-9.113034848655923170e-01
3.710065801064729385e+00,3.294636643374181162e+00,-6.170746631535189985e-01
3.534658193472847820e+00,3.497723748228925622e+00,-5.216512593588402691e-01
-2.974920162257916445e+00,3.133509957614381669e+00,2.516140968571285885e+00
-2.730861091136022267e+00,3.240213177890367557e+00,2.653943530436354337e+00
4.152730673412702522e+00,2.671137515608583701e+00,7.873070092446098345e-01
1.446585119381310847e+00,4.341049320151785906e+00,-2.015609657744843908e+00
4.068845509951224959e-01,-7.719484897011422708e-01,4.923265226596026167e+00
4.730455017439841647e+00,-2.672024573142001702e-01,1.597309667780006937e+00
4.818499483996873778e+00,-2.670938632542871893e-01,1.307946325708268187e+00
-1.676229802823236970e+00,3.778821669450735943e+00,-2.812607409258663260e+00
-1.688911539941976736e+00,3.941958746426137861e+00,-2.570707889225318787e+00
1.244835145556011158e+00,-4.131472107360020019e+00,2.526128200724319761e+00
1.003441462253372274e+00,-4.085037972166979614e+00,2.702881795007821886e+00
-1.373408567777551159e+00,-2.338521229198018858e+00,4.200603214604469393e+00
-1.307254935168848720e+00,-2.041234885419719536e+00,4.373150429269754724e+00
1.671926376203078268e+00,-4.684140294066831522e+00,-5.133146189774183688e-01
1.743602820699805100e+00,-4.615509743175092439e+00,-8.105054067083552471e-01
4.513966498958706275e+00,1.091964081895986816e+00,-1.852490456150187814e+00
4.572039954182536725e+00,7.870403156050922444e-01,-1.864676432781511739e+00
-2.631514549248917145e+00,-2.566995371134526138e+00,-3.389050890981896824e+00
-2.641967593734732223e+00,-2.316050695909614543e+00,-3.557515482416358843e+00
1.108531118879516830e+00,-2.826650461902147082e+00,3.972556598049183485e+00
6.144982739730645710e-02,-2.719016459578361466e+00,4.195613591747313187e+00
-4.045833545297775613e-01,-2.511599098686100096e+00,4.304437509909581294e+00
-1.031819138200403274e-01,-2.502337396722968066e+00,4.327546769894249579e+00
8.610842082112142581e-02,4.946940424280631632e+00,7.213638322523956425e-01
5.792972498657918967e-01,4.934052982188569914e+00,5.652750350528603640e-01
3.805357817750503746e-01,4.923115942312589866e+00,7.862073119327199766e-01
2.595154222463540883e+00,-4.265826588248978091e+00,2.605726014333412111e-01
-2.435753996766550245e+00,-4.103783298635610421e+00,1.492000370333472326e+00
-2.532559396298648569e+00,-4.131009242046758345e+00,1.233249993449700765e+00
-2.588225917668514953e+00,-3.930381748751459181e+00,1.689137622631853741e+00
1.439535438516513222e-01,4.680983449554431353e+00,1.751476897424011581e+00
2.440235788867311850e+00,-4.042699210877576554e+00,-1.643725154976023450e+00
3.421642941463944432e+00,2.573797255287626484e-01,3.636772643157213381e+00
-3.577513967938108497e+00,3.271959332619335470e+00,-1.222978305160382861e+00
-3.304441817741757603e+00,3.100493302659161898e+00,2.113671108125678266e+00
-1.744080654799970764e+00,-4.599881174201360778e+00,-8.940222887492319526e-01
-2.332515734400393281e+00,-3.407752189829190037e+00,-2.818970620898514134e+00
-2.094181662164043001e+00,-3.369262238312525248e+00,-3.043431473737681525e+00
-1.886277631131063170e+00,2.783847402239475688e+00,3.700290574987201708e+00
-1.618585684845967876e+00,2.781730159222282062e+00,3.826507245790198297e+00
-1.657044957631302440e+00,2.954508088020051382e+00,3.677646525457928917e+00
-4.773597356892578802e-01,2.783911391848845174e+00,-4.125768418740550558e+00
-4.382989533044794328e-01,2.551977425523494603e+00,-4.277301163952646590e+00
-7.253021464924215289e-01,2.602709191299088509e+00,-4.207117975743101645e+00
1.287483054206632671e+00,2.214398367634985654e+00,-4.294045558042704158e+00
1.105986964491662672e+00,2.442676601156820393e+00,-4.220204243462096549e+00
-4.138662454792637391e+00,-1.597037700769110558e+00,2.306717075761977931e+00
1.059301416233603854e+00,-1.583752969388745324e+00,-4.622727229841472329e+00
9.539863759197315662e-01,-1.335109014197048527e+00,-4.723070390621901815e+00
-4.094362591074443003e+00,-2.794537909200331960e+00,6.532632293742045571e-01
-4.085111537098980783e+00,-2.719412383820662527e+00,9.574236346485448523e-01
-1.043423773830705198e-01,-4.636844563278006426e+00,-1.867828997601557184e+00
1.835728547472067484e+00,-4.506949819194915108e+00,1.147825782623395963e+00
-1.162307257007788808e+00,-4.134306175637135539e+00,-2.560576944049068882e+00
-1.413100733179022184e+00,-2.597630390449839233e+00,4.031806378349575226e+00
2.222556641102002128e+00,-1.711439653930038052e+00,4.138987350554385714e+00
6.095182309266313769e-01,-1.824740160223230712e+00,4.615063474518694697e+00
2.175388908070871319e-01,4.102783981587823980e+00,-2.849533370819297584e+00
2.800963909336500635e+00,1.314382287365832847e+00,-3.927722034621766944e+00
-1.459249454401383428e+00,-2.189805019165784294e+00,-4.251510908825896884e+00
-1.812424519557111147e+00,3.678535136114370996e+00,2.860681144986312763e+00
3.839741529746928173e+00,2.346030634950595051e+00,-2.180028725638731402e+00
4.309291864457295063e+00,-1.642621291360553348e+00,1.931786458201618872e+00
-2.005318630385751089e+00,2.578970766559046002e+00,-3.785182555156574757e+00
1.212117807974100625e+00,2.669296119845162796e+00,-4.050386233949994974e+00
1.640701880442105187e+00,4.145834767090553541e+00,2.262775159731289065e+00
-2.362007577544463555e+00,3.919612981175621069e+00,-2.014337181661028264e+00
-2.849951766368331807e+00,-2.167964551840610710e-01,4.102532660003287646e+00
3.458555625736057237e+00,-2.465714991091688901e+00,2.637923912169414464e+00
-9.862582676393731873e-01,2.644938093284735281e+00,-4.126935559492574512e+00
2.765560992826965325e+00,-3.114627407953932003e+00,-2.766002260406903446e+00
3.598717811829772018e+00,-2.270935907500061468e+00,-2.625277169147290923e+00
-4.677886952986847646e+00,-1.308473029972522683e+00,1.185441683470744412e+00
-4.566342227836923229e+00,-1.533174583745861019e+00,1.340855828949943929e+00
-4.508794596706422908e+00,-1.796570116655737515e+00,1.201293927667395289e+00
-4.027213219392574928e+00,7.005564436486383384e-01,-2.879370478908898967e+00
-4.196785742762872751e+00,6.151745932850429810e-01,-2.647366549822458559e+00
1.169981329933572178e+00,-1.823991691991462050e+00,-4.506017975458264324e+00
-3.764102800814615346e+00,-2.866056496197212144e+00,1.617791786820949929e+00
-3.651485974026490222e+00,-3.092703656814317359e+00,1.449770420658099912e+00
-3.746958876713800901e+00,-3.100676459753434866e+00,1.160217508981207457e+00
-1.236986635100437715e+00,4.686830884428097477e+00,-1.226164885059850107e+00
8.921136760017934764e-01,-1.832845686943668673e+00,-4.565611665148773923e+00
-1.417631112777190117e+00,4.419102353728282750e+00,1.860606464397900783e+00
1.476037173838151029e+00,-4.156831330940207181e+00,2.354159626610258904e+00
1.043744923913991096e+00,-3.906758933242197696e+00,2.940719498921320341e+00
4.479994558265329552e+00,3.026967986440479152e-01,-2.199550728217851248e+00
3.474227310174637928e+00,2.945017284684418701e+00,2.063157238347749889e+00
3.531129428970992024e+00,2.734859026344960586e+00,2.247592281058664376e+00
2.698384256229981126e+00,3.327173833415531412e+00,2.578495043230676131e+00
-2.843106940744838607e+00,-2.611441861252998375e+00,-3.177595683655175307e+00
9.694644879101251833e-01,-3.057605895350269609e+00,3.835516235841068156e+00
3.333448592883292427e+00,3.600715149970602269e+00,-9.607137385176613975e-01
4.442088042878396870e+00,7.788754500869776720e-01,2.158982828224572437e+00
4.222573277764348987e+00,-1.285248481413964639e+00,-2.349044753710226363e+00
4.364651162389396433e+00,-1.264900202912760507e+00,-2.085628851767291625e+00
3.444692479631235926e+00,-3.462562015248932479e+00,-1.069933648095650724e+00
4.868099915905715891e-01,-4.350202816838361741e+00,-2.416350861207694045e+00
2.710996018592243040e+00,-3.457879124427298390e+00,2.386120815890699021e+00
2.574858951554778397e+00,-3.372199345223640954e+00,2.645443810719001032e+00
-1.677738030087698506e+00,4.099739116521754489e+00,-2.318907992754104086e+00
3.316452280058858282e+00,3.736852191937749978e+00,-1.925615997607886543e-01
8.106930203887738884e-01,3.535307100455576279e+00,3.441566581102466049e+00
5.641451188975875608e-01,3.437434664781414018e+00,3.586890465317154497e+00
-1.020992190449152348e+00,4.678991914113366235e+00,-1.436874947482758902e+00
-3.731413948709121353e+00,3.175533293323210771e+00,-9.962621373789365409e-01
-3.871914958678204233e+00,3.063479373310941334e+00,-7.895370048720689038e-01
2.350722496626450386e+00,-4.185286105910607901e+00,-1.399101124124315643e+00
-8.128996177793414990e-01,4.764225273378221992e+00,1.281152510795809940e+00
4.829504482862062353e+00,5.140730559753617923e-01,1.188114196167773917e+00
4.810924539121115728e+00,2.523032573242768861e-01,1.338412546723108498e+00
1.630241825098998509e+00,-4.453049706633363414e+00,-1.585137187107287016e+00
1.368129095541102069e+00,-4.546177354404082216e+00,-1.568596264255841310e+00
-2.905072910790793106e+00,-3.255179124290787485e+00,2.442203974235357844e+00
-3.135449367355523709e+00,-3.105955987550039765e+00,2.349892480125824967e+00
-3.233635421218067130e+00,-2.868912696784263971e+00,2.512556845301991970e+00
-3.120879684548583555e+00,-2.785993676121004903e+00,2.738311383167682411e+00
-8.306183420903490155e-01,-4.105874835792027611e+00,2.729810433453735641e+00
-3.667870567659455627e+00,6.097443631871773267e-02,-3.397500201179260770e+00
1.892285465625294538e+00,1.219302470227775048e+00,-4.464589253523744361e+00
-2.231024778919710627e+00,2.370884577452121444e+00,-3.794922233227702169e+00
-2.726169418350602225e+00,-4.859836653023202335e-01,4.163150271069885555e+00
3.837107970438378590e+00,2.192322494561108892e-01,-3.198208818072497017e+00
3.666987427121787047e+00,2.839718561227932425e-01,-3.387117239521082013e+00
2.485426468645009823e+00,4.028855651989966979e+00,1.609651330067260799e+00
-4.268283614548656679e+00,-9.737858504264247372e-01,-2.415263154044449578e+00
-4.386881561358269899e+00,-1.032055514009920349e+00,-2.165671162161177943e+00
-4.122826393807455858e+00,-1.197422932886446745e+00,-2.562904767314273080e+00
-4.959378351694573972e+00,6.360346410924274663e-01,-5.128359741426246655e-03
-4.980297206018598821e+00,4.129670114898102429e-01,1.615487144625479543e-01
-1.400952948128758146e+00,-4.020573215924589938e+00,-2.621511367993498709e+00
-1.190719392752191297e+00,-3.956229695976315686e+00,-2.816102611837680847e+00
-3.061507874419962860e+00,-1.381360723702066418e+00,-3.703918477218128391e+00
-6.162124024180472975e-02,4.600552880916020548e+00,1.957323686222175230e+00
8.968952307744584296e-01,2.045892001328292409e+00,4.473243215376841775e+00
1.789263510327033568e+00,-4.588545706197159291e+00,8.624293552238291305e-01
4.348301829804835705e+00,-2.345929463649358837e+00,7.673891766879119558e-01
4.467748065949715297e+00,-2.175828004615974809e+00,5.522677915028560980e-01
2.560454279683262779e+00,-3.083975932739564385e+00,-2.988840298164958664e+00
4.399698345870631577e+00,5.222196747915907045e-01,2.317313331555270750e+00
-3.912473265703287240e+00,-1.426247477264983132e+00,2.767376208388069081e+00
-4.028171885266737640e+00,-1.558855055354984254e+00,2.518690568359048143e+00
-8.946123234367721055e-01,1.203992820349280235e+00,4.769703353386082867e+00
-1.090309588010075270e+00,1.454059908854924199e+00,4.657996863862631010e+00
4.076352367298735402e+00,2.690788327790454293e+00,1.069116248424207161e+00
4.308256292916939678e+00,-7.761125178081769160e-01,-2.415900882536996086e+00
4.190713069113706446e+00,-1.036937064181600698e+00,-2.522436420860994843e+00
7.439416411827765030e-01,3.926212759935642005e+00,3.005229475137103368e+00
7.805046439122959034e-01,3.742098550873266039e+00,3.222966170530423113e+00
4.661670315012816701e+00,-4.973024450114004735e-01,1.738252039352748968e+00
-1.774849680023133924e+00,-3.471758359755936940e+00,3.129984425646004098e+00
1.991634497619565680e+00,-4.538509982818073496e+00,6.597872109645309679e-01
2.186577649726216155e+00,-4.473927139957243782e+00,4.503933037599158751e-01
-3.916975581067422496e+00,4.886398713130107874e-01,-3.068962914973840217e+00
4.215645892813911999e+00,-2.501142260660258021e+00,9.862135155941020859e-01
4.215328006640641334e+00,-2.595169268576868582e+00,7.043481127008405229e-01
2.024431133862707455e+00,9.483436563245404294e-01,-4.472395654876294202e+00
4.446084101917559650e+00,-7.745700343777401908e-01,-2.152295848743846385e+00
3.411043344407583611e+00,-2.271608800002462125e+00,-2.864363238544319401e+00
7.974170794713505428e-01,-3.744165451897782493e+00,-3.216418982375035540e+00
8.610296094059745053e-01,-3.922024191162508444e+00,-2.979321106504344119e+00
1.304493051637513723e+00,-3.558010920178508396e+00,-3.261725949573313077e+00
1.010422217850144966e+00,-3.570822218319841035e+00,-3.350861922972679263e+00
-3.113116059089284238e-01,-3.737836035987031735e+00,-3.306307132149576944e+00
-1.395136042617800776e+00,3.572881502808419540e+00,-3.207508875978084095e+00
2.026258542794177497e+00,-4.429281590383490119e+00,-1.129487012250923517e+00
1.746740397255555521e+00,-4.557980925793018834e+00,-1.083377987916739560e+00
1.811387691725557580e+00,-4.460745780371418334e+00,-1.349304158877362658e+00
-1.219091988105178048e+00,4.550853852318476278e+00,1.674378672635268739e+00
2.060685115465342498e+00,3.218463880650761499e+00,-3.224138195525438455e+00
2.241964596150808120e+00,2.994992026562723453e+00,-3.317170105742552444e+00
1.875942784075597114e+00,-4.634416003574621357e+00,5.501796693922697545e-02
1.675213344500579904e+00,-4.702267983819903741e+00,2.869426053228828488e-01
1.590898708853184518e-01,6.997781912646157121e-01,4.948232098033813031e+00
4.681072902647137823e+00,1.238886542537237512e+00,1.246080500939974467e+00
-4.073254915573929935e+00,2.705713081310108237e+00,-1.042933897416408184e+00
-3.939120855846551361e+00,2.799306497129893767e+00,-1.283436799441678433e+00
-4.015509381507487596e+00,-2.234267280562802771e+00,-1.970719190050133962e+00
-4.182933619431753236e+00,-2.007571099827107464e+00,-1.863524782385936662e+00
-2.103839885075222238e+00,-4.516186289242777541e+00,-4.218046216226498113e-01
-2.016087774963322143e+00,-4.572784932659740065e+00,-1.582025388022855750e-01
4.139752984867586250e+00,-1.383380914324428224e+00,2.438996201342432890e+00
4.215772701163412073e+00,-1.101882518365957075e+00,2.452165460943620978e+00
-1.085115246928521238e+00,4.578035409804598999e+00,-1.692370139023523290e+00
-1.563988221691689606e+00,-4.736309860127090765e+00,-3.482954941892789646e-01
-1.655706279497877409e+00,-4.676426645739707233e+00,-6.242359674409775350e-01
2.930487589448669716e+00,3.133612459278207307e+00,2.567628369360277052e+00
3.829775305377534522e+00,-2.619916107126133986e-01,3.203776132353292727e+00
4.016719245789333037e+00,-2.620196649043649573e-01,2.966026330919699472e+00
-2.220669534296063841e+00,1.339713084148017375e+00,-4.274786038109031239e+00
-2.480912543540902959e+00,1.236193670318057825e+00,-4.161357730448918879e+00
-2.342386546229688893e+00,1.500819501743076989e+00,-4.154607814370667285e+00
-3.984346865311158670e+00,2.047181146280773467e-01,-3.013813290571974335e+00
-4.155462860264360181e+00,1.394573446758663737e-01,-2.777171234544153489e+00
1.425505220537098161e+00,4.105897844987265621e+00,2.471747914482866904e+00
-4.943191852820606691e+00,4.662182944171218146e-01,-5.894869024488664788e-01
-4.957406044157482761e+00,5.822572451119393255e-01,-2.917221518251844059e-01
1.846916734953048200e+00,2.956068972791619398e+00,3.584767049927940263e+00
4.700412661835945194e+00,1.327766770035982535e+00,-1.069184835676479262e+00
4.736322793900292538e+00,1.401662521241545445e+00,-7.762657847202336647e-01
-2.866560170997903612e+00,-2.953015706266934881e+00,2.839459636020429389e+00
-2.962593656475698278e+00,-2.703498617342730892e+00,2.985654710886022301e+00
2.503282876258545286e+00,-2.889079208152241396e+00,3.222855282269614818e+00
2.763024135986605234e+00,-2.794671485666053279e+00,3.091198620464328251e+00
2.862999029202698331e+00,-2.940912199760445045e+00,2.855568593482668671e+00
8.371336705064926775e-01,-3.273270318768661813e+00,3.685771104934817188e+00
-1.425997529171573852e+00,3.146341429083867158e+00,3.614839783230656245e+00
1.285512699766492961e+00,4.820420755729888818e+00,-3.331678803059309191e-01
-3.798316874698884682e+00,-9.477028450486743028e-01,3.110409657402758654e+00
4.477546749718436914e+00,-1.688159781055800224e+00,-1.449721234483198895e+00
4.575960127807980449e+00,-1.635992763135827532e+00,-1.176484843794757928e+00
1.340735230654256371e+00,2.426016571237094299e-01,4.810776806009950946e+00
1.190587337862089257e+00,5.044075999334700633e-01,4.829914571092517761e+00
-2.860018635201100778e+00,-2.122429956703906662e+00,-3.509356705321972747e+00
2.985441067317841368e-02,4.486705756367539877e+00,2.206485932414195439e+00
4.659443420203664310e+00,1.681280994469341206e+00,-6.803537547165844357e-01
4.550213635676914947e+00,1.876636415380567025e+00,-8.796542696806777251e-01
1.515857537636211561e+00,4.760413600361089514e+00,2.015893823807468344e-01
1.337954316495955531e+00,4.797669863187616457e+00,4.384542516969771597e-01
4.450416651240351129e+00,-2.263720762132199749e+00,2.633627563916940417e-01
4.312275611822514065e+00,-2.522691668071517235e+00,2.007630332588839495e-01
3.359833009753412814e+00,2.723104625873429274e+00,2.509227638760194168e+00
3.096397376018277026e+00,1.255229703018850840e+00,3.719774412843652733e+00
2.883027083778042066e+00,1.231924256852637622e+00,3.894934846641257664e+00
3.024563819893287597e+00,1.004409401284134917e+00,3.852684188199775761e+00
2.959569935366628268e+00,2.414513959814775790e-01,4.022766090770449665e+00
2.826001357238455469e+00,5.032603199317605691e-01,4.093952293233104278e+00
2.959569935371443972e+00,-2.414513959721565073e-01,-4.022766090767467162e+00
2.832663601028997391e+00,-5.059021991695957787e-01,-4.089019428699354641e+00
4.198285697773823877e+00,-2.682649143351950816e+00,4.216524321533045017e-01
6.922220157972250876e-01,-4.225022627981815049e+00,-2.582636728982079521e+00
1.051825171474305654e+00,4.872185553695432603e+00,3.942990476967686009e-01
3.455077520268003077e+00,2.841323421922201109e-01,-3.603013758100164221e+00
2.587402081519948993e+00,2.520732476954965495e+00,-3.457059190724208086e+00
2.837760538909988028e+00,2.465773806663912548e+00,-3.296524633333634657e+00
3.919807498853642436e+00,-2.889296167214919553e+00,1.134494085505923344e+00
4.060277039767581364e+00,-2.662210359767587686e+00,1.194481628440698939e+00
4.091059187511170592e+00,-4.797015548319578659e-01,2.834276123205401454e+00
4.194697090032422970e+00,-2.175419307366519284e-01,2.712414391505268529e+00
-1.519255753346570259e+00,-4.339187343318795520e+00,1.965531774229385853e+00
-1.688546115700973349e+00,-4.184727174915644277e+00,2.153339380282097260e+00
-1.017644302276690338e+00,4.664795893638635782e+00,1.484614207373724737e+00
3.035924949014903174e-01,3.551564151455056884e+00,3.506311976299144817e+00
-1.803756240584305726e+00,1.558056301452216630e+00,-4.395329792638797528e+00
6.353907238941681745e-01,1.928229368089893203e+00,4.569268008338413622e+00
9.992278577719418964e-01,4.514042284922022752e+00,-1.903934331375024769e+00
-1.095400863909872902e+00,-4.130490061123953005e+00,2.595987057421849098e+00
3.028686734414095749e+00,-1.026252803859954543e+00,-3.843678166464208346e+00
-3.802360120418680101e+00,2.776795238914250841e-01,-3.234957742639164024e+00
4.487560331063183305e+00,-1.464603547488739554e+00,-1.648253234109218424e+00
-3.761601181579350861e+00,3.043084530624394102e+00,-1.260949281381035902e+00
4.522998933882120376e+00,1.786073599925681599e+00,-1.162936687764952293e+00
-3.468316113085996300e+00,2.100576859966763354e+00,2.925467517351751479e+00
-3.645493876601146432e+00,1.861480047343070154e+00,2.871457196095249742e+00
-3.830240250500152488e+00,1.854469634370186526e+00,2.624919427077226253e+00
-1.297454154867899501e+00,4.621057433443581886e+00,1.400871483338798296e+00
3.290922133531545501e+00,1.271609113709969208e+00,3.542998980096089490e+00
4.678184294667262044e+00,-1.377174416289080661e+00,-1.103622368497219064e+00
-1.929149189520794394e+00,-4.564652277719662088e+00,-6.650811890889440914e-01
2.674231526909815582e+00,1.098275562088033563e+00,-4.079494641521399956e+00
2.540459325779078181e+00,8.664380756358809332e-01,-4.218453682944795169e+00
-3.260621134745676830e+00,-1.169076094011307188e+00,-3.605774660466330328e+00
1.045743974869604465e+00,3.487422235727562381e+00,-3.426996598886098422e+00
2.420580533926047995e+00,2.764238857881104128e+00,-3.391131583315289522e+00
2.728777788709992436e+00,3.859891366539356383e+00,1.629420270635523860e+00
1.457172663631128184e+00,1.972961505951463357e+00,-4.357071347178044007e+00
4.668860051079675166e+00,-7.477210350164724684e-01,1.625625749435024137e+00
4.629242256958090884e+00,-1.051811476485254415e+00,1.569652427872956002e+00
-1.809379683752521117e+00,-3.189914866429681140e-01,4.650203177439985680e+00
-2.155515218521751653e+00,3.612204477043203799e+00,-2.702911940620738029e+00
1.764061990021675408e+00,4.998007666108189584e-01,4.651696947250111513e+00
1.629429244617355943e+00,2.426016571237173403e-01,4.720816112998528880e+00
1.730974821465312230e+00,-4.654681282147767440e+00,5.810923584735393499e-01
3.798661884151657731e+00,3.111044270324606842e+00,9.442306063530285787e-01
-4.798033145314625436e+00,7.928671160817383212e-01,1.161998137992685809e+00
-4.864571573370645829e+00,7.659356949139998205e-01,8.656130306383156281e-01
-2.519619468081271338e-02,-2.790322480463971910e+00,-4.148911376107110804e+00
4.655409451466343107e+00,1.234770531044981912e+00,-1.342573861975846938e+00
4.602054764136559228e+00,1.511005945429211961e+00,-1.240142322786207618e+00
4.066221288537081868e+00,-2.838220431072828731e+00,6.405850585898810179e-01
-1.873465734138940464e+00,-3.313161644493596736e+00,-3.242388943427934933e+00
-6.703010782030036641e-01,2.783646999520418053e+00,4.099024987313551804e+00
1.401586746424476226e+00,4.798997226162659224e+00,-7.197371416254516596e-02
-6.295908820195064148e-01,-3.673280666741949307e+00,-3.333260335560023435e+00
-2.833704706512288674e+00,2.265655919901625293e+00,-3.440482653481168995e+00
-2.691564555893701360e+00,2.094642766962392599e+00,-3.656220988981502273e+00
-1.654222609821711210e+00,3.597245569244477803e+00,-3.053419701204801662e+00
-2.477878270598155908e+00,4.641050993830702631e-01,-4.317953882665274357e+00
-2.721812248915888688e+00,5.613544688998062249e-01,-4.156515276273822224e+00
-2.565996531061397246e+00,7.182744781269428946e-01,-4.230808856076145652e+00
1.557653377438922959e+00,7.369583607160489214e-01,4.693677484694046775e+00
-1.864135308826007364e-01,9.298762890722455099e-01,4.909234164564276526e+00
5.847939337902879897e-01,4.797871318824865838e+00,-1.280018305728405581e+00
9.752248115912844906e-01,4.000202392575415544e+00,2.836779403706016112e+00
7.022490336747652107e-01,4.104340756853376959e+00,2.767893286659568464e+00
-2.784144361962816117e+00,7.968979823729119838e-01,4.075965379813798251e+00
-3.888807571390017870e+00,-2.855546006488331567e+00,-1.312643393130142222e+00
-3.764841099110488365e+00,-2.910138798845663288e+00,-1.535273158073718225e+00
4.196713869009729869e+00,-6.901181226517892897e-01,2.628940790213609269e+00
-2.599680331179184289e+00,2.002597876676410316e+00,3.772434746952055828e+00
-2.360246493768761999e-01,-4.867205760903420497e+00,-1.120089481209016524e+00
-1.013871069858703011e+00,-2.050509559026922446e+00,4.446062977741407352e+00
-1.370257912878553919e+00,-4.121576424500426938e+00,2.476893423059617572e+00
-6.101606358004589836e-01,-1.767846743839387891e+00,-4.637070399381062913e+00
-1.384885043755022638e+00,-4.799470955411608841e+00,2.171910765754868078e-01
2.354054157258214541e+00,4.915121668899997132e-01,-4.383702181318253288e+00
2.480415187155968315e+00,2.415954873572674078e-01,-4.334647865722731197e+00
2.200633194557527261e+00,2.497782508258547529e-01,-4.482725105159349965e+00
-3.949043576613467277e+00,-2.478898544737179410e+00,-1.805579362672215193e+00
-2.368577055133860298e+00,1.043755479471183190e+00,4.277898693630705296e+00
-2.527013048019543628e+00,7.819977734472470798e-01,4.242957051098033894e+00
7.034068125375015912e-01,7.168826225728390789e-01,-4.898091277378252784e+00
4.230551917468484469e+00,-1.523305106928639630e+00,2.186772055978595031e+00
4.876432909974382390e+00,-9.294393664422323509e-01,5.971135056471505997e-01
4.919610431840550469e+00,-6.294463020188258984e-01,6.334276215957597156e-01
2.171919681772199517e+00,-1.282906246597257605e+00,4.317049508445817807e+00
-4.313155222128288280e+00,-1.749980644483373426e+00,-1.825995556884254079e+00
2.943610274433581697e+00,-7.477018663184236136e-01,-3.971913955683455733e+00
3.221079998289602564e+00,-2.260902751110931419e+00,-3.084309062762303100e+00
3.267210993801537455e+00,-1.742064519183674554e+00,3.360140403760492056e+00
3.592971614429153249e+00,-1.335053412207686030e+00,3.210636598006535447e+00
3.492046580969385250e+00,-1.623402953903682944e+00,3.189070950229364598e+00
4.472037888837906650e+00,-1.009483940206523878e+00,-1.995449647388604086e+00
4.485513291002669156e+00,-1.246700027368437880e+00,-1.823707640494476756e+00
4.383830667913771073e+00,-1.377351078079946722e+00,1.971023257795481376e+00
-2.304432996490568542e+00,-1.238909036161134569e+00,4.260832426275855234e+00
-4.536218334293068644e+00,2.371622518312639927e-01,-2.089611755788558956e+00
-4.455628358387835775e+00,1.502740278915795820e-02,-2.268733150702287205e+00
3.148532250792414722e+00,2.937016117375915059e+00,2.541786968255630885e+00
3.112488050540984208e+00,3.141799106000232378e+00,2.332705835028437757e+00
2.919283420722628364e+00,1.046489207834463642e+00,-3.922071474027466476e+00
-1.352107708255525065e+00,4.482838583711015623e+00,-1.753842346868101032e+00
-1.620372784741999306e+00,4.364130416406720947e+00,-1.824488352130855473e+00
2.207625455742487031e+00,-4.396205308494634423e+00,-8.942978993162042922e-01
2.399872390259167876e+00,-4.334154875021527076e+00,-6.750659447779030486e-01
2.340161603446642147e+00,-2.065741723759138448e+00,-3.905938402032815837e+00
2.426377352048972202e+00,-2.316132536546277709e+00,-3.707859627684888970e+00
-1.357531106074274241e-01,-4.546230375039865379e+00,2.076863132232186437e+00
1.523459365671532006e-01,-4.490812037707128113e+00,2.193033961797267839e+00
2.874225315222715071e+00,4.087902565245370212e+00,-1.669774068345778184e-01
3.007394783449248710e+00,3.974043543444488069e+00,-4.031805194815607507e-01
2.481468409314861123e+00,-2.499517718380237508e+00,-3.548904860527488214e+00
2.641562623868646931e+00,-2.641836479454869213e+00,-3.323077928668193515e+00
-1.933841623809967825e+00,-4.524944512584934131e+00,8.860777234800147895e-01
-3.834016319944575812e+00,2.095327262258031453e+00,2.431033221170971093e+00
-3.991448923312204577e+00,1.859507464934031296e+00,2.368663648651800457e+00
-4.368403150334268514e-01,-2.013943442701383368e+00,-4.555568279453353853e+00
-1.409504442976979854e-01,-2.018067179019476409e+00,-4.572476116199696072e+00
8.703836550737410471e-01,4.318202417780096170e+00,2.365493642362753057e+00
1.153323156407958239e+00,4.224177770246241082e+00,2.413745608437368073e+00
-4.713037755216904046e+00,-2.477238115392987050e-01,1.651032413702543389e+00
1.879973291675901770e+00,2.181656492881754339e+00,4.087306615566314250e+00
-9.326588050957653753e-01,-4.380618313038083245e-01,-4.892673030689062230e+00
-1.157090086805377727e+00,-6.978593331002558298e-01,-4.813952106348960314e+00
-2.584159498016245671e+00,9.454098818139482496e-01,-4.174723924306967149e+00
-2.340383172783431220e+00,8.479959491225472767e-01,-4.336301358856867516e+00
-3.867063114623859654e+00,-1.234098223801854521e+00,2.919387682635644410e+00
4.943844996065875463e+00,4.769454679384040885e-01,5.752561824851722960e-01
4.941918801109972392e+00,6.695271672075862046e-01,3.594049743767684935e-01
3.723799380045495155e+00,-3.293706553316247732e+00,5.336809138561984245e-01
3.712080261003323223e+00,-5.138973227078681427e-01,3.310040736544368922e+00
-3.394932075460288967e+00,2.516951350904928386e+00,-2.671964090362883404e+00
3.221944528779998596e+00,-3.661062853950422191e+00,-1.102584342755247970e+00
-1.563442923372465598e+00,4.562372469950103593e+00,1.319243597974970150e+00
-1.831920915529027694e+00,4.488038667142005167e+00,1.225387563787679657e+00
2.896606297883520753e+00,3.928111316889026039e+00,-1.086100104589761584e+00
2.787951274021242654e+00,4.061059349857364609e+00,-8.573941046096682506e-01
3.016040209360247193e+00,3.889303016995262041e+00,-8.813759115801520494e-01
-1.730580888461930034e+00,7.232120934542953794e-01,4.634873682892746594e+00
-1.835457659696014598e+00,9.986916902352540593e-01,4.542434378977673326e+00
-1.436975659757765644e+00,7.018311982061244958e-01,4.737355161109232604e+00
-1.655367641012822855e+00,4.237689667258420556e+00,-2.074064670423479750e+00
-1.870331261077236684e+00,4.232913572621463949e+00,-1.893225728896115401e+00
1.389523131598145778e+00,-3.689714604356291172e+00,-3.074936032692970223e+00
1.592272340830422905e+00,-3.760038891143793638e+00,-2.885615416113616050e+00
1.317281049242398305e+00,-3.845141334024622104e+00,-2.911985363747935818e+00
-4.923544852093550417e-01,-3.520857534717607429e+00,3.515842613246003445e+00
3.081948558658627935e+00,2.394390227453293107e+00,-3.125458129692058051e+00
3.307971891414173804e+00,2.323064174697592854e+00,-2.942905843864245252e+00
3.308280506663720200e+00,3.494156658087767209e+00,1.358730782005682425e+00
3.167429801270846390e+00,3.509415054189949146e+00,1.628310299496468216e+00
2.460062834774713991e+00,6.926805677247768189e-01,-4.297474197718548439e+00
2.180028394249760471e+00,7.006544752544542343e-01,-4.444835149538249652e+00
3.197600374169248916e+00,-2.414513959721400205e-01,-3.836281151127454603e+00
4.023554725215859662e+00,2.192322494561109170e-01,-2.960227118650112121e+00
-1.449187749950204385e+00,4.710791059903558953e+00,8.416070670609714366e-01
-1.362048231341989935e+00,4.676425637132792801e+00,1.129543215581108706e+00
-1.355811428895036252e-01,-5.024780343527032178e-01,4.972839589076428091e+00
1.850831332431554788e-01,-4.434194134929388964e-01,4.976858794212115633e+00
2.942515386587684745e+00,7.319082315964412500e-01,3.975665169530263832e+00
-4.521971334361336581e+00,2.132877426589867564e+00,5.107968635114590317e-02
-3.694924735010803651e+00,2.013436090847653848e+00,-2.700667752737729188e+00
2.731996943813605139e+00,4.101950082703949008e+00,8.427325898517230574e-01
4.594638027331394703e+00,-1.209109329440615221e+00,-1.557997441352179324e+00
-4.596903432947441637e+00,-1.936529331921915675e+00,3.439956028237574071e-01
-4.845165639608095098e+00,4.305045415175367540e-01,-1.157167129024090579e+00
-4.796969118319514003e+00,6.503008596433296207e-01,-1.251477554667302261e+00
-3.423672038809017160e+00,3.527027396811725168e+00,9.157223994294436675e-01
-3.623641046595977855e+00,3.359238849275899774e+00,7.646828878302043275e-01
-4.607339142388163999e+00,-1.938634676769800669e-01,1.932574185618278761e+00
4.351096604470689577e+00,-2.175419307366489308e-01,2.453697994239513402e+00
4.406896356781678570e+00,-4.475206934579961660e-01,2.319264911456051514e+00
-4.907351597272268329e+00,4.135085736669419365e-01,-8.642401056727486708e-01
6.561771877981538159e-01,4.253262343367573806e+00,2.545425492271318202e+00
4.248104210968396410e-01,4.178280628249354756e+00,2.713209740827954519e+00
3.478878297594741043e-02,3.626903896437717378e+00,3.441563288185175651e+00
-2.581977263044269666e+00,-7.424334770884198909e-01,4.216892925510537182e+00
-4.175279729182937771e+00,2.618941772255019007e+00,-8.415362004167126209e-01
-2.797101767817741447e+00,4.016674898630632207e+00,1.021050664355822146e+00
1.569631227036219379e+00,-2.968258432426541304e+00,-3.704821141356422931e+00
1.768148152533241424e+00,-2.745778814452677796e+00,-3.786073270922807765e+00
2.771675091577390226e+00,1.931376651200635619e+00,3.686136380809381219e+00
-1.714996701887862462e+00,4.634549828825128337e+00,7.614027821401215812e-01
4.764689454512734734e+00,7.475178107161082330e-01,1.318693112409908830e+00
4.822764074142570578e+00,-1.204502319103694985e+00,5.386286739801153800e-01
-2.021932775553269224e+00,3.490143467594929216e+00,2.954773498383234109e+00
-3.403853093926461959e+00,-2.305075577130354159e+00,-2.846122045641124476e+00
-3.357606542246315051e+00,-2.552878471940124072e+00,-2.685012069799575407e+00
-3.341106763494972043e+00,-1.726391736627847617e+00,3.294932042794090243e+00
-4.488189337235764853e+00,2.177441368499803964e+00,3.389772261802939668e-01
-2.008779598773317687e+00,1.336272626818804765e+00,-4.379404067948843959e+00
2.923260824229022559e-01,-2.184091040254514837e+00,-4.488239274973564896e+00
5.500157212414309438e-01,-2.263807793371015897e+00,-4.424099567263367838e+00
-2.470772646206475631e+00,-9.921609529160501095e-01,4.232127027189350521e+00
-1.905892131175702220e+00,3.609653798277744130e+00,-2.887555132097323618e+00
-3.451669120701042814e+00,1.418484425112225722e+00,-3.327744313632423623e+00
1.208258398899279218e+00,4.383839215035143511e+00,-2.078957762488069960e+00
4.010049527082183984e-01,-4.553942922818134065e+00,2.025042933771553422e+00
3.768742812109595053e-01,1.510208480005759135e+00,4.751550917656298445e+00
-3.192775314502716011e+00,3.058468399904024970e+00,2.334942577000683972e+00
-3.090770644700531200e+00,2.946324304163121077e+00,2.601213162459999673e+00
3.197600374164665915e+00,2.414513959814778288e-01,3.836281151130686240e+00
2.205026606847729775e-01,-1.000918166059715730e+00,4.893826866725322411e+00
3.280905096333156745e+00,3.139463903667201183e+00,2.092708328082490077e+00
2.152202910464998009e+00,-3.916909227429054674e+00,2.241839587541250456e+00
-1.463655722763731737e-01,-4.639724879777918254e+00,1.857829421454508578e+00
3.062949260338694302e+00,3.336135147978049886e+00,2.118618442055133944e+00
-4.898271327253399532e-01,-2.712165155324512966e+00,4.171837670654220176e+00
-7.063275016015581054e-01,-2.902939668990149880e+00,4.009244659369724850e+00
2.997694565866780625e+00,-3.835096255321224668e+00,-1.142744066794438407e+00
2.755991333943709432e+00,-4.006842032130995435e+00,-1.161778247677036857e+00
4.941580160509457365e+00,-3.954475750174097914e-01,6.514650663482857151e-01
3.330400908211213373e+00,5.460585445465860888e-01,-3.689207212466329988e+00
-1.755684446716223590e+00,-4.680249417721029204e+00,-1.133027426001226995e-01
1.925261000258694288e+00,2.498259962153912828e-01,-4.607706268035959951e+00
1.591108926493543518e-01,-1.981215537167936080e+00,-4.587969999806525756e+00
-4.764212877645822575e-01,-4.976379800446554036e+00,-9.309585529041977670e-02
-2.123929119098322271e+00,4.085380091660425705e+00,-1.948998359083681464e+00
3.212215377289162177e+00,-3.628858675202610851e+00,1.230063854161152381e+00
-4.758937156024352966e+00,-1.104734292036126941e+00,1.063992147062313709e+00
-3.852064738347968920e-01,-4.981373235379023434e+00,1.937438060049589961e-01
-4.482556150883137747e+00,9.394150198040291944e-01,2.006038328334316390e+00
7.617358353965550943e-01,3.487270664183571789e+00,-3.501242898143083870e+00
-4.382503942467665503e+00,2.001661839364746953e+00,-1.336790587596390800e+00
4.821486980722416327e+00,-1.299645294436499787e+00,2.533483834037582594e-01
-4.403725332933592362e+00,-2.367084610522153909e+00,6.413765437013911608e-02
-2.216257680573805011e+00,4.440442716820031777e+00,6.088270459970999138e-01
-1.963620225887501070e+00,4.548286137837616039e+00,6.762313338197969426e-01
-2.053571318078990959e+00,4.540624347752788559e+00,4.069095405097846729e-01
2.701477949491044583e+00,-7.705781236833301184e-01,-4.136209163438708813e+00
-8.571461814786123234e-01,1.642896656661332333e+00,4.643941321669304401e+00
5.931600728438032322e-01,4.393629335454829921e+00,2.311748773248228250e+00
2.710319088554951072e+00,6.562178376402034718e-01,-4.150126333953879865e+00
2.930144711448619876e+00,6.764499771918321969e-01,-3.994579752405358786e+00
4.977021321276948740e+00,2.149595045621309208e-01,4.278448070890477628e-01
-9.933929779102825819e-01,-3.904777110076996571e+00,-2.960723916892163743e+00
-2.442515271577011760e+00,4.331467218854306189e+00,5.220257465907398586e-01
-2.554485944749007142e+00,4.287692092523144538e+00,3.004963856592413052e-01
1.382560954574471868e-01,1.640418239720535132e+00,4.721219466500264694e+00
-1.676191690464648776e+00,-5.896311031667169633e-01,4.673619216302892454e+00
-2.701352744975923148e+00,-3.385389553063743673e+00,2.498365650023613327e+00
1.205700516791652355e+00,4.060055455954278081e+00,2.657486774827719778e+00
-4.256581385232925285e+00,3.497052827618217230e-01,-2.599850212242431624e+00
-4.352734731433833382e+00,5.490157656530166852e-01,-2.398391554111643842e+00
4.962323342954975125e+00,6.108229419710019537e-01,4.735370657143532502e-02
-1.492968612983617271e-01,-7.536053326678403552e-01,-4.940626422811286389e+00
-4.341761858352491399e-01,-5.812087877715640394e-01,-4.947088778733474967e+00
-4.682708521643420774e+00,-6.941674316816444090e-01,-1.609463413104069041e+00
-4.720640791620771992e+00,-8.854046213534358944e-01,-1.389823432300661299e+00
-4.760410234287011377e+00,-6.085503501513019886e-01,-1.402911569781292167e+00
3.988469199261605702e+00,2.893104994901908533e+00,8.497393335694860550e-01
1.320433606173059493e+00,1.736025169551707492e+00,-4.499185671026678435e+00
-5.644952930717785922e-01,-1.066774328479265233e+00,-4.852147730252801772e+00
-2.625888567427845932e-01,-1.028921115382859020e+00,-4.885935778398423857e+00
1.119549947835544179e+00,4.872126455568622561e+00,-9.482465528413973332e-02
2.272696367283867147e+00,-4.299818584616070360e+00,-1.160349672092413797e+00
3.003107002587959151e+00,2.808273577540411736e+00,-2.845162182494265668e+00
2.923953568075155385e+00,2.645353447115834644e+00,-3.074508199952137755e+00
-4.887026747866420884e+00,7.481244937214125423e-01,-7.465114249174098493e-01
1.917454437926929822e+00,7.469705434081931328e-01,-4.556907228126856779e+00
3.845672068104471486e-01,1.788686692132429146e+00,4.653247036299959838e+00
-4.538690521808102396e+00,-2.097163547824689722e+00,4.683375838709023797e-02
-1.138307885427490840e+00,4.463866668053833031e+00,-1.943746261169795320e+00
9.530094647781767181e-01,4.906626561241828277e+00,1.295714033242039154e-01
7.691191522114416701e-01,4.927542073915732956e+00,3.574700539790484077e-01
2.463055789360892422e+00,3.899124132165657564e+00,-1.931369250158860629e+00
-6.771261939882214920e-01,3.028286362076331617e+00,3.920584373110406862e+00
-4.601673952749337104e+00,4.497868737771713032e-01,-1.903231094945133428e+00
-4.479459902586011566e+00,4.963589617345618432e-01,-2.165194393635340830e+00
-4.140786096396498195e+00,1.850455564848201062e+00,2.104686367707021777e+00
-4.026452420640835306e-01,-3.728436750143064304e-01,4.969795207354622768e+00
-1.971876687655476912e-01,-2.347485099102167572e-01,4.990592165302805583e+00
4.804266398617518252e-01,4.967785973159713819e+00,3.004875514705030448e-01
3.949404151538131180e-01,4.984328236483513308e+00,2.222834837052995935e-02
4.683276272423331221e+00,1.000032768591467391e+00,1.437657058515665609e+00
4.940036599461168798e+00,-1.719818443101234773e-01,7.526357958613321131e-01
1.392276266957837239e+00,-4.768054322872165685e+00,-5.720356375314502584e-01
-1.194747188311565900e+00,3.308766560072734730e+00,3.553117364648408216e+00
-9.726688504589692252e-01,3.472558596669716113e+00,3.463416247008447080e+00
3.233900154034658581e+00,2.712724312134564553e+00,-2.680115034861128009e+00
-2.689846294949126415e-01,1.885428262368357144e+00,-4.623073386456040268e+00
9.049850814591990922e-01,9.782505375742284182e-01,4.819131445403001202e+00
1.182817430215826526e+00,1.121897164928676416e+00,4.726763129045354006e+00
7.207254477881434029e-01,-4.944062202153448382e+00,1.918430873088041999e-01
7.792556959983479858e-01,-4.914963648298407151e+00,4.856880646663462864e-01
-2.500428414784116260e+00,4.075801056475903295e+00,1.461404629310482761e+00
-2.748043640645872365e+00,3.958354947610104979e+00,1.334047322187777995e+00
1.053941118190812265e+00,6.997847277319563242e-01,4.837303944783686305e+00
7.608846317984951924e-01,2.614329794481396463e-01,-4.934846236140467468e+00
-1.479005916372038154e+00,-4.775787808663180201e+00,-6.627447442755611540e-02
8.368983587239968713e-01,4.927705444820351666e+00,-1.316061786275070644e-01
-3.350095379434592680e+00,2.322489347669354220e+00,-2.895324537707883561e+00
2.844053477855215117e-01,4.795385652384819508e+00,-1.386863382980749737e+00
-2.555519816221735407e+00,1.743070419432545037e+00,3.928234206586628474e+00
1.127914209074768470e+00,-3.227941818112678884e+00,3.648040728370045560e+00
1.272274292185603617e+00,-3.396692145343500169e+00,3.441482325278656162e+00
-3.234389348384476559e+00,-2.242809148176906131e+00,-3.083590872329049493e+00
-3.567662628217495246e+00,3.491390894822065771e+00,-2.863092572268770009e-01
1.586271926352646577e+00,4.084377268177668441e+00,-2.408651844260391695e+00
4.976621318311452491e+00,1.690194468915550419e-01,-4.524076488085186920e-01
-8.488946652122345560e-01,-2.289925623181174874e+00,4.362982751246274660e+00
4.969898194533888258e-01,-4.937959376771040354e+00,-6.079130799042307132e-01
4.081543707368998630e-01,-4.901901037265382399e+00,-8.970932117148930907e-01
-4.070761497348899915e+00,9.145778141226676983e-01,2.755439756847598787e+00
-4.042993954658341771e+00,6.417394967987291032e-01,2.870952855907706436e+00
-4.187698265654313801e+00,-1.357297212950103082e+00,2.370849533722823477e+00
-4.195187981985053938e+00,-1.083149801271136026e+00,2.495432688696386236e+00
3.021886098831753298e+00,-2.258486848903424882e+00,-3.281377996972870026e+00
4.566702524009413011e+00,-7.563414658415464897e-01,-1.890284540553277548e+00
4.885505744953940521e+00,-1.719798769502517699e-01,1.049884059287601756e+00
-4.575331960050984748e+00,-8.943578798061049273e-01,-1.807335452583374247e+00
6.371095130462415268e-01,-1.355809468435119847e+00,-4.770311536334671310e+00
-2.682778604743680351e+00,2.476716195169684553e+00,-3.415929719199994885e+00
-1.749421514392365928e+00,-2.687279595845112889e-01,-4.676249528063987526e+00
-5.445425988869984080e-01,-4.715462567055960896e+00,1.570950711095481900e+00
-4.343781536081548822e+00,-1.548833905986529258e+00,-1.932013327713743234e+00
-4.368710175823443009e+00,-1.288502589638020446e+00,-2.062554841974588271e+00
3.139584988959419620e-01,4.985909230688760019e+00,-2.052783580985230727e-01
4.510461966825896951e+00,-1.228329486531217984e+00,1.773961532371830074e+00
4.432874596757713448e+00,-1.109458321328725683e+00,2.029464225517311426e+00
3.008140760853823981e+00,-3.939217939748320241e+00,-6.585219708216095702e-01
3.125906803582120030e+00,-3.801708503185239785e+00,-8.807491766263835231e-01
-4.209229916380462233e-02,-1.190865957292047472e+00,4.855931065214373454e+00
-3.418854114872930783e+00,2.912147210619707050e+00,2.197916095963694971e+00
-1.427684636281344233e+00,4.230728189549707530e+00,-2.250034569840128285e+00
-2.653091951911892732e+00,7.015474285173563251e-02,-4.237473469740636212e+00
-2.398104175891322409e+00,1.789819561146845095e-01,-4.383726932754589356e+00
4.798709417662028742e-01,3.468094816132747393e+00,-3.569599729039879321e+00
1.528228454402534853e+00,-3.678377279214357642e+00,3.022260475689350745e+00
1.269781673838858760e+00,-3.826360944672843267e+00,2.957467907157292686e+00
-2.842858266106000453e+00,-2.620043103948495045e+00,3.170730359441610524e+00
-1.056261292895760984e-01,-4.894682017119533768e+00,1.015347759192858135e+00
-4.013064048837053477e+00,4.276456180707869925e-01,2.951683615375539027e+00
-3.547795649435171672e+00,2.274137723783316911e+00,-2.690993058912359182e+00
-2.224605164996594553e+00,1.262933782950117489e+00,4.296059836612355909e+00
-1.999474332909579211e+00,1.355888779942421962e+00,4.377632694557875404e+00
3.246551684247580116e+00,-3.404612262094365072e+00,1.693669833912705425e+00
-4.312670572064685182e+00,7.345299265778197639e-02,-2.528928072270320015e+00
6.437317498992498055e-02,4.855834837956843231e+00,-1.190262206753774032e+00
-8.664082835470082733e-01,-2.522672216841627346e+00,-4.229120661860628516e+00
-7.932690083657684132e-01,-2.296197868734095149e+00,-4.370148696324575255e+00
3.048539528754923844e-01,4.454640418242239441e+00,2.250165063185098013e+00
-4.055421557595483506e+00,1.465386696560308788e-01,2.920972853089407018e+00
3.013141996143979817e+00,3.517064323669424564e+00,1.884471770615096853e+00
1.853577190345891079e+00,-3.622964312090766192e+00,-2.904889187687907715e+00
-2.402991181034752177e+00,4.384206302644015452e+00,6.609447575785866447e-02
-2.145573842963483191e+00,4.514479984491784670e+00,1.264252902467211392e-01
4.509245387025380136e-01,-1.656075584588003080e+00,4.696177245220564345e+00
2.951001354397530529e-01,-1.435126008549860721e+00,4.780515584081614477e+00
3.379451304200112638e+00,2.468959323756951818e+00,-2.735607563261546193e+00
3.518780845562846871e+00,2.217855546867310235e+00,-2.774760914769039299e+00
-7.090453204188802427e-01,-2.048091814245086351e+00,-4.505837841513424813e+00
-2.478207913348193236e-01,-4.718596305695237803e+00,1.635063839506408545e+00
-2.834518902027405751e+00,2.848398557927567243e-01,-4.109059363236470475e+00
-3.909671907766174570e+00,3.062935468081959267e-01,3.101717239982982655e+00
-3.800577733243911460e+00,5.324150686213773714e-02,3.248503383947385803e+00
2.514183934249447194e+00,-1.818875751729642554e+00,-3.920531870107919037e+00
1.528988530427795256e+00,-4.647658594673870880e+00,-1.030273585594788655e+00
1.334414576133651220e+00,-4.739840429577982128e+00,-8.679000179398889125e-01
1.336857505509294386e+00,-4.681048168271558119e+00,-1.140438536829126104e+00
2.948910705908602381e+00,3.692404093249958219e+00,1.634037227461044628e+00
-2.785661212302823930e+00,-2.408095863533217695e+00,3.382479256744344021e+00
4.126623738943978603e-01,3.289467964855860238e+00,-3.742874600271680841e+00
3.483393604357585716e+00,-1.198281473577977208e+00,3.380841686207809005e+00
-2.197838509024110376e+00,-4.413107319578431387e+00,8.330604264601395581e-01
2.355963131494745788e+00,-4.401222506998922590e+00,2.804962868267359966e-01
1.038131612687028665e-01,4.359019626182724316e+00,2.447073911041761640e+00
-1.136333828958112913e-01,-4.932656932215833123e+00,-8.099278013222831474e-01
-6.878736081012912784e-01,4.381594717244395198e+00,-2.308345215320644961e+00
-9.076552313588311938e-01,4.437513606752527373e+00,-2.117695674754312307e+00
4.985164896636939069e+00,3.840782644806139956e-01,-2.479596927670612433e-02
-3.170000946551523313e+00,-2.699129672562345927e+00,-2.768716852543055218e+00
-3.313982684323899530e+00,-2.758667217117550141e+00,-2.531259361109064798e+00
-6.784914311696760292e-01,3.422745151133320007e+00,3.581126220649402114e+00
-7.264135013574909427e-01,3.622358109503473145e+00,3.369101534765607919e+00
4.674265077942934887e+00,-7.459201192324728114e-01,-1.610853549161855858e+00
3.086230115366918270e+00,3.884450364266167188e+00,-6.214732838624126288e-01
3.194766767740367275e+00,3.751135103572135421e+00,-8.499710197945719026e-01
-1.844616660620248261e-01,3.504444945731686634e+00,3.561578233885823064e+00
-4.361215826334085000e-01,3.373134849190511542e+00,3.664936459795427037e+00
-1.937349176635172254e+00,1.170931024060613668e+00,4.458205771909074855e+00
-1.824429206491631872e+00,1.463189300705712625e+00,4.419336504589873371e+00
-3.055403315760073735e+00,-2.183903776785815598e+00,-3.300768830406485499e+00
4.685475873811506986e+00,7.491396325672599055e-01,-1.576421785832483824e+00
-6.392378080761805803e-01,-4.982079290439471175e-01,-4.933879192295217209e+00
1.297597234722054571e+00,-4.003980304048964101e+00,-2.698959640533670878e+00
1.094356750671747092e+00,-3.932638668465699983e+00,-2.887340715181963446e+00
-4.371994205635129305e+00,2.391003959151492442e+00,4.108122846443956200e-01
-7.771529491069022466e-01,-3.800007278016883205e+00,-3.155309490480000978e+00
2.421615886532452744e-01,1.272853959058750650e+00,-4.829202891149781074e+00
-1.878607926419705754e+00,-7.273418249550094306e-01,-4.576221818101060101e+00
2.999169056736260330e+00,-3.223127401288595539e+00,2.369901838511113468e+00
-2.541501938901621571e+00,1.510620464163825005e+00,4.032219451841474900e+00
2.122000076732361684e+00,2.002418930062674907e+00,4.060472152702749860e+00
3.905731199077366878e+00,-3.066793359783271722e+00,5.831314508264021645e-01
4.838215557572390857e+00,-7.158422469761756002e-01,-1.038864811180250314e+00
4.766179637181135575e+00,-7.224779365945849241e-01,-1.327236714853053279e+00
5.573284163083978004e-01,-1.243220905813349431e+00,4.810798978935183712e+00
8.598182744733368077e-01,-1.321523101973872460e+00,4.744922467841918845e+00
3.773201063704934910e+00,2.223487550401041180e+00,-2.412272133501426552e+00
3.656212702098970979e+00,2.485913588445040734e+00,-2.335025119306950891e+00
-2.339414181512611268e+00,-4.409087296773048337e+00,2.951109905988150706e-01
-2.584570447410809990e+00,-4.271516027841484764e+00,2.722984139946077464e-01
2.795841351258801399e+00,-2.044308477012147574e+00,-3.606116191889500833e+00
2.768588325446335041e+00,-1.811247472294408745e+00,-3.748906677727437131e+00
2.918955708534724192e+00,-4.032806013933795342e+00,-4.649443252605192645e-01
2.506644708904141594e-01,-1.212112200702561760e+00,4.844373162333927674e+00
-1.163380693344902905e+00,-2.547622050520359505e+00,4.142000392329142855e+00
2.045279643610736553e+00,-4.561101986909570805e+00,-1.148035036098752626e-01
-6.228814297702958136e-01,-7.732144521944286364e-01,-4.900424281158212381e+00
-7.699003251727721819e-01,-9.842484038241355870e-01,-4.841333346183517961e+00
-2.505930451840334694e+00,1.571984591093272154e+00,-4.031026794242952072e+00
-2.244571372643815010e+00,1.674797318272879032e+00,-4.142095278456766394e+00
1.411449363813269464e+00,-3.514202265607747844e+00,3.264688825874295652e+00
2.578350765282939161e+00,1.650395910790017684e+00,3.953264558414029128e+00
2.352666213595268729e+00,1.818527407354627590e+00,4.019691500116316263e+00
4.005362675151807449e-04,4.046365376703923822e+00,-2.937163100303150642e+00
-1.857269532982365190e-01,3.917705763702023170e+00,-3.101142861571279497e+00
-2.078430652437414095e-01,4.094421235056431740e+00,-2.862257153043563207e+00
-3.974065476436866362e+00,2.976704889936597098e+00,-5.882444961239975401e-01
3.921641012365335133e+00,-2.978492627001097404e+00,8.656289280253358642e-01
-4.031609704820548146e+00,-1.127077546167074784e+00,2.734194468746284912e+00
4.551271940459487020e+00,-7.101583688906822900e-01,1.944633336925154943e+00
2.393874552415176937e-01,3.925243755430109616e+00,-3.087904646638221173e+00
2.540449166796745484e+00,4.212482764337664776e+00,-8.950458039004626221e-01
-4.491449527291327293e+00,-1.074615971935821479e+00,-1.916267637010796721e+00
-4.442683201499120216e+00,-1.532246249811457961e+00,-1.707274846372503152e+00
-4.527860025120822307e+00,-1.560438054129908547e+00,-1.436494577830397468e+00
-4.557938603310274672e+00,-1.358995975358219921e+00,-1.542182099304145737e+00
8.413280036433424813e-01,-4.079774612097479825e+00,-2.765430582164440931e+00
4.464620371799590259e+00,-8.854211790712931407e-01,2.069587947240728809e+00
4.335749558873372322e+00,-1.033832692107320206e+00,2.265494587823923656e+00
-9.103213388924598082e-01,-2.755609007620834827e+00,-4.071600920654669942e+00
-1.096221401051753475e+00,-2.535899874749249161e+00,-4.167434518396524012e+00
3.536964262900140099e+00,-7.188059710201299968e-01,3.460231463210672764e+00
-2.481276829906141845e+00,1.243741697424572967e+00,4.158890703475911721e+00
-9.344466117800407368e-01,-2.491988256535965451e+00,4.232824595824830283e+00
-6.594222697926290788e-01,-2.492721406310826282e+00,4.283865341093404666e+00
-1.214311439300618023e+00,-1.173501889053448100e+00,4.706202401594267393e+00
7.599893466893894445e-01,-1.633797734373544586e+00,4.664024137595613517e+00
2.949797898507824367e+00,-3.056736099449938404e+00,2.637244163189749635e+00
3.446404165527626962e+00,2.608724271826099450e+00,-2.513335632465192315e+00
2.454107513859744127e+00,-1.671719415622789473e+00,4.022773981451971181e+00
-4.418793326581126557e+00,7.616401356143395196e-01,-2.212277071431937969e+00
7.912083223337098570e-01,-4.772648216216352601e+00,-1.263257058130586641e+00
1.083743855483882967e+00,-4.734695498094934507e+00,-1.186658247357041729e+00
1.367133495132190069e+00,4.243481682916872444e+00,-2.263583268456592190e+00
2.769450845208917933e+00,1.446204514051264489e+00,3.903669366059240975e+00
-4.016502552229364476e+00,2.859094915294590145e+00,-8.326364832696296903e-01
-3.908803639003248342e+00,-2.918514375463315602e+00,1.097054215583228354e+00
-3.804308428727062985e+00,-3.111767615980999935e+00,9.187707457511651299e-01
1.925593466639103690e+00,-3.913755406240004842e+00,2.444301213304926002e+00
1.953433661836778246e+00,-3.741039727262634340e+00,2.681178600512406529e+00
-1.087133540660562836e-01,4.257783421159730963e+00,2.619057415396815358e+00
4.687815513961517411e+00,1.010084781917491625e+00,-1.415667489349251351e+00
2.677488931539122596e+00,-4.120596078330179601e+00,-9.228981421237292260e-01
2.531714377054745224e+00,-4.151654582266982807e+00,-1.163695210334677599e+00
4.872036459118735507e+00,-1.022709388396395136e+00,-4.661826336358347866e-01
4.925380941326737982e+00,-7.168862512608551452e-01,-4.761267536785708243e-01
-2.147646632486657214e+00,1.071827611591841700e+00,-4.386205594018370846e+00
-3.163764070034347675e+00,-1.968215729858538987e+00,3.334175122859792673e+00
-2.782066569194808547e+00,-3.985948893629088108e+00,1.171459355652461509e+00
2.711246069851018792e+00,-3.146562345378352887e+00,2.783575067312625606e+00
-4.642724908751531210e+00,-1.178832603033680648e+00,-1.433687244723520937e+00
-4.557474676938821467e+00,-1.150769541937839646e+00,-1.704451240255806521e+00
3.403051525522395870e+00,3.595601131075768286e+00,-7.006374389413937420e-01
-2.411943657417693121e+00,2.226085096811436514e+00,-3.771879231258151055e+00
-2.440418005580000660e+00,2.464331382076022425e+00,-3.601587260827677106e+00
-1.593434458942753595e+00,-4.102322653851918410e+00,2.373165706129086061e+00
-1.865937120805324589e+00,-4.029417088575413253e+00,2.298276873550524790e+00
-1.289631306404885880e-01,3.733404982364620039e+00,-3.323410258844134990e+00
1.554315809751687094e-01,3.748006038419891439e+00,-3.305796690603279409e+00
-2.398745960869279159e+00,3.135074484227872826e+00,3.068766167950346180e+00
-2.629988660911678267e+00,3.164646310493070658e+00,2.840453022487538171e+00
-2.483039308560125225e+00,2.001536064800076620e+00,-3.850762154879197041e+00
1.443595406920334390e-01,-4.924222332112591083e+00,-8.550992614514546508e-01
-3.892362348205677502e+00,-3.070146539050933931e+00,6.509343891855448039e-01
-9.671500484704799172e-01,-2.052001243225863636e+00,-4.455772848961564669e+00
-1.251510473597820861e+00,-2.114163542871336787e+00,-4.354771411735486097e+00
4.686091481606568188e+00,-9.680780660645001978e-01,-1.450300480596756980e+00
4.687157137245419491e+00,-1.185759504126013830e+00,-1.274571445288237515e+00
2.102656112167623270e+00,-4.531592175252378674e+00,2.085896237964553479e-01
-6.824862019276408676e-01,3.224322242261272731e+00,3.760047694144001529e+00
3.866478992157149186e+00,1.986922174646686079e+00,-2.470319913514182453e+00
3.414465973493812534e+00,7.198931385375360037e-01,-3.580946241559558096e+00
3.369667027726710007e+00,1.002189987981416897e+00,-3.555412683534957097e+00
-1.547760786855023607e+00,-3.966270741700256508e+00,2.621666063823999249e+00
-3.020395511163557867e+00,-2.668945822041350002e+00,-2.958705655375513999e+00
-3.035035951524047260e+00,-2.434695729486651583e+00,-3.140193223000136147e+00
-9.733587523056472790e-01,-2.749311190961810425e+00,4.061263438212565191e+00
4.888856912688245515e+00,-6.911572913091865722e-01,-7.882764019875878603e-01
4.828556831758365142e+00,-9.198169526853703371e-01,-9.159561649075892431e-01
-1.197332643680806941e+00,4.205673692643248529e+00,-2.424603747292498834e+00
-9.395766274079526692e-01,4.188512119490828134e+00,-2.563895861010573540e+00
3.234158795409846743e+00,-3.508595185632731983e+00,1.493310654026131168e+00
1.662842365044343573e-01,4.227931717866095340e+00,2.664008810374317804e+00
-4.346833830177567748e+00,9.503148300724358899e-01,2.280775608552541467e+00
-4.850386224967617177e-01,4.327272635263367029e+00,-2.457529058787967902e+00
-7.415669337161078234e-01,4.264117145587330349e+00,-2.503474276186405945e+00
2.867470912668509175e+00,-2.448651903538605623e+00,-3.283552104093491852e+00
-1.258557616507384624e+00,-2.375192314662780912e+00,-4.215980810475555174e+00
7.650618475542145802e-01,-2.070639380916689198e+00,-4.486327331304959642e+00
6.550006255284308576e-01,-1.831738962825489203e+00,-4.606051080114544227e+00
1.778524467038477219e+00,5.116874838109123358e-01,-4.644892532562702847e+00
-1.150531901911128418e+00,2.914038879644403224e+00,3.896749125951727954e+00
-1.404654584072785761e+00,2.736370064875829122e+00,3.941982289089432268e+00
-5.065139562076621527e-01,3.719868258549499984e+00,3.302426948654999972e+00
-2.125832404489867433e-01,3.692595456147933497e+00,3.364453471682413266e+00
3.594962280549014011e+00,-3.130189046071807812e+00,1.509358385964676419e+00
2.963606961661168882e+00,1.727600552546543655e+00,3.637640733722109943e+00
3.148159556793471037e+00,1.498587406318599768e+00,3.583758807536192581e+00
-1.634921879693034930e+00,2.567443186293880242e+00,3.966770214223924729e+00
-2.970955498894897406e+00,-2.166006232493685957e+00,3.388486450376432924e+00
5.214668837062348405e-01,-1.626119404549430048e+00,-4.699341227379164820e+00
-4.454799799010149108e+00,2.190584033971731959e+00,5.967414355039120100e-01
-2.488843238446740269e+00,3.383765959770615783e+00,2.712155464558694273e+00
3.392526566633681906e+00,-9.825413567809221371e-01,3.539120791510200981e+00
-2.977316594244261427e+00,-2.875054108818924536e+00,-2.805289605192514024e+00
-2.254874318261465671e+00,-4.427017601532954316e+00,5.630781158616492421e-01
3.144225693121839083e+00,1.066694953987543659e+00,-3.738449767731272466e+00
3.019841512006496309e+00,8.514008334699321168e-01,-3.893028880335852371e+00
-1.302954609587840151e+00,-2.609661651452120257e+00,-4.061031316093732357e+00
3.684538506421046300e+00,2.127709531338975335e+00,-2.626219363448119459e+00
4.993790508570760345e+00,2.148955269489087050e-01,1.260010674793737018e-01
-1.686516265366868828e+00,-5.874631838422725849e-01,-4.670176644869322935e+00
3.185876014024251912e+00,3.835612965705868849e+00,-3.718429783846610714e-01
2.995023661034370011e-01,1.016952120630500112e+00,-4.886318319250555042e+00
2.122728856709913403e-01,4.077772959984787171e+00,2.885603560578932747e+00
-2.304875512410291538e+00,1.938419893966217389e+00,-3.991250078229550802e+00
-1.786494549638251605e+00,-3.801720259235568111e+00,2.712076749399003006e+00
-2.663814894959034341e+00,-3.084554509566953762e+00,2.896482985088045581e+00
-4.825611629912325284e+00,-5.750482345940884921e-01,-1.175921734277049824e+00
-4.786117883089088032e+00,-3.835605982527012792e-01,-1.394975582812421289e+00
-1.141065247985577902e-01,2.101059521475637126e+00,-4.535694939941945059e+00
-2.258984326137649344e-03,2.353027569460293122e+00,-4.411718050187431572e+00
-4.583042909341416005e-01,2.346178867496604870e+00,-4.391514761289514013e+00
-3.857969502770785541e-01,2.108771304209557496e+00,-4.517105743692440001e+00
-2.802715683798925883e-01,4.215287768711786676e+00,-2.674471326244998615e+00
-2.012702954035219260e+00,-3.824680948561037575e+00,2.514128568815076292e+00
-4.233232099194219167e+00,9.153680318974318775e-01,2.498368940035064156e+00
2.763022884929659639e+00,1.686658420902518607e+00,3.810628282652823273e+00
-4.038391213033563076e+00,-2.484990791319790837e+00,-1.586258862086876720e+00
-4.053717032519585040e+00,-2.606913204702535847e+00,-1.330932666744705450e+00
4.454336772921413612e+00,-6.347635642517472920e-01,2.180816161646475404e+00
4.766602364829615190e+00,-1.135407596381138084e+00,-9.951640496323881369e-01
1.047855850383267340e+00,-3.757880952438585442e+00,3.127351733354728935e+00
1.134866573156899205e+00,-3.560995408140781748e+00,3.321353574121759245e+00
-4.989255109852675396e+00,-2.233583837612723721e-01,2.396757835337520459e-01
-4.999024199969856141e+00,-9.863675491258236394e-02,-5.276238817056534344e-03
1.421153508185936554e+00,9.323361239066482176e-01,4.702241173975398425e+00
-1.448081342913110525e+00,-7.643488650576714116e-01,4.724281028557891560e+00
2.300607207494528073e+00,-1.485128317075639304e+00,4.183491407741183998e+00
-1.127343158720744754e+00,-2.982549633824953528e+00,-3.851427668314201913e+00
-9.395997746656865601e-01,-2.937164334671816146e+00,-3.935761417385466476e+00
-9.258526567924171280e-01,-3.147680953007045090e+00,-3.772916839262042465e+00
-7.386367201235446434e-01,-3.293242640944358701e+00,-3.689033573112470155e+00
2.642072295144610283e+00,-2.234988381533078439e+00,-3.608916862666891490e+00
4.589096077171817889e+00,1.193156228350381376e+00,-1.586371775226387060e+00
-2.821406464719022011e+00,-3.166163308342215377e+00,2.648598774021688307e+00
4.994867861822829269e+00,1.690194468915550419e-01,-1.507563249151008256e-01
2.812656416372630641e+00,-4.069397385928406941e+00,-7.273024122309179607e-01
2.588958174066251505e+00,-4.214889463009130033e+00,-7.293849378415667717e-01
8.421938757169240564e-01,-4.674945898085024254e+00,-1.560637794519571298e+00
-4.996296836292323462e+00,1.872565763915211845e-01,4.419160840533142148e-02
-4.984310850807077919e+00,2.364220420528589384e-01,3.174113428319468855e-01
1.217663757844697825e+00,-4.157791863027521906e+00,-2.496009173976262208e+00
-1.877178058412246608e+00,4.533062547689832300e+00,9.630921429164449599e-01
-9.180192782510244731e-01,-1.126753321887914439e+00,-4.784105721697004654e+00
-1.156488372945748244e+00,3.112045293855130179e+00,3.738677404141125926e+00
-3.441040754463854601e+00,-3.115849555273158877e+00,-1.857611389667625845e+00
-3.673751931226103107e+00,-2.903089294303414114e+00,-1.753744364813011103e+00
-4.663444468680820743e-01,4.088623754192145299e+00,-2.840013847418887405e+00
4.817849870671475188e+00,-1.110732388901771506e+00,-7.447121483603008629e-01
3.612318446440313746e+00,1.981439470441400230e+00,-2.832852461121816212e+00
-9.762663584447572873e-01,-8.332025870011456892e-01,-4.832460806502584916e+00
-2.172174337643755226e+00,3.322136773129631848e+00,3.040569997138982128e+00
9.256690341926396837e-01,-4.235419031500147646e+00,-2.490855769960038213e+00
-1.409513009775604786e+00,-1.174913956222560341e+00,4.651112799185455948e+00
-1.174971896372869695e+00,4.343713560599638868e+00,-2.179815025683772944e+00
1.277993804657406640e+00,-4.641863268227833572e+00,-1.349013430005240988e+00
4.317941719427573766e+00,-6.225187202071948978e-01,2.442918285702256664e+00
-2.237754667338137438e+00,3.475934897725073469e+00,2.812531001710623091e+00
-9.189210990928329270e-01,3.075314121390512412e+00,3.833800603633177762e+00
1.346312359482683796e+00,6.806486132970638314e-01,4.766986521474646743e+00
1.114662332774740250e+00,-4.599070576843138802e+00,-1.614335068413274232e+00
2.404913427028146700e+00,-1.244180704187917152e+00,4.203380280658198132e+00
3.395211801490701120e+00,3.647414104643892596e+00,-4.109831775913175278e-01
-7.367733328816725713e-01,4.134677906574478534e+00,-2.713227536503218129e+00
-1.253093708492336145e+00,-7.630199546797294952e-01,4.779911788568640851e+00
-3.833559726285049596e+00,-2.713674815368402715e+00,-1.714581237923872958e+00
-2.586143345452495357e+00,1.808519696112680597e+00,-3.878288166903572254e+00
4.245553538046468844e+00,-8.774046921965408252e-01,2.491071287958776637e+00
-1.285871906871299153e+00,-3.073429369557419299e+00,-3.728346194958436666e+00
-6.339969258133290597e-02,1.973532433482171333e-01,4.995701369809902204e+00
-2.319939830878074982e-01,-5.243723650837405631e-02,4.994339708914324660e+00
-1.299138193109541817e+00,-2.861333443711808755e+00,-3.889088695195880518e+00
-2.103821832057287677e-01,2.526756504388892655e+00,-4.309436262960390174e+00
-1.660793201947313280e+00,1.106505431123159022e+00,4.584475070415427567e+00
7.557845993758794956e-01,4.929489374690837700e+00,-3.590600843262508057e-01
6.094038721140007109e-01,5.232362692865537568e-01,-4.935063396467723962e+00
8.521802899702457523e-02,4.579631626358601215e-01,4.978253471771242111e+00
-1.564522358181322348e+00,1.373537763781638610e+00,4.545950263940036429e+00
3.948432312036874725e-01,-1.864899613968967529e+00,-4.622363924724126605e+00
3.421023963079052432e+00,-3.335930611889056596e+00,1.472467995136192087e+00
5.892162587942197938e-01,4.963332334388317335e+00,-1.347454592480139546e-01
-4.981179444157196379e+00,-2.652077394886141054e-02,4.326060490272343184e-01
2.852159536891671454e+00,-2.228978556806473943e+00,-3.449179695147067015e+00
-5.296699935977704221e-02,6.367367205942647823e-01,4.959008050570766990e+00
3.157238473187471417e+00,6.974261523229223769e-01,-3.813848710355575822e+00
3.491464730019988583e-02,-1.820828123931588771e-01,4.996561499354821301e+00
3.946186044520259562e-01,7.167147974994092507e-01,-4.932605402428388075e+00
2.056318027814617033e-01,8.242018766854913858e-01,-4.927312333123704313e+00
-1.324879510421475226e+00,-9.529828707369276675e-01,4.726152550536996344e+00
1.793816089630126953e+00,-7.898723483085632324e-01,1.738437414169311523e+00
8.919101953506469727e-02,-7.898723483085632324e-01,1.738437414169311523e+00
8.919101953506469727e-02,9.147526621818542480e-01,1.738437414169311523e+00
1.793816089630126953e+00,9.147526621818542480e-01,1.738437414169311523e+00
1.793816089630126953e+00,-7.898723483085632324e-01,3.381246328353881836e-02
1.793816089630126953e+00,-7.898723483085632324e-01,-1.670812129974365234e+00
2.219972372055053711e+00,-2.068341016769409180e+00,2.164593696594238281e+00
8.919101953506469727e-02,-2.494497299194335938e+00,1.738437414169311523e+00
8.919101953506469727e-02,-2.494497299194335938e+00,3.381246328353881836e-02
1.793816089630126953e+00,-2.494497299194335938e+00,3.381246328353881836e-02
-1.615433931350708008e+00,-7.898723483085632324e-01,1.738437414169311523e+00
8.919101953506469727e-02,-7.898723483085632324e-01,3.381246328353881836e-02
1.793816089630126953e+00,9.147526621818542480e-01,3.381246328353881836e-02
3.072284936904907227e+00,-2.068341016769409180e+00,1.312281131744384766e+00
2.219972372055053711e+00,-2.068341016769409180e+00,1.312281131744384766e+00
2.366520506152930192e+00,-1.966266088149674074e+00,5.396501376281589435e-01
-1.619647990169247320e+00,-2.569984022689602021e+00,-2.415407310166054478e-01
8.919101953506469727e-02,-2.494497299194335938e+00,-1.670812129974365234e+00
-1.615433931350708008e+00,-7.898723483085632324e-01,3.381246328353881836e-02
8.919101953506469727e-02,9.147526621818542480e-01,3.381246328353881836e-02
8.919101953506469727e-02,9.147526621818542480e-01,-1.670812129974365234e+00
8.919101953506469727e-02,-7.898723483085632324e-01,-1.670812129974365234e+00
1.793816089630126953e+00,2.619377613067626953e+00,3.381246328353881836e-02
1.793816089630126953e+00,9.147526621818542480e-01,-1.670812129974365234e+00
3.072284936904907227e+00,-1.216028571128845215e+00,1.312281131744384766e+00
3.072284936904907227e+00,-2.068341016769409180e+00,4.599687159061431885e-01
-1.615433931350708008e+00,9.147526621818542480e-01,1.738437414169311523e+00
-1.189277648925781250e+00,-3.637160956859588623e-01,3.869218587875366211e+00
-3.369652330875396729e-01,-3.637160956859588623e-01,3.869218587875366211e+00
-3.369652330875396729e-01,-1.216028571128845215e+00,3.869218587875366211e+00
-1.092723469248113366e+00,-1.275537583182488888e+00,3.022559483639659650e+00
-1.189277648925781250e+00,-1.216028571128845215e+00,2.164593696594238281e+00
5.153472423553466797e-01,-3.637160956859588623e-01,3.869218587875366211e+00
-3.369652330875396729e-01,4.885964095592498779e-01,3.869218587875366211e+00
-3.369652330875396729e-01,-3.637160956859588623e-01,3.016906023025512695e+00
-3.369652330875396729e-01,-3.637160956859588623e-01,2.164593696594238281e+00
8.919101953506469727e-02,2.619377613067626953e+00,1.738437414169311523e+00
5.153472423553466797e-01,1.340908885002136230e+00,3.869218587875366211e+00
1.367659807205200195e+00,1.340908885002136230e+00,3.016906023025512695e+00
2.219972372055053711e+00,4.885964095592498779e-01,3.016906023025512695e+00
-2.893902540206909180e+00,2.193221330642700195e+00,1.312281131744384766e+00
-2.041590213775634766e+00,2.193221330642700195e+00,1.312281131744384766e+00
-2.090421015334809951e+00,1.370314895716608694e+00,1.038941706874406679e+00
-1.615433931350708008e+00,9.147526621818542480e-01,3.381246328353881836e-02
-1.615433931350708008e+00,9.147526621818542480e-01,-1.670812129974365234e+00
-3.320058822631835938e+00,9.147526621818542480e-01,3.381246328353881836e-02
-1.615433931350708008e+00,2.619377613067626953e+00,3.381246328353881836e-02
-1.615433931350708008e+00,-7.898723483085632324e-01,-1.670812129974365234e+00
-2.041590213775634766e+00,2.193221330642700195e+00,4.599687159061431885e-01
8.919101953506469727e-02,2.619377613067626953e+00,3.381246328353881836e-02
8.919101953506469727e-02,2.619377613067626953e+00,-1.670812129974365234e+00
-2.893902540206909180e+00,1.340908885002136230e+00,1.312281131744384766e+00
-2.893902540206909180e+00,1.340908885002136230e+00,4.599687159061431885e-01
-3.320058822631835938e+00,-7.898723483085632324e-01,3.381246328353881836e-02
-2.893902540206909180e+00,2.193221330642700195e+00,4.599687159061431885e-01
-3.746215105056762695e+00,4.885964095592498779e-01,1.312281131744384766e+00
-3.746215105056762695e+00,-3.637160956859588623e-01,1.312281131744384766e+00
-3.746215105056762695e+00,1.340908885002136230e+00,4.599687159061431885e-01
-3.369652330875396729e-01,-2.920653581619262695e+00,2.164593696594238281e+00
5.153472423553466797e-01,-2.920653581619262695e+00,2.164593696594238281e+00
5.153472423553466797e-01,-2.068341016769409180e+00,2.164593696594238281e+00
5.153472423553466797e-01,-2.920653581619262695e+00,1.312281131744384766e+00
5.153472423553466797e-01,-3.772966146469116211e+00,1.312281131744384766e+00
5.153472423553466797e-01,-3.772966146469116211e+00,4.599687159061431885e-01
-1.189277648925781250e+00,-2.920653581619262695e+00,2.164593696594238281e+00
-1.244150362968663437e+00,-3.682605047817048671e+00,7.212484648397315956e-01
-3.369652330875396729e-01,-2.068341016769409180e+00,2.164593696594238281e+00
-3.369652330875396729e-01,-1.216028571128845215e+00,2.164593696594238281e+00
-3.078662936683249085e-01,-2.025568821682377507e+00,1.395509259677431668e+00
-3.369652330875396729e-01,-2.920653581619262695e+00,1.312281131744384766e+00
-3.369652330875396729e-01,-2.920653581619262695e+00,4.599687159061431885e-01
-3.369652330875396729e-01,-3.772966146469116211e+00,1.312281131744384766e+00
-3.771887774633399526e-01,-3.767804474768136735e+00,5.341437276279996649e-01
-5.646417887272591196e-01,-3.757465303933307244e+00,-5.439409183439753992e-01
-1.189277648925781250e+00,-2.068341016769409180e+00,2.164593696594238281e+00
-1.189277648925781250e+00,-2.920653581619262695e+00,1.312281131744384766e+00
-5.612050540947316479e-01,-3.831805356987103117e+00,-1.430438377190991650e+00
5.153472423553466797e-01,-3.772966146469116211e+00,-1.244655847549438477e+00
3.072284936904907227e+00,1.340908885002136230e+00,1.312281131744384766e+00
2.293862358991610062e+00,1.414798868573915014e+00,1.362113960358651177e+00
2.155429190746140478e+00,2.079872375083652081e+00,1.243675948672094744e+00
2.219972372055053711e+00,1.340908885002136230e+00,4.599687159061431885e-01
3.072284936904907227e+00,2.193221330642700195e+00,1.312281131744384766e+00
3.072284936904907227e+00,2.193221330642700195e+00,4.599687159061431885e-01
3.072284936904907227e+00,4.885964095592498779e-01,1.312281131744384766e+00
3.072284936904907227e+00,4.885964095592498779e-01,4.599687159061431885e-01
3.072284936904907227e+00,1.340908885002136230e+00,4.599687159061431885e-01
3.072284936904907227e+00,1.340908885002136230e+00,-3.923437893390655518e-01
3.924597501754760742e+00,4.885964095592498779e-01,4.599687159061431885e-01
3.924597501754760742e+00,4.885964095592498779e-01,-3.923437893390655518e-01
2.219972372055053711e+00,2.193221330642700195e+00,4.599687159061431885e-01
3.072284936904907227e+00,2.193221330642700195e+00,-3.923437893390655518e-01
-1.189277648925781250e+00,-2.920653581619262695e+00,-2.096968412399291992e+00
-2.041590213775634766e+00,-2.068341016769409180e+00,-2.096968412399291992e+00
-2.041590213775634766e+00,-1.216028571128845215e+00,-2.096968412399291992e+00
8.919101953506469727e-02,9.147526621818542480e-01,-3.375437259674072266e+00
-2.113997444415082416e+00,-3.100665191909358409e+00,-1.237946644448458811e+00
1.367659807205200195e+00,3.045533895492553711e+00,2.164593696594238281e+00
5.153472423553466797e-01,2.193221330642700195e+00,3.016906023025512695e+00
5.153472423553466797e-01,3.045533895492553711e+00,2.164593696594238281e+00
-1.189277648925781250e+00,2.193221330642700195e+00,3.016906023025512695e+00
-1.189277648925781250e+00,3.045533895492553711e+00,2.164593696594238281e+00
-3.369652330875396729e-01,2.193221330642700195e+00,3.016906023025512695e+00
-3.369652330875396729e-01,1.340908885002136230e+00,3.016906023025512695e+00
-3.580929710003745714e-01,2.023314224117736870e+00,2.102789133572366076e+00
-3.369652330875396729e-01,3.045533895492553711e+00,2.164593696594238281e+00
-3.369652330875396729e-01,3.045533895492553711e+00,1.312281131744384766e+00
-3.369652330875396729e-01,3.045533895492553711e+00,4.599687159061431885e-01
-1.189277648925781250e+00,1.340908885002136230e+00,3.016906023025512695e+00
-9.871875824628770779e-01,2.232023114909380102e+00,2.323301173138324849e+00
-1.189277648925781250e+00,3.045533895492553711e+00,1.312281131744384766e+00
-2.041590213775634766e+00,1.340908885002136230e+00,-2.949280977249145508e+00
-1.189277648925781250e+00,4.885964095592498779e-01,-3.801593542098999023e+00
-1.189277648925781250e+00,4.885964095592498779e-01,-2.949280977249145508e+00
-3.369652330875396729e-01,1.340908885002136230e+00,-3.801593542098999023e+00
-1.189277648925781250e+00,1.340908885002136230e+00,-2.949280977249145508e+00
1.367659807205200195e+00,4.885964095592498779e-01,-3.801593542098999023e+00
5.153472423553466797e-01,-3.637160956859588623e-01,-3.801593542098999023e+00
5.153472423553466797e-01,4.885964095592498779e-01,-3.801593542098999023e+00
-3.369652330875396729e-01,-1.216028571128845215e+00,-3.801593542098999023e+00
-3.369652330875396729e-01,-3.637160956859588623e-01,-3.801593542098999023e+00
-3.369652330875396729e-01,-3.637160956859588623e-01,-2.949280977249145508e+00
-3.369652330875396729e-01,4.885964095592498779e-01,-3.801593542098999023e+00
-3.369652330875396729e-01,4.885964095592498779e-01,-2.949280977249145508e+00
-3.369652330875396729e-01,4.885964095592498779e-01,-2.096968412399291992e+00
1.367659807205200195e+00,1.340908885002136230e+00,-2.949280977249145508e+00
2.219972372055053711e+00,4.885964095592498779e-01,-2.949280977249145508e+00
3.072284936904907227e+00,1.340908885002136230e+00,-2.096968412399291992e+00
3.072284936904907227e+00,4.885964095592498779e-01,-2.096968412399291992e+00
3.072284936904907227e+00,1.340908885002136230e+00,-1.244655847549438477e+00
-4.385449886322021484e+00,-5.767942070960998535e-01,6.730468273162841797e-01
-3.746215105056762695e+00,-3.637160956859588623e-01,4.599687159061431885e-01
-2.893902540206909180e+00,-3.637160956859588623e-01,4.599687159061431885e-01
-1.821248003780026270e+00,-3.709801081664214628e-01,6.560974188884025615e-01
-1.170006394095020497e+00,-3.207474406351659701e-01,4.959948709690953916e-01
-2.041590213775634766e+00,-1.216028571128845215e+00,4.599687159061431885e-01
-2.041590213775634766e+00,-3.637160956859588623e-01,-3.923437893390655518e-01
-2.883248680416081733e+00,6.649777484436839581e-01,4.185368321835994387e-01
-2.893902540206909180e+00,-1.216028571128845215e+00,4.599687159061431885e-01
-2.893902540206909180e+00,-3.637160956859588623e-01,1.312281131744384766e+00
-2.893902540206909180e+00,-3.637160956859588623e-01,-3.923437893390655518e-01
-3.746215105056762695e+00,4.885964095592498779e-01,4.599687159061431885e-01
-3.565690662460159643e+00,2.877786707823069001e-01,-3.707821204523242820e-01
-3.746215105056762695e+00,-1.216028571128845215e+00,4.599687159061431885e-01
-3.746215105056762695e+00,-1.216028571128845215e+00,-3.923437893390655518e-01
-3.746215105056762695e+00,-3.637160956859588623e-01,-3.923437893390655518e-01
-2.893902540206909180e+00,2.193221330642700195e+00,-1.244655847549438477e+00
-2.041590213775634766e+00,2.193221330642700195e+00,-1.244655847549438477e+00
-2.893902540206909180e+00,1.340908885002136230e+00,-1.244655847549438477e+00
-3.054881150555133651e+00,2.538257400318576273e+00,-4.331185866565230302e-01
-3.746215105056762695e+00,4.885964095592498779e-01,-1.244655847549438477e+00
-3.746215105056762695e+00,1.340908885002136230e+00,-3.923437893390655518e-01
-1.912960904072401380e+00,-3.135064150318914056e+00,3.119194199427374747e-01
-2.893902540206909180e+00,-2.068341016769409180e+00,1.312281131744384766e+00
-1.826393660904189309e+00,-2.096480193264551595e+00,1.532911666178648158e+00
-2.893902540206909180e+00,-1.216028571128845215e+00,1.312281131744384766e+00
5.153472423553466797e-01,1.340908885002136230e+00,-3.801593542098999023e+00
5.153472423553466797e-01,2.193221330642700195e+00,-2.949280977249145508e+00
5.153472423553466797e-01,3.045533895492553711e+00,-2.096968412399291992e+00
4.137675762176513672e+00,1.553987026214599609e+00,2.468905895948410034e-01
3.924597501754760742e+00,-3.637160956859588623e-01,4.599687159061431885e-01
2.219972372055053711e+00,1.340908885002136230e+00,-3.923437893390655518e-01
1.367659807205200195e+00,1.340908885002136230e+00,-3.923437893390655518e-01
2.219972372055053711e+00,4.885964095592498779e-01,-3.923437893390655518e-01
3.072284936904907227e+00,4.885964095592498779e-01,-3.923437893390655518e-01
3.924597501754760742e+00,-3.637160956859588623e-01,-3.923437893390655518e-01
-3.369652330875396729e-01,-2.068341016769409180e+00,-2.949280977249145508e+00
-3.369652330875396729e-01,-1.216028571128845215e+00,-2.949280977249145508e+00
-3.369652330875396729e-01,-2.920653581619262695e+00,-2.096968412399291992e+00
5.153472423553466797e-01,-2.068341016769409180e+00,-2.949280977249145508e+00
5.153472423553466797e-01,-1.216028571128845215e+00,-2.949280977249145508e+00
6.085689714430676522e-01,-1.983997603137848342e+00,-1.985990197996014173e+00
1.367659807205200195e+00,-2.068341016769409180e+00,-2.096968412399291992e+00
5.153472423553466797e-01,-1.216028571128845215e+00,-2.096968412399291992e+00
5.153472423553466797e-01,-2.920653581619262695e+00,-2.096968412399291992e+00
1.367659807205200195e+00,-2.920653581619262695e+00,-2.096968412399291992e+00
-2.041590213775634766e+00,1.340908885002136230e+00,3.016906023025512695e+00
-2.041590213775634766e+00,2.193221330642700195e+00,2.164593696594238281e+00
-2.041590213775634766e+00,3.045533895492553711e+00,1.312281131744384766e+00
-1.074368511849294494e+00,1.499661285255398324e+00,2.229140537238986308e+00
-1.081545670896344680e+00,2.314348870665610125e+00,1.413794843685915126e+00
-1.189277648925781250e+00,3.045533895492553711e+00,4.599687159061431885e-01
3.072284936904907227e+00,-3.637160956859588623e-01,-3.923437893390655518e-01
3.924597501754760742e+00,-1.216028571128845215e+00,-3.923437893390655518e-01
3.072284936904907227e+00,-1.216028571128845215e+00,4.599687159061431885e-01
-1.134505531152545377e+00,-1.462943808949906943e-01,-3.793799354179061556e+00
1.367659807205200195e+00,-3.637160956859588623e-01,-2.949280977249145508e+00
-2.893902540206909180e+00,1.340908885002136230e+00,-2.096968412399291992e+00
-1.189277648925781250e+00,2.193221330642700195e+00,-2.949280977249145508e+00
-2.041590213775634766e+00,1.340908885002136230e+00,-2.096968412399291992e+00
-2.893902540206909180e+00,4.885964095592498779e-01,-2.096968412399291992e+00
1.367659807205200195e+00,4.885964095592498779e-01,-2.949280977249145508e+00
5.153472423553466797e-01,4.885964095592498779e-01,-2.949280977249145508e+00
5.153472423553466797e-01,1.340908885002136230e+00,-2.949280977249145508e+00
3.072284936904907227e+00,-3.637160956859588623e-01,4.599687159061431885e-01
-2.893902540206909180e+00,-2.068341016769409180e+00,-1.244655847549438477e+00
-2.041590213775634766e+00,-2.068341016769409180e+00,-1.244655847549438477e+00
-2.893902540206909180e+00,-1.216028571128845215e+00,-1.244655847549438477e+00
-2.893902540206909180e+00,-2.068341016769409180e+00,-3.923437893390655518e-01
-2.041590213775634766e+00,-1.216028571128845215e+00,3.016906023025512695e+00
-2.041590213775634766e+00,-2.068341016769409180e+00,2.164593696594238281e+00
-2.893902540206909180e+00,-1.216028571128845215e+00,2.164593696594238281e+00
-2.893902540206909180e+00,1.340908885002136230e+00,-3.923437893390655518e-01
3.072284936904907227e+00,4.885964095592498779e-01,-1.244655847549438477e+00
-3.369652330875396729e-01,3.897846460342407227e+00,-1.244655847549438477e+00
5.153472423553466797e-01,3.897846460342407227e+00,-1.244655847549438477e+00
5.153472423553466797e-01,3.045533895492553711e+00,-1.244655847549438477e+00
5.153472423553466797e-01,3.897846460342407227e+00,-3.923437893390655518e-01
1.367659807205200195e+00,3.045533895492553711e+00,-1.244655847549438477e+00
1.367659807205200195e+00,2.193221330642700195e+00,-1.244655847549438477e+00
1.367659807205200195e+00,3.045533895492553711e+00,-3.923437893390655518e-01
1.367659807205200195e+00,3.045533895492553711e+00,-2.096968412399291992e+00
2.219972372055053711e+00,-2.068341016769409180e+00,-2.096968412399291992e+00
3.072284936904907227e+00,-2.068341016769409180e+00,-1.244655847549438477e+00
1.960037424032032183e+00,-2.799524702235689944e+00,-1.222791111301306577e+00
1.367659807205200195e+00,-1.216028571128845215e+00,-2.949280977249145508e+00
2.219972372055053711e+00,-3.637160956859588623e-01,-2.949280977249145508e+00
2.219972372055053711e+00,-1.216028571128845215e+00,-2.096968412399291992e+00
2.219972372055053711e+00,-2.068341016769409180e+00,-1.244655847549438477e+00
1.543703842465532494e+00,-2.043387805065463692e+00,-1.126970309922636471e+00
-1.844370161609178771e+00,-3.178500128674641712e+00,1.312957442749593806e+00
-2.041590213775634766e+00,-3.637160956859588623e-01,3.016906023025512695e+00
-1.189277648925781250e+00,-3.637160956859588623e-01,3.016906023025512695e+00
-2.041590213775634766e+00,4.885964095592498779e-01,3.016906023025512695e+00
-2.041590213775634766e+00,-3.637160956859588623e-01,2.164593696594238281e+00
-2.893902540206909180e+00,4.885964095592498779e-01,2.164593696594238281e+00
-2.893902540206909180e+00,-3.637160956859588623e-01,2.164593696594238281e+00
1.367659807205200195e+00,-2.920653581619262695e+00,-1.244655847549438477e+00
1.367659807205200195e+00,-3.772966146469116211e+00,-3.923437893390655518e-01
5.922311489305045473e-01,-2.896490036364316012e+00,-1.081003257416241370e+00
5.153472423553466797e-01,-2.920653581619262695e+00,-3.923437893390655518e-01
5.153472423553466797e-01,-3.772966146469116211e+00,-3.923437893390655518e-01
2.219972372055053711e+00,2.193221330642700195e+00,2.164593696594238281e+00
1.367659807205200195e+00,2.193221330642700195e+00,2.164593696594238281e+00
1.453353767430695109e+00,2.232197719971123817e+00,1.421797433822285628e+00
2.219972372055053711e+00,1.340908885002136230e+00,2.164593696594238281e+00
2.219972372055053711e+00,3.045533895492553711e+00,1.312281131744384766e+00
3.072284936904907227e+00,4.885964095592498779e-01,2.164593696594238281e+00
1.367659807205200195e+00,4.885964095592498779e-01,-2.096968412399291992e+00
-2.893902540206909180e+00,4.885964095592498779e-01,-1.244655847549438477e+00
-3.746215105056762695e+00,-3.637160956859588623e-01,-1.244655847549438477e+00
-2.041590213775634766e+00,1.340908885002136230e+00,2.164593696594238281e+00
-2.893902540206909180e+00,1.340908885002136230e+00,2.164593696594238281e+00
2.219972372055053711e+00,4.885964095592498779e-01,-2.096968412399291992e+00
3.072284936904907227e+00,-3.637160956859588623e-01,-2.096968412399291992e+00
2.219972372055053711e+00,4.885964095592498779e-01,4.599687159061431885e-01
-2.893902540206909180e+00,-3.637160956859588623e-01,-1.244655847549438477e+00
1.367659807205200195e+00,-3.637160956859588623e-01,3.016906023025512695e+00
5.153472423553466797e-01,4.885964095592498779e-01,3.869218587875366211e+00
5.153472423553466797e-01,-3.637160956859588623e-01,3.016906023025512695e+00
5.153472423553466797e-01,-3.637160956859588623e-01,2.164593696594238281e+00
1.367659807205200195e+00,-1.216028571128845215e+00,3.016906023025512695e+00
2.219972372055053711e+00,-3.637160956859588623e-01,3.016906023025512695e+00
2.219972372055053711e+00,-1.216028571128845215e+00,2.164593696594238281e+00
5.153472423553466797e-01,1.340908885002136230e+00,3.016906023025512695e+00
1.367659807205200195e+00,2.193221330642700195e+00,3.016906023025512695e+00
1.367659807205200195e+00,4.885964095592498779e-01,3.016906023025512695e+00
1.474496602999701311e+00,1.397533450551248668e+00,2.250415182825462601e+00
2.219972372055053711e+00,4.885964095592498779e-01,2.164593696594238281e+00
-1.402355790138244629e+00,-1.002950429916381836e+00,-4.014671802520751953e+00
-1.189277648925781250e+00,-1.216028571128845215e+00,-2.949280977249145508e+00
-2.041590213775634766e+00,-1.216028571128845215e+00,-2.949280977249145508e+00
-1.189277648925781250e+00,-3.637160956859588623e-01,-2.949280977249145508e+00
-2.041590213775634766e+00,-1.216028571128845215e+00,2.164593696594238281e+00
-1.189277648925781250e+00,3.897846460342407227e+00,-3.923437893390655518e-01
-2.041590213775634766e+00,3.045533895492553711e+00,-3.923437893390655518e-01
-4.385449886322021484e+00,-1.506379693746566772e-01,-6.054219007492065430e-01
-1.189277648925781250e+00,-3.637160956859588623e-01,-3.923437893390655518e-01
-2.041590213775634766e+00,-1.216028571128845215e+00,-3.923437893390655518e-01
-2.893902540206909180e+00,4.885964095592498779e-01,-3.923437893390655518e-01
-2.893902540206909180e+00,-1.216028571128845215e+00,-3.923437893390655518e-01
-3.369652330875396729e-01,3.897846460342407227e+00,4.599687159061431885e-01
1.367659807205200195e+00,3.045533895492553711e+00,1.312281131744384766e+00
2.219972372055053711e+00,3.045533895492553711e+00,4.599687159061431885e-01
5.153472423553466797e-01,3.045533895492553711e+00,1.312281131744384766e+00
1.367659807205200195e+00,3.045533895492553711e+00,4.599687159061431885e-01
2.219972372055053711e+00,3.045533895492553711e+00,-3.923437893390655518e-01
5.153472423553466797e-01,3.897846460342407227e+00,4.599687159061431885e-01
-2.893902540206909180e+00,4.885964095592498779e-01,1.312281131744384766e+00
6.603043061102225053e-01,-2.288531712288443210e+00,3.162930436245514620e+00
-3.369652330875396729e-01,-2.068341016769409180e+00,3.016906023025512695e+00
-2.048248812265228924e+00,1.502049186842048911e+00,3.734057156951171574e-01
-1.189277648925781250e+00,-2.068341016769409180e+00,-2.949280977249145508e+00
-3.369652330875396729e-01,-1.216028571128845215e+00,-2.096968412399291992e+00
-3.369652330875396729e-01,-2.068341016769409180e+00,-2.096968412399291992e+00
-1.189277648925781250e+00,-2.068341016769409180e+00,-2.096968412399291992e+00
-3.369652330875396729e-01,-2.920653581619262695e+00,-1.244655847549438477e+00
-3.369652330875396729e-01,-2.920653581619262695e+00,-3.923437893390655518e-01
-2.406940844699451798e+00,4.989195556398305920e-01,-3.100369669255832239e+00
-1.189277648925781250e+00,-2.920653581619262695e+00,-3.923437893390655518e-01
-2.041590213775634766e+00,-2.068341016769409180e+00,-3.923437893390655518e-01
-2.041590213775634766e+00,4.885964095592498779e-01,2.164593696594238281e+00
-1.189277648925781250e+00,-1.216028571128845215e+00,4.599687159061431885e-01
-2.893902540206909180e+00,-2.068341016769409180e+00,4.599687159061431885e-01
1.367659807205200195e+00,-1.216028571128845215e+00,-2.096968412399291992e+00
5.153472423553466797e-01,-2.920653581619262695e+00,4.599687159061431885e-01
-4.385449886322021484e+00,2.755182981491088867e-01,6.730468273162841797e-01
2.219972372055053711e+00,-2.920653581619262695e+00,4.599687159061431885e-01
5.153472423553466797e-01,-1.216028571128845215e+00,3.016906023025512695e+00
-3.140843582942116075e-01,-1.166691680205367065e+00,2.901071714243628197e+00
5.153472423553466797e-01,-1.216028571128845215e+00,2.164593696594238281e+00
5.153472423553466797e-01,-3.637160956859588623e-01,-2.949280977249145508e+00
1.367659807205200195e+00,-3.637160956859588623e-01,-2.096968412399291992e+00
-1.189277648925781250e+00,4.885964095592498779e-01,3.869218587875366211e+00
-3.369652330875396729e-01,4.885964095592498779e-01,3.016906023025512695e+00
1.367659807205200195e+00,-2.920653581619262695e+00,1.312281131744384766e+00
-2.041590213775634766e+00,3.045533895492553711e+00,4.599687159061431885e-01
3.072284936904907227e+00,-3.637160956859588623e-01,1.312281131744384766e+00
4.137675762176513672e+00,-1.002950429916381836e+00,1.099202990531921387e+00
2.219972372055053711e+00,-3.637160956859588623e-01,1.312281131744384766e+00
3.061913709048030174e+00,-2.518139117932299276e-01,2.226952742125115847e+00
2.185761778294548652e+00,-1.258441098373253686e+00,3.915180099509281142e-01
3.072284936904907227e+00,-1.216028571128845215e+00,-3.923437893390655518e-01
2.219972372055053711e+00,-2.920653581619262695e+00,-3.923437893390655518e-01
3.072284936904907227e+00,-2.068341016769409180e+00,-3.923437893390655518e-01
1.367659807205200195e+00,-2.920653581619262695e+00,-3.923437893390655518e-01
2.219972372055053711e+00,-2.068341016769409180e+00,-3.923437893390655518e-01
-2.041590213775634766e+00,-1.216028571128845215e+00,-1.244655847549438477e+00
-2.893902540206909180e+00,-1.216028571128845215e+00,-2.096968412399291992e+00
-3.369652330875396729e-01,3.897846460342407227e+00,-3.923437893390655518e-01
-3.369652330875396729e-01,3.045533895492553711e+00,-3.923437893390655518e-01
-2.041590213775634766e+00,2.193221330642700195e+00,-2.096968412399291992e+00
1.367659807205200195e+00,-2.920653581619262695e+00,4.599687159061431885e-01
-1.217801332635451095e+00,-2.837147045303605619e+00,4.441405313960680723e-01
2.219972372055053711e+00,2.193221330642700195e+00,-2.096968412399291992e+00
-2.041590213775634766e+00,2.193221330642700195e+00,-3.923437893390655518e-01
-1.189277648925781250e+00,4.885964095592498779e-01,3.016906023025512695e+00
1.367659807205200195e+00,-1.216028571128845215e+00,2.164593696594238281e+00
-1.996116130586747195e+00,1.365594773088488090e+00,-1.188787989637492437e+00
1.367659807205200195e+00,-2.068341016769409180e+00,2.164593696594238281e+00
1.090807453356303247e+00,-2.879549483617179995e+00,2.126278839502288687e+00
-2.041590213775634766e+00,-3.637160956859588623e-01,-2.949280977249145508e+00
-2.893902540206909180e+00,-3.637160956859588623e-01,-2.096968412399291992e+00
-2.055996781654661376e+00,4.107924636854859424e-01,-2.213364942776048228e+00
-2.041590213775634766e+00,-3.637160956859588623e-01,-2.096968412399291992e+00
1.367659807205200195e+00,2.193221330642700195e+00,-2.949280977249145508e+00
-3.369652330875396729e-01,2.193221330642700195e+00,-2.949280977249145508e+00
-3.369652330875396729e-01,1.340908885002136230e+00,-2.949280977249145508e+00
-3.369652330875396729e-01,2.193221330642700195e+00,-2.096968412399291992e+00
-3.369652330875396729e-01,3.045533895492553711e+00,-2.096968412399291992e+00
-4.203163460789081096e-01,2.984743960190396006e+00,-1.057272675577231258e+00
7.284253835678100586e-01,2.832455873489379883e+00,-3.162358999252319336e+00
5.153472423553466797e-01,2.193221330642700195e+00,-2.096968412399291992e+00
5.153472423553466797e-01,1.340908885002136230e+00,-2.096968412399291992e+00
5.153472423553466797e-01,2.193221330642700195e+00,-1.244655847549438477e+00
7.284253835678100586e-01,3.258611917495727539e+00,-2.736202955245971680e+00
2.219972372055053711e+00,-3.637160956859588623e-01,-2.096968412399291992e+00
3.072284936904907227e+00,-1.216028571128845215e+00,-1.244655847549438477e+00
6.490053921897935840e-01,2.278452630838891491e+00,2.273069695282634139e+00
2.219972372055053711e+00,-3.637160956859588623e-01,2.164593696594238281e+00
1.367659807205200195e+00,-3.637160956859588623e-01,2.164593696594238281e+00
-1.402355790138244629e+00,-3.986044168472290039e+00,2.468905895948410034e-01
-1.189277648925781250e+00,-2.068341016769409180e+00,4.599687159061431885e-01
-1.189277648925781250e+00,2.193221330642700195e+00,-2.096968412399291992e+00
-1.189277648925781250e+00,1.340908885002136230e+00,-2.096968412399291992e+00
-1.189277648925781250e+00,3.045533895492553711e+00,-2.096968412399291992e+00
-1.189277648925781250e+00,3.045533895492553711e+00,-1.244655847549438477e+00
-2.041590213775634766e+00,3.045533895492553711e+00,-1.244655847549438477e+00
4.137675762176513672e+00,2.755182981491088867e-01,-1.457733988761901855e+00
3.072284936904907227e+00,-3.637160956859588623e-01,-1.244655847549438477e+00
2.219972372055053711e+00,-3.637160956859588623e-01,-1.244655847549438477e+00
5.153472423553466797e-01,-2.068341016769409180e+00,1.312281131744384766e+00
1.367659807205200195e+00,-2.068341016769409180e+00,1.312281131744384766e+00
-1.238871067762374878e-01,1.127830743789672852e+00,-4.014671802520751953e+00
-3.369652330875396729e-01,1.340908885002136230e+00,-2.096968412399291992e+00
-1.189277648925781250e+00,3.045533895492553711e+00,-3.923437893390655518e-01
-1.189277648925781250e+00,-2.068341016769409180e+00,1.312281131744384766e+00
5.153472423553466797e-01,4.885964095592498779e-01,3.016906023025512695e+00
5.153472423553466797e-01,1.340908885002136230e+00,2.164593696594238281e+00
-3.106980562210083008e+00,-1.429106712341308594e+00,-2.310046434402465820e+00
2.219972372055053711e+00,1.340908885002136230e+00,-2.096968412399291992e+00
1.367659807205200195e+00,1.340908885002136230e+00,-2.096968412399291992e+00
2.219972372055053711e+00,1.340908885002136230e+00,-1.244655847549438477e+00
2.219972372055053711e+00,-1.216028571128845215e+00,-1.244655847549438477e+00
1.265752882013601699e+00,3.866894675228605971e-01,2.109008037259834101e+00
-1.189277648925781250e+00,-2.920653581619262695e+00,-1.244655847549438477e+00
-1.189277648925781250e+00,-2.068341016769409180e+00,-1.244655847549438477e+00
-3.369652330875396729e-01,1.340908885002136230e+00,2.164593696594238281e+00
-3.369652330875396729e-01,4.885964095592498779e-01,2.164593696594238281e+00
-3.369652330875396729e-01,1.340908885002136230e+00,1.312281131744384766e+00
4.051739812917678485e+00,-1.553643344637627211e+00,-7.874952307813446462e-01
2.219972372055053711e+00,-1.216028571128845215e+00,-3.923437893390655518e-01
-2.704420793369431419e-01,2.259228116966415456e+00,-1.134404493250076529e+00
-2.041590213775634766e+00,-1.216028571128845215e+00,1.312281131744384766e+00
-1.189277648925781250e+00,-1.216028571128845215e+00,1.312281131744384766e+00
-2.041590213775634766e+00,-3.637160956859588623e-01,1.312281131744384766e+00
5.153472423553466797e-01,2.193221330642700195e+00,1.312281131744384766e+00
5.153472423553466797e-01,1.340908885002136230e+00,1.312281131744384766e+00
6.493749817382178380e-01,2.988177866599098564e+00,6.745746380959962707e-01
-1.189277648925781250e+00,-1.216028571128845215e+00,-3.923437893390655518e-01
1.367659807205200195e+00,2.193221330642700195e+00,-2.096968412399291992e+00
-1.189277648925781250e+00,-1.216028571128845215e+00,-2.096968412399291992e+00
-5.500433444976806641e-01,3.684768438339233398e+00,2.377671718597412109e+00
-5.500433444976806641e-01,3.258611917495727539e+00,2.377671718597412109e+00
2.219972372055053711e+00,2.193221330642700195e+00,-1.244655847549438477e+00
-1.189277648925781250e+00,4.885964095592498779e-01,-2.096968412399291992e+00
2.219972372055053711e+00,4.885964095592498779e-01,1.312281131744384766e+00
-1.189277648925781250e+00,2.193221330642700195e+00,-1.244655847549438477e+00
2.219972372055053711e+00,2.193221330642700195e+00,-3.923437893390655518e-01
-1.828512072563171387e+00,2.755182981491088867e-01,-4.014671802520751953e+00
1.367659807205200195e+00,-2.068341016769409180e+00,-3.923437893390655518e-01
-1.238871067762374878e-01,4.537080764770507812e+00,-1.792656630277633667e-01
5.153472423553466797e-01,3.045533895492553711e+00,-3.923437893390655518e-01
-3.369652330875396729e-01,2.193221330642700195e+00,-3.923437893390655518e-01
1.367659807205200195e+00,2.193221330642700195e+00,4.599687159061431885e-01
-2.041590213775634766e+00,1.340908885002136230e+00,-3.923437893390655518e-01
4.137675762176513672e+00,1.553987026214599609e+00,-1.792656630277633667e-01
5.153472423553466797e-01,4.885964095592498779e-01,2.164593696594238281e+00
5.153472423553466797e-01,4.885964095592498779e-01,1.312281131744384766e+00
-3.959293127059936523e+00,1.127830743789672852e+00,1.525359272956848145e+00
-2.041590213775634766e+00,4.885964095592498779e-01,1.312281131744384766e+00
-9.761995077133178711e-01,-4.412200450897216797e+00,2.468905895948410034e-01
-3.959293127059936523e+00,2.755182981491088867e-01,-1.457733988761901855e+00
3.022691011428833008e-01,2.755182981491088867e-01,-4.440828323364257812e+00
5.153472423553466797e-01,4.885964095592498779e-01,-2.096968412399291992e+00
1.367659807205200195e+00,2.193221330642700195e+00,-3.923437893390655518e-01
-4.385449886322021484e+00,-5.767942070960998535e-01,-1.792656630277633667e-01
-1.189277648925781250e+00,-3.637160956859588623e-01,2.164593696594238281e+00
-1.268768739724946526e+00,-3.224207193443932029e-01,1.208061359789791345e+00
-3.369652330875396729e-01,2.193221330642700195e+00,1.312281131744384766e+00
7.284253835678100586e-01,4.110924720764160156e+00,-1.457733988761901855e+00
4.563832283020019531e+00,-1.506379693746566772e-01,-1.792656630277633667e-01
2.219972372055053711e+00,-3.637160956859588623e-01,-3.923437893390655518e-01
-1.238871067762374878e-01,-4.412200450897216797e+00,6.730468273162841797e-01
-3.369652330875396729e-01,-2.068341016769409180e+00,4.599687159061431885e-01
-3.369652330875396729e-01,-1.216028571128845215e+00,4.599687159061431885e-01
-4.385449886322021484e+00,-5.767942070960998535e-01,2.468905895948410034e-01
-1.189277648925781250e+00,2.193221330642700195e+00,4.599687159061431885e-01
-2.460784126012375062e+00,-3.168455750576670393e+00,1.556870555862120753e+00
2.508674859137047797e+00,-3.158340652878445898e+00,-1.586383037043513022e+00
-4.385449886322021484e+00,7.016745209693908691e-01,-1.792656630277633667e-01
-3.910289288057890555e+00,6.111706437094597266e-01,-2.300855436467883208e-01
1.580737948417663574e+00,-3.133731603622436523e+00,2.377671718597412109e+00
2.219972372055053711e+00,-3.637160956859588623e-01,4.599687159061431885e-01
-3.959293127059936523e+00,1.980143189430236816e+00,2.468905895948410034e-01
-3.559655679469291845e-01,-4.279277092188626064e+00,-6.002413720091473448e-02
-3.369652330875396729e-01,-2.068341016769409180e+00,-3.923437893390655518e-01
-1.189277648925781250e+00,-2.068341016769409180e+00,-3.923437893390655518e-01
-3.369652330875396729e-01,-1.216028571128845215e+00,-3.923437893390655518e-01
7.284253835678100586e-01,3.258611917495727539e+00,2.377671718597412109e+00
7.284253835678100586e-01,4.110924720764160156e+00,2.468905895948410034e-01
-3.959293127059936523e+00,2.755182981491088867e-01,-1.883890271186828613e+00
3.022691011428833008e-01,4.537080764770507812e+00,2.468905895948410034e-01
3.022691011428833008e-01,4.110924720764160156e+00,2.468905895948410034e-01
4.563832283020019531e+00,-1.506379693746566772e-01,2.468905895948410034e-01
3.022691011428833008e-01,1.553987026214599609e+00,4.082296848297119141e+00
3.022691011428833008e-01,-4.412200450897216797e+00,6.730468273162841797e-01
6.444636721122346534e-01,-1.969327106214814327e+00,5.773274193218889128e-01
5.153472423553466797e-01,-1.216028571128845215e+00,4.599687159061431885e-01
7.284253835678100586e-01,-4.412200450897216797e+00,-6.054219007492065430e-01
5.153472423553466797e-01,-2.068341016769409180e+00,-3.923437893390655518e-01
5.346218108346317832e-01,-1.292517569682330558e+00,-4.299529750174696519e-01
-1.828512072563171387e+00,-1.506379693746566772e-01,-4.014671802520751953e+00
-1.402355790138244629e+00,3.258611917495727539e+00,-2.310046434402465820e+00
-1.553831474510025901e+00,9.148634346365543957e-01,3.866195604128226382e+00
-9.761995077133178711e-01,-2.281419038772583008e+00,3.229984045028686523e+00
-2.113828790618558884e+00,-1.909311994713360328e+00,3.071760713780198326e-01
-2.680824518203735352e+00,-3.133731603622436523e+00,2.468905895948410034e-01
1.344040536313212131e-01,-3.862526790025055057e+00,-1.019494758536150680e+00
-2.254668235778808594e+00,1.127830743789672852e+00,3.229984045028686523e+00
-5.500433444976806641e-01,-4.412200450897216797e+00,2.468905895948410034e-01
-1.238871067762374878e-01,3.684768438339233398e+00,2.377671718597412109e+00
-1.238871067762374878e-01,3.258611917495727539e+00,2.377671718597412109e+00
-4.851486592269946829e-01,3.718682462590192195e+00,-2.085034565305121657e+00
-5.500433444976806641e-01,3.258611917495727539e+00,-2.310046434402465820e+00
-1.345687885200448575e+00,-5.411374272222478909e-01,-4.087392927731288594e+00
-1.238871067762374878e-01,1.980143189430236816e+00,-4.014671802520751953e+00
-4.385449886322021484e+00,-1.506379693746566772e-01,2.468905895948410034e-01
1.154581665992736816e+00,1.127830743789672852e+00,4.082296848297119141e+00
-3.106980562210083008e+00,-1.429106712341308594e+00,2.377671718597412109e+00
-4.385449886322021484e+00,2.755182981491088867e-01,2.468905895948410034e-01
-1.238871067762374878e-01,-4.412200450897216797e+00,-6.054219007492065430e-01
-9.761995077133178711e-01,-1.002950429916381836e+00,4.082296848297119141e+00
-1.402355790138244629e+00,-1.002950429916381836e+00,3.656140565872192383e+00
3.022691011428833008e-01,2.832455873489379883e+00,-3.162358999252319336e+00
-1.238871067762374878e-01,2.755182981491088867e-01,4.508453369140625000e+00
7.284253835678100586e-01,4.110924720764160156e+00,-6.054219007492065430e-01
-4.385449886322021484e+00,-1.506379693746566772e-01,-1.792656630277633667e-01
3.022691011428833008e-01,4.537080764770507812e+00,-1.792656630277633667e-01
3.022691011428833008e-01,4.110924720764160156e+00,-1.792656630277633667e-01
7.284253835678100586e-01,4.110924720764160156e+00,-1.792656630277633667e-01
-5.500433444976806641e-01,-5.767942070960998535e-01,-4.014671802520751953e+00
-6.651813772784009871e-02,-1.530007802480512769e-01,4.431804604671343739e+00
3.285362958908081055e+00,-5.767942070960998535e-01,2.377671718597412109e+00
1.367659807205200195e+00,-1.216028571128845215e+00,1.312281131744384766e+00
1.580737948417663574e+00,-1.002950429916381836e+00,1.525359272956848145e+00
2.219972372055053711e+00,-1.216028571128845215e+00,1.312281131744384766e+00
1.367659807205200195e+00,-3.637160956859588623e-01,1.312281131744384766e+00
1.331316619174996108e+00,4.102176465493486690e-01,1.269241986242254816e+00
1.367659807205200195e+00,-3.637160956859588623e-01,4.599687159061431885e-01
-3.369652330875396729e-01,-1.216028571128845215e+00,1.312281131744384766e+00
-1.238871067762374878e-01,-1.002950429916381836e+00,1.525359272956848145e+00
5.153472423553466797e-01,-1.216028571128845215e+00,1.312281131744384766e+00
-3.369652330875396729e-01,4.885964095592498779e-01,1.312281131744384766e+00
5.153472423553466797e-01,4.885964095592498779e-01,4.599687159061431885e-01
-3.369652330875396729e-01,-3.637160956859588623e-01,1.312281131744384766e+00
5.153472423553466797e-01,-3.637160956859588623e-01,1.312281131744384766e+00
5.153472423553466797e-01,-3.637160956859588623e-01,4.599687159061431885e-01
-1.189277648925781250e+00,4.885964095592498779e-01,1.312281131744384766e+00
-3.369652330875396729e-01,4.885964095592498779e-01,4.599687159061431885e-01
-3.369652330875396729e-01,-3.637160956859588623e-01,4.599687159061431885e-01
-1.189277648925781250e+00,4.885964095592498779e-01,2.164593696594238281e+00
1.246994764881606876e+00,-1.351210212513304532e+00,-4.536476377103854096e-01
1.580737948417663574e+00,-1.002950429916381836e+00,-1.792656630277633667e-01
1.367659807205200195e+00,-3.637160956859588623e-01,-3.923437893390655518e-01
1.367659807205200195e+00,4.885964095592498779e-01,-3.923437893390655518e-01
1.367659807205200195e+00,-3.637160956859588623e-01,-1.244655847549438477e+00
1.365505830860145542e+00,-1.454085303029472698e+00,5.315782096919154931e-01
1.367659807205200195e+00,4.885964095592498779e-01,4.599687159061431885e-01
1.367659807205200195e+00,-2.068341016769409180e+00,4.599687159061431885e-01
1.580737948417663574e+00,-1.002950429916381836e+00,-1.883890271186828613e+00
1.268743575671778867e+00,-1.288004595929877372e+00,-1.092090526828193742e+00
1.367659807205200195e+00,4.885964095592498779e-01,-1.244655847549438477e+00
-1.828512072563171387e+00,-1.002950429916381836e+00,1.525359272956848145e+00
-1.189277648925781250e+00,4.885964095592498779e-01,4.599687159061431885e-01
-1.238871067762374878e-01,-1.002950429916381836e+00,-1.792656630277633667e-01
-3.369652330875396729e-01,4.885964095592498779e-01,-3.923437893390655518e-01
5.153472423553466797e-01,4.885964095592498779e-01,-3.923437893390655518e-01
5.153472423553466797e-01,4.885964095592498779e-01,-1.244655847549438477e+00
5.153472423553466797e-01,-1.216028571128845215e+00,-1.244655847549438477e+00
-1.189277648925781250e+00,4.885964095592498779e-01,-3.923437893390655518e-01
-3.369652330875396729e-01,4.885964095592498779e-01,-1.244655847549438477e+00
-3.369652330875396729e-01,-1.216028571128845215e+00,-1.244655847549438477e+00
-1.674096088442263430e-01,-3.367898428239293751e-01,-5.498545567556771818e-01
6.425472262467801787e-01,-5.045840520242309557e-01,-5.634046681971524029e-01
-3.369652330875396729e-01,-3.637160956859588623e-01,-1.244655847549438477e+00
2.006894350051879883e+00,-2.281419038772583008e+00,2.468905895948410034e-01
-1.828512072563171387e+00,-1.002950429916381836e+00,-1.792656630277633667e-01
-2.064842003668852399e+00,4.969156353784954794e-01,-4.894775556334041711e-01
-1.189277648925781250e+00,4.885964095592498779e-01,-1.244655847549438477e+00
-1.189277648925781250e+00,-1.216028571128845215e+00,-1.244655847549438477e+00
-2.041590213775634766e+00,4.885964095592498779e-01,4.599687159061431885e-01
-2.041590213775634766e+00,4.885964095592498779e-01,-1.244655847549438477e+00
-2.041590213775634766e+00,-3.637160956859588623e-01,-1.244655847549438477e+00
-1.238871067762374878e-01,7.016745209693908691e-01,-1.883890271186828613e+00
5.153472423553466797e-01,1.340908885002136230e+00,-3.923437893390655518e-01
-3.369652330875396729e-01,1.340908885002136230e+00,-3.923437893390655518e-01
-1.189277648925781250e+00,1.340908885002136230e+00,-3.923437893390655518e-01
-3.369652330875396729e-01,1.340908885002136230e+00,4.599687159061431885e-01
5.153472423553466797e-01,1.340908885002136230e+00,-1.244655847549438477e+00
-1.189277648925781250e+00,1.340908885002136230e+00,-1.244655847549438477e+00
-3.369652330875396729e-01,1.340908885002136230e+00,-1.244655847549438477e+00
-1.238871067762374878e-01,-1.002950429916381836e+00,-1.883890271186828613e+00
-3.369652330875396729e-01,-3.637160956859588623e-01,-2.096968412399291992e+00
5.153472423553466797e-01,-3.637160956859588623e-01,-2.096968412399291992e+00
-1.189277648925781250e+00,-3.637160956859588623e-01,-2.096968412399291992e+00
-3.369652330875396729e-01,-2.068341016769409180e+00,-1.244655847549438477e+00
1.580737948417663574e+00,2.406299352645874023e+00,-1.792656630277633667e-01
1.367659807205200195e+00,1.340908885002136230e+00,4.599687159061431885e-01
1.580737948417663574e+00,7.016745209693908691e-01,-1.883890271186828613e+00
2.219972372055053711e+00,4.885964095592498779e-01,-1.244655847549438477e+00
1.367659807205200195e+00,1.340908885002136230e+00,-1.244655847549438477e+00
-1.828512072563171387e+00,7.016745209693908691e-01,1.525359272956848145e+00
-1.207890248958009449e+00,1.225244872101999949e+00,1.253298166079534148e+00
-1.189277648925781250e+00,1.340908885002136230e+00,4.599687159061431885e-01
-1.402355790138244629e+00,-1.429106712341308594e+00,1.951515555381774902e+00
-5.500433444976806641e-01,-5.767942070960998535e-01,1.951515555381774902e+00
-1.238871067762374878e-01,2.406299352645874023e+00,1.525359272956848145e+00
5.153472423553466797e-01,1.340908885002136230e+00,4.599687159061431885e-01
5.153472423553466797e-01,2.193221330642700195e+00,4.599687159061431885e-01
-3.369652330875396729e-01,2.193221330642700195e+00,4.599687159061431885e-01
5.153472423553466797e-01,2.193221330642700195e+00,-3.923437893390655518e-01
-1.828512072563171387e+00,7.016745209693908691e-01,-1.883890271186828613e+00
-1.828512072563171387e+00,2.406299352645874023e+00,-1.792656630277633667e-01
-1.189277648925781250e+00,2.193221330642700195e+00,-3.923437893390655518e-01
-1.238871067762374878e-01,2.406299352645874023e+00,-1.792656630277633667e-01
-3.106980562210083008e+00,1.127830743789672852e+00,1.099202990531921387e+00
-3.106980562210083008e+00,1.980143189430236816e+00,2.468905895948410034e-01
3.022691011428833008e-01,-2.281419038772583008e+00,1.951515555381774902e+00
3.022691011428833008e-01,-3.133731603622436523e+00,1.099202990531921387e+00
2.006894350051879883e+00,1.127830743789672852e+00,1.099202990531921387e+00
-5.500433444976806641e-01,2.832455873489379883e+00,2.468905895948410034e-01
-5.500433444976806641e-01,-5.767942070960998535e-01,-3.162358999252319336e+00
-2.418282752987217954e+00,-6.498458415380529152e-01,2.811282236054898909e-01
-1.402355790138244629e+00,-5.767942070960998535e-01,2.468905895948410034e-01
-1.189277648925781250e+00,-3.637160956859588623e-01,-1.244655847549438477e+00
-3.106980562210083008e+00,2.755182981491088867e-01,2.468905895948410034e-01
-2.254668235778808594e+00,-2.281419038772583008e+00,1.099202990531921387e+00
2.006894350051879883e+00,1.127830743789672852e+00,-6.054219007492065430e-01
3.022691011428833008e-01,-2.281419038772583008e+00,-2.310046434402465820e+00
5.153472423553466797e-01,-2.068341016769409180e+00,-1.244655847549438477e+00
-1.402355790138244629e+00,1.127830743789672852e+00,1.951515555381774902e+00
-1.402355790138244629e+00,1.980143189430236816e+00,1.099202990531921387e+00
3.022691011428833008e-01,1.127830743789672852e+00,-3.162358999252319336e+00
-2.254668235778808594e+00,-2.281419038772583008e+00,-1.457733988761901855e+00
1.154581665992736816e+00,1.980143189430236816e+00,-1.457733988761901855e+00
1.154581665992736816e+00,-2.281419038772583008e+00,-1.457733988761901855e+00
3.022691011428833008e-01,-3.133731603622436523e+00,-1.457733988761901855e+00
1.178705304384003227e+00,1.949862263916806615e+00,1.119067543839627810e+00
1.367659807205200195e+00,1.340908885002136230e+00,1.312281131744384766e+00
-3.106980562210083008e+00,2.755182981491088867e-01,-1.457733988761901855e+00
-2.254668235778808594e+00,1.127830743789672852e+00,1.951515555381774902e+00
3.022691011428833008e-01,-5.767942070960998535e-01,2.803828001022338867e+00
1.154581665992736816e+00,1.127830743789672852e+00,1.951515555381774902e+00
2.006894350051879883e+00,2.755182981491088867e-01,1.951515555381774902e+00
-1.486366671959835184e+00,-3.568786886558444671e+00,-6.727607733266819379e-01
-3.106980562210083008e+00,-2.281419038772583008e+00,2.468905895948410034e-01
3.022691011428833008e-01,-5.767942070960998535e-01,-3.162358999252319336e+00
2.006894350051879883e+00,-5.767942070960998535e-01,1.099202990531921387e+00
1.154581665992736816e+00,-3.133731603622436523e+00,2.468905895948410034e-01
-1.402355790138244629e+00,2.755182981491088867e-01,2.803828001022338867e+00
-2.254668235778808594e+00,1.127830743789672852e+00,-1.457733988761901855e+00
-2.254668235778808594e+00,-5.767942070960998535e-01,-2.310046434402465820e+00
2.006894350051879883e+00,-5.767942070960998535e-01,-2.310046434402465820e+00
3.287413634061341905e-01,1.765668071504157055e+00,1.950792028798858935e+00
9.097505375465302357e-01,-5.767723161221669503e-01,1.955556909831912771e+00
-1.402355790138244629e+00,1.127830743789672852e+00,-2.310046434402465820e+00
2.006894350051879883e+00,-5.767942070960998535e-01,-1.457733988761901855e+00
1.154581665992736816e+00,-2.281419038772583008e+00,1.099202990531921387e+00
-1.402355790138244629e+00,2.832455873489379883e+00,-6.054219007492065430e-01
-1.402355790138244629e+00,-2.281419038772583008e+00,1.099202990531921387e+00
-1.402355790138244629e+00,-2.281419038772583008e+00,-1.457733988761901855e+00
-5.500433444976806641e-01,1.980143189430236816e+00,-1.457733988761901855e+00
3.037218934540300563e-01,2.909159122877735371e+00,2.570161925408704362e-01
-1.402355790138244629e+00,-1.429106712341308594e+00,-2.310046434402465820e+00
3.022691011428833008e-01,2.755182981491088867e-01,1.951515555381774902e+00
-5.500433444976806641e-01,-2.281419038772583008e+00,2.468905895948410034e-01
3.022691011428833008e-01,-2.281419038772583008e+00,2.468905895948410034e-01
3.022691011428833008e-01,2.755182981491088867e-01,2.468905895948410034e-01
-1.433252939714871443e+00,-4.434875364969570022e+00,-1.097632554746738487e+00
-1.121593996905562829e+00,-4.580116247512749261e+00,-8.339957635755033127e-01
-1.905348650529114840e+00,-4.111185633666210038e+00,-4.087764706824005834e-01
-1.628312318067254294e+00,-4.464359339986874176e+00,-6.225226253047528857e-01
-2.157930791321993613e+00,-3.589864859585359724e+00,-5.033331849771270905e-01
-2.173209378407536807e+00,-3.941275810112277789e+00,-9.965684729179408174e-02
-2.787341787551046224e+00,-3.315233686710130634e+00,-6.465764757155038067e-01
-2.323337917733853786e+00,-4.200104611947189426e+00,3.126281608636884979e-01
-2.747559952441564590e+00,-3.928718053301329505e+00,4.404387983157492803e-01
-2.624159689800142470e+00,-2.766736202103011522e+00,-7.468992883718618137e-01
-1.305559056975175825e+00,-4.102702825526897357e+00,-3.722590706242563385e-01
-8.430341540293113667e-01,-3.608537238355959964e+00,-2.265070598538215796e-02
-2.344742976901987408e+00,-3.400769531794813894e+00,8.128543756334367654e-01
-1.685680455258236066e+00,-4.197455668379712179e+00,-5.928380237385727503e-01
-2.431312990513350147e+00,-3.956078826714391372e+00,2.182190762681405216e-01
-1.512360817911480027e+00,-4.285144935124796106e+00,-7.459567734227665614e-01
-1.309588430678196413e+00,2.112681871134287626e+00,3.677887584227597095e+00
-1.558708894912198328e+00,2.185068489211453802e+00,3.542126649262010929e+00
-1.304541274209206625e+00,2.356569243592247176e+00,3.547703582895723518e+00
5.331686146158477746e-02,4.129469502718150054e+00,2.191809409570297795e+00
-1.474021806971277937e-01,4.034096161687337201e+00,2.388458960128155617e+00
1.271655394959062824e-01,4.002860459564695716e+00,2.432451622176020400e+00
-4.199115237641697362e+00,9.461735355537218561e-01,1.847961858277371139e+00
-4.323879004497042544e+00,8.316740673261044936e-01,1.589044896964669107e+00
-4.237394330195208170e+00,1.119953178170599806e+00,1.681046110229593271e+00
1.793816089630126953e+00,-1.642184793949127197e+00,-2.523124694824218750e+00
1.814384378103305329e+00,-1.895859517139069528e+00,-3.294888065108848352e+00
2.240540660528232308e+00,-2.322015739959351510e+00,-2.868731782683921594e+00
1.793816089630126953e+00,-2.068341016769409180e+00,-2.096968412399291992e+00
1.814384378103305329e+00,-2.322015739959351510e+00,-2.868731782683921594e+00
1.367659807205200195e+00,-1.642184793949127197e+00,-2.523124694824218750e+00
-1.301201255521935440e+00,-3.585028677833378197e+00,1.768080951996225725e+00
-1.573751439786400530e+00,-3.513236701936787831e+00,1.693878193266634469e+00
-1.573751439786400530e+00,-3.513236701936787831e+00,2.120034475691561227e+00
-1.189277648925781250e+00,-2.920653581619262695e+00,1.738437414169311523e+00
-1.301201255521935440e+00,-3.585028677833378197e+00,2.194237234421152483e+00
-3.507087138807535087e+00,2.259200294874406545e+00,-9.311399853084101341e-02
-4.186511086677136007e+00,2.144985400566354450e+00,-9.085140963042798168e-02
-3.734305098424734570e+00,2.424042506010524178e+00,-4.308559977561099985e-01
-3.400548127805948173e+00,1.939583142660356252e+00,-4.127311879977942910e-01
-4.079972075675549092e+00,1.825368248352303935e+00,-4.104685990973812593e-01
-3.852754116058349609e+00,1.660526037216186523e+00,-7.272659987211227417e-02
-2.540745383643718824e+00,1.599989642033091464e+00,3.397916221855489916e+00
-2.730757615123764470e+00,1.369159448508468380e+00,3.355858205078469325e+00
-2.624218604122177556e+00,1.475698519114700069e+00,3.249319194076882411e+00
-2.148129224777221680e+00,1.234369814395904541e+00,3.123445034027099609e+00
-2.434206372642131910e+00,1.706528712639323153e+00,3.291377210853903001e+00
-4.109038501805088117e+00,-1.717977311294482501e+00,-5.980888070044673710e-02
-4.034753688918678804e+00,-1.861831072625927064e+00,-2.684867998528097655e-01
-3.426597833633422852e+00,-1.748723804950714111e+00,-7.272659987211227417e-02
-3.715136417495338961e+00,-2.394526306447795960e+00,5.113038961414353989e-02
-3.789421230381748718e+00,-2.250672545116351397e+00,2.598083087665065127e-01
-2.467746376991271973e+00,2.193221330642700195e+00,1.738437414169311523e+00
-2.673257781701779301e+00,2.363396241527652819e+00,2.465995302535741285e+00
-3.099413944917416508e+00,2.363396241527652819e+00,2.039839020110814527e+00
-2.893902540206909180e+00,1.767065107822418213e+00,1.738437414169311523e+00
-3.099413944917416508e+00,1.937240018707371059e+00,2.465995302535741285e+00
-2.467746376991271973e+00,1.767065107822418213e+00,2.164593696594238281e+00
1.685018556903999931e-02,-2.814276842614851670e+00,3.253982498887495911e+00
-1.306161070129509549e-01,-2.605237156858638770e+00,3.452756412093239469e+00
-2.866042044234378139e-01,-2.766238562439450988e+00,3.307338095835762992e+00
2.219972372055053711e+00,-7.898723334074020386e-01,1.312281131744384766e+00
2.006894230842590332e+00,-1.002950459718704224e+00,1.525359272956848145e+00
2.006894230842590332e+00,-5.767942219972610474e-01,1.525359272956848145e+00
2.113433361053466797e+00,-4.702551513910293579e-01,1.205742061138153076e+00
1.900355219841003418e+00,-6.833332777023315430e-01,1.418820202350616455e+00
2.113433361053466797e+00,-8.964113891124725342e-01,1.205742061138153076e+00
-5.116779557319242056e-01,3.962195725344114905e+00,-2.367502646823712364e+00
-4.579792911154781376e-01,4.079030665743014872e+00,-2.172375467187509290e+00
-7.140553890426868389e-01,4.014955813770381354e+00,-2.217690198618305963e+00
3.763031965624556552e+00,-1.354853668208891193e+00,1.512408108125084194e+00
3.685609993933842254e+00,-1.236177844373235413e+00,1.767536040168161682e+00
3.610690584932112479e+00,-1.500802301082587942e+00,1.728138547100625644e+00
7.161948498250403361e-01,-1.081356065605334704e+00,4.221673263073943083e+00
7.161948498250403361e-01,-1.507512303326777880e+00,3.795516980649016325e+00
5.153472423553466797e-01,-7.898723334074020386e-01,3.443062305450439453e+00
8.154329086707997609e-01,-7.687324804575043080e-01,4.299875236185729754e+00
8.154329086707997609e-01,-1.194888718178947595e+00,3.873718953760802997e+00
5.153472423553466797e-01,-3.772966146469116211e+00,8.861249238252639771e-01
4.088081717491149902e-01,-4.092583298683166504e+00,5.665077716112136841e-01
4.088081717491149902e-01,-4.092583298683166504e+00,9.926639795303344727e-01
8.919100463390350342e-02,-3.772966146469116211e+00,1.312281131744384766e+00
-1.734806597232818604e-02,-4.092583298683166504e+00,9.926639795303344727e-01
8.919100463390350342e-02,-3.772966146469116211e+00,8.861249238252639771e-01
3.652588311726432835e+00,2.328762404137133757e+00,7.324374254345394908e-01
3.489533115689104736e+00,2.550946143001666666e+00,7.949386018071581406e-01
3.072284936904907227e+00,2.193221330642700195e+00,8.861249238252639771e-01
3.489533115689104736e+00,2.550946143001666666e+00,1.221094809726278818e+00
3.652588311726432835e+00,2.328762404137133757e+00,1.158593633353660390e+00
2.457785909727723705e+00,-2.242706132424322263e+00,-2.772687660035893398e+00
2.400095977290054083e+00,-2.463817876169607679e+00,-2.642763080886962435e+00
2.482276922006463771e+00,-3.550020004267857132e+00,2.293443790295654483e-01
2.244955004440420065e+00,-3.687762310270499722e+00,2.493953825147151859e-01
2.219972372055053711e+00,-2.920653581619262695e+00,3.381246328353881836e-02
2.244955004440420065e+00,-3.687762310270499722e+00,-1.767608701078891842e-01
2.482276922006463771e+00,-3.550020004267857132e+00,-1.968118735930389218e-01
-3.254559806318257920e+00,2.505101154283257969e+00,-1.621680675463141652e+00
-3.064136146465043176e+00,2.737581537375136875e+00,-1.592857507423969254e+00
-3.247742224062887040e+00,2.663694430078793474e+00,-1.364891331418482734e+00
8.651547481688771635e-01,4.498304167220185334e+00,-4.804212846513040702e-01
1.000334746413606313e+00,4.436403878082371577e+00,-7.227897773877227650e-01
7.033355556230653782e-01,4.497374748814635836e+00,-7.175115897679633647e-01
-3.008308753577098926e+00,-3.408859288347345196e+00,-1.507467533653941705e-01
-3.217010731905411980e+00,-3.191850064547951504e+00,-1.728726387289897803e-01
-3.140947887816807338e+00,-3.301059885037258113e+00,9.810103643595949330e-02
-2.070067811688301784e+00,-2.247507799960151154e+00,2.999805494387934868e+00
-1.508894860744476318e+00,-2.174880027770996094e+00,2.697288870811462402e+00
-1.537372458657143337e+00,-2.354046810961738068e+00,3.532500668605158989e+00
-1.581662933364373469e+00,-2.582368206190405413e+00,3.340025298479539106e+00
-2.114358286395531916e+00,-2.475829195188818499e+00,2.807330124262314985e+00
-1.189277648925781250e+00,2.619377613067626953e+00,-1.244655847549438477e+00
-1.295816719532012939e+00,2.938994884490966797e+00,-9.250388741493225098e-01
-1.295816719532012939e+00,2.512838602066040039e+00,-9.250388741493225098e-01
-8.047969975023446798e-01,2.588982645416548323e+00,-1.150964261563334867e+00
-9.113360681085763693e-01,2.908599916839888166e+00,-8.313472881632189004e-01
-8.047969975023446798e-01,3.015138927841475081e+00,-1.150964261563334867e+00
-3.013282442695533803e+00,-3.402790699613216674e+00,4.078483863312789559e-01
-2.936724997297304185e+00,-3.394549045255222275e+00,7.245772299905152147e-01
-2.774483567241602611e+00,-3.561604428521987664e+00,5.865406351739170798e-01
2.154180490756641753e+00,-2.640750335145850336e+00,-2.654273580375289932e+00
2.664535005034746717e+00,-3.408225115943162464e+00,-3.938334343408703697e-01
2.876615660571088195e+00,-3.223029098517006474e+00,-3.441613337421731700e-01
2.737104338527654335e+00,-3.356542764897970876e+00,-1.133981221520193039e-01
-3.181055511752246545e+00,2.866117098899498838e+00,5.642439286779903362e-01
-2.467746376991271973e+00,2.619377613067626953e+00,4.599687159061431885e-01
-2.754899348536609338e+00,3.292273381324425596e+00,5.642439286779903362e-01
-2.706032876658698072e+00,3.275827166767776077e+00,8.102890432882490224e-01
-3.132189039874335279e+00,2.849670884342849320e+00,8.102890432882490224e-01
-2.041590213775634766e+00,-7.898723334074020386e-01,-2.096968412399291992e+00
-2.148129224777221680e+00,-8.964113891124725342e-01,-2.203507423400878906e+00
-2.148129224777221680e+00,-4.702551513910293579e-01,-2.203507423400878906e+00
-1.615433931350708008e+00,-7.898723334074020386e-01,-2.096968412399291992e+00
-1.721972942352294922e+00,-8.964113891124725342e-01,-2.203507423400878906e+00
-1.615433931350708008e+00,-1.216028571128845215e+00,-2.096968412399291992e+00
-2.570804322108055207e+00,-3.151093677099553680e+00,9.018805727284808782e-01
-2.826704801201624040e+00,-3.411911118732338988e+00,1.379567213124154978e+00
-2.664463371145922466e+00,-3.578966501999104377e+00,1.241530618307556955e+00
2.271794116136944819e+00,2.442982047796246614e-01,-3.688280552757599029e+00
2.271794116136944819e+00,-1.818580478429797087e-01,-3.688280552757599029e+00
2.219972372055053711e+00,6.244015693664550781e-02,-2.949280977249145508e+00
1.793816089630126953e+00,4.885964095592498779e-01,-3.375437259674072266e+00
1.793816089630126953e+00,6.244015693664550781e-02,-3.375437259674072266e+00
1.845637833712018061e+00,2.442982047796246614e-01,-4.114436835182525343e+00
2.585609356031338457e+00,3.495694463006532082e+00,1.080514551499135001e+00
2.658311767482122168e+00,3.361282565032544412e+00,1.343561993242464725e+00
2.438110200229583580e+00,3.527817997442704190e+00,1.338677664505718568e+00
-4.435042887926101685e-01,2.938994884490966797e+00,-7.272659987211227417e-02
-1.238871067762374878e-01,2.832455754280090332e+00,-1.792656630277633667e-01
-2.304261624813079834e-01,2.725916743278503418e+00,1.403515264391899109e-01
-3.369652256369590759e-01,2.619377613067626953e+00,3.381246328353881836e-02
-1.734804362058639526e-02,2.512838482856750488e+00,-7.272659987211227417e-02
-2.304261699318885803e-01,2.725916624069213867e+00,-2.858047261834144592e-01
-3.504628784584327583e+00,-2.418402727177564326e+00,-5.121852027051471135e-01
-3.323549742906998894e+00,-2.659154771121437832e+00,-4.924898281959430579e-01
-3.442750703395417666e+00,-2.539058315985909253e+00,-2.419682766742170810e-01
2.382408492235025044e+00,2.532407402269344132e+00,2.685240766478626639e+00
2.141482292150745259e+00,2.714323931205785190e+00,2.685112986359795784e+00
2.358930912318430106e+00,2.751666345856677243e+00,2.479053006328250319e+00
-3.665740551724560259e+00,-2.023890394054482122e+00,-1.211758726900160621e+00
-3.651434371354068453e+00,-1.900215031718239356e+00,-1.422466124277899535e+00
-3.518575900086708508e+00,-2.156152957896299238e+00,-1.458705096726436778e+00
3.022691011428833008e-01,4.110924720764160156e+00,3.381246328353881836e-02
3.022691011428833008e-01,4.324002742767333984e+00,3.381246328353881836e-02
3.022691011428833008e-01,4.324002742767333984e+00,-1.792656630277633667e-01
8.919099718332290649e-02,4.324002742767333984e+00,-1.792656630277633667e-01
8.919099718332290649e-02,4.537080764770507812e+00,-1.792656630277633667e-01
8.919099718332290649e-02,4.324002742767333984e+00,3.381246328353881836e-02
-3.421018764667819845e+00,2.569105779289669322e-01,2.616212900415979092e+00
-3.524428746306004001e+00,3.780844246337145553e-01,2.466561484574532948e+00
-2.893902540206909180e+00,6.244015693664550781e-02,2.164593696594238281e+00
-3.524428746306004001e+00,-4.807182798888981479e-02,2.466561484574532948e+00
-3.421018764667819845e+00,-1.692456746936374656e-01,2.616212900415979092e+00
-3.050374767337814763e+00,1.475698519114700069e+00,2.823163030861245204e+00
-3.221256153893818919e+00,1.230439261947847918e+00,2.752104975402391851e+00
-2.574285387992858887e+00,1.234369814395904541e+00,2.697288870811462402e+00
-2.901639001679768626e+00,1.123900191341616228e+00,3.284800149619615972e+00
-3.081091771406412327e+00,-2.596065454749971302e+00,-1.690068060006357564e+00
-3.315638711544147910e+00,-2.385605652314677805e+00,-1.587537899869460034e+00
-3.195086998821080826e+00,-2.338401359820870606e+00,-1.844213090287099677e+00
-1.298451359849074116e+00,-2.333284642122493757e+00,3.657317866080017854e+00
-1.322753529983872633e+00,-2.562851642202998548e+00,3.494051589560309257e+00
-1.088275929050065649e+00,-2.541035061798844197e+00,3.597131506505619747e+00
5.153472423553466797e-01,-3.772966146469116211e+00,-8.184998184442520142e-01
9.415035247802734375e-01,-3.772966146469116211e+00,-3.923437893390655518e-01
9.415035247802734375e-01,-3.772966146469116211e+00,-8.184998184442520142e-01
9.415035247802734375e-01,-3.346809864044189453e+00,-8.184998184442520142e-01
1.367659807205200195e+00,-3.346809864044189453e+00,-3.923437893390655518e-01
9.415035247802734375e-01,-3.346809864044189453e+00,-3.923437893390655518e-01
8.670168729566829491e-01,3.790912833682004823e+00,1.513004056531127794e+00
6.607485427556412105e-01,3.748690225871659010e+00,1.720469541092949139e+00
5.792057470258580310e-01,3.867055267962762777e+00,1.462942501754918023e+00
-2.648795019853310340e+00,2.149607015337470450e+00,2.660528444178115404e+00
-2.448190186333095930e+00,2.373369104470449908e+00,2.689291302312739607e+00
2.006894230842590332e+00,2.406299471855163574e+00,2.468905895948410034e-01
2.006894230842590332e+00,2.406299471855163574e+00,-1.792656630277633667e-01
2.219972372055053711e+00,2.193221330642700195e+00,3.381246328353881836e-02
1.900355160236358643e+00,2.299760341644287109e+00,1.403515264391899109e-01
1.900355160236358643e+00,2.299760341644287109e+00,-2.858047261834144592e-01
1.687277019023895264e+00,2.512838482856750488e+00,-7.272659987211227417e-02
5.153472423553466797e-01,4.885964095592498779e-01,-2.523124694824218750e+00
5.153472423553466797e-01,6.244015693664550781e-02,-2.096968412399291992e+00
5.153472423553466797e-01,6.244015693664550781e-02,-2.523124694824218750e+00
9.415035247802734375e-01,4.885964095592498779e-01,-2.949280977249145508e+00
9.415035247802734375e-01,6.244015693664550781e-02,-2.523124694824218750e+00
9.415035247802734375e-01,4.885964095592498779e-01,-2.523124694824218750e+00
-4.614694254515992355e+00,-2.906094549791166104e-01,9.562489661052084866e-01
-4.385449886322021484e+00,-1.506379544734954834e-01,6.730468273162841797e-01
-4.614694254515992355e+00,1.355467976434877320e-01,9.562489661052084866e-01
-4.295076863883362961e+00,-1.840703992740461425e-01,1.275866118319258780e+00
-4.065832495689392090e+00,-4.409889876842498779e-02,9.926639795303344727e-01
-4.065832495689392090e+00,-4.702551513910293579e-01,9.926639795303344727e-01
3.729340360273768473e-01,3.809852231294809766e+00,1.659114116143784345e+00
-2.422155393376087318e+00,2.602164802020931589e+00,-2.469573960198418128e+00
-2.634138578678104636e+00,2.568578892265172886e+00,-2.265214406736939523e+00
-2.431561668287904876e+00,2.786152939385242000e+00,-2.233889037211560069e+00
-2.276578119821133506e-03,4.767711860464871165e+00,-1.137528484225762693e-01
-2.870341017036350251e-01,4.755862415172670055e+00,-2.017191833560828818e-01
-3.383726133405864922e-02,4.746070226380956214e+00,-4.228833505796457670e-01
-1.693139896607660289e+00,2.160214636120116882e+00,-3.452528753364997538e+00
-1.723306876573020840e+00,2.399793911753897113e+00,-3.285116076519491557e+00
-1.467630286647720439e+00,2.367692323104276575e+00,-3.442440612163597535e+00
1.793816089630126953e+00,-3.637160956859588623e-01,1.312281131744384766e+00
1.349488213190098040e+00,2.325077543169490335e-02,1.290761558993319902e+00
1.775644495615024798e+00,2.325077543169490335e-02,1.290761558993319902e+00
1.669105484613437884e+00,-8.328828027337559226e-02,1.184222488387088212e+00
1.687277078628540039e+00,-4.702551513910293579e-01,1.205742061138153076e+00
3.411313681898491268e-01,4.068307497294998853e+00,2.253164834519462811e+00
5.533217846679300278e-01,3.789782199142943231e+00,2.432451622176020400e+00
3.022691383957862854e-01,3.471690177917480469e+00,2.377671718597412109e+00
7.672876133618729000e-01,3.855229236873245924e+00,2.253164834519462811e+00
1.083062934027452018e+00,4.423473800443241899e+00,4.780946271890881838e-01
7.974559393874844915e-01,4.497969350461977101e+00,4.340252230232281572e-01
9.809858798399386792e-01,4.476762633816134596e+00,2.064863711594979168e-01
7.190189261675661303e-01,4.324889589527438183e+00,-1.715686424497782525e+00
6.524572491392748308e-01,4.198178872226520753e+00,-1.984128331722384342e+00
9.279703701113600767e-01,4.195987515528708300e+00,-1.890903715105102911e+00
-1.063507042268926561e+00,3.816237784389601373e+00,1.533724815843647837e+00
-1.141671762154407022e+00,3.886101566511707794e+00,1.260627492799024196e+00
-1.342741611842031002e+00,3.772232362956190244e+00,1.450021895347858303e+00
2.968203507406732555e+00,2.398661150162086031e+00,-2.098099812720573887e+00
2.902629331635542265e+00,2.276834704386215602e+00,-2.330475536169553941e+00
2.757992094604158062e+00,2.520754618921345447e+00,-2.275631517943874638e+00
-2.140170745095378635e+00,-2.688759937333623284e+00,2.585404296950709835e+00
-2.372124785925183055e+00,-2.466498858883910295e+00,2.622538256294253856e+00
-3.189332000070942197e+00,-2.738089201156451491e+00,-7.536398132630489632e-01
-2.893902540206909180e+00,-2.068341016769409180e+00,-8.184998184442520142e-01
-3.189332000070942197e+00,-2.738089201156451491e+00,-1.179795842368235537e+00
-3.371048793460924564e+00,-2.527482606550045752e+00,-1.186125492129424419e+00
-3.371048793460924564e+00,-2.527482606550045752e+00,-7.599694630242380677e-01
-4.435042887926101685e-01,3.365151166915893555e+00,-7.272659987211227417e-02
-8.696604967117309570e-01,3.365151166915893555e+00,-7.272659987211227417e-02
-7.631214410066604614e-01,3.897846460342407227e+00,-3.923437893390655518e-01
-7.631214410066604614e-01,3.471690177917480469e+00,-3.923437893390655518e-01
-1.189277648925781250e+00,3.471690177917480469e+00,-3.923437893390655518e-01
-8.696604967117309570e-01,2.938994884490966797e+00,-7.272659987211227417e-02
-3.570770052754398405e-01,-3.344229028193699715e+00,4.970562217670714267e-01
-1.734806597232818604e-02,-3.027192592620849609e+00,7.795858532190322876e-01
-3.745983816022832591e-02,-3.450768039195286629e+00,8.166733590799605258e-01
6.907923244600336354e-02,-3.770385310618626473e+00,4.970562217670714267e-01
4.088081717491149902e-01,-3.453348875045776367e+00,7.795858532190322876e-01
8.919100463390350342e-02,-3.346809864044189453e+00,4.599687159061431885e-01
-2.328820037739562920e+00,-2.681231897012729792e+00,2.433688561443609899e+00
-2.304261699318885803e-01,-6.833332628011703491e-01,1.418820202350616455e+00
-2.304261699318885803e-01,-6.833332628011703491e-01,9.926639944314956665e-01
-3.369652330875396729e-01,-3.637160956859588623e-01,8.861249238252639771e-01
8.919100463390350342e-02,-3.637160956859588623e-01,1.312281131744384766e+00
8.919100463390350342e-02,-3.637160956859588623e-01,8.861249238252639771e-01
1.957300677895545959e-01,-6.833332628011703491e-01,1.418820202350616455e+00
2.658074028887562612e+00,-2.457181472721639004e+00,2.434503868751393796e+00
2.558464948815895479e+00,-2.311388570823736721e+00,2.669943942184977104e+00
2.419960232727318861e+00,-2.547000245683508801e+00,2.580734095203843115e+00
-1.568186800174718176e-01,2.353627723432517804e+00,-4.100590160585861454e+00
1.593295123004257463e-01,2.416096641056938665e+00,-4.048779213627046403e+00
3.724076162599861406e-01,2.842252983086510199e+00,-3.622622811992830094e+00
8.919099718332290649e-02,2.406299531459808350e+00,-3.588515400886535645e+00
5.625942394208857666e-02,2.779784065462089337e+00,-3.674433758951644702e+00
2.796974199122116644e+00,-3.268578093904113135e+00,5.964521853708115717e-01
2.737104338527654335e+00,-3.356542764897970876e+00,3.127581304705850940e-01
2.950120843549743466e+00,-3.147682282119470987e+00,3.593516186186908046e-01
-8.169402220423934713e-01,4.243887387913499509e+00,-1.372422750146150339e+00
-1.243096429961514371e+00,4.243887387913499509e+00,-9.462667210409638763e-01
-7.631214410066604614e-01,3.897846460342407227e+00,-8.184998184442520142e-01
-7.548327902923006594e-01,4.332534468385168758e+00,-1.096238188281783321e+00
-1.180988998211421448e+00,4.332534468385168758e+00,-6.700821591765968588e-01
-1.389493060032502392e+00,4.305079047666788838e+00,-4.545059959391016258e-01
-1.108113484048272257e+00,4.388428797101196821e+00,-3.836721956859467930e-01
-3.369652330875396729e-01,1.767065107822418213e+00,4.599687159061431885e-01
-7.631214410066604614e-01,1.767065107822418213e+00,4.599687159061431885e-01
-7.631214410066604614e-01,2.193221330642700195e+00,4.599687159061431885e-01
-3.369652330875396729e-01,1.767065107822418213e+00,3.381246328353881836e-02
-7.631214410066604614e-01,1.767065107822418213e+00,3.381246328353881836e-02
-3.369652330875396729e-01,1.340908885002136230e+00,3.381246328353881836e-02
-1.457382749625798279e+00,4.231605607448841511e+00,-7.393422952443490237e-01
-2.303714101986868101e+00,3.580951938169843807e+00,1.262765159182735131e+00
-2.041590213775634766e+00,3.045533895492553711e+00,8.861249238252639771e-01
-2.303714101986868101e+00,3.580951938169843807e+00,8.366089512636143422e-01
-2.082289708288787455e+00,3.743362663158081638e+00,6.683721770029766862e-01
-2.082289708288787455e+00,3.743362663158081638e+00,1.094528384922097475e+00
1.793816089630126953e+00,2.193221330642700195e+00,-2.523124694824218750e+00
1.793816089630126953e+00,2.193221330642700195e+00,-2.096968412399291992e+00
1.367659807205200195e+00,2.193221330642700195e+00,-2.523124694824218750e+00
1.367659807205200195e+00,1.767065107822418213e+00,-2.949280977249145508e+00
1.367659807205200195e+00,1.767065107822418213e+00,-2.523124694824218750e+00
1.793816089630126953e+00,1.767065107822418213e+00,-2.523124694824218750e+00
2.219972372055053711e+00,4.885964095592498779e-01,3.381246328353881836e-02
2.646128654479980469e+00,6.244015693664550781e-02,4.599687159061431885e-01
2.646128654479980469e+00,6.244015693664550781e-02,3.381246328353881836e-02
2.646128654479980469e+00,4.885964095592498779e-01,3.381246328353881836e-02
3.072284936904907227e+00,6.244015693664550781e-02,4.599687159061431885e-01
2.646128654479980469e+00,4.885964095592498779e-01,4.599687159061431885e-01
-1.311955815122022972e+00,4.343639310272902065e+00,-1.680430729010967961e-01
-1.493737105601726789e+00,4.269601490264772536e+00,4.062906390596207618e-02
-1.228601357583885445e+00,4.346342343517632045e+00,1.208030279348183411e-01
1.581850125254054440e+00,3.149439744036794053e+00,-2.721055668144833461e+00
1.665428630958592171e+00,3.318024710847435443e+00,-2.484977680768229114e+00
1.389213604151156911e+00,3.349485199661924817e+00,-2.602683119826425973e+00
-1.309588430678196413e+00,1.686525648314005643e+00,3.677887584227597095e+00
-1.043836485083094567e+00,1.592845658658977870e+00,3.788237191221017319e+00
-1.276100117855099469e+00,1.403304525278080916e+00,3.799422514099367376e+00
-2.675928108390215776e+00,1.108387382777380026e+00,3.500570682223424157e+00
-2.824287363232745651e+00,8.599416146631381208e-01,3.426819317460300773e+00
1.719108273023873812e+00,4.936738727316702935e-01,-4.162656730030581009e+00
1.826008727613927185e+00,6.947506359834140222e-01,-4.078529569443897884e+00
1.562702026036447922e+00,7.406059829552147367e-01,-4.187992080097467706e+00
4.031136631965637207e+00,-6.833332628011703491e-01,7.795858532190322876e-01
3.604980349540710449e+00,-1.109489500522613525e+00,7.795858532190322876e-01
3.498441219329833984e+00,-7.898723334074020386e-01,4.599687159061431885e-01
3.924597501754760742e+00,-7.898723334074020386e-01,3.381246328353881836e-02
3.498441219329833984e+00,-1.216028571128845215e+00,3.381246328353881836e-02
4.031136631965637207e+00,-1.109489500522613525e+00,3.534296005964279175e-01
3.135425245767207159e-01,2.325711437755149547e+00,3.684731935923785784e+00
5.662738876958053336e-01,2.456233854243897952e+00,3.583589310566150932e+00
2.070034539704890264e-01,2.006094285541099254e+00,4.217427348559589007e+00
4.597348170895736996e-01,2.136616702029847659e+00,4.116284723201953710e+00
4.088081717491149902e-01,1.873604178428649902e+00,3.549601435661315918e+00
1.729240281142097491e+00,-1.646760546647723977e+00,-3.494076882180504384e+00
1.974837784044199518e+00,-1.631705367507219728e+00,-3.354894519703478295e+00
1.902861377680352684e+00,-1.400200576644964778e+00,-3.508455412709818866e+00
2.672321429748615085e+00,-1.616857628753701093e+00,2.753028333344805567e+00
2.426058083627517625e+00,-1.721316284619479609e+00,2.892963415958755391e+00
2.553675515055342959e+00,-1.417407942108511065e+00,2.955967851968095417e+00
-6.440134869716662713e-01,-3.492773739364318342e+00,-2.424358398333805731e+00
-6.849321173766586002e-01,-3.327104352068854798e+00,-2.629123776079043573e+00
-1.111088325295779278e+00,-3.327104352068854798e+00,-2.629123776079043573e+00
-7.631214410066604614e-01,-2.920653581619262695e+00,-2.096968412399291992e+00
-1.070169694890787060e+00,-3.492773739364318342e+00,-2.424358398333805731e+00
-3.280437208567724916e+00,1.713898221797757859e+00,2.423771556556963525e+00
-3.437267550929500537e+00,1.478363225902048050e+00,2.361329490563266464e+00
-3.440470244539464595e+00,1.718506123221432924e+00,2.167409641099239614e+00
-8.696605116128921509e-01,-1.322567641735076904e+00,-2.629663705825805664e+00
-7.631214410066604614e-01,-1.216028571128845215e+00,-2.949280977249145508e+00
-1.295816719532012939e+00,-1.322567641735076904e+00,-2.629663705825805664e+00
-1.295816719532012939e+00,-1.322567641735076904e+00,-2.203507423400878906e+00
-1.189277648925781250e+00,-1.216028571128845215e+00,-2.523124694824218750e+00
-7.631214410066604614e-01,-1.216028571128845215e+00,-2.523124694824218750e+00
-1.831084115296782944e+00,9.880343298709581834e-01,4.137001134401775637e+00
-1.718238743524808321e+00,1.280016957156086654e+00,4.098106929312349322e+00
-1.944384896134899066e+00,1.188078131332853449e+00,4.019523353276504452e+00
-1.279416292408895206e+00,-3.555075899975459031e+00,-2.228783316189325348e+00
-9.999429480843544660e-01,-3.650263853874221365e+00,-2.184223712949091567e+00
-3.746215105056762695e+00,-1.216028571128845215e+00,3.381246328353881836e-02
-4.065832495689392090e+00,-8.964113891124725342e-01,-2.858047261834144592e-01
-4.065832495689392090e+00,-8.964113891124725342e-01,1.403515264391899109e-01
-3.533136963844299316e+00,-1.002950459718704224e+00,2.468905895948410034e-01
-3.852754354476928711e+00,-6.833332777023315430e-01,-7.272659987211227417e-02
-3.533136963844299316e+00,-1.002950459718704224e+00,-1.792656630277633667e-01
1.261120736598968506e+00,1.234369814395904541e+00,1.631898343563079834e+00
1.166643485188370022e+00,1.538846503853239733e+00,1.535291549610701356e+00
1.273182555794601711e+00,1.645385574459471423e+00,1.215674337792006288e+00
9.415035247802734375e-01,1.340908885002136230e+00,1.312281131744384766e+00
8.470262733696749535e-01,1.645385574459471423e+00,1.215674337792006288e+00
8.349644541740417480e-01,1.234369814395904541e+00,1.631898343563079834e+00
-1.734806597232818604e-02,3.820573538541793823e-01,-7.272659987211227417e-02
-1.238871067762374878e-01,7.016745358705520630e-01,-1.792656630277633667e-01
1.957300603389739990e-01,5.951354801654815674e-01,1.403515264391899109e-01
4.088081717491149902e-01,3.820573538541793823e-01,-7.272659987211227417e-02
3.022691309452056885e-01,7.016745358705520630e-01,-1.792656630277633667e-01
8.919100463390350342e-02,4.885964095592498779e-01,-3.923437893390655518e-01
-1.615433931350708008e+00,3.045533895492553711e+00,4.599687159061431885e-01
-1.615433931350708008e+00,3.045533895492553711e+00,8.861249238252639771e-01
-1.189277648925781250e+00,3.045533895492553711e+00,8.861249238252639771e-01
-1.656133425863860698e+00,3.743362663158081638e+00,6.683721770029766862e-01
-1.656133425863860698e+00,3.743362663158081638e+00,1.094528384922097475e+00
2.219972372055053711e+00,-1.642184793949127197e+00,-3.923437893390655518e-01
2.646128654479980469e+00,-2.068341016769409180e+00,-3.923437893390655518e-01
2.646128654479980469e+00,-1.642184793949127197e+00,-3.923437893390655518e-01
2.646128654479980469e+00,-1.216028571128845215e+00,3.381246328353881836e-02
3.072284936904907227e+00,-1.642184793949127197e+00,3.381246328353881836e-02
2.646128654479980469e+00,-1.642184793949127197e+00,3.381246328353881836e-02
2.293246439103992174e+00,-2.017303552459541738e+00,7.365317414454669587e-02
2.202867075174800959e+00,-1.663391057571331544e+00,-4.128896940687187822e-04
2.276141142223739422e+00,-1.612353593261463880e+00,4.655840737895435288e-01
2.719402721528918931e+00,-1.591147329639259755e+00,4.998094267671510660e-01
2.629023357599727717e+00,-1.237234834751049561e+00,4.257433629285356513e-01
1.793816089630126953e+00,2.619377613067626953e+00,2.164593696594238281e+00
1.932774629893503349e+00,3.177822628281604000e+00,2.479053006328250319e+00
1.892725664136003072e+00,3.372373659798810763e+00,2.251709543154918780e+00
2.318881946560929830e+00,2.946217377373884005e+00,2.251709543154918780e+00
1.927631310206009863e+00,3.268869901632380781e+00,-2.334595607036137110e+00
1.725244787330977081e+00,3.488191534629929258e+00,-2.189782253697422743e+00
2.160524088993687641e+00,-2.234098571608374773e+00,3.007535212115935330e+00
1.734367806568760884e+00,-2.234098571608374773e+00,3.007535212115935330e+00
1.793816089630126953e+00,-2.068341016769409180e+00,2.164593696594238281e+00
2.299122931255194402e+00,-2.405604909311398032e+00,2.801343527449314141e+00
1.872966648830267866e+00,-2.405604909311398032e+00,2.801343527449314141e+00
2.719402721528918931e+00,-2.017303552459541738e+00,7.365317414454669587e-02
-2.453587326698540849e+00,2.603528743891008634e+00,2.470210519722610965e+00
-2.673472440442055120e+00,2.530963544666891885e+00,2.291134905552601353e+00
-4.281002645011866004e-01,-3.388247322148541407e+00,-2.618745681786101454e+00
-5.374150820670945405e-01,-3.199614673482874760e+00,-2.805972896652277448e+00
-3.378499240066417109e+00,-1.849716651154791891e-01,-2.635655509216254799e+00
-3.549382969545849864e+00,-2.501195675487858372e-01,-2.399454714429642088e+00
-3.418340584297267171e+00,-4.727386001164747831e-01,-2.558124122269539669e+00
1.507588899949946049e+00,2.147450004578784988e+00,3.622018198348925466e+00
1.499186681901005347e+00,2.409294683335580167e+00,3.473663939869521933e+00
1.737036895889681132e+00,2.223937927767136724e+00,3.475656172028743551e+00
-2.209400697692783133e+00,3.406819560046423057e+00,-1.757036037604955858e+00
-2.423286747999391366e+00,3.371934614876050507e+00,-1.551626656935372495e+00
-2.431561668287904876e+00,3.212309221810168758e+00,-1.807732754786633311e+00
-3.421122317346005914e+00,1.162306885356426900e+00,-2.501319314078879863e+00
-3.502646036143767461e+00,1.364809843697424974e+00,-2.290252947030204211e+00
-3.314681042167773484e+00,1.444374785161438357e+00,-2.519073476445087501e+00
1.006314420305675361e-01,-1.191360125667106029e+00,2.958988868634570224e+00
1.006314420305675361e-01,-1.191360125667106029e+00,2.532832705418933017e+00
5.153472423553466797e-01,-1.216028571128845215e+00,2.590749859809875488e+00
5.878257742327845925e-01,-1.752280141708644212e+00,3.089918229635513658e+00
5.878257742327845925e-01,-1.752280141708644212e+00,2.663762066419876451e+00
1.731099739080054489e-01,-1.727611696246905026e+00,3.032001075244571631e+00
-1.721973001956939697e+00,3.820573538541793823e-01,2.484210848808288574e+00
-1.721973001956939697e+00,3.820573538541793823e-01,2.910367012023925781e+00
-2.041590213775634766e+00,4.885964095592498779e-01,2.590749859809875488e+00
-2.041590213775634766e+00,6.244015693664550781e-02,2.164593696594238281e+00
-2.041590213775634766e+00,6.244015693664550781e-02,2.590749859809875488e+00
-1.721973001956939697e+00,-4.409889876842498779e-02,2.484210848808288574e+00
-2.467746376991271973e+00,4.885964095592498779e-01,1.312281131744384766e+00
-2.467746376991271973e+00,6.244015693664550781e-02,1.312281131744384766e+00
-2.893902540206909180e+00,6.244015693664550781e-02,1.312281131744384766e+00
-2.893902540206909180e+00,6.244015693664550781e-02,8.861249238252639771e-01
-2.893902540206909180e+00,-3.637160956859588623e-01,8.861249238252639771e-01
-2.467746376991271973e+00,6.244015693664550781e-02,8.861249238252639771e-01
1.627966397622369055e+00,-3.454945093114043964e+00,-2.223262529447195490e+00
1.890969613487398782e+00,-3.306735160918091054e+00,-2.224745168576900411e+00
1.704021536265599712e+00,-3.278914628313896351e+00,-2.427595264064806635e+00
-2.041590213775634766e+00,2.619377613067626953e+00,-3.923437893390655518e-01
-1.721973001956939697e+00,2.938994884490966797e+00,-4.988828450441360474e-01
-1.721973001956939697e+00,2.512838602066040039e+00,-4.988828450441360474e-01
-2.041590213775634766e+00,2.193221330642700195e+00,-8.184998184442520142e-01
-1.721973001956939697e+00,2.512838602066040039e+00,-9.250388741493225098e-01
-2.041590213775634766e+00,2.619377613067626953e+00,-8.184998184442520142e-01
-3.369652330875396729e-01,-3.346809864044189453e+00,1.738437414169311523e+00
-7.631214410066604614e-01,-2.920653581619262695e+00,1.738437414169311523e+00
-7.631214410066604614e-01,-3.346809864044189453e+00,1.312281131744384766e+00
-7.631214410066604614e-01,-3.346809864044189453e+00,1.738437414169311523e+00
-7.631214410066604614e-01,-2.920653581619262695e+00,2.164593696594238281e+00
2.706423849227575840e+00,-3.249668014876163635e+00,-1.955466229065091710e+00
2.364323615596050754e+00,-2.613340834823927317e+00,-1.841675724721402396e+00
2.562072605686578797e+00,-2.704668196821645054e+00,-2.210758916742981306e+00
2.375682970210287071e+00,-2.682901079215374907e+00,-2.437620324554427675e+00
2.520034213751284113e+00,-3.227900897269893044e+00,-2.182327636876538079e+00
2.219972372055053711e+00,-1.642184793949127197e+00,1.312281131744384766e+00
2.202867075174800959e+00,-1.663391057571331544e+00,8.518995708476564399e-01
2.202867075174800959e+00,-1.237234834751049561e+00,8.518995708476564399e-01
2.646128654479980469e+00,-1.216028571128845215e+00,8.861249238252639771e-01
2.646128654479980469e+00,-1.642184793949127197e+00,8.861249238252639771e-01
-3.999004895722562125e+00,1.731194246319034624e+00,-9.742410142187829525e-01
-3.985136758782378941e+00,1.900807065162733345e+00,-7.211148018886635036e-01
-4.122741184888315757e+00,1.608191649931037137e+00,-7.527664059221047532e-01
2.590631677522956089e+00,2.558440691232399811e+00,2.468205179991231457e+00
-7.095297298163824040e-01,3.887156046573835955e+00,-2.428128963159554843e+00
-4.393022684534968469e-01,3.840613855586769709e+00,-2.554422341282946540e+00
2.646128654479980469e+00,2.193221330642700195e+00,4.599687159061431885e-01
2.646128654479980469e+00,2.619377613067626953e+00,4.599687159061431885e-01
2.219972372055053711e+00,2.619377613067626953e+00,4.599687159061431885e-01
2.646128654479980469e+00,2.193221330642700195e+00,8.861249238252639771e-01
2.646128654479980469e+00,2.619377613067626953e+00,8.861249238252639771e-01
-1.412240057518594938e+00,3.509254897261899320e+00,-2.641691502230758992e+00
-1.641468640233529896e+00,3.340362181753932180e+00,-2.716477640573996766e+00
-1.663302790573020662e+00,3.521319254164749335e+00,-2.475856808316082791e+00
2.646128654479980469e+00,-1.216028571128845215e+00,1.312281131744384766e+00
2.646128654479980469e+00,-1.642184793949127197e+00,1.312281131744384766e+00
3.072284936904907227e+00,-1.216028571128845215e+00,8.861249238252639771e-01
6.992315111278081252e-01,3.066907089797396679e+00,-3.428615756811401738e+00
5.083003058273336539e-01,3.228118390200878540e+00,-3.297656048884435975e+00
4.861533699153447463e-01,3.066907089797396679e+00,-3.428615756811401738e+00
2.952221646148702749e-01,3.228118390200878540e+00,-3.297656048884435975e+00
5.153472423553466797e-01,2.832455873489379883e+00,-3.162358999252319336e+00
1.493232779586662229e+00,3.802376719665343074e+00,8.610519233688771479e-01
1.680163255565358948e+00,3.781381714618311740e+00,6.249263620932197227e-01
1.493232779586662229e+00,3.802376719665343074e+00,1.287208131287997936e+00
1.680163255565358948e+00,3.781381714618311740e+00,1.051082570012340511e+00
1.367659807205200195e+00,3.045533895492553711e+00,8.861249238252639771e-01
3.072284936904907227e+00,-7.898723334074020386e-01,-3.923437893390655518e-01
2.646128654479980469e+00,-3.637160956859588623e-01,-3.923437893390655518e-01
2.646128654479980469e+00,-7.898723334074020386e-01,-3.923437893390655518e-01
3.072284936904907227e+00,-1.216028571128845215e+00,3.381246328353881836e-02
2.646128654479980469e+00,-7.898723334074020386e-01,3.381246328353881836e-02
3.072284936904907227e+00,-7.898723334074020386e-01,3.381246328353881836e-02
-1.238871067762374878e-01,1.127830773591995239e+00,2.468905895948410034e-01
-1.238871067762374878e-01,1.127830773591995239e+00,-1.792656630277633667e-01
8.919100463390350342e-02,1.340908885002136230e+00,4.599687159061431885e-01
8.919100463390350342e-02,1.340908885002136230e+00,3.381246328353881836e-02
3.022691309452056885e-01,1.127830773591995239e+00,2.468905895948410034e-01
-4.717496110888398375e-01,3.610578583039537826e+00,-2.666928275831618400e+00
-2.638307168632382238e-01,3.561731893286113504e+00,-2.741089032368286382e+00
-2.313833742278952332e-01,3.791767165833345388e+00,-2.628583097819614522e+00
-5.175960018623376735e-01,3.488647190042959867e+00,-2.197540499853793960e+00
-4.259826334184985797e+00,1.397815996556488027e+00,3.865686067448986796e-01
-4.188560407069693348e+00,1.612810534676044405e+00,2.046254554295321160e-01
-4.366365345186572711e+00,1.717433148770538320e+00,2.800295435892475870e-01
-4.295099418071280262e+00,1.932427686890094698e+00,9.808639227388102344e-02
-3.852754116058349609e+00,1.660526037216186523e+00,3.534296527504920959e-01
-4.295803416461181357e+00,5.915574918552102268e-01,-1.132186471239269077e+00
-4.254771086421403226e+00,8.868474284034781885e-01,-1.028295048730158090e+00
-4.203059434554539564e+00,8.234542801610359453e-01,-1.319394970615667795e+00
1.260637770986468453e+00,4.386224489021463668e+00,2.416399523631867496e-01
7.284253835678100586e-01,4.110924720764160156e+00,3.381246328353881836e-02
1.260637770986468453e+00,4.386224489021463668e+00,2.856182605188455070e-02
9.809858798399386792e-01,4.476762633816134596e+00,-6.591755151804268298e-03
3.711126037193777538e+00,-1.580853968344382299e+00,-1.379314995866337545e+00
3.072284936904907227e+00,-1.642184793949127197e+00,-1.244655847549438477e+00
3.711126037193777538e+00,-2.007010191164664281e+00,-1.379314995866337545e+00
4.200853475200163167e+00,-1.749661355098773408e+00,-1.150734687482290575e+00
3.562012374911292856e+00,-1.810992180703518084e+00,-1.016075539165391506e+00
3.562012374911292856e+00,-1.384835957883236102e+00,-1.016075539165391506e+00
-1.734806597232818604e-02,-2.174880027770996094e+00,-2.629663705825805664e+00
9.996759237421248834e-02,-2.944297477501873317e+00,-2.885471835256478990e+00
-2.196495747409989985e-01,-2.837758466500286403e+00,-3.205089106679818833e+00
8.919100463390350342e-02,-2.068341016769409180e+00,-2.949280977249145508e+00
2.065066629804441778e-01,-2.837758466500286403e+00,-3.205089106679818833e+00
4.088081717491149902e-01,-2.174880027770996094e+00,-2.629663705825805664e+00
-3.226491579405975862e+00,8.095413186809365946e-01,-2.710933155717987209e+00
-3.098258292444271866e+00,5.971646506602124038e-01,-2.892032521091205233e+00
-3.311073846112988051e+00,5.246028183479445328e-01,-2.690579314658317678e+00
-2.983010731652247394e+00,8.147028917212268961e-01,-3.212633784146257554e+00
-2.854777444690542954e+00,6.023262237005028163e-01,-3.393733149519475134e+00
-2.650421692453180711e+00,4.937579825995402349e-01,-2.598669040827561894e+00
9.415035247802734375e-01,-2.920653581619262695e+00,-2.096968412399291992e+00
7.098686045717059745e-01,-3.139704119062887600e+00,-2.844371587507901644e+00
1.136024886996632732e+00,-3.139704119062887600e+00,-2.844371587507901644e+00
1.239748232649102277e+00,-3.343612031780034854e+00,-2.595801727774709189e+00
8.135919502241755197e-01,-3.343612031780034854e+00,-2.595801727774709189e+00
-1.203539490780616283e+00,-2.452744031036507621e+00,4.520546236511056026e-01
-1.418724661402349208e+00,-2.703565533996603598e+00,1.012999001897313123e-01
-1.404462819547514396e+00,-2.319162519729505600e+00,1.092139924447688704e-01
-8.696604967117309570e-01,-2.174880027770996094e+00,3.534296527504920959e-01
-1.084845667333464103e+00,-2.425701530731092515e+00,2.674929289117777831e-03
-8.839223385665658794e-01,-2.559283042038094536e+00,3.455155604954545101e-01
-4.018987053921633468e+00,2.321711871227355672e+00,6.872045858246236261e-01
-4.170117939811615493e+00,2.070706932805483014e+00,6.564203559035762803e-01
-4.146793179508664551e+00,2.190897821771050413e+00,4.573493487810439961e-01
1.842954718405850123e+00,3.109028989195073756e+00,-2.594512148885685487e+00
-1.189277648925781250e+00,-2.494497299194335938e+00,-2.523124694824218750e+00
-1.769365069436791726e+00,-2.640543331891730183e+00,-2.987777825837419687e+00
-1.769365069436791726e+00,-3.066699614316656941e+00,-2.561621543412492930e+00
-1.615433931350708008e+00,-2.494497299194335938e+00,-2.096968412399291992e+00
-2.195521351861718706e+00,-2.640543331891730183e+00,-2.561621543412492930e+00
-1.615433931350708008e+00,-2.068341016769409180e+00,-2.523124694824218750e+00
2.293246439103992174e+00,-2.017303552459541738e+00,9.259656346862719101e-01
-3.212759737607075450e-01,-1.530341995942707367e+00,4.253222194932312128e+00
-1.745043065603027188e-01,-1.308048512181075207e+00,4.334591756543310304e+00
-1.866697796350116900e-02,-1.529719730226923868e+00,4.253663917640256642e+00
3.919872462780709665e-01,-3.472114280146295417e+00,2.560360090469412597e+00
4.430064232904831756e-01,-3.240433125039778428e+00,2.827826335671858704e+00
6.678378305339460752e-01,-3.376244163158566458e+00,2.635044716978539814e+00
4.220443028807404628e-01,1.979444701073428625e+00,1.631536580271621961e+00
8.470262733696749535e-01,2.071541797279753183e+00,1.215674337792006288e+00
7.537233338950687367e-01,1.857765167710481835e+00,1.534929786319243483e+00
4.220443028807404628e-01,1.553288478253146643e+00,1.631536580271621961e+00
5.153472423553466797e-01,1.767065107822418213e+00,1.312281131744384766e+00
2.646128654479980469e+00,-2.068341016769409180e+00,1.312281131744384766e+00
2.719402721528918931e+00,-2.017303552459541738e+00,9.259656346862719101e-01
3.072284936904907227e+00,-1.642184793949127197e+00,8.861249238252639771e-01
3.402918679350780184e+00,1.015077301328745740e+00,2.555743882549455837e+00
3.204938411840166701e+00,1.000645682491137833e+00,2.783196196375112841e+00
2.976762396925853427e+00,1.441233539050188917e+00,2.555743882549455837e+00
2.778782129415239943e+00,1.426801920212581010e+00,2.783196196375112841e+00
2.646128654479980469e+00,9.147526472806930542e-01,2.164593696594238281e+00
-3.143904515446795944e+00,5.403244475479266340e-01,2.894124143243076652e+00
-3.376172965504039780e+00,5.374793402460844582e-01,2.645034341224926866e+00
-3.221256153893818919e+00,8.042830242264046303e-01,2.752104975402391851e+00
-4.225244200398172723e+00,1.117364553761626689e-02,-2.033397087621644950e+00
-4.112066598765706793e+00,-2.123959702625624613e-01,-2.198995725556770253e+00
-4.082078262972363092e+00,6.949762936874803732e-02,-2.292915643823410399e+00
-3.404785529492117213e+00,8.099641404514925647e-01,2.530366964688075093e+00
-2.936749057810456032e-01,8.538127457065358694e-02,4.742912510177996310e+00
-1.252887396029372935e-01,3.349427227007778507e-01,4.745633119834418601e+00
-6.194355338811859124e-02,1.377591490745544434e-01,4.754226684570312500e+00
-3.416899144337220973e-02,-3.472114280146295417e+00,2.560360090469412597e+00
-2.865655369908292061e-01,-3.370777325845581984e+00,2.690474443303200403e+00
1.395907007306139702e-01,-3.370777325845581984e+00,2.690474443303200403e+00
8.919100463390350342e-02,-2.920653581619262695e+00,2.164593696594238281e+00
-2.649904212568469086e-01,-1.288782646279265087e-01,4.704588127943355680e+00
-9.520262225203879325e-02,6.125875895052880493e-02,4.470128986905984370e+00
-3.325906886391989670e-02,-7.650039012402563843e-02,4.715902302335671870e+00
2.113433361053466797e+00,-2.601036310195922852e+00,3.534296527504920959e-01
2.219972372055053711e+00,-2.494497299194335938e+00,8.861249238252639771e-01
2.113433361053466797e+00,-2.174880027770996094e+00,7.795858606696128845e-01
1.687277078628540039e+00,-2.601036310195922852e+00,7.795858606696128845e-01
1.793816089630126953e+00,-2.494497299194335938e+00,1.312281131744384766e+00
1.793816089630126953e+00,-2.920653581619262695e+00,8.861249238252639771e-01
2.006894230842590332e+00,7.016745358705520630e-01,1.951515555381774902e+00
2.113433361053466797e+00,3.820573538541793823e-01,2.058054625988006592e+00
1.900355219841003418e+00,5.951354801654815674e-01,1.844976484775543213e+00
2.006894230842590332e+00,7.016745358705520630e-01,1.525359272956848145e+00
2.113433361053466797e+00,3.820573538541793823e-01,1.631898343563079834e+00
2.219972372055053711e+00,4.885964095592498779e-01,1.738437414169311523e+00
7.795856585542743078e-02,-4.701225445096078204e+00,-3.718306676073173112e-01
3.975757404212195145e-01,-4.381608292882027911e+00,-2.652916119022468155e-01
1.957300677895545959e-01,-4.092583298683166504e+00,-4.988828450441360474e-01
8.919099718332290649e-02,-4.412200450897216797e+00,3.381246328353881836e-02
4.088081717491149902e-01,-4.092583298683166504e+00,1.403515189886093140e-01
2.910366698149878251e-01,-4.701225445096078204e+00,2.674036964254280502e-01
3.072284936904907227e+00,-2.068341016769409180e+00,8.861249238252639771e-01
3.706867175134931358e+00,-2.158284836621804370e+00,7.537411954743821196e-01
3.706867175134931358e+00,-2.158284836621804370e+00,1.179897403393503019e+00
3.574019350217998880e+00,-2.407019055775422522e+00,1.116949290499595238e+00
3.574019350217998880e+00,-2.407019055775422522e+00,6.907930825804744490e-01
3.072284936904907227e+00,-3.637160956859588623e-01,-1.670812129974365234e+00
2.646128654479980469e+00,-3.637160956859588623e-01,-1.670812129974365234e+00
2.646128654479980469e+00,-3.637160956859588623e-01,-1.244655847549438477e+00
3.072284936904907227e+00,6.244015693664550781e-02,-1.670812129974365234e+00
2.646128654479980469e+00,6.244015693664550781e-02,-1.670812129974365234e+00
3.072284936904907227e+00,6.244015693664550781e-02,-2.096968412399291992e+00
4.220443028807404628e-01,1.553288478253146643e+00,2.483849025912185926e+00
4.888733777979639150e-01,2.022060351171524495e+00,2.111930862040746426e+00
5.821763172725701319e-01,1.809680757920513861e+00,2.644987859154073639e+00
5.153472423553466797e-01,1.340908885002136230e+00,2.590749859809875488e+00
5.821763172725701319e-01,1.809680757920513861e+00,2.218831695938436432e+00
4.220443028807404628e-01,1.553288478253146643e+00,2.057692862696548719e+00
-3.579371305339193121e+00,-5.320131671800962803e-01,-2.305534796163001943e+00
-3.426597833633422852e+00,-4.409889876842498779e-02,-1.990429341793060303e+00
-1.721973001956939697e+00,2.512838542461395264e+00,1.205742061138153076e+00
-2.041590213775634766e+00,2.619377613067626953e+00,1.312281131744384766e+00
-1.721973001956939697e+00,2.086682260036468506e+00,1.205742061138153076e+00
-1.241950730517294765e+00,2.147246030047923249e+00,1.256498917108918256e+00
-1.561567942335989834e+00,2.253785100654154938e+00,1.363037987715149946e+00
-1.561567942335989834e+00,2.679941383079081696e+00,1.363037987715149946e+00
3.811586098628595209e+00,1.378466858566089970e+00,-1.378022772631447346e+00
3.909378728112359092e+00,1.195427652313272526e+00,-1.207266198137863622e+00
3.854910351428829873e+00,1.470872774594522481e+00,-1.104661831483878087e+00
2.554745545387349104e+00,2.762958053325771601e+00,2.259563502897103948e+00
2.772321998743266569e+00,2.566618718806229715e+00,2.233694246440912412e+00
-8.959940213226489369e-01,-4.155585603012213802e+00,-1.639942772372381175e+00
-8.159645461906803732e-01,-4.268317936335871643e+00,-1.370604543275813159e+00
-6.092126980947271120e-01,-4.235027487250752287e+00,-1.589104465328718518e+00
3.022691309452056885e-01,-2.707575440406799316e+00,-1.883890271186828613e+00
6.218863427639007568e-01,-2.387958168983459473e+00,-1.564273059368133545e+00
8.349644541740417480e-01,-2.601036310195922852e+00,-1.777351200580596924e+00
5.619581068992072215e-01,-2.452325592378555630e+00,-2.041479305197653193e+00
8.815753187179022898e-01,-2.132708320955215786e+00,-1.721862093378958125e+00
3.488799954890661748e-01,-2.239247451166092251e+00,-1.828401163985189815e+00
2.646128654479980469e+00,-2.068341016769409180e+00,1.738437414169311523e+00
2.219972372055053711e+00,-1.642184793949127197e+00,2.164593696594238281e+00
2.646128654479980469e+00,-1.642184793949127197e+00,1.738437414169311523e+00
2.219972372055053711e+00,-1.642184793949127197e+00,1.738437414169311523e+00
2.219972372055053711e+00,-2.068341016769409180e+00,1.738437414169311523e+00
4.440338043371027332e+00,4.022247571872633043e-01,-1.474551191892449875e+00
4.325354636896607374e+00,4.397912478271563952e-01,-1.761779740976353370e+00
4.377281461715403665e+00,6.215486660377542716e-01,-1.557743305019536617e+00
3.423034841980780563e+00,1.615050860957037315e+00,-2.389146272852086028e+00
3.328785614060469022e+00,1.850678481565933620e+00,-2.330475536169553941e+00
3.257411366684844545e+00,1.705017188882826273e+00,-2.537414461039302793e+00
2.539589643478393555e+00,-4.702551513910293579e-01,-2.203507423400878906e+00
2.113433361053466797e+00,-4.702551513910293579e-01,-2.203507423400878906e+00
2.646128654479980469e+00,-3.637160956859588623e-01,-2.096968412399291992e+00
2.646128654479980469e+00,-3.637160956859588623e-01,-2.523124694824218750e+00
2.219972372055053711e+00,-3.637160956859588623e-01,-2.523124694824218750e+00
2.113433361053466797e+00,-4.702551513910293579e-01,-2.629663705825805664e+00
4.289341880331841494e+00,1.920638430679045605e+00,-1.965827817502558972e-01
3.756646467696038272e+00,2.240255582893095898e+00,-3.031218449059069897e-01
3.604980349540710449e+00,1.873604178428649902e+00,-2.858047261834144592e-01
4.145721595442915408e+00,2.168545463602834289e+00,-1.013463331453031274e-01
3.613026182807112185e+00,2.488162615816884582e+00,-2.078853963009542061e-01
2.539589643478393555e+00,-4.702551513910293579e-01,-1.777351200580596924e+00
3.072284936904907227e+00,-7.898723334074020386e-01,-1.670812129974365234e+00
2.539589643478393555e+00,-8.964113891124725342e-01,-1.351194918155670166e+00
2.113433361053466797e+00,-8.964113891124725342e-01,-1.777351200580596924e+00
2.646128654479980469e+00,-1.216028571128845215e+00,-1.670812129974365234e+00
2.646128654479980469e+00,-7.898723334074020386e-01,-2.096968412399291992e+00
-2.041590213775634766e+00,-1.216028571128845215e+00,-8.184998184442520142e-01
-2.467746376991271973e+00,-1.642184793949127197e+00,-8.184998184442520142e-01
-2.467746376991271973e+00,-1.642184793949127197e+00,-1.244655847549438477e+00
-2.041590213775634766e+00,-1.642184793949127197e+00,-8.184998184442520142e-01
-2.467746376991271973e+00,-2.068341016769409180e+00,-8.184998184442520142e-01
-2.041590213775634766e+00,-1.642184793949127197e+00,-3.923437893390655518e-01
-2.888575610311495456e+00,5.767870790014668625e-01,1.309652142226694349e-02
-2.995114621313082370e+00,4.702480232963964224e-01,3.327137108892201933e-01
-3.000441551208496094e+00,3.820573538541793823e-01,-7.272659987211227417e-02
-2.479372271937880789e+00,4.927560224688726787e-01,-4.409106724862348337e-01
-2.585911282939467704e+00,3.862169667638021830e-01,-1.212934830192815838e-01
-2.474045342042467066e+00,5.809466919110897187e-01,-3.547036172490236616e-02
3.510883149519859359e+00,1.710289948307065044e+00,-2.175045950358671654e+00
1.367659807205200195e+00,-1.216028571128845215e+00,2.590749859809875488e+00
9.415035247802734375e-01,-1.216028571128845215e+00,2.590749859809875488e+00
9.415035247802734375e-01,-1.216028571128845215e+00,2.164593696594238281e+00
1.367659807205200195e+00,-1.642184793949127197e+00,2.164593696594238281e+00
9.415035247802734375e-01,-1.642184793949127197e+00,2.164593696594238281e+00
1.367659807205200195e+00,-1.642184793949127197e+00,2.590749859809875488e+00
2.385706901906271327e+00,9.261908692926266173e-01,-3.513649818951725123e+00
2.503920048606167903e+00,6.588014032397304653e-01,-3.508143742918239383e+00
2.252165010038853943e+00,6.947506359834140222e-01,-3.652373287018971126e+00
3.022691309452056885e-01,1.127830773591995239e+00,-3.588515400886535645e+00
3.022691309452056885e-01,7.016745358705520630e-01,-3.588515400886535645e+00
5.153472423553466797e-01,9.147526472806930542e-01,-3.801593542098999023e+00
4.088081717491149902e-01,1.234369814395904541e+00,-3.481976270675659180e+00
4.088081717491149902e-01,8.082135766744613647e-01,-3.481976270675659180e+00
1.957300603389739990e-01,1.021291702985763550e+00,-3.268898129463195801e+00
-3.348018764451201612e+00,-1.771529789351842243e+00,-2.537943439831194858e+00
-3.301626009822667740e+00,-2.018784207606820313e+00,-2.376908383713613127e+00
-3.157554338815780071e+00,-1.959090074948336646e+00,-2.613826443950694411e+00
2.598483905419419315e+00,2.747381467541663902e+00,-2.192743922305232296e+00
2.526812180604232516e+00,2.615486181293025236e+00,-2.439750272799959152e+00
-1.457382749625798279e+00,3.805449325023915197e+00,-1.165498324349535597e+00
-1.883539032050725037e+00,3.805449325023915197e+00,-1.165498324349535597e+00
-1.615433931350708008e+00,3.045533895492553711e+00,-1.244655847549438477e+00
-1.189277648925781250e+00,3.471690177917480469e+00,-8.184998184442520142e-01
-1.615433931350708008e+00,3.471690177917480469e+00,-8.184998184442520142e-01
2.558683801281341985e+00,-3.445237191012581413e+00,-6.559608927154533253e-01
2.470903601957557871e+00,-3.540413450613731250e+00,-4.628988612914898271e-01
3.534215625907624614e-01,3.736071960318412266e+00,-2.713991728036138973e+00
-2.533654588066399094e-01,3.966107232865644594e+00,-2.388407533065714183e+00
1.216383621704076878e-01,3.488647190042959867e+00,-2.410618760275546890e+00
6.218863129615783691e-01,3.152072906494140625e+00,-2.416585683822631836e+00
1.509929156417599838e-02,3.382108179041372953e+00,-2.091001488852207046e+00
2.468824919845307719e-01,3.629532949316825352e+00,-2.394374456612799129e+00
2.926420945930005679e+00,-3.389734618906599994e+00,-1.212707498139133699e+00
2.703035044822339472e+00,-3.564080726642172792e+00,-1.252980516567677061e+00
2.782069702389009080e+00,-3.270891083277008171e+00,-6.156878742869100751e-01
2.364323615596050754e+00,-3.039497117248854074e+00,-9.893634131912892871e-01
1.683504521044646651e+00,3.347764417566537531e+00,2.467950085724053721e+00
1.715326009725818501e+00,3.140480213630711948e+00,2.685112986359795784e+00
1.458624046799484431e+00,3.297825462697355992e+00,2.663075550129692548e+00
-3.746215105056762695e+00,9.147526472806930542e-01,4.599687159061431885e-01
-3.533136963844299316e+00,1.127830773591995239e+00,2.468905895948410034e-01
-3.533136963844299316e+00,7.016745358705520630e-01,2.468905895948410034e-01
-3.828252196557326847e+00,5.498835266343548023e-01,1.149415861296774338e-01
-3.615174055344863469e+00,7.629616529456569873e-01,-9.813654018162475123e-02
-3.828252196557326847e+00,9.760397643557979785e-01,1.149415861296774338e-01
3.735888671811590012e+00,1.277231574541366266e+00,-2.069727640861536599e+00
3.735888671811590012e+00,8.510753368199230895e-01,-2.069727640861536599e+00
3.072284936904907227e+00,9.147526472806930542e-01,-2.096968412399291992e+00
3.632786763314812983e+00,1.168772768789330341e+00,-2.315670674919378058e+00
3.632786763314812983e+00,7.426165310678871645e-01,-2.315670674919378058e+00
7.734211460549489381e-02,-1.166335936219466074e+00,-4.325223947923496404e+00
-2.220371272659999451e-01,-1.208157503484907913e+00,-4.327102611698066426e+00
-1.087834150580764964e-01,-9.327108328557922601e-01,-4.378902531003871168e+00
-9.062552990093922234e-02,2.439302865017021205e+00,-1.402608311612220771e+00
3.022691309452056885e-01,2.832455754280090332e+00,-1.457733988761901855e+00
1.224525815092017689e-01,2.652381006229484584e+00,-1.189530170399757392e+00
1.224525815092017689e-01,2.226224723804557826e+00,-1.189530170399757392e+00
5.153472423553466797e-01,2.619377613067626953e+00,-1.244655847549438477e+00
3.022691309452056885e-01,2.406299471855163574e+00,-1.457733988761901855e+00
2.353787592630936842e+00,2.842713619207454023e+00,-2.334595607036137110e+00
-3.369652330875396729e-01,1.767065107822418213e+00,-2.096968412399291992e+00
-7.631214410066604614e-01,1.340908885002136230e+00,-2.096968412399291992e+00
-7.631214410066604614e-01,1.767065107822418213e+00,-2.096968412399291992e+00
-3.369652330875396729e-01,1.767065107822418213e+00,-2.523124694824218750e+00
-7.631214410066604614e-01,1.340908885002136230e+00,-2.523124694824218750e+00
-3.369652330875396729e-01,1.340908885002136230e+00,-2.523124694824218750e+00
1.636223146617613811e+00,3.529815630252123082e+00,2.228901704693119878e+00
1.836690917106212018e+00,3.539372011185142775e+00,2.006534643269902496e+00
-4.217339993495455630e+00,5.120569002108930068e-01,1.482505826358437417e+00
-3.852754116058349609e+00,8.082135766744613647e-01,1.418820202350616455e+00
-4.092576226640110448e+00,6.265563684385103693e-01,1.741422787671139449e+00
3.723743634260153534e+00,2.291938431488730998e+00,4.186445572164318452e-01
3.564407919956254389e+00,2.530438182451236084e+00,5.133179234853437745e-01
1.367659807205200195e+00,2.619377613067626953e+00,2.164593696594238281e+00
1.793816089630126953e+00,2.193221330642700195e+00,2.164593696594238281e+00
1.793816089630126953e+00,2.193221330642700195e+00,2.590749859809875488e+00
1.367659807205200195e+00,2.193221330642700195e+00,2.590749859809875488e+00
1.367659807205200195e+00,2.619377613067626953e+00,2.590749859809875488e+00
1.048042595386505127e+00,3.152072906494140625e+00,-2.416585683822631836e+00
1.184959499953193385e+00,3.522342289603625609e+00,-2.462898424134956965e+00
8.653422881344983164e-01,3.628881300605212523e+00,-2.782515695558296809e+00
9.279703701113600767e-01,3.769831113894491992e+00,-2.530138198347137823e+00
1.247587581930055034e+00,3.663292102892905078e+00,-2.210520926923797980e+00
3.808574562889420090e+00,-2.076105162796437753e+00,2.505890202585762672e-01
3.706061176466407758e+00,-2.251853892517757139e+00,4.722651384894765991e-01
3.826081279534817359e+00,-1.988472371272092865e+00,5.389960017277851678e-01
-1.610454611536426439e+00,3.697205217638032337e+00,1.356095205232717316e+00
-1.541018772252564784e+00,3.628622952332893448e+00,1.615168971274297594e+00
-1.665691677260549453e+00,-1.284094801284108911e+00,-4.176948711662692659e+00
-1.633649308335445749e+00,-9.925315369656679820e-01,-4.274351726537648943e+00
-1.885274870729589880e+00,-1.079379003208040366e+00,-4.131939761691352686e+00
-3.112557234995437128e+00,1.521015150255112136e+00,-2.707490912678311545e+00
-3.195309001818538164e+00,1.708429595467414686e+00,-2.503081340727477677e+00
-2.967747338075318986e+00,1.774590683637028654e+00,-2.697138954972556846e+00
-2.467746376991271973e+00,-1.216028571128845215e+00,-1.244655847549438477e+00
-2.893902540206909180e+00,-1.642184793949127197e+00,-1.244655847549438477e+00
-2.467746376991271973e+00,-1.216028571128845215e+00,-8.184998184442520142e-01
-3.746215105056762695e+00,-7.898723334074020386e-01,-3.923437893390655518e-01
-4.065832495689392090e+00,-4.702551513910293579e-01,-2.858047261834144592e-01
-3.533136963844299316e+00,-5.767942219972610474e-01,-1.792656630277633667e-01
-2.467746376991271973e+00,4.885964095592498779e-01,2.164593696594238281e+00
-2.574285387992858887e+00,8.082135766744613647e-01,2.058054625988006592e+00
-2.148129224777221680e+00,8.082135766744613647e-01,2.058054625988006592e+00
-2.467746376991271973e+00,4.885964095592498779e-01,1.738437414169311523e+00
-2.574285387992858887e+00,8.082135766744613647e-01,1.631898343563079834e+00
-2.893902540206909180e+00,4.885964095592498779e-01,1.738437414169311523e+00
1.141939352236570837e+00,5.052386527819259232e-01,-4.344573728070871610e+00
1.189877030687587656e+00,7.321484162484963587e-01,-4.299946302933413733e+00
1.423514221615997943e+00,5.055852846412440815e-01,-4.274527204688173043e+00
3.663878565840654744e+00,5.055852846411792445e-01,2.368558159916437145e+00
3.706234626111214236e+00,7.618068317295416669e-01,2.210518833679586681e+00
3.548572434854472490e+00,7.644732499361331923e-01,2.471376958558436865e+00
-2.392985131804663546e+00,3.505482531042920513e+00,-1.282580490048683686e+00
-2.190028099725494837e+00,3.551409115862630639e+00,-1.498401643389699167e+00
5.153472423553466797e-01,9.147526472806930542e-01,3.869218587875366211e+00
5.562285406143878674e-01,7.828192842770023141e-01,4.357595056796622401e+00
5.562285406143878674e-01,1.208975521998445490e+00,4.357595056796622401e+00
2.681203948044960650e-01,1.109183081442074670e+00,4.395789508041023197e+00
2.681203948044960650e-01,6.830268437206313825e-01,4.395789508041023197e+00
-1.362981844449391300e+00,-1.188150123235471645e+00,-4.318286593708630328e+00
-1.442112541094542344e+00,-8.529437755440025803e-01,-4.369006009729999640e+00
-3.369682650146021530e+00,-2.485574783368047935e+00,1.324369322182245234e+00
-3.545196317145673071e+00,-2.286333796942841445e+00,1.184775431682300262e+00
-3.474239320611169912e+00,-2.249884503866959484e+00,1.469862042458130791e+00
-3.699075243229765331e+00,-1.411093108718142419e+00,2.266471021784289164e+00
-3.539300812901079674e+00,-1.612247110861354749e+00,2.413867473012102138e+00
-3.652516744048686093e+00,-1.673590609504620907e+00,2.150259519596253277e+00
4.343633597073974784e+00,7.386854098385100542e-01,8.086255609138555123e-01
4.337623690841514446e+00,4.961690598981044475e-01,9.678139466293915749e-01
4.407881109197351321e+00,5.055852846412876023e-01,6.781539581843828435e-01
-2.467746376991271973e+00,-1.216028571128845215e+00,-3.923437893390655518e-01
-2.893902540206909180e+00,-1.642184793949127197e+00,-8.184998184442520142e-01
-2.467746376991271973e+00,-1.642184793949127197e+00,-3.923437893390655518e-01
-2.192910632107428981e+00,1.915726386136248793e+00,3.332032727876757860e+00
-2.201911148702512921e+00,1.633008547860006932e+00,3.490485930014525007e+00
-3.840775761234010988e-01,2.879042089672434024e+00,3.248124541109543184e+00
-2.304261699318885803e-01,2.725916624069213867e+00,2.697288870811462402e+00
-2.775385129677500062e-01,3.411737383098947696e+00,2.928507388895492891e+00
-3.054726262513605961e-02,3.346322998274120053e+00,3.005664623630341481e+00
-1.370863257807871660e-01,2.813627704847606381e+00,3.325281775844391774e+00
-1.097016259264678162e+00,-2.754442970944063873e+00,3.424711624211004946e+00
2.610929652901344156e+00,-1.625787324664328626e+00,-2.769328984246215430e+00
2.582544217646520757e+00,-1.392284945977013244e+00,-2.910336073220863629e+00
2.400994066469126054e+00,-1.631705367507219728e+00,-2.928738237278551537e+00
1.749238045016410448e+00,1.542351918902921559e+00,3.595244875320273259e+00
1.737036895889681132e+00,1.797781704946854742e+00,3.475656172028743551e+00
1.507588899949946049e+00,1.721293781758503005e+00,3.622018198348925466e+00
-2.041590213775634766e+00,-1.216028571128845215e+00,2.590749859809875488e+00
-1.721973001956939697e+00,-1.322567641735076904e+00,2.484210789203643799e+00
-1.721973001956939697e+00,-1.322567641735076904e+00,2.058054625988006592e+00
-1.615433931350708008e+00,-1.216028571128845215e+00,2.164593696594238281e+00
-1.295816719532012939e+00,-1.322567641735076904e+00,2.058054625988006592e+00
-1.615433931350708008e+00,-1.216028571128845215e+00,2.590749859809875488e+00
8.349644541740417480e-01,8.082135766744613647e-01,3.549601435661315918e+00
1.261120736598968506e+00,8.082135766744613647e-01,3.549601435661315918e+00
9.415035247802734375e-01,4.885964095592498779e-01,3.016906023025512695e+00
9.415035247802734375e-01,9.147526472806930542e-01,3.016906023025512695e+00
1.367659807205200195e+00,9.147526472806930542e-01,3.016906023025512695e+00
1.261120736598968506e+00,1.234369814395904541e+00,3.549601435661315918e+00
5.619581068992072215e-01,-2.026169309953628872e+00,-1.615323022772726436e+00
8.349644541740417480e-01,-2.174880027770996094e+00,-1.351194918155670166e+00
3.022691309452056885e-01,-2.281419157981872559e+00,-1.457733988761901855e+00
2.777770852045737815e+00,3.322892170184157834e+00,1.133679560444882162e+00
2.864747793091318773e+00,3.172922883177015763e+00,1.325316993384102027e+00
-2.893902540206909180e+00,-1.216028571128845215e+00,-8.184998184442520142e-01
-2.432941092579235409e+00,-2.454881160020501163e+00,-2.544286652856357023e+00
-2.221720414413013600e+00,-2.410512750936727677e+00,-2.755370387851011849e+00
-2.446761455378654304e+00,-2.220314087311307638e+00,-2.724695226072411991e+00
-1.161891590039163313e+00,1.711510143321295918e-01,-3.797696448139030068e+00
-1.161891590039163313e+00,1.711510143321295918e-01,-3.371540165714103310e+00
-1.189277648925781250e+00,4.885964095592498779e-01,-3.375437259674072266e+00
-1.508894860744476318e+00,1.689792200922966003e-01,-3.908132672309875488e+00
-1.508894860744476318e+00,1.689792200922966003e-01,-3.481976389884948730e+00
-1.481508801857858382e+00,-1.484661751348236858e-01,-3.904235578349906532e+00
3.554340264830107010e+00,-2.257514901280711861e+00,-1.447134659359657460e+00
3.369499245338026583e+00,-2.490631907168363135e+00,-1.498411893780387416e+00
3.409942527861698824e+00,-2.280400819295660853e+00,-1.711264721538799716e+00
-2.467746376991271973e+00,-1.216028571128845215e+00,2.164593696594238281e+00
-2.467746376991271973e+00,-1.216028571128845215e+00,2.590749859809875488e+00
-2.041590213775634766e+00,-7.898723334074020386e-01,2.590749859809875488e+00
-2.467746376991271973e+00,-7.898723334074020386e-01,2.164593696594238281e+00
-2.041590213775634766e+00,-7.898723334074020386e-01,2.164593696594238281e+00
-2.232077205972896827e+00,-1.733784417002591782e+00,-3.349590431315771610e+00
-2.449863954549161615e+00,-1.540602435576825968e+00,-3.301671296000387557e+00
-2.226440287264340512e+00,-1.466334696081070366e+00,-3.489511643791918249e+00
2.240299019539239433e-01,1.734993854286785542e+00,4.349160905494103169e+00
2.162545400811993757e-01,1.456554841898166641e+00,4.446134034787060152e+00
4.622325659369693196e-01,1.605010837515815636e+00,4.379439538470083271e+00
-3.369652330875396729e-01,-1.642184793949127197e+00,-3.375437259674072266e+00
-6.934703404386923786e-01,-2.182845493523268399e+00,-3.632170017571175524e+00
-6.934703404386923786e-01,-1.756689270702986416e+00,-4.058326299996101838e+00
-4.356702306846070294e-01,-1.752371429096525102e+00,-4.107390867592126682e+00
-4.356702306846070294e-01,-2.178527651916807084e+00,-3.681234585167199924e+00
-2.620619111363165388e+00,-3.318670097743948944e+00,1.922541449131913271e+00
-2.538416993857933512e+00,-3.231289263916360177e+00,2.129826991077551135e+00
-2.740304342632246648e+00,-3.099436621288210070e+00,2.072385572138656595e+00
-3.369652330875396729e-01,-1.642184793949127197e+00,3.443062305450439453e+00
1.616695365113414162e-01,-1.752280141708644212e+00,3.516074512060440416e+00
1.616695365113414162e-01,-2.178436364528926195e+00,3.089918229635513658e+00
-3.255247956908756679e-01,-1.617516348487388012e+00,2.958988868634570224e+00
-3.255247956908756679e-01,-1.191360125667106029e+00,3.385145151059496982e+00
-3.246298114207852858e+00,-3.169380698174155686e+00,3.460326130386275345e-01
3.519123225339575889e+00,-1.360790629246969807e+00,1.979437620281107257e+00
3.178823947906494141e+00,-8.964113891124725342e-01,1.844976425170898438e+00
3.792149004935429168e+00,-9.165606623568628430e-01,2.300231333594675576e+00
3.625662236341162803e+00,-1.041173447230597127e+00,2.512132913707620929e+00
2.554745545387349104e+00,3.189114335750698359e+00,1.833407220472177190e+00
2.505307782643032333e+00,3.370064830208144180e+00,1.599839763429474537e+00
2.722923385487770354e+00,3.186833515278019835e+00,1.593859100092599901e+00
2.507546542047645488e+00,-2.663595505966188881e+00,2.363623983941057549e+00
-1.734806597232818604e-02,-8.964113891124725342e-01,-3.055819988250732422e+00
-3.369652330875396729e-01,-7.898723334074020386e-01,-2.949280977249145508e+00
-1.734806597232818604e-02,-4.702551513910293579e-01,-3.055819988250732422e+00
-1.238871216773986816e-01,-5.767942070960998535e-01,-3.162358999252319336e+00
-4.435042887926101685e-01,-4.702551513910293579e-01,-3.055819988250732422e+00
-4.435042887926101685e-01,-8.964113891124725342e-01,-3.055819988250732422e+00
-1.402355790138244629e+00,-1.855262875556945801e+00,-1.883890211582183838e+00
-1.295816719532012939e+00,-1.748723864555358887e+00,-2.203507423400878906e+00
-1.295816719532012939e+00,-2.174880027770996094e+00,-1.777351200580596924e+00
-1.721973001956939697e+00,-2.174880027770996094e+00,-1.777351200580596924e+00
-1.615433931350708008e+00,-2.068341016769409180e+00,-2.096968412399291992e+00
-1.721973001956939697e+00,-1.748723864555358887e+00,-2.203507423400878906e+00
-1.676666875004223733e+00,-1.552338764640844193e+00,-4.055287817193351962e+00
-1.721973001956939697e+00,-1.109489500522613525e+00,-3.481976389884948730e+00
-1.996284086822918802e+00,-1.658877835247075883e+00,-3.522592404557548740e+00
-1.985308889079244521e+00,-1.390633871890340600e+00,-3.644253299026888993e+00
-3.572848613297635367e+00,2.157350469139316829e+00,-1.400397043323969415e+00
-3.424963104857157603e+00,2.420326713274837616e+00,-1.387340999456885715e+00
-3.558980476357452183e+00,2.326963287983015327e+00,-1.147270830993849966e+00
-3.680484540740359467e+00,-1.272606459470947193e+00,-1.527671157769545873e+00
-3.550408873394773401e+00,-1.489834715444996682e+00,-1.645977688392081140e+00
-3.787023551741946381e+00,-1.379145530077178883e+00,-2.060366451196059323e+00
-3.656947884396360315e+00,-1.596373786051228372e+00,-2.178672981818595034e+00
-3.000441551208496094e+00,-1.322567641735076904e+00,-1.777351140975952148e+00
-2.268249306394352072e+00,-1.593917547537825996e+00,3.437663414284759078e+00
-2.501680222966607747e+00,-1.588328372630094520e+00,3.267988053413572125e+00
-2.447095513860931160e+00,-1.351179909824800518e+00,3.422446742951292808e+00
-1.305123019548127150e+00,1.176537807945836400e+00,1.602406860730654525e+00
-1.411662090154358840e+00,1.069998767141927098e+00,1.495867790124422836e+00
-1.508894860744476318e+00,1.021291702985763550e+00,1.844976484775543213e+00
-1.746388402736527290e+00,1.249072819753140884e+00,1.495228631128090679e+00
-1.852927473342758979e+00,1.142533778949231582e+00,1.388689560521858990e+00
-1.649155632146409811e+00,1.297779883909304210e+00,1.146119936476970302e+00
1.687277078628540039e+00,-4.702551513910293579e-01,-2.203507423400878906e+00
1.367659807205200195e+00,-3.637160956859588623e-01,-2.523124694824218750e+00
1.687277078628540039e+00,-4.702551513910293579e-01,-2.629663705825805664e+00
1.687277078628540039e+00,-8.964113891124725342e-01,-2.203507423400878906e+00
1.367659807205200195e+00,-7.898723334074020386e-01,-2.523124694824218750e+00
1.367659807205200195e+00,-7.898723334074020386e-01,-2.096968412399291992e+00
3.701956282702246526e+00,-7.602785246439083267e-01,2.525516527645343956e+00
3.594381698986751417e+00,-5.499236542336169986e-01,2.729118338703856672e+00
3.531488184630488636e+00,-8.915140334259434862e-01,2.711550277492464023e+00
1.367659807205200195e+00,2.619377613067626953e+00,-3.923437893390655518e-01
1.474198877811431885e+00,2.299760341644287109e+00,-2.858047261834144592e-01
1.474198877811431885e+00,2.725916624069213867e+00,-2.858047261834144592e-01
9.415035247802734375e-01,3.045533895492553711e+00,-3.923437893390655518e-01
1.048042595386505127e+00,2.725916624069213867e+00,-2.858047261834144592e-01
9.415035247802734375e-01,2.619377613067626953e+00,-3.923437893390655518e-01
1.957300677895545959e-01,2.299760341644287109e+00,-2.858047261834144592e-01
3.022691309452056885e-01,2.406299471855163574e+00,-1.792656630277633667e-01
5.153472423553466797e-01,2.619377613067626953e+00,-3.923437893390655518e-01
3.022691309452056885e-01,2.832455754280090332e+00,-1.792656630277633667e-01
1.957300677895545959e-01,2.725916624069213867e+00,-2.858047261834144592e-01
4.385979577018851217e+00,1.709396534133047707e+00,1.750711137365687509e-02
4.401332766341283786e+00,1.654904326207142784e+00,-2.864581716275041434e-01
-4.109038501805088117e+00,-1.717977311294482501e+00,3.663473719221576053e-01
-3.426597833633422852e+00,-1.748723804950714111e+00,3.534296527504920959e-01
2.898788666919032586e+00,-1.925542162348043540e+00,2.584176423651633137e+00
2.898788666919032586e+00,-1.499385939527761558e+00,2.584176423651633137e+00
3.001456807067031995e+00,-1.642645418665547252e+00,2.347949766028639473e+00
3.001456807067031995e+00,-2.068801641485829457e+00,2.347949766028639473e+00
-2.893902540206909180e+00,-1.642184793949127197e+00,1.312281131744384766e+00
-3.545977733047099179e+00,-1.993207761718671200e+00,1.617564226169739605e+00
-3.545977733047099179e+00,-1.567051538898389218e+00,1.617564226169739605e+00
-3.635243197264979464e+00,-1.611364356446445045e+00,1.330430619766465039e+00
-3.635243197264979464e+00,-2.037520579266726806e+00,1.330430619766465039e+00
3.618015897255233426e+00,2.345468035866377754e+00,-7.929618866100105468e-01
3.618015897255233426e+00,1.919311813046095994e+00,-1.219117915715197009e+00
3.072284936904907227e+00,1.767065107822418213e+00,-8.184998184442520142e-01
3.446608951414256161e+00,2.501812567225568884e+00,-9.870735525033791369e-01
3.446608951414256161e+00,2.075656344405286902e+00,-1.413229581608565599e+00
5.153472423553466797e-01,3.045533895492553711e+00,1.738437414169311523e+00
9.415035247802734375e-01,3.045533895492553711e+00,1.312281131744384766e+00
9.415035247802734375e-01,3.045533895492553711e+00,1.738437414169311523e+00
5.821763172725701319e-01,2.661993263165722823e+00,2.218831695938436432e+00
1.008332599697496779e+00,2.661993263165722823e+00,1.792675413513509453e+00
5.821763172725701319e-01,2.661993263165722823e+00,1.792675413513509453e+00
4.478348191199664541e+00,1.375856991322478073e+00,-3.822462282113837095e-01
4.371809060988788076e+00,8.431616829948032077e-01,-4.887852913670348021e-01
4.031136631965637207e+00,1.021291717886924744e+00,-2.858047261834144592e-01
4.387605764064632652e+00,1.577411845200754170e+00,-5.719667392230405323e-01
4.281066633853756187e+00,1.044716536873079304e+00,-6.785058023786916248e-01
5.573179736016581343e-01,1.640573716253605818e+00,-4.185327763781762300e+00
7.468723687075513595e-01,1.433447028813648494e+00,-4.230716705005866274e+00
8.485927107177182460e-01,1.657258032278326354e+00,-4.120488935476783965e+00
-2.737148853183629438e+00,3.327417763146016227e+00,-4.138074893074189520e-01
-2.677975880056362001e+00,3.392800388696668890e+00,-1.141547332474177195e-01
-2.515107725588800136e+00,3.521239794526016542e+00,-3.482773787097005469e-01
-3.080930856382608329e+00,2.259200294874406545e+00,-9.311399853084101341e-02
-2.548235682165384208e+00,2.365739365480638234e+00,-4.127311879977942910e-01
-2.574285387992858887e+00,2.086682260036468506e+00,-7.272659987211227417e-02
-3.000441551208496094e+00,1.660526037216186523e+00,-7.272659987211227417e-02
-2.467746376991271973e+00,1.767065107822418213e+00,-3.923437893390655518e-01
-2.974391845381021415e+00,1.939583142660356252e+00,-4.127311879977942910e-01
-4.271317334660128751e+00,-1.307900597977753154e+00,-2.897079336281331852e-01
-4.199925855621060578e+00,-1.453890970436334529e+00,-5.431722093423128062e-01
-4.284052166930461425e+00,-1.164159433120741660e+00,-5.540107426656133427e-01
-4.190107049857971333e+00,-1.300209961522929003e+00,-8.305049897850024232e-01
-4.269206398577500394e+00,-1.007432514241185295e+00,-7.870825465982272950e-01
4.789466868662178300e-01,2.522635711663170355e+00,-3.516083800991243180e+00
1.957300677895545959e-01,2.086682260036468506e+00,-3.481976389884948730e+00
4.088081717491149902e-01,2.512838602066040039e+00,-3.055819988250732422e+00
-3.387112881168712786e+00,1.642424958027991488e+00,-2.289873041293223999e+00
-3.551856323215929034e+00,1.555036291258956815e+00,-2.066762002397543263e+00
2.113433361053466797e+00,-8.964113891124725342e-01,-1.351194918155670166e+00
2.006894230842590332e+00,-1.002950459718704224e+00,-1.457733988761901855e+00
1.900355219841003418e+00,-6.833332777023315430e-01,-1.564273059368133545e+00
2.006894230842590332e+00,-1.002950459718704224e+00,-1.883890271186828613e+00
2.219972372055053711e+00,-1.216028571128845215e+00,-1.670812129974365234e+00
-3.193688480684621078e-01,4.280867273442606979e+00,-1.510736795965500479e+00
-5.392187321276289413e-01,4.324708980674701664e+00,-1.306577001455003995e+00
-2.596814027207682285e-01,4.370593427814611687e+00,-1.236490960146639839e+00
4.496894700081561780e-01,1.315514592604677180e+00,4.464134187007498866e+00
-4.118705189396585808e+00,-3.084435513799176354e-01,-1.713779875802950103e+00
-4.005527587764119879e+00,-5.320131671800962803e-01,-1.879378513738074963e+00
-3.852754116058349609e+00,-4.409889876842498779e-02,-1.564273059368133545e+00
2.672321429748615085e+00,-2.043013851573983075e+00,2.753028333344805567e+00
2.426058083627517625e+00,-2.147472507439761813e+00,2.892963415958755391e+00
-4.617993468741815377e+00,6.361399717202100845e-01,6.824845884251278250e-01
-4.672574802809746686e+00,3.684573870780897265e-01,5.536017326635291891e-01
-4.623889947993985672e+00,4.040326715891954801e-01,8.547271674877792158e-01
-4.091896834149487461e+00,-1.597734171234200362e+00,-7.856026977949742696e-01
-3.320058822631835938e+00,-1.642184793949127197e+00,-8.184998184442520142e-01
-3.961630275020943781e+00,-1.852758645747023758e+00,-7.781378003941429311e-01
-3.535473992596017023e+00,-2.278914868567305518e+00,-1.204293829499329505e+00
3.911467408416587688e+00,4.961690598981044475e-01,1.393970154548512363e+00
3.800543123378830490e+00,5.043332806941918101e-01,1.683209907865760524e+00
3.873683075165992307e+00,2.442982047796243561e-01,1.542652783478526857e+00
2.669101960537002771e+00,3.396886854326838900e+00,-7.500965984282499388e-01
2.219972372055053711e+00,2.619377613067626953e+00,-8.184998184442520142e-01
2.669101960537002771e+00,2.970730571901912143e+00,-1.176252627533436401e+00
2.862584317011688917e+00,2.739617963406311141e+00,-1.314373305025382077e+00
2.862584317011688917e+00,3.165774245831237899e+00,-8.882172759201955037e-01
1.474198877811431885e+00,-6.833332628011703491e-01,-1.564273059368133545e+00
1.318201691438489531e+00,-8.258603458079181170e-01,-1.168373187188816109e+00
1.424740762044721221e+00,-1.145477512923129604e+00,-1.487990399007511177e+00
1.687277019023895264e+00,-8.964113891124725342e-01,-1.777351200580596924e+00
1.531279832650952910e+00,-1.038938472119220302e+00,-1.381451328401279488e+00
1.580737948417663574e+00,-5.767942219972610474e-01,-1.457733988761901855e+00
-3.991503509198207622e-02,4.310375574888475114e+00,-1.432891431853475117e+00
-1.299112283787887123e-02,4.377018002085815596e+00,-1.196939248050561844e+00
2.219972372055053711e+00,6.244015693664550781e-02,-2.096968412399291992e+00
2.219972372055053711e+00,6.244015693664550781e-02,-2.523124694824218750e+00
2.646128654479980469e+00,4.885964095592498779e-01,-2.096968412399291992e+00
2.646128654479980469e+00,6.244015693664550781e-02,-2.523124694824218750e+00
2.646128654479980469e+00,6.244015693664550781e-02,-2.096968412399291992e+00
1.367659807205200195e+00,-1.216028571128845215e+00,-2.523124694824218750e+00
1.793816089630126953e+00,-1.642184793949127197e+00,-2.096968412399291992e+00
2.219972372055053711e+00,-1.642184793949127197e+00,-2.096968412399291992e+00
1.793816089630126953e+00,-1.216028571128845215e+00,-2.096968412399291992e+00
1.793816089630126953e+00,-1.216028571128845215e+00,-2.523124694824218750e+00
1.580737948417663574e+00,2.832455754280090332e+00,-1.792656630277633667e-01
1.580737948417663574e+00,2.832455754280090332e+00,2.468905895948410034e-01
1.367659807205200195e+00,3.045533895492553711e+00,3.381246328353881836e-02
1.474198877811431885e+00,2.725916624069213867e+00,1.403515264391899109e-01
9.415035247802734375e-01,-3.637160956859588623e-01,-2.949280977249145508e+00
5.153472423553466797e-01,-3.637160956859588623e-01,-2.523124694824218750e+00
9.415035247802734375e-01,-3.637160956859588623e-01,-2.523124694824218750e+00
1.367659807205200195e+00,6.244015693664550781e-02,-2.949280977249145508e+00
9.415035247802734375e-01,6.244015693664550781e-02,-2.949280977249145508e+00
-3.158650971643091943e+00,-3.211182159046113149e+00,6.135796657062537740e-01
-3.048630775547411798e+00,-3.228544232523229862e+00,1.268569648839893649e+00
-2.677343333109642121e+00,-2.618398383673040009e+00,1.434575843803252759e+00
-3.265189982644678857e+00,-2.678486865619599477e+00,1.146274936781025655e+00
-2.787363529205322266e+00,-2.601036310195922852e+00,7.795858606696128845e-01
2.219972372055053711e+00,-3.637160956859588623e-01,1.738437414169311523e+00
2.219972372055053711e+00,-7.898723334074020386e-01,1.738437414169311523e+00
2.219972372055053711e+00,-7.898723334074020386e-01,2.164593696594238281e+00
2.006894230842590332e+00,-5.767942219972610474e-01,1.951515555381774902e+00
2.006894230842590332e+00,-1.002950459718704224e+00,1.951515555381774902e+00
-3.522446060508729326e-01,3.775282836574943346e+00,2.747562337438945068e+00
-5.860316306661186164e-02,3.746839194394639527e+00,2.808416079335106730e+00
-8.505049125210854821e-02,3.902667511952621293e+00,2.604709731824705443e+00
8.076924388129743670e-01,-2.462367152292983086e+00,3.651384117154614195e+00
5.087338394520380946e-01,-2.495392633498000556e+00,3.677309919621706946e+00
6.451555823304945259e-01,-2.255076316767194555e+00,3.798867518138549837e+00
9.415035247802734375e-01,-1.642184793949127197e+00,-2.949280977249145508e+00
9.415035247802734375e-01,-2.068341016769409180e+00,-2.523124694824218750e+00
1.367659807205200195e+00,-1.642184793949127197e+00,-2.096968412399291992e+00
9.415035247802734375e-01,-1.642184793949127197e+00,-2.523124694824218750e+00
1.796749068762141799e-01,-4.692969178436303679e+00,5.908229589347331334e-01
4.373424170045044357e-01,-4.649284754820092402e+00,7.825440551442479631e-01
4.312399381245498042e-01,-4.683304497751617390e+00,5.236061898494400735e-01
3.604980349540710449e+00,1.873604178428649902e+00,3.534296527504920959e-01
4.185283724362236057e+00,2.009145251923083464e+00,6.258983622788883983e-01
4.256439046895956757e+00,1.972321279274680927e+00,3.121054940607807526e-01
5.153472423553466797e-01,-3.346809864044189453e+00,4.599687159061431885e-01
4.088081717491149902e-01,-3.027192592620849609e+00,7.795858532190322876e-01
8.349644541740417480e-01,-3.453348875045776367e+00,3.534296527504920959e-01
7.284253835678100586e-01,-3.133731603622436523e+00,6.730467900633811951e-01
8.349644541740417480e-01,-3.027192592620849609e+00,3.534296527504920959e-01
-3.535473992596017023e+00,-2.278914868567305518e+00,-7.781378003941429311e-01
-3.655437112158646418e+00,-2.157428192264760458e+00,-5.291620762758120211e-01
1.474198877811431885e+00,-6.833332628011703491e-01,-1.990429341793060303e+00
1.793816149234771729e+00,-7.898723185062408447e-01,-2.096968352794647217e+00
1.900355219841003418e+00,-6.833332777023315430e-01,-1.990429282188415527e+00
1.580737948417663574e+00,-5.767942219972610474e-01,-1.883890271186828613e+00
-3.320058822631835938e+00,-1.642184793949127197e+00,-3.923437893390655518e-01
-4.081593394583572731e+00,-1.731271969444478476e+00,-5.291620762758120211e-01
-1.508894860744476318e+00,1.873604118824005127e+00,-2.858047261834144592e-01
-1.508894860744476318e+00,1.873604118824005127e+00,1.403515264391899109e-01
-1.189277648925781250e+00,1.340908885002136230e+00,3.381246328353881836e-02
-1.189277648925781250e+00,1.767065107822418213e+00,3.381246328353881836e-02
-1.189277648925781250e+00,1.767065107822418213e+00,4.599687159061431885e-01
-1.508894860744476318e+00,2.299760341644287109e+00,1.403515264391899109e-01
-1.632962872477954575e+00,1.044586672627385582e+00,-4.029510359004322417e+00
-1.561505037100228144e+00,7.778946780721076593e-01,-4.143662021248484706e+00
-1.356633234376618535e+00,9.990965357379192335e-01,-4.159035907820182842e+00
-2.355117112317100858e+00,-2.653568968463608790e-01,-3.587130187544377069e+00
-2.408848780845925130e+00,-5.514729149479810077e-01,-3.520781209158316827e+00
-2.248578041710869169e+00,-1.588178336907097865e-01,-4.119825600180179848e+00
-2.302309710239693441e+00,-4.449338517923299152e-01,-4.053476621794120049e+00
-1.935051143169403076e+00,-2.571770325303077698e-01,-3.481976389884948730e+00
-2.071370092981146716e+00,-3.681556011084267110e-01,-4.204000139570666761e+00
-2.098353011942053037e+00,-6.532227729371777869e-01,-4.131939761691352686e+00
-3.570770052754398405e-01,-3.770385310618626473e+00,9.232124296861922153e-01
-1.734806597232818604e-02,-3.453348875045776367e+00,1.205742061138153076e+00
-1.878665532840789965e+00,-3.156782139496777884e+00,8.124384313461656681e-01
-2.083814569925604765e+00,-2.708241594545748754e+00,7.055612052373294585e-01
-2.049519198693993793e+00,-2.729959583723612582e+00,1.206080216640757596e+00
-1.623362975873711811e+00,-2.729959583723612582e+00,1.206080216640757596e+00
-1.828512012958526611e+00,-2.281419038772583008e+00,1.099202990531921387e+00
-1.657658347105323005e+00,-2.708241594545748754e+00,7.055612052373294585e-01
-2.204892082548284726e+00,-7.597618360928288794e-01,-3.599244349055549019e+00
2.327744113126729353e+00,-3.628067820056672055e+00,4.906843025369421185e-01
1.901587830701802817e+00,-4.054224102481598813e+00,6.452804991433774839e-02
1.793816089630126953e+00,-3.346809864044189453e+00,3.381246328353881836e-02
1.818798722015493308e+00,-4.113918592695426923e+00,-1.767608701078891842e-01
1.312152469452177339e+00,-4.298533717458173697e+00,-3.891030817405800590e-01
1.446218754374843485e+00,-4.237127692344163421e+00,-5.746334050893360246e-01
1.126601542556148416e+00,-4.556744844558213714e+00,-6.811724607944065202e-01
1.048042595386505127e+00,-4.092583298683166504e+00,-4.988828450441360474e-01
9.925352576334821597e-01,-4.618150869672223990e+00,-4.956421374456505546e-01
6.674878238489658777e-01,1.885264511868894433e+00,-4.047023416735232360e+00
-8.696604967117309570e-01,3.365151166915893555e+00,2.271132707595825195e+00
-8.696604967117309570e-01,3.152072906494140625e+00,2.271132707595825195e+00
-5.500433444976806641e-01,3.471690177917480469e+00,2.377671718597412109e+00
-8.130515386644483478e-01,3.862767444568147024e+00,2.559447213904026963e+00
-8.130515386644483478e-01,3.649689184146394094e+00,2.559447213904026963e+00
-1.132668690878498641e+00,3.543150173144807180e+00,2.452908202902440049e+00
1.590649148527489620e+00,-4.212363097509006948e+00,-3.301904370990907944e-01
-1.615433931350708008e+00,2.619377613067626953e+00,2.164593696594238281e+00
-2.314262335276330074e+00,2.824445836954006861e+00,2.343854674460504217e+00
-1.888106052851403316e+00,3.250602119378933619e+00,2.343854674460504217e+00
-1.615433931350708008e+00,3.045533895492553711e+00,1.738437414169311523e+00
-2.314262335276330074e+00,3.250602119378933619e+00,1.917698392035577459e+00
-2.041590213775634766e+00,2.619377613067626953e+00,1.738437414169311523e+00
-1.295816719532012939e+00,1.234369814395904541e+00,2.484210789203643799e+00
-1.189277648925781250e+00,9.147526472806930542e-01,3.016906023025512695e+00
-1.295816719532012939e+00,8.082135766744613647e-01,2.484210789203643799e+00
-1.238362150993769450e+00,1.313746014522535699e+00,2.090328046310380827e+00
-1.131823080387537761e+00,9.941288474073241010e-01,2.623023280132249724e+00
-1.131823080387537761e+00,1.420285085128767388e+00,2.623023280132249724e+00
-4.021787395638591889e+00,2.431399923539511843e+00,7.618568875822288866e-02
-4.178584825296351113e+00,2.177017569009437103e+00,1.997982583702134773e-01
-2.041590213775634766e+00,-7.898723334074020386e-01,3.016906023025512695e+00
-1.615433931350708008e+00,-7.898723334074020386e-01,2.590749859809875488e+00
-1.615433931350708008e+00,-7.898723334074020386e-01,2.164593696594238281e+00
-2.041590213775634766e+00,-3.637160956859588623e-01,2.590749859809875488e+00
5.582291822410717641e-01,-1.340352220039248810e+00,3.879812854396794908e+00
5.582291822410717641e-01,-9.141959823178056332e-01,4.305969136821721222e+00
-3.369652330875396729e-01,3.471690177917480469e+00,-3.923437893390655518e-01
-7.631214410066604614e-01,3.045533895492553711e+00,-3.923437893390655518e-01
8.919100463390350342e-02,1.340908885002136230e+00,-3.801593542098999023e+00
-1.238871067762374878e-01,1.127830773591995239e+00,-3.588515400886535645e+00
-1.734806597232818604e-02,1.234369814395904541e+00,-3.481976270675659180e+00
-1.875948453943173666e+00,-1.236594821731866745e+00,3.908818537228206491e+00
-1.827825396072702668e+00,-1.003643754426563728e+00,4.002579921096062421e+00
-1.599489311107057166e+00,-1.138945013590917821e+00,4.072322687557080378e+00
-7.843493830714626247e-01,3.674876676309294155e+00,2.811351399290349384e+00
-7.843493830714626247e-01,3.461798415887541225e+00,2.811351399290349384e+00
-1.938380442414200155e+00,1.954174269743961467e+00,9.707002633367689537e-02
-1.618763230595505087e+00,1.421479035922092571e+00,4.166872158006301730e-01
-1.618763230595505087e+00,1.847635258742374553e+00,4.166872158006301730e-01
-1.402355790138244629e+00,-1.002950459718704224e+00,1.525359272956848145e+00
-1.508894860744476318e+00,-1.109489500522613525e+00,1.418820202350616455e+00
-1.721973001956939697e+00,-8.964113891124725342e-01,1.631898343563079834e+00
-1.442101335537827378e+00,-5.561465338264781622e-01,1.473249386979551545e+00
-1.548640406144059067e+00,-6.626855746303874639e-01,1.366710316373319856e+00
-1.229023194325363999e+00,-7.692246452366191534e-01,1.260171245767088166e+00
-3.039662287512058247e-01,-2.605025899170931414e+00,-3.414758405675254238e+00
-7.164128972075120561e-02,-2.458650671567748525e+00,-3.526829081838453561e+00
-2.904932639671269357e-01,-2.397036687727566395e+00,-3.566938072411048211e+00
4.244214892387390137e+00,1.689792200922966003e-01,3.534296527504920959e-01
4.244214892387390137e+00,-2.571770325303077698e-01,-7.272659987211227417e-02
3.924597501754760742e+00,6.244015693664550781e-02,3.381246328353881836e-02
3.924597501754760742e+00,4.885964095592498779e-01,3.381246328353881836e-02
3.924597501754760742e+00,6.244015693664550781e-02,-3.923437893390655518e-01
4.244214892387390137e+00,1.689792200922966003e-01,-7.272659987211227417e-02
-1.261700747484096219e+00,3.684715507778509647e+00,2.145784889898813219e+00
-1.451535874177476870e+00,3.521889923432374836e+00,2.314869269810109653e+00
-3.320058822631835938e+00,-3.637160956859588623e-01,1.312281131744384766e+00
-3.320058822631835938e+00,-3.637160956859588623e-01,8.861249238252639771e-01
-3.320058822631835938e+00,-7.898723334074020386e-01,8.861249238252639771e-01
-3.320058822631835938e+00,-7.898723334074020386e-01,4.599687159061431885e-01
-3.746215105056762695e+00,-7.898723334074020386e-01,8.861249238252639771e-01
9.415035247802734375e-01,3.471690177917480469e+00,-3.923437893390655518e-01
6.218863129615783691e-01,4.004385590553283691e+00,-2.858047261834144592e-01
1.048042595386505127e+00,3.578229308128356934e+00,-2.858047261834144592e-01
1.048042595386505127e+00,3.578229308128356934e+00,-4.988828450441360474e-01
7.284253835678100586e-01,4.110924720764160156e+00,-3.923437818884849548e-01
6.218863129615783691e-01,4.004385590553283691e+00,-4.988828450441360474e-01
3.302649895303287231e+00,-2.680035042684633773e+00,-1.270850433495487763e+00
3.500002716967789418e+00,-2.458029651955925932e+00,-1.227206476518914346e+00
-1.189277648925781250e+00,6.244015693664550781e-02,-2.096968412399291992e+00
-1.508894860744476318e+00,1.689792126417160034e-01,-1.990429341793060303e+00
-1.508894860744476318e+00,5.951354652643203735e-01,-1.990429341793060303e+00
-1.622637215290221313e+00,4.496944366223679102e-01,-2.155166677587669888e+00
-1.942254427108916381e+00,5.562334923274383502e-01,-2.048627606981438198e+00
-1.622637215290221313e+00,2.353818399976354003e-02,-2.155166677587669888e+00
6.493189895361746178e-01,-4.637767617246691287e+00,6.345267029676834314e-01
5.909025189011420931e-01,-4.667112940044235714e+00,3.410569144940180930e-01
6.742974614932847888e-02,-3.063577233741024419e-02,-1.514819835804180892e-01
1.957300603389739990e-01,-2.571770250797271729e-01,1.403515264391899109e-01
-3.910929465458082288e-02,-5.633310955662462760e-01,-2.580210467360691817e-01
2.375688087012769178e-01,-4.206869474240801932e-01,-5.566296124764147368e-01
3.658691228909224380e-01,-6.472282001663971496e-01,-2.647961024568067923e-01
4.724081636948317398e-01,-1.145328769375610345e-01,-1.582570393011556997e-01
2.219972372055053711e+00,9.147526472806930542e-01,-2.096968412399291992e+00
2.646128654479980469e+00,1.340908885002136230e+00,-1.670812129974365234e+00
2.646128654479980469e+00,9.147526472806930542e-01,-1.670812129974365234e+00
3.072284936904907227e+00,9.147526472806930542e-01,-1.670812129974365234e+00
2.646128654479980469e+00,9.147526472806930542e-01,-2.096968412399291992e+00
-4.134881541768788082e+00,-3.674562190132205086e-01,1.704916872075665335e+00
-4.212619971551012199e+00,-1.898686628534894949e-01,1.537399592087542510e+00
-4.240291778030844227e+00,-4.212379467850421166e-01,1.423692587897276596e+00
-4.690721415960434015e+00,1.431763200351622856e-01,2.233666445702374714e-01
-4.672574802809746686e+00,3.684573870780897265e-01,3.405236138028076009e-01
-4.685494190282240901e+00,3.193912533883959681e-01,6.766663141093767764e-02
-1.402695612782450141e+00,3.810110579633529060e+00,-2.156004784093457083e+00
-1.425081166241767505e+00,3.672521549611052816e+00,-2.400508706172955975e+00
-1.652239310706001163e+00,3.679052512246788531e+00,-2.224612507586124277e+00
-2.933012717548805881e+00,3.134351161134613095e-01,-3.354233227883408830e+00
-2.718883187433494886e+00,3.803897184282507005e-01,-3.534216462922551649e+00
-1.615433931350708008e+00,1.340908885002136230e+00,-2.949280977249145508e+00
-1.189277648925781250e+00,9.147526472806930542e-01,-2.949280977249145508e+00
-1.615433931350708008e+00,9.147526472806930542e-01,-2.949280977249145508e+00
-1.615433931350708008e+00,9.147526472806930542e-01,-3.375437259674072266e+00
-1.189277648925781250e+00,9.147526472806930542e-01,-3.375437259674072266e+00
1.367659807205200195e+00,4.885964095592498779e-01,-1.670812129974365234e+00
9.415035247802734375e-01,6.244015693664550781e-02,-2.096968412399291992e+00
9.415035247802734375e-01,6.244015693664550781e-02,-1.670812129974365234e+00
9.415035247802734375e-01,4.885964095592498779e-01,-1.244655847549438477e+00
5.153472423553466797e-01,6.244015693664550781e-02,-1.670812129974365234e+00
9.415035247802734375e-01,4.885964095592498779e-01,-1.670812129974365234e+00
-2.308450159704099836e+00,1.526469477253775242e+00,3.597024941016111921e+00
-2.223849712755897823e+00,2.575474537689977694e+00,2.699585091716475205e+00
-2.213655982658338850e+00,2.749121942878844926e+00,2.530153681206119387e+00
3.072284936904907227e+00,1.340908885002136230e+00,-1.670812129974365234e+00
3.735888671811590012e+00,1.277231574541366266e+00,-1.643571358436609842e+00
3.675208442230520678e+00,1.542900008126962597e+00,-1.577961480555037932e+00
3.675208442230520678e+00,1.542900008126962597e+00,-2.004117762979964468e+00
1.115565346403184943e+00,-2.305202936235601463e+00,-3.449102024117490117e+00
9.173632691237033621e-01,-2.527431803272811361e+00,-3.368044902262065321e+00
1.165427712302987917e+00,-2.505030986632895917e+00,-3.280894059852255573e+00
4.292009710948447854e+00,1.849799197297697262e+00,-4.853536660486107990e-01
4.265222256684317870e+00,1.759550230658467385e+00,-7.682181035560753379e-01
1.938167333171123996e+00,-3.039497117248854074e+00,-1.841675724721402396e+00
1.793816089630126953e+00,-2.494497299194335938e+00,-2.096968412399291992e+00
1.949526687785360313e+00,-3.109057361640301664e+00,-2.437620324554427675e+00
2.424001213944743327e+00,-3.425591973735939710e+00,1.043063239234180095e+00
1.997844931519816347e+00,-3.425591973735939710e+00,1.469219447153300884e+00
2.210590200504825020e+00,-3.245505620780033684e+00,1.511792095893927712e+00
2.636746482929751778e+00,-3.245505620780033684e+00,1.085635887974806923e+00
3.604980349540710449e+00,1.447447955608367920e+00,-2.858047261834144592e-01
3.604980349540710449e+00,1.447447955608367920e+00,-7.119607552886009216e-01
3.072284936904907227e+00,1.340908885002136230e+00,-8.184998184442520142e-01
3.072284936904907227e+00,1.767065107822418213e+00,-3.923437893390655518e-01
-4.508035109073993962e-01,-3.339059442776284747e+00,-4.681423538415204755e-01
-2.151188675479689394e-01,-3.809996046979181372e+00,-7.817178384400630398e-01
-1.012805897281092299e-01,-3.391590185822158876e+00,-7.059192739376081160e-01
8.919100463390350342e-02,-3.346809864044189453e+00,-3.923437893390655518e-01
3.248756479933339603e-01,-3.817746468247085634e+00,-7.059192739376081160e-01
-2.464727318595621997e-02,-3.765215725201211505e+00,-4.681423538415204755e-01
-3.651434371354068453e+00,-1.474058808897957373e+00,-1.422466124277899535e+00
8.919100463390350342e-02,-2.920653581619262695e+00,-3.923437893390655518e-01
5.153472423553466797e-01,-3.346809864044189453e+00,-3.923437893390655518e-01
8.919100463390350342e-02,-2.920653581619262695e+00,3.381246328353881836e-02
8.919100463390350342e-02,-3.346809864044189453e+00,3.381246328353881836e-02
-3.369652330875396729e-01,-2.920653581619262695e+00,3.381246328353881836e-02
-4.603669557563090819e+00,-8.445422511043690905e-01,-4.474716795099623057e-01
-4.588823789210129789e+00,-6.878153322248126145e-01,-6.805434834425762025e-01
2.219972372055053711e+00,-3.637160956859588623e-01,3.381246328353881836e-02
2.202867075174800959e+00,-8.110785970296062741e-01,-4.128896940687187822e-04
2.202867075174800959e+00,-8.110785970296062741e-01,4.257433629285356513e-01
2.006894230842590332e+00,-5.767942219972610474e-01,2.468905895948410034e-01
1.989788933962337802e+00,-1.024156723340908570e+00,2.126652366172334663e-01
2.006894230842590332e+00,-5.767942219972610474e-01,-1.792656630277633667e-01
2.090004898043543058e+00,-2.433932859502549562e+00,-1.233723479425372638e+00
2.516161180468469816e+00,-2.433932859502549562e+00,-1.233723479425372638e+00
2.646128654479980469e+00,-2.068341016769409180e+00,-1.244655847549438477e+00
2.219972372055053711e+00,-2.494497299194335938e+00,-8.184998184442520142e-01
2.646128654479980469e+00,-2.494497299194335938e+00,-8.184998184442520142e-01
2.090004898043543058e+00,-2.860089141927476319e+00,-8.075674503201860643e-01
3.248756479933339603e-01,-3.391590185822158876e+00,-7.059192739376081160e-01
-1.325608745450828740e+00,2.765455837649408721e+00,3.220363863574924324e+00
-1.287544714768806386e+00,2.569425533278835161e+00,3.406003483016147637e+00
-1.056290735288735849e+00,2.730646030837311944e+00,3.343338821985430531e+00
-9.420835952700459259e-01,4.004332779201849490e+00,2.252323900900400133e+00
1.443039088424869609e+00,-3.415896717457536980e+00,-2.408391436738482660e+00
1.727492925484183317e+00,-4.048814130351273022e+00,-8.926572830198625796e-01
1.908813670613620950e+00,-4.016309017480962140e+00,-6.579686224344701850e-01
1.663017331864292458e+00,-4.145983717102643240e+00,-6.272737627865261345e-01
1.687277078628540039e+00,-2.174880027770996094e+00,-7.272659987211227417e-02
1.580737948417663574e+00,-2.281419157981872559e+00,-1.792656630277633667e-01
1.900355219841003418e+00,-2.387958168983459473e+00,1.403515264391899109e-01
1.687277078628540039e+00,-2.174880027770996094e+00,3.534296527504920959e-01
1.580737948417663574e+00,-2.281419157981872559e+00,2.468905895948410034e-01
1.367659807205200195e+00,-2.068341016769409180e+00,3.381246328353881836e-02
1.335772700886983522e+00,-3.006640543619808259e+00,2.251975279049850620e+00
1.156280976169150598e+00,-3.579885483190097695e+00,2.201890929378159445e+00
1.401246223699830651e+00,-3.706976543192725959e+00,2.327587368925721378e+00
1.422223756803351780e+00,-3.551247163511266791e+00,2.571944728856663698e+00
1.177258509272671505e+00,-3.424156103508638971e+00,2.446248289309101764e+00
2.100343020908623792e+00,-3.079695539110022473e+00,2.687273106205430029e+00
1.964154564737007114e+00,-3.305039294258769189e+00,2.549343227018964875e+00
2.187929330228950420e+00,-3.196290799392702553e+00,2.470162994942644463e+00
2.219972372055053711e+00,-3.637160956859588623e-01,-8.184998184442520142e-01
2.646128654479980469e+00,-3.637160956859588623e-01,-8.184998184442520142e-01
3.072284936904907227e+00,-7.898723334074020386e-01,-8.184998184442520142e-01
2.646128654479980469e+00,-7.898723334074020386e-01,-1.244655847549438477e+00
2.646128654479980469e+00,-7.898723334074020386e-01,-8.184998184442520142e-01
-2.391521801733390351e+00,2.412128517636261904e+00,-2.673452239201678182e+00
-2.617007019008184443e+00,2.377294084893049941e+00,-2.484435984790827945e+00
1.793816089630126953e+00,2.193221330642700195e+00,4.599687159061431885e-01
1.836663069742874299e+00,2.212709525306912006e+00,9.408830748642144082e-01
1.410506787317947541e+00,2.212709525306912006e+00,9.408830748642144082e-01
1.273182555794601711e+00,2.071541797279753183e+00,7.895181298728854991e-01
1.316029535907349057e+00,2.091029991943964994e+00,1.270432488830956608e+00
1.699338838219528469e+00,2.071541797279753183e+00,7.895181298728854991e-01
-1.404462819547514396e+00,-2.319162519729505600e+00,-3.169422601778354998e-01
-1.866738390393903213e+00,-2.239648008701481174e+00,3.281767018070719244e-02
-1.651553219772170067e+00,-1.988826505741384754e+00,-4.258385898052285956e-02
-1.615433931350708008e+00,-2.068341016769409180e+00,-3.923437893390655518e-01
-2.077709502197096825e+00,-1.988826505741384754e+00,-4.258385898052285956e-02
-1.830619101972441154e+00,-2.319162519729505600e+00,-3.169422601778354998e-01
-2.446761455378654304e+00,-1.794157864491025878e+00,-3.150851508497338749e+00
5.537891956429256135e-01,-3.334728091416716111e+00,-1.162829552482839812e+00
5.537891956429256135e-01,-3.334728091416716111e+00,-7.366735233776534608e-01
9.799454780678523713e-01,-2.908571808991789354e+00,-7.366735233776534608e-01
4.994707785407974665e-01,-6.833223322153650914e-01,1.846997162000612036e+00
7.125488899509384577e-01,-4.702442059040629063e-01,2.060075303213075415e+00
3.022691309452056885e-01,-5.767942219972610474e-01,1.951515555381774902e+00
3.022691309452056885e-01,-1.002950459718704224e+00,1.951515555381774902e+00
5.153472423553466797e-01,-7.898723334074020386e-01,2.164593696594238281e+00
7.125488899509384577e-01,-8.964004436255060826e-01,2.060075303213075415e+00
2.821755882439740404e+00,2.636467715498498343e+00,-2.022488708994458317e+00
-3.369652330875396729e-01,3.471690177917480469e+00,3.381246328353881836e-02
-3.369652330875396729e-01,3.045533895492553711e+00,3.381246328353881836e-02
-1.662166981675480826e-02,2.977346509185144541e+00,-6.766379839909755778e-02
-1.662166981675480826e-02,2.977346509185144541e+00,3.584924542235068401e-01
-1.662166981675480826e-02,3.403502791610071299e+00,-6.766379839909755778e-02
3.414235817440626430e+00,1.687582196805329504e+00,1.955454424764785148e+00
2.646128654479980469e+00,1.340908885002136230e+00,1.738437414169311523e+00
2.988079535015699673e+00,1.687582196805329504e+00,2.381610707189711906e+00
3.414235817440626430e+00,2.113738419625611265e+00,1.955454424764785148e+00
2.646128654479980469e+00,1.767065107822418213e+00,1.738437414169311523e+00
3.072284936904907227e+00,1.767065107822418213e+00,1.312281131744384766e+00
1.048042595386505127e+00,3.578229308128356934e+00,-1.777351200580596924e+00
8.214312995051283872e-01,3.663292102892905078e+00,-2.210520926923797980e+00
6.218863129615783691e-01,3.578229308128356934e+00,-1.777351200580596924e+00
9.415035247802734375e-01,3.045533895492553711e+00,-2.096968412399291992e+00
-3.560583987961920105e+00,2.151883288176489550e+00,1.474038130027186755e+00
-3.440470244539464595e+00,2.144662346041714684e+00,1.741253358674312635e+00
-4.093279281388433333e+00,1.619187994749975656e+00,1.580577200633418444e+00
-3.973165537965978267e+00,1.611967052615201235e+00,1.847792429280544324e+00
-3.426597833633422852e+00,1.660526037216186523e+00,1.418820202350616455e+00
1.793816089630126953e+00,-2.920653581619262695e+00,4.599687159061431885e-01
1.687277019023895264e+00,-3.027192592620849609e+00,3.534296527504920959e-01
1.261120736598968506e+00,-3.027192592620849609e+00,3.534296527504920959e-01
1.367659807205200195e+00,-2.920653581619262695e+00,3.381246328353881836e-02
1.261120736598968506e+00,-3.027192592620849609e+00,-7.272659987211227417e-02
1.793816089630126953e+00,-2.920653581619262695e+00,3.381246328353881836e-02
1.648880875741705054e+00,-4.184957994226119027e+00,-7.254826234183608946e-03
4.442156716134831207e+00,1.481750659659290870e+00,4.708284717030740141e-01
4.516205932248389843e+00,1.230948822737128578e+00,3.564993636731582649e-01
4.335617585923954742e+00,9.490553513316160039e-01,5.773675348587250511e-01
4.409666802037513378e+00,6.982535144094537127e-01,4.630384268288093574e-01
4.031136631965637207e+00,1.021291717886924744e+00,3.534296527504920959e-01
-2.618656363393882192e+00,3.310593139006710039e+00,-1.329800124500707170e+00
-2.577487621488355085e+00,3.430345013441039370e+00,-1.055749587131410205e+00
-2.791201112119030103e+00,3.221865041107513594e+00,-1.100583342748167714e+00
3.363132006352231862e+00,7.583521821597978274e-01,2.709520783944692646e+00
2.646128654479980469e+00,4.885964095592498779e-01,2.590749859809875488e+00
2.936975723927305104e+00,7.583521821597978274e-01,3.135676947160329853e+00
2.778782129415239943e+00,1.000645682491137833e+00,3.209352359590750048e+00
-1.189277648925781250e+00,6.244015693664550781e-02,-1.244655847549438477e+00
-1.508894860744476318e+00,5.951354652643203735e-01,-1.564273059368133545e+00
-1.508894860744476318e+00,1.689792126417160034e-01,-1.564273059368133545e+00
-1.615433931350708008e+00,-3.637160956859588623e-01,-1.244655847549438477e+00
-1.935051143169403076e+00,1.689792126417160034e-01,-1.564273059368133545e+00
-1.615433931350708008e+00,6.244015693664550781e-02,-1.244655847549438477e+00
3.910104899852208771e+00,-4.317302932385136405e-01,-1.365204922532626597e+00
3.828809413021313723e+00,-6.766874148917628728e-01,-1.487673044976306702e+00
3.802848087062407068e+00,-4.421561517915335027e-01,-1.644233269510250395e+00
-3.428210018866206354e+00,-2.497686593916236930e+00,1.083615053814472651e+00
2.726831238000358315e+00,7.575192141219286857e-01,3.344866982675205769e+00
-4.435042887926101685e-01,3.152072906494140625e+00,2.271132707595825195e+00
-4.435042887926101685e-01,2.725916624069213867e+00,2.697288870811462402e+00
-3.369652330875396729e-01,2.619377613067626953e+00,2.590749859809875488e+00
-2.304261699318885803e-01,3.152072906494140625e+00,2.271132707595825195e+00
-3.369652256369590759e-01,3.258611917495727539e+00,2.377671718597412109e+00
1.307327286043403536e+00,-8.574631540996316970e-01,-4.229957135247254807e-01
1.413866356649635225e+00,-1.177080321214843295e+00,-3.164566503690743882e-01
1.474198877811431885e+00,-6.833332628011703491e-01,-2.858047261834144592e-01
1.005103516725990076e+00,-4.341500738550949090e-01,-4.778742287681089773e-01
1.111642587332221765e+00,-7.537672409703064513e-01,-3.713351656124578848e-01
9.447709955641935275e-01,-9.278971322687676881e-01,-5.085261529537689063e-01
1.793816089630126953e+00,3.045533895492553711e+00,-3.923437893390655518e-01
1.742158592404940753e+00,3.784309862205153419e+00,-3.201236293034983582e-01
2.168314874829867733e+00,3.784309862205153419e+00,-3.201236293034983582e-01
2.045423264866369273e+00,3.806611396680291914e+00,-5.949349880053342865e-01
1.619266982441442515e+00,3.806611396680291914e+00,-5.949349880053342865e-01
-1.238871067762374878e-01,-2.281419157981872559e+00,-1.883890271186828613e+00
-1.238871067762374878e-01,-2.707575440406799316e+00,-1.883890271186828613e+00
-3.369652330875396729e-01,-2.494497299194335938e+00,-2.096968412399291992e+00
-1.734806597232818604e-02,-2.174880027770996094e+00,-2.203507423400878906e+00
-1.734806597232818604e-02,-2.601036310195922852e+00,-2.203507423400878906e+00
1.957300603389739990e-01,-2.387958168983459473e+00,-1.990429282188415527e+00
2.530148052855418328e+00,2.442982047796245781e-01,3.565912676246895785e+00
2.219972372055053711e+00,6.244015693664550781e-02,3.016906023025512695e+00
2.530148052855418328e+00,-1.818580478429797920e-01,3.565912676246895785e+00
2.271794116136949704e+00,-1.818580478429797087e-01,3.722093075645780402e+00
2.271794116136949704e+00,2.442982047796246614e-01,3.722093075645780402e+00
2.314801895874974758e+00,3.682903694677433837e+00,-5.598040437741882425e-01
2.428662071333658634e+00,3.644786876875589776e+00,-2.863125064386859431e-01
-5.654726734336414928e-01,-3.425124443712455502e+00,2.576274451167434254e+00
-9.916288813527622814e-01,-3.425124443712455502e+00,2.576274451167434254e+00
-9.681280454783633971e-01,-3.243798195913226934e+00,2.793943876443711893e+00
-5.419718375592426085e-01,-3.243798195913226934e+00,2.793943876443711893e+00
-1.797710844142830222e+00,7.017299220979020813e-01,3.441550813576869317e+00
-2.148129224777221680e+00,8.082135766744613647e-01,3.123445034027099609e+00
-1.904249855144417136e+00,1.021347089213113568e+00,3.548089824578456231e+00
-1.371554561717903464e+00,7.017299220979020813e-01,3.441550813576869317e+00
-1.721972942352294922e+00,8.082135766744613647e-01,3.123445034027099609e+00
-1.615433931350708008e+00,4.885964095592498779e-01,3.016906023025512695e+00
-3.407533447968896567e+00,-2.393373327368717884e+00,-1.369780411028800549e+00
2.561986504441062795e+00,3.531600215457972869e+00,-5.221841304241743309e-01
2.150378354521745194e+00,1.271314806181794044e+00,1.230658475445286282e+00
2.081161770399010180e+00,1.603851559436662466e+00,1.171439469602008066e+00
2.224645774868875492e+00,1.747335621828783658e+00,1.302894954515372961e+00
2.256917365523332109e+00,1.377853876788025733e+00,9.110413381323971826e-01
2.187700781400597094e+00,1.710390630042894156e+00,8.518223322891189664e-01
2.113433361053466797e+00,1.234369814395904541e+00,7.795858532190322876e-01
2.442729487874504279e+00,3.570320612401189031e+00,-7.265672959884498239e-01
1.687277078628540039e+00,-4.409889876842498779e-02,1.631898343563079834e+00
2.113433361053466797e+00,-4.409889876842498779e-02,1.631898343563079834e+00
1.669105484613437884e+00,3.428679723492287779e-01,1.610378770812014970e+00
4.088081717491149902e-01,-4.702551513910293579e-01,3.336523294448852539e+00
8.919100463390350342e-02,-7.898723334074020386e-01,3.869218587875366211e+00
-1.734806597232818604e-02,-8.964113891124725342e-01,3.336523294448852539e+00
4.088081717491149902e-01,-8.964113891124725342e-01,2.910367012023925781e+00
8.919100463390350342e-02,-1.216028571128845215e+00,3.443062305450439453e+00
-1.518201160760590529e+00,9.634596965356954090e-01,1.389328719518191146e+00
-1.721973001956939697e+00,8.082135915756225586e-01,1.631898343563079834e+00
-1.959466543948990669e+00,1.035994708342999893e+00,1.282150489915627301e+00
1.417840405160338602e+00,-1.411554768786650982e+00,3.759130970578856257e+00
1.561827735507553605e+00,-1.150927947971053023e+00,3.785372984270345409e+00
1.241589191095726630e+00,-1.194888718178947595e+00,3.873718953760802997e+00
-1.130697619450875546e-01,-4.191205682170906499e+00,1.623189226179861055e+00
-3.700476980168725949e-01,-4.214722387774098245e+00,1.544213317488406290e+00
-3.594173146302901412e-01,-4.120245944218506651e+00,1.762416922520997575e+00
1.792860563124662576e+00,3.667977950424465394e+00,-8.427944663668868186e-01
1.792860563124662576e+00,3.667977950424465394e+00,-1.268950495472073392e+00
1.367659807205200195e+00,3.045533895492553711e+00,-8.184998184442520142e-01
1.619266982441442515e+00,3.806611396680291914e+00,-1.021091017110520749e+00
-3.243794321573378880e+00,3.073779515559027509e+00,-4.341948879661476912e-01
-2.548235682165384208e+00,2.791895647905564992e+00,-4.127311879977942910e-01
-3.184621348446111000e+00,3.139162141109680171e+00,-1.345421319061464449e-01
3.296333351208771134e+00,2.868148234035906796e+00,1.143007424560923135e-01
3.202496428448814214e+00,2.950040806510417113e+00,4.250771352061597508e-01
2.870177068783844376e+00,3.294304516460833554e+00,1.143007424560923135e-01
2.776340146023887456e+00,3.376197088935343871e+00,4.250771352061597508e-01
2.646128654479980469e+00,-1.216028571128845215e+00,1.738437414169311523e+00
2.752667665481567383e+00,-8.964113891124725342e-01,2.271132707595825195e+00
3.173638333978055392e+00,-4.143040594446648628e-01,2.302312230361263978e+00
2.640943040551541721e+00,-7.339212414610375435e-01,2.195773219359677064e+00
3.067099322976468478e+00,-7.339212414610375435e-01,1.769616936934750306e+00
3.374794837803079872e+00,2.747898709649473137e+00,6.076154733823125875e-01
3.439424299813346408e+00,2.715362606458655570e+00,3.146036434365354628e-01
-3.975570274391090564e+00,6.857035070382511144e-02,-2.750238917400438243e-01
-3.975570274391090564e+00,2.816484844657078934e-01,-6.194576542874163927e-02
-4.385449886322021484e+00,6.244016438722610474e-02,3.381246328353881836e-02
-4.385449886322021484e+00,-1.506379693746566772e-01,3.381246328353881836e-02
-4.385449886322021484e+00,6.244016438722610474e-02,2.468905895948410034e-01
-3.975570274391090564e+00,6.857035070382511144e-02,-6.194576542874163927e-02
2.870177068783844376e+00,3.294304516460833554e+00,-3.118555101665120288e-01
2.878336743733947767e+00,3.242900289590226137e+00,-6.012368170414340574e-01
2.741013247297641620e+00,3.394352955455631538e+00,-4.909880088002444021e-01
2.948638555378153114e+00,3.174054992074399895e+00,6.076154733823125875e-01
2.269111000830776881e+00,2.682872706770146998e+00,-2.594512148885685487e+00
1.793816089630126953e+00,2.619377613067626953e+00,-2.096968412399291992e+00
1.367659807205200195e+00,2.619377613067626953e+00,-2.523124694824218750e+00
1.842954718405850123e+00,2.682872706770146998e+00,-3.020668431310612245e+00
2.362400086107963038e+00,3.645843972531726429e+00,6.471214693606714974e-01
2.585609356031338457e+00,3.495694463006532082e+00,6.543583435800142123e-01
2.521405714074224758e+00,3.579044899873005114e+00,4.020770639168758098e-01
1.612755823340832784e+00,3.664834660509950659e+00,-1.942152237167455331e+00
1.836992724832253066e+00,3.552067745594015946e+00,-1.944114587321343901e+00
1.612755823340832784e+00,3.664834660509950659e+00,-1.515995954742528573e+00
1.836992724832253066e+00,3.552067745594015946e+00,-1.517958304896417143e+00
1.367659807205200195e+00,3.045533895492553711e+00,-1.670812129974365234e+00
8.899576179087974603e-01,4.428195085254973407e+00,7.097316488695467607e-01
4.401141042707238604e+00,-1.439214786877640373e+00,-8.052356359821564169e-01
4.367754886768576483e+00,-1.628541086778732883e+00,-5.941192152538149474e-01
4.455316290985638084e+00,-1.351301674620167148e+00,-5.270254892689089088e-01
2.187700781400597094e+00,2.136546852863176138e+00,1.704134822633166513e+00
2.219972372055053711e+00,1.767065107822418213e+00,2.164593696594238281e+00
2.187700781400597094e+00,1.710390630042894156e+00,1.704134822633166513e+00
2.613857063825523852e+00,2.136546852863176138e+00,1.277978540208239755e+00
2.646128654479980469e+00,2.193221330642700195e+00,1.738437414169311523e+00
-1.230975847802057377e+00,-3.259876046560327367e+00,5.826944981178998617e-01
-7.905577980281015549e-01,-3.301629314718155683e+00,5.906085903729374476e-01
-7.773832828614953838e-01,-2.878900313461434379e+00,4.520546236511056026e-01
-1.203539490780616283e+00,-2.878900313461434379e+00,8.782108315702263912e-01
-7.631214410066604614e-01,-2.920653581619262695e+00,8.861249238252639771e-01
-1.216714005947222343e+00,-3.301629314718155683e+00,1.016764798292058236e+00
-1.295816719532012939e+00,8.082135766744613647e-01,1.631898343563079834e+00
-1.198583948941895461e+00,8.569206408306249134e-01,1.282789648911959457e+00
-1.402355790138244629e+00,7.016745358705520630e-01,1.525359272956848145e+00
-1.627059826297316825e+00,4.927560224688726787e-01,-4.409106724862348337e-01
-1.615433931350708008e+00,6.244015693664550781e-02,-8.184998184442520142e-01
-2.053216108722243582e+00,6.659976984626830854e-02,-8.670667015914212961e-01
-1.627059826297316825e+00,4.927560224688726787e-01,-8.670667015914212961e-01
-1.189277648925781250e+00,4.885964095592498779e-01,-8.184998184442520142e-01
-2.036610893961353419e+00,3.697205217638032337e+00,1.356095205232717316e+00
-2.234928679471036794e+00,3.534880244312049946e+00,1.508947548553223772e+00
-2.498069095499356074e+00,1.341929270948484465e+00,3.555553795310042453e+00
-1.325608745450828740e+00,3.191612120074335479e+00,2.794207700359287116e+00
-1.571046840195871930e+00,3.187948836146739851e+00,2.670943022042377102e+00
-1.361335090047359753e+00,3.374947899049544286e+00,2.576151781002484764e+00
8.919100463390350342e-02,2.193221330642700195e+00,3.016906023025512695e+00
1.957300677895545959e-01,2.725916624069213867e+00,2.697288870811462402e+00
5.821763172725701319e-01,2.235836980740796065e+00,2.644987859154073639e+00
2.625591427067780481e-01,2.768532274167309737e+00,2.325370706940023346e+00
1.560200795511269556e-01,2.235836980740796065e+00,2.644987859154073639e+00
1.957300677895545959e-01,3.365151166915893555e+00,1.844976425170898438e+00
2.630339389293373742e+00,8.744931474074760791e-01,-3.356496081279216170e+00
4.445313238403217682e+00,-1.181571059403353274e+00,9.235460345269941307e-01
4.358776692170620137e+00,-1.455777077845579193e+00,8.586131390406742669e-01
4.342985249611396981e+00,-1.354024981470512756e+00,1.142402171597441507e+00
2.168314874829867733e+00,3.784309862205153419e+00,1.060326233191059841e-01
2.275940515327896208e+00,3.729147394877597055e+00,3.797702868727211856e-01
1.849784232902969450e+00,3.729147394877597055e+00,3.797702868727211856e-01
1.793816089630126953e+00,3.045533895492553711e+00,4.599687159061431885e-01
1.742158592404940753e+00,3.784309862205153419e+00,1.060326233191059841e-01
4.902574144106020548e-01,4.710452770817809665e+00,-5.044334709072417766e-01
1.792408426255017451e-01,4.746070226380956214e+00,-4.228833505796457670e-01
4.050324057335612515e-01,4.749026368461574776e+00,-2.705337768487728889e-01
7.084757156718551885e-03,4.757980007572193415e+00,3.021629759772296864e-01
9.205750618962270371e-02,4.723939103291904473e+00,5.898432195323990435e-01
2.961689247969724326e-01,4.751401888668594253e+00,3.771454542562441836e-01
2.803124306211841166e+00,1.679664828192457104e+00,2.620080221660013642e+00
2.419200631564996762e+00,-2.857240467137426521e+00,2.183375165715714772e+00
2.419200631564996762e+00,-2.857240467137426521e+00,1.757218883290787792e+00
2.706792297476960041e+00,-2.622711696845244411e+00,2.167076611660225360e+00
2.706792297476960041e+00,-2.622711696845244411e+00,1.740920329235298603e+00
-4.688347036658861100e+00,-3.923443697728018487e-01,-1.948247147074471941e-01
-4.657555657110414415e+00,-6.937854570067277793e-01,-1.909730232037408215e-01
-4.678347886700772840e+00,-5.169203602080303384e-01,4.985087260327664138e-02
3.386163783270517591e+00,1.433057787114914161e+00,-2.547102661144939439e+00
3.288740599436615675e+00,2.739617963406311141e+00,-8.882172759201955037e-01
2.646128654479980469e+00,2.193221330642700195e+00,-8.184998184442520142e-01
3.020452668989329403e+00,2.501812567225568884e+00,-1.413229581608565599e+00
-3.746215105056762695e+00,6.244015693664550781e-02,4.599687159061431885e-01
-3.655952883758461169e+00,-3.796871245182598109e-02,4.459329772690945326e-02
-3.655952883758461169e+00,3.881875401707783890e-01,4.459329772690945326e-02
-3.426597833633422852e+00,3.820573538541793823e-01,3.534296527504920959e-01
-3.336335612335121326e+00,2.816484844657078934e-01,-6.194576542874163927e-02
-3.426597833633422852e+00,-4.409889876842498779e-02,3.534296527504920959e-01
-3.044812526609519399e+00,2.884436856581783282e+00,-1.329800124500707170e+00
-2.467746376991271973e+00,2.619377613067626953e+00,-1.244655847549438477e+00
-2.637979983249405969e+00,3.163737819800063633e+00,-1.592857507423969254e+00
2.642103020846599648e+00,-4.421891039632622755e-01,3.466729229435877802e+00
2.767792831629517725e+00,-1.818580478429798475e-01,3.379729881940506608e+00
8.799746733638722507e-01,2.857266792736445460e+00,-3.557893083805384826e+00
7.740268944551975672e-01,2.631038006112516037e+00,-3.727406145311892072e+00
5.854857574724494640e-01,2.842252983086510199e+00,-3.622622811992830094e+00
2.028890595571820832e+00,3.489615706618933721e+00,-1.378844740931068902e+00
2.821755882439740404e+00,2.636467715498498343e+00,-1.596332426569531560e+00
-3.486291760495119796e+00,2.428250941833587362e+00,1.219899856899395507e+00
-3.426597833633422852e+00,2.086682260036468506e+00,7.795858606696128845e-01
-3.637422646385101821e+00,2.177246003411714703e+00,1.189115626978348050e+00
-2.893902540206909180e+00,1.340908885002136230e+00,8.861249238252639771e-01
-2.492161777770859565e+00,1.355611890359372573e+00,7.494552113902749335e-01
-2.492161777770859565e+00,1.355611890359372573e+00,1.175611419309395611e+00
-3.000441551208496094e+00,1.234369814395904541e+00,1.205742061138153076e+00
-2.598700788772446479e+00,1.249072819753140884e+00,1.069072348703163922e+00
-3.000441551208496094e+00,1.234369814395904541e+00,7.795858532190322876e-01
-5.915021835306955023e-03,-2.680464603579063354e+00,-3.349017059455229983e+00
4.202412158861362212e-01,-2.680464603579063354e+00,-3.349017059455229983e+00
-2.304261699318885803e-01,1.689792126417160034e-01,-1.564273059368133545e+00
8.919100463390350342e-02,-3.637160956859588623e-01,-1.670812129974365234e+00
1.957300677895545959e-01,1.689792126417160034e-01,-1.990429341793060303e+00
1.957300677895545959e-01,5.951354652643203735e-01,-1.564273059368133545e+00
8.919100463390350342e-02,6.244015693664550781e-02,-1.244655847549438477e+00
5.153472423553466797e-01,-3.772966146469116211e+00,3.381246328353881836e-02
7.969083720420874761e-02,-4.026121619328870693e+00,1.999722893526142409e-01
7.969083720420874761e-02,-4.026121619328870693e+00,-2.261839632699901292e-01
-2.684823340202294184e-02,-4.345738771542920986e+00,3.065113450576847365e-01
1.957300677895545959e-01,2.299760341644287109e+00,9.926639944314956665e-01
-2.304261699318885803e-01,2.299760341644287109e+00,1.418820202350616455e+00
8.919100463390350342e-02,2.193221330642700195e+00,8.861249238252639771e-01
5.153472423553466797e-01,2.193221330642700195e+00,8.861249238252639771e-01
8.919100463390350342e-02,2.193221330642700195e+00,1.312281131744384766e+00
1.957300677895545959e-01,2.299760341644287109e+00,1.418820202350616455e+00
2.981263056455280669e+00,2.442982047796244671e-01,3.166259657114742776e+00
2.640943040551541721e+00,1.183912488830099752e-01,2.621929382575314271e+00
3.402233724951769123e+00,-1.259069558966154356e-01,2.771283016664544352e+00
2.981263056455280669e+00,-1.818580478429799030e-01,3.166259657114742776e+00
2.640943040551541721e+00,-3.077650037395943672e-01,2.621929382575314271e+00
-1.734806597232818604e-02,-4.702551513910293579e-01,-3.481976270675659180e+00
4.088081717491149902e-01,-4.702551513910293579e-01,-3.481976270675659180e+00
8.919100463390350342e-02,-3.637160956859588623e-01,-3.801593542098999023e+00
8.919100463390350342e-02,6.244015693664550781e-02,-3.801593542098999023e+00
5.153472423553466797e-01,6.244015693664550781e-02,-3.801593542098999023e+00
4.088081717491149902e-01,-4.409889876842498779e-02,-3.481976270675659180e+00
-1.323056628971844173e+00,-2.509605989237838397e+00,-3.356792885194531006e+00
-1.326713992360585070e+00,-2.257866943093710166e+00,-3.528084664692680228e+00
-1.567763542671730015e+00,-2.344519690296452463e+00,-3.368317679772572681e+00
3.427613089491958753e+00,-2.068801641485829457e+00,1.921793483603712493e+00
2.881741398037668489e+00,-2.332681501763921972e+00,2.275926886788199432e+00
2.790748570119961691e+00,-2.197069801534050182e+00,2.521985370934104687e+00
-2.361207306385040283e+00,2.299760341644287109e+00,1.403515264391899109e-01
-1.935051143169403076e+00,2.725916624069213867e+00,1.403515264391899109e-01
-2.467746376991271973e+00,2.193221330642700195e+00,4.599687159061431885e-01
-2.041590213775634766e+00,2.619377613067626953e+00,4.599687159061431885e-01
-1.935051143169403076e+00,2.299760341644287109e+00,1.403515264391899109e-01
1.580737948417663574e+00,-1.002950459718704224e+00,1.951515555381774902e+00
1.793816089630126953e+00,-1.216028571128845215e+00,2.164593696594238281e+00
1.474198877811431885e+00,-1.109489500522613525e+00,1.844976484775543213e+00
1.900355160236358643e+00,-1.109489500522613525e+00,1.844976484775543213e+00
1.687277019023895264e+00,-8.964113891124725342e-01,1.631898343563079834e+00
-8.696605116128921509e-01,1.660526037216186523e+00,7.795858532190322876e-01
-1.295816719532012939e+00,2.086682260036468506e+00,7.795858532190322876e-01
-7.631214410066604614e-01,1.340908885002136230e+00,4.599687159061431885e-01
-1.295816719532012939e+00,1.660526037216186523e+00,7.795858532190322876e-01
-3.402352674762610718e+00,2.375013944182615688e+00,1.546135174425393277e+00
2.968203507406732555e+00,2.398661150162086031e+00,-1.671943530295647129e+00
3.802848087062407068e+00,-4.421561517915335027e-01,-2.070389551935177153e+00
3.749782532585475447e+00,-1.818580478429799863e-01,-2.210292136309072841e+00
3.664722548068584107e+00,-4.436007502917299061e-01,-2.333255626482729550e+00
7.310741286333186650e-01,-4.663600840840716799e+00,-5.785794181272523318e-01
9.349029294928454803e-01,-4.590552383920385893e+00,-7.912808599504926876e-01
-3.655952883758461169e+00,3.881875401707783890e-01,-8.077189840008813793e-01
-3.746215105056762695e+00,9.147526472806930542e-01,-8.184998184442520142e-01
-3.655952883758461169e+00,8.143437778922215653e-01,-3.815629548956949169e-01
-3.229796601333534412e+00,3.881875401707783890e-01,-8.077189840008813793e-01
-3.320058822631835938e+00,9.147526472806930542e-01,-8.184998184442520142e-01
-3.320058822631835938e+00,4.885964095592498779e-01,-1.244655847549438477e+00
-1.189277648925781250e+00,2.193221330642700195e+00,-1.670812129974365234e+00
-1.615433931350708008e+00,2.193221330642700195e+00,-1.244655847549438477e+00
-1.615433931350708008e+00,2.193221330642700195e+00,-1.670812129974365234e+00
-1.189277648925781250e+00,1.767065107822418213e+00,-1.670812129974365234e+00
-1.615433931350708008e+00,1.767065107822418213e+00,-1.244655847549438477e+00
-1.189277648925781250e+00,1.767065107822418213e+00,-1.244655847549438477e+00
-3.369652330875396729e-01,-2.068341016769409180e+00,-2.523124694824218750e+00
-3.369652330875396729e-01,-2.494497299194335938e+00,-2.523124694824218750e+00
-2.521874209658829802e-01,7.590328336766025141e-02,-4.710991730473713668e-01
1.739688167555601683e-01,7.590328336766025141e-02,-8.972552021525578292e-01
8.919100463390350342e-02,4.885964095592498779e-01,-8.184998184442520142e-01
5.153472423553466797e-01,4.885964095592498779e-01,-8.184998184442520142e-01
1.739688167555601683e-01,7.590328336766025141e-02,-4.710991730473713668e-01
-2.893902540206909180e+00,1.340908885002136230e+00,-8.184998184442520142e-01
-3.320058822631835938e+00,1.340908885002136230e+00,-3.923437893390655518e-01
-3.320058822631835938e+00,1.340908885002136230e+00,-8.184998184442520142e-01
-2.893902540206909180e+00,9.147526472806930542e-01,-1.244655847549438477e+00
-2.893902540206909180e+00,9.147526472806930542e-01,-8.184998184442520142e-01
3.407419338880202986e+00,-1.818580478429799030e-01,-2.706290851801638198e+00
3.593602133186590386e+00,-1.818580478429799308e-01,-2.468646073027541465e+00
3.407419338880202986e+00,2.442982047796244671e-01,-2.706290851801638198e+00
3.593602133186590386e+00,2.442982047796244394e-01,-2.468646073027541465e+00
1.249198051569802292e-01,1.274459763507127308e+00,-4.396940210090933832e+00
-6.847684998850814275e-03,1.125161282150786590e+00,-4.442898972401708946e+00
-1.740766860787045789e-01,1.235849070197665878e+00,-4.412732181634584805e+00
1.833161600374632938e+00,-1.149295289969837430e+00,-3.627789699679158542e+00
1.642394791404830245e+00,-1.408100453707295419e+00,-3.640515711119892917e+00
1.527491702516829086e+00,-1.147328450821290424e+00,-3.765355442564956689e+00
3.022691309452056885e-01,2.832455754280090332e+00,1.525359272956848145e+00
-1.734804362058639526e-02,2.512838482856750488e+00,1.631898343563079834e+00
1.957300677895545959e-01,2.725916624069213867e+00,1.418820202350616455e+00
5.153472423553466797e-01,2.619377613067626953e+00,1.312281131744384766e+00
3.022691309452056885e-01,2.406299471855163574e+00,1.525359272956848145e+00
-7.631214410066604614e-01,3.045533895492553711e+00,2.164593696594238281e+00
-7.631214410066604614e-01,3.045533895492553711e+00,1.738437414169311523e+00
-1.189277648925781250e+00,3.045533895492553711e+00,1.738437414169311523e+00
-8.696604967117309570e-01,3.152072906494140625e+00,1.844976425170898438e+00
-3.269265656223161010e+00,2.848685596623218297e-01,2.793297819788909120e+00
-3.269265656223161010e+00,-1.412876929602825404e-01,2.793297819788909120e+00
-4.065832495689392090e+00,3.820573538541793823e-01,3.534296527504920959e-01
-4.065832495689392090e+00,1.689792200922966003e-01,3.534296527504920959e-01
-2.467746376991271973e+00,-3.637160956859588623e-01,2.590749859809875488e+00
-2.467746376991271973e+00,-7.898723334074020386e-01,2.590749859809875488e+00
-2.893902540206909180e+00,-7.898723334074020386e-01,2.164593696594238281e+00
-2.467746376991271973e+00,-3.637160956859588623e-01,2.164593696594238281e+00
-3.281764183630509812e+00,-2.443828962613570077e+00,1.602884784114608996e+00
-3.370686719633490647e+00,-2.197518754623804860e+00,1.749695675683252238e+00
-3.165663857186710395e+00,-2.383429046630078929e+00,1.870853881833426380e+00
1.793816089630126953e+00,4.885964095592498779e-01,3.016906023025512695e+00
1.845637833712023168e+00,2.442982047796246614e-01,3.722093075645780402e+00
1.704439187873527217e+00,5.009881922148239353e-01,3.776153816118712925e+00
2.130595470298453975e+00,5.009881922148239353e-01,3.776153816118712925e+00
-4.670349553721264257e+00,-3.203054546571181271e-01,6.687253797505363639e-01
-4.634311364105151654e+00,-5.946929870903020499e-01,7.779286478661805448e-01
-3.229796601333534412e+00,3.881875401707783890e-01,-3.815629548956949169e-01
-3.320058822631835938e+00,9.147526472806930542e-01,-3.923437893390655518e-01
-2.893902540206909180e+00,4.885964095592498779e-01,-8.184998184442520142e-01
-2.053216108722243582e+00,4.927560224688726787e-01,-8.670667015914212961e-01
-2.479372271937880789e+00,4.927560224688726787e-01,-8.670667015914212961e-01
-2.467746376991271973e+00,4.885964095592498779e-01,-1.244655847549438477e+00
-2.041590213775634766e+00,6.244015693664550781e-02,-1.244655847549438477e+00
-2.467746376991271973e+00,6.244015693664550781e-02,-1.244655847549438477e+00
-2.467746376991271973e+00,2.619377613067626953e+00,1.312281131744384766e+00
-2.557347267632716026e+00,2.717329523736045971e+00,2.205808236441070935e+00
-2.983503430848353233e+00,2.717329523736045971e+00,1.779651954016144177e+00
-2.557347267632716026e+00,3.143485806160972729e+00,1.779651954016144177e+00
-3.320058822631835938e+00,9.147526472806930542e-01,-1.244655847549438477e+00
-3.794194624961688689e-02,-1.436697399549930143e+00,-4.255843146387878306e+00
-3.372154700784065762e-01,-1.473359857650868854e+00,-4.240178369893184751e+00
7.945612270467733440e-01,-3.504107265968737561e+00,-2.384415741878986861e+00
5.610565165857899217e-01,-3.491192878655527299e+00,-2.474507260715698376e+00
-4.118206538683564233e+00,-1.348191335304115501e+00,1.043414427106905240e+00
-4.186096088029696460e+00,-1.398240256450560048e+00,7.549862146893508985e-01
-4.229116992340063774e+00,-1.123774968287473142e+00,8.881715939849559316e-01
1.013982056657711350e+00,-2.178436364528926195e+00,2.663762066419876451e+00
1.013982056657711350e+00,-1.752280141708644212e+00,3.089918229635513658e+00
-3.660402218995953749e+00,-2.467505163460804063e+00,3.482461062676184271e-01
-3.790130332183594852e+00,-2.191290425692959509e+00,5.025508753619711833e-01
8.195911427249292780e-01,-7.191666406270039724e-01,-4.276833002906800019e+00
9.973579391910816216e-01,-4.431451277045378445e-01,-4.274527204688175708e+00
1.101335420091902328e+00,-7.211722130998473590e-01,-4.191511724989883447e+00
1.997896257397464348e+00,4.854514025799611665e-01,-4.013869120264013546e+00
2.424052539822390884e+00,4.854514025799611665e-01,-3.587712837839086344e+00
2.610929652901344156e+00,-2.051943547484610608e+00,-2.769328984246215430e+00
2.400994066469126054e+00,-2.057861590327501489e+00,-2.928738237278551537e+00
8.349644541740417480e-01,2.086682260036468506e+00,-1.777351200580596924e+00
9.415035247802734375e-01,2.193221330642700195e+00,-2.096968412399291992e+00
1.261120736598968506e+00,2.086682260036468506e+00,-1.777351200580596924e+00
8.349644541740417480e-01,1.660526037216186523e+00,-1.777351200580596924e+00
9.415035247802734375e-01,1.767065107822418213e+00,-2.096968412399291992e+00
5.153472423553466797e-01,1.767065107822418213e+00,-2.096968412399291992e+00
-5.083115421322259575e-01,-2.403533468800264750e+00,-3.538462521643730430e+00
4.771657132924122635e+00,9.352697597301204424e-02,-2.402344159708680871e-01
4.734895796982963923e+00,2.035013675207497097e-01,-4.835237060341576742e-01
4.244214892387390137e+00,1.689792200922966003e-01,-2.858047261834144592e-01
4.415278406350334528e+00,5.231185569877030428e-01,-5.900627691898088223e-01
4.452039742291493241e+00,4.131441654399653496e-01,-3.467734791265191796e-01
1.793816089630126953e+00,-1.216028571128845215e+00,2.590749859809875488e+00
1.367659807205200195e+00,-7.898723334074020386e-01,2.164593696594238281e+00
1.793816089630126953e+00,-7.898723334074020386e-01,2.164593696594238281e+00
1.367659807205200195e+00,-7.898723334074020386e-01,2.590749859809875488e+00
1.316706344609400947e+00,1.148668591845086739e-02,2.136800866927035969e+00
1.087751709780065967e+00,-9.504142429965317662e-02,2.032282473545873547e+00
1.138705172375865216e+00,-4.702442059040629063e-01,2.060075303213075415e+00
9.415035247802734375e-01,-3.637160956859588623e-01,2.164593696594238281e+00
8.905500621844741893e-01,1.148668591845086739e-02,2.136800866927035969e+00
1.948748643512382195e+00,-1.330150159664720944e+00,3.540324159189804920e+00
1.820210428537359482e+00,-1.128189330735830165e+00,3.673645202735033255e+00
2.374904925937308953e+00,-9.039939219432777673e-01,3.540324159189804920e+00
2.246366710962286461e+00,-7.020330930143870996e-01,3.673645202735033255e+00
1.793816089630126953e+00,-7.898723334074020386e-01,3.016906023025512695e+00
1.716363979800691109e+00,-1.368970450484039869e+00,3.654337234056130868e+00
-1.734806597232818604e-02,1.021291717886924744e+00,3.975757718086242676e+00
-5.755812228824266352e-01,9.631746095909794469e-01,4.294161675073270956e+00
-2.559640557672150929e-01,1.495869917918654313e+00,4.400700805284147421e+00
-1.734806597232818604e-02,1.447447955608367920e+00,3.549601435661315918e+00
-5.755812228824266352e-01,1.389330847312422623e+00,3.868005392648344642e+00
-3.369652330875396729e-01,9.147526472806930542e-01,3.443062305450439453e+00
7.897038556125632880e-01,3.247207425569776262e+00,-3.229351632931889426e+00
-4.097674485130335498e+00,3.594855252926392741e-01,1.791056352865642909e+00
-1.718340967565367139e+00,-5.804262282374923476e-01,3.449549410859706899e-01
-1.828512072563171387e+00,-1.002950459718704224e+00,2.468905895948410034e-01
-1.931419108777830518e+00,-7.935043396476333388e-01,5.580330673972728750e-01
-2.119765378383622334e+00,-5.104129748522372445e-01,4.686128212469462540e-01
-2.229936483381426360e+00,-9.329372063334491205e-01,3.705484697558165674e-01
-2.016858342168962981e+00,-7.198590949233081293e-01,1.574703434445143546e-01
-5.501114655189004443e-01,2.511975226324866917e+00,-3.499758406446949799e+00
-5.110237795170173847e-01,2.279892689435734088e+00,-3.650073595634922174e+00
-4.044847163613662921e-01,2.173353618829502398e+00,-4.182769008270724953e+00
-2.304261699318885803e-01,2.086682260036468506e+00,-3.481976389884948730e+00
-4.435724023632493518e-01,2.405436155718635227e+00,-4.032453819082753022e+00
-1.256081799368784724e+00,-3.450426049483740876e+00,2.443178228716588407e+00
-1.026621562430622081e+00,-3.593269779410478204e+00,2.312721621079425471e+00
1.294892092686621865e+00,-1.676912115608095055e+00,3.684242622205796458e+00
1.585024131318377938e+00,-1.620758317054864728e+00,3.608976396436678336e+00
1.453445859715318589e+00,-1.875469155955471257e+00,3.521224591106108193e+00
-4.678347886700772840e+00,-5.169203602080303384e-01,4.760071177753004146e-01
-2.146745833017017269e+00,3.671242519346889388e+00,-1.227544976215039441e+00
-1.386411169894593787e+00,-1.138945013590917821e+00,4.285400828769543757e+00
-1.189277648925781250e+00,-1.002950429916381836e+00,3.869218707084655762e+00
-1.460564748158773796e+00,-9.782898947227087749e-01,4.161732505391534609e+00
-1.247486606946310417e+00,-9.782898947227087749e-01,4.374810646603997988e+00
-3.459376136211026687e+00,-2.743224415749228928e+00,3.460326130386275345e-01
-3.534749029867793269e+00,-2.604225604917823844e+00,5.509197827397007696e-01
-3.371728993646265771e+00,-2.785025876621186391e+00,6.135796657062537740e-01
-1.189277648925781250e+00,1.767065107822418213e+00,3.016906023025512695e+00
-1.558708894912198328e+00,1.758912266391172041e+00,3.542126649262010929e+00
-6.565823704004287720e-01,-6.833332628011703491e-01,3.975757718086242676e+00
-3.369652330875396729e-01,-7.898723334074020386e-01,3.869218587875366211e+00
-6.565823704004287720e-01,-1.109489500522613525e+00,3.975757718086242676e+00
-6.565823704004287720e-01,-6.833332628011703491e-01,3.549601435661315918e+00
-3.369652330875396729e-01,-7.898723334074020386e-01,3.443062305450439453e+00
-3.369652330875396729e-01,-3.637160956859588623e-01,3.443062305450439453e+00
-1.578555633520532409e+00,-3.408834599067981586e+00,5.165839423912345074e-01
-1.551119276499091315e+00,-3.027858865969088598e+00,8.121002758435611479e-01
-1.516823905267480121e+00,-3.049576855146952425e+00,1.312619287246989286e+00
-1.544260262288921215e+00,-3.430552588245845413e+00,1.017102953794662756e+00
2.539589643478393555e+00,-2.174880027770996094e+00,-7.272659987211227417e-02
2.646128654479980469e+00,-2.494497299194335938e+00,3.381246328353881836e-02
2.646128654479980469e+00,-2.494497299194335938e+00,-3.923437893390655518e-01
2.113433361053466797e+00,-2.601036310195922852e+00,-7.272659987211227417e-02
3.487010603973229816e+00,1.148689972627439548e+00,-2.536907632357149112e+00
3.569302527620707544e+00,1.416321065013891767e+00,-2.297461049549535783e+00
1.466619606970045009e+00,3.504817712246806494e+00,-2.355662482964055116e+00
1.485497150378032760e+00,3.620420199977488096e+00,-2.147201849114021677e+00
4.373569009227176174e+00,9.042357748746259194e-01,2.460512423684106387e-01
4.429601363444893636e+00,6.395776772822616696e-01,1.514225565763232806e-01
4.429601363444893636e+00,6.395776772822616696e-01,-2.747336960462810618e-01
4.373569009227176174e+00,9.042357748746259194e-01,-1.801050102541937314e-01
2.362400086107963038e+00,3.645843972531726429e+00,1.073277677279792286e+00
2.929732388370686280e+00,-3.048628787304747068e+00,-1.926215597617618958e+00
2.785381144829688793e+00,-2.503628969250228486e+00,-2.181508285295508554e+00
-1.402355790138244629e+00,1.127830773591995239e+00,-1.792656630277633667e-01
-1.189277648925781250e+00,9.147526472806930542e-01,-3.923437893390655518e-01
-1.402355790138244629e+00,7.016745358705520630e-01,-1.792656630277633667e-01
-1.828512072563171387e+00,1.127830773591995239e+00,-1.792656630277633667e-01
-1.615433931350708008e+00,9.147526472806930542e-01,-3.923437893390655518e-01
-1.615433931350708008e+00,1.340908885002136230e+00,-3.923437893390655518e-01
5.153472423553466797e-01,1.767065107822418213e+00,3.443062305450439453e+00
8.295755691877451099e-01,1.886165366309488611e+00,4.042920255725617196e+00
8.295755691877451099e-01,2.312321589129770594e+00,3.616763973300689994e+00
7.230364985815134204e-01,1.992704436915720301e+00,4.149459385936493661e+00
4.088081717491149902e-01,1.447447955608367920e+00,3.975757718086242676e+00
5.153472423553466797e-01,4.885964095592498779e-01,3.443062305450439453e+00
8.919100463390350342e-02,4.885964095592498779e-01,3.016906023025512695e+00
8.919100463390350342e-02,4.885964095592498779e-01,3.443062305450439453e+00
8.919100463390350342e-02,9.147526472806930542e-01,3.443062305450439453e+00
5.153472423553466797e-01,9.147526472806930542e-01,3.443062305450439453e+00
-3.404785529492117213e+00,1.236120378172935741e+00,2.530366964688075093e+00
-3.252630263872365646e+00,1.485258993786839232e+00,2.607294197365531918e+00
3.541886027276268667e+00,2.355887692108187714e+00,1.456899047590419105e+00
-2.505349279966862852e+00,-4.144949917388420224e-01,3.506446745118640962e+00
-2.257645464893603293e+00,-4.343553512482730139e-01,3.666333060003407418e+00
-2.361900543849535516e+00,-6.706378703180742029e-01,3.560898014939872791e+00
3.398738135452243014e+00,2.356661327740510181e+00,1.748390404238234330e+00
3.342487843275015802e+00,2.566918584381883139e+00,1.564606861342213717e+00
3.198478281168193327e+00,2.566618718806229715e+00,1.807537964015985654e+00
1.101764340926258967e+00,3.596419550631088757e+00,2.544004365970725878e+00
1.421381552744954035e+00,3.489880539629501843e+00,2.437465354969138964e+00
1.048042595386505127e+00,3.152072906494140625e+00,2.271132707595825195e+00
1.049632982360677813e+00,3.760793576173965924e+00,2.301022697030951747e+00
1.369250194179372881e+00,3.654254565172379010e+00,2.194483686029364833e+00
1.485053388532157737e+00,2.654748744322973586e+00,3.291777618521381399e+00
1.458624046799484431e+00,2.871669180272429234e+00,3.089231713345329755e+00
1.221372492980300040e+00,2.797130731132173587e+00,3.260388932252973326e+00
-1.734806597232818604e-02,3.820573538541793823e-01,1.631898343563079834e+00
8.919100463390350342e-02,6.244015693664550781e-02,1.312281131744384766e+00
4.088081717491149902e-01,-4.409889876842498779e-02,1.631898343563079834e+00
-1.734806597232818604e-02,-4.409889876842498779e-02,1.631898343563079834e+00
-3.369652330875396729e-01,6.244015693664550781e-02,1.312281131744384766e+00
1.367659807205200195e+00,6.244015693664550781e-02,-3.923437893390655518e-01
9.415035247802734375e-01,6.244015693664550781e-02,-8.184998184442520142e-01
9.415035247802734375e-01,4.885964095592498779e-01,-8.184998184442520142e-01
1.367659807205200195e+00,6.244015693664550781e-02,-8.184998184442520142e-01
9.415035247802734375e-01,6.244015693664550781e-02,-1.244655847549438477e+00
1.367659807205200195e+00,-3.637160956859588623e-01,-8.184998184442520142e-01
4.088081717491149902e-01,-4.702551513910293579e-01,2.910367012023925781e+00
5.153472423553466797e-01,-7.898723334074020386e-01,3.016906023025512695e+00
5.153472423553466797e-01,-3.637160956859588623e-01,3.443062305450439453e+00
8.919100463390350342e-02,3.897846460342407227e+00,-3.923437893390655518e-01
8.919100463390350342e-02,3.471690177917480469e+00,-3.923437893390655518e-01
5.153472423553466797e-01,3.471690177917480469e+00,-3.923437893390655518e-01
4.088081717491149902e-01,4.004385590553283691e+00,-2.858047261834144592e-01
4.088081717491149902e-01,3.578229308128356934e+00,-2.858047261834144592e-01
-1.734806597232818604e-02,4.004385590553283691e+00,-2.858047261834144592e-01
-1.062029421898817549e+00,1.861414071033182571e+00,3.656280097810704621e+00
3.630138470764797898e+00,2.427299748613746644e+00,-5.034946987475278357e-01
-1.585684204459611557e+00,4.243691237081604228e+00,-2.394020837463880780e-01
-1.842289767700703296e+00,4.112868539777350563e+00,-2.996504957006295711e-01
-1.659801256536859615e+00,4.187456637543749416e+00,-5.192774151660537463e-01
3.029954972984566508e-01,3.510041921820947763e+00,2.519533910678557476e-01
3.029954972984566508e-01,3.510041921820947763e+00,3.887526475655353475e-02
4.088081717491149902e-01,4.004385590553283691e+00,1.403515264391899109e-01
4.095345679046883403e-01,3.403502791610071299e+00,3.584924542235068401e-01
4.088081717491149902e-01,4.004385590553283691e+00,3.534296527504920959e-01
1.900355160236358643e+00,-1.109489500522613525e+00,-1.564273059368133545e+00
1.900355160236358643e+00,-1.109489500522613525e+00,-1.990429341793060303e+00
-3.369652330875396729e-01,-7.898723334074020386e-01,-3.801593542098999023e+00
-4.435042887926101685e-01,-8.964113891124725342e-01,-3.481976270675659180e+00
-4.435042887926101685e-01,-4.702551513910293579e-01,-3.481976270675659180e+00
-4.435042887926101685e-01,-4.702551513910293579e-01,-3.908132672309875488e+00
-5.500433444976806641e-01,-5.767942070960998535e-01,-3.588515400886535645e+00
-4.435042887926101685e-01,-8.964113891124725342e-01,-3.908132672309875488e+00
1.715326009725818501e+00,2.714323931205785190e+00,3.111269149575432991e+00
1.367659807205200195e+00,6.244015693664550781e-02,2.590749859809875488e+00
1.316706344609400947e+00,4.376429385410552375e-01,2.562957030142673176e+00
9.415035247802734375e-01,6.244015693664550781e-02,2.590749859809875488e+00
4.449887479575661331e+00,4.589268533419799678e-01,-7.032730769987172170e-02
8.905500621844741893e-01,4.376429385410552375e-01,2.136800866927035969e+00
9.415035247802734375e-01,4.885964095592498779e-01,2.590749859809875488e+00
5.153472423553466797e-01,6.244015693664550781e-02,2.164593696594238281e+00
-3.178065695635590604e+00,-1.708838672880037990e+00,-2.774329065853368803e+00
4.137675762176513672e+00,1.553987026214599609e+00,3.381246328353881836e-02
4.289341880331841494e+00,1.920638430679045605e+00,1.649534456104627400e-02
4.385979577018851217e+00,1.709396534133047707e+00,2.305852376849590601e-01
-2.645370521418366483e+00,-1.602299602273806300e+00,-3.093946337276708647e+00
-3.745983816022832591e-02,-4.090002462832677210e+00,6.035952774721419223e-01
2.646128654479980469e+00,1.340908885002136230e+00,-3.923437893390655518e-01
2.646128654479980469e+00,1.340908885002136230e+00,-8.184998184442520142e-01
2.219972372055053711e+00,1.767065107822418213e+00,-3.923437893390655518e-01
2.646128654479980469e+00,1.767065107822418213e+00,-8.184998184442520142e-01
2.646128654479980469e+00,1.767065107822418213e+00,-3.923437893390655518e-01
2.262847199531138997e+00,3.539372011185142775e+00,1.580378360844975960e+00
-1.535961830732686106e+00,1.493039682338877405e+00,3.673462138760992257e+00
1.317549712644272342e+00,8.061212640859555245e-01,4.416722690908143178e+00
1.181815687584931052e+00,1.001585273345104499e+00,4.427148163785844304e+00
1.392410141320614247e+00,1.057591400741955345e+00,4.352395812841241884e+00
-2.574627179808444133e+00,-3.570050872545191822e+00,1.485215989553426041e+00
-2.725210230185608928e+00,-3.384307835002349663e+00,1.658907188730232907e+00
-5.372318948090415436e-01,-2.583867464814057158e+00,-3.401415855140462963e+00
-1.549452115760541870e+00,-2.585261461569870356e+00,-3.187079811260116635e+00
2.777770852045737815e+00,3.322892170184157834e+00,7.075233525257613731e-01
5.153472423553466797e-01,6.244015693664550781e-02,4.599687159061431885e-01
5.153472423553466797e-01,6.244015693664550781e-02,8.861249238252639771e-01
5.153472423553466797e-01,-3.637160956859588623e-01,8.861249238252639771e-01
9.415035247802734375e-01,-3.637160956859588623e-01,4.599687159061431885e-01
9.415035247802734375e-01,-3.637160956859588623e-01,8.861249238252639771e-01
9.415035247802734375e-01,6.244015693664550781e-02,4.599687159061431885e-01
1.597900117267295528e+00,8.206053593300354221e-01,4.308849228754516147e+00
6.302536935718706657e-01,-2.498211795926035705e+00,-3.466565988744759075e+00
7.098686045717059745e-01,-2.713547836637960842e+00,-3.270527869932828402e+00
-3.591072433529918229e-01,-3.567763944616819671e+00,-2.379788414262890228e+00
5.153472423553466797e-01,1.767065107822418213e+00,-2.949280977249145508e+00
8.919100463390350342e-02,1.767065107822418213e+00,-2.949280977249145508e+00
8.919100463390350342e-02,1.340908885002136230e+00,-2.949280977249145508e+00
5.153472423553466797e-01,1.340908885002136230e+00,-2.523124694824218750e+00
8.919100463390350342e-02,1.340908885002136230e+00,-2.523124694824218750e+00
5.153472423553466797e-01,1.767065107822418213e+00,-2.523124694824218750e+00
2.113433361053466797e+00,8.082135766744613647e-01,-4.988828450441360474e-01
2.646128654479980469e+00,4.885964095592498779e-01,-3.923437893390655518e-01
2.539589643478393555e+00,8.082135766744613647e-01,-4.988828450441360474e-01
2.113433361053466797e+00,1.234369814395904541e+00,-4.988828450441360474e-01
2.646128654479980469e+00,9.147526472806930542e-01,-3.923437893390655518e-01
2.219972372055053711e+00,9.147526472806930542e-01,-3.923437893390655518e-01
8.919100463390350342e-02,3.897846460342407227e+00,-1.244655847549438477e+00
-4.110569461572671779e-01,3.808264461466299711e+00,-1.664845206427280067e+00
1.509929156417599838e-02,3.808264461466299711e+00,-1.664845206427280067e+00
5.153472423553466797e-01,3.471690177917480469e+00,-1.670812129974365234e+00
8.919100463390350342e-02,3.471690177917480469e+00,-1.670812129974365234e+00
1.146592831742952789e+00,4.424827350621333366e+00,-4.576007809839851559e-01
1.299649770622747447e+00,4.339306809316095581e+00,-7.014740437104047821e-01
-3.838875780457506326e-01,4.168612664619121944e+00,-1.752186108309667700e+00
-6.033621012059802169e-01,4.224492546683618954e+00,-1.561829983148272927e+00
1.990292929172303715e+00,3.387160534239808563e+00,-2.081533535835478510e+00
1.990292929172303715e+00,3.387160534239808563e+00,-1.655377253410551974e+00
-3.060294741893741843e+00,2.568578892265172886e+00,-1.839058124312012765e+00
-2.221720414413013600e+00,-1.984356528116445695e+00,-3.181526670275938606e+00
-2.041590213775634766e+00,-1.642184793949127197e+00,-2.523124694824218750e+00
1.563637694819090651e+00,-3.239213221628491901e+00,2.878601994938866593e+00
1.426851063070234904e+00,-3.404491616317556257e+00,2.759829785581854988e+00
1.679685326136989953e+00,-3.401768332849406384e+00,2.635296756724849310e+00
-2.469843431245738685e+00,-3.521893216503761082e+00,1.757829647539958628e+00
3.431483960345546258e+00,-1.179768757511388877e+00,2.690715434653220051e+00
1.474198877811431885e+00,-3.027192592620849609e+00,1.844976425170898438e+00
1.993044349140069782e+00,-3.283396749562353278e+00,1.757218883290787792e+00
2.099583419746301693e+00,-3.389935760563940192e+00,2.289914176717301686e+00
1.878909063190210116e+00,-3.578764119327845883e+00,2.197471390426860793e+00
1.772369992583978426e+00,-3.472225108326258969e+00,1.664776097000346899e+00
-1.238871067762374878e-01,1.127830773591995239e+00,1.951515555381774902e+00
-1.238871067762374878e-01,7.016745358705520630e-01,1.951515555381774902e+00
-3.369652330875396729e-01,9.147526472806930542e-01,2.164593696594238281e+00
-3.369652330875396729e-01,1.340908885002136230e+00,1.738437414169311523e+00
-3.369652330875396729e-01,9.147526472806930542e-01,1.738437414169311523e+00
-1.238871067762374878e-01,1.127830773591995239e+00,1.525359272956848145e+00
1.453081994073384564e+00,-1.643655125130627948e+00,-3.616065078174467207e+00
-7.631214410066604614e-01,-2.068341016769409180e+00,-3.923437893390655518e-01
-7.631214410066604614e-01,-2.494497299194335938e+00,-3.923437893390655518e-01
-1.189277648925781250e+00,-2.494497299194335938e+00,-3.923437893390655518e-01
-1.189277648925781250e+00,-2.068341016769409180e+00,-8.184998184442520142e-01
-1.189277648925781250e+00,-2.494497299194335938e+00,-8.184998184442520142e-01
-7.631214410066604614e-01,-2.068341016769409180e+00,-8.184998184442520142e-01
3.407110842327846223e-01,-2.695493667779325975e+00,-1.375907693695303191e+00
8.734064074616206819e-01,-2.588954537568449510e+00,-1.269368623089071502e+00
5.537891956429256135e-01,-2.908571808991789354e+00,-1.588985834907766570e+00
4.445369797227722852e-01,1.380998834113358997e+00,-4.290401079880057367e+00
2.590100870247873388e-01,1.607993197182190137e+00,-4.218342735497671470e+00
2.113433361053466797e+00,8.082135766744613647e-01,-9.250388741493225098e-01
2.113433361053466797e+00,1.234369814395904541e+00,-9.250388741493225098e-01
2.219972372055053711e+00,9.147526472806930542e-01,-1.244655847549438477e+00
2.006894230842590332e+00,7.016745358705520630e-01,-1.457733988761901855e+00
2.006894230842590332e+00,1.127830773591995239e+00,-1.457733988761901855e+00
1.900355219841003418e+00,1.021291702985763550e+00,-1.138117015361785889e+00
-3.665740551724560259e+00,-1.597734171234200362e+00,-1.211758726900160621e+00
-1.760722753779273786e+00,2.613547703863602578e+00,-3.083724169136162541e+00
-1.534929569627298207e+00,2.807666888327418508e+00,-3.036094911997336609e+00
-1.507050394739724908e+00,2.598943903362716412e+00,-3.252419993597309045e+00
-2.736642517084384441e+00,-4.080068973608820815e-01,3.312538475891720680e+00
-2.823213666509132747e+00,-6.614282292783164596e-01,3.173175143584863633e+00
-2.603991305687846758e+00,-6.705317892579376604e-01,3.380534145052818573e+00
8.767055620130259630e-02,-1.117514944039768476e+00,4.368699397262911788e+00
-2.045129847537399403e-01,-1.097707528600174509e+00,4.385915545773993784e+00
-3.816315233469397272e-01,2.438515440998210160e+00,3.606990387054171521e+00
-6.358732139796966498e-01,2.287570293853464776e+00,3.656280097810704621e+00
-3.651201338866461032e-01,2.175861039701474375e+00,3.754906286382632352e+00
-2.893902540206909180e+00,-1.642184793949127197e+00,4.599687159061431885e-01
-2.503865665412734032e+00,-1.562670282921102771e+00,3.835723936420815106e-01
-2.503865665412734032e+00,-1.988826505741384754e+00,3.835723936420815106e-01
-2.893902540206909180e+00,-2.068341016769409180e+00,3.381246328353881836e-02
-2.503865665412734032e+00,-1.988826505741384754e+00,-4.258385898052285956e-02
-2.893902540206909180e+00,-1.642184793949127197e+00,3.381246328353881836e-02
-3.477225730635077561e+00,-1.877901602409754789e+00,2.282390969109766132e+00
-1.062029421898817549e+00,2.287570293853464776e+00,3.656280097810704621e+00
8.908082878581193853e-01,-1.321863891097817545e+00,-4.418003063639275307e-01
5.885845185407059255e-01,-8.985508108532807015e-01,-4.966788216073110274e-01
1.257869170276692872e+00,-1.319607404221590841e+00,-7.728690822692896312e-01
9.556454009592795229e-01,-8.962943239770542192e-01,-8.277475975126731278e-01
9.016826932532053807e-01,-1.290261082806103854e+00,-7.610217509228316413e-01
1.515116852220030452e+00,-3.260601366759919628e+00,-2.570973437769226155e+00
1.429573016668416852e+00,-3.127329241749346345e+00,-2.755812539554390206e+00
2.719402721528918931e+00,-2.017303552459541738e+00,4.998094267671510660e-01
3.072284936904907227e+00,-1.642184793949127197e+00,4.599687159061431885e-01
-1.190588741431488629e+00,-3.631739879301058571e-01,-4.487743228240557158e+00
-1.086367747890715219e+00,-6.153723051371700059e-01,-4.485029817942635333e+00
-6.885454775393311522e-01,-6.332006950740959317e-01,-4.448669255337367012e+00
-9.478656148490646194e-01,-5.589658171591738167e-01,-4.051032365126020274e+00
-7.927664710801047843e-01,-3.810023778670318384e-01,-4.451382665635288838e+00
2.113433361053466797e+00,-8.964113891124725342e-01,-2.203507423400878906e+00
3.072284936904907227e+00,-3.637160956859588623e-01,3.381246328353881836e-02
3.498441219329833984e+00,-3.637160956859588623e-01,-3.923437893390655518e-01
3.498441219329833984e+00,-3.637160956859588623e-01,3.381246328353881836e-02
3.072284936904907227e+00,-7.898723334074020386e-01,4.599687159061431885e-01
3.498441219329833984e+00,-7.898723334074020386e-01,3.381246328353881836e-02
-1.508894860744476318e+00,-1.109489500522613525e+00,-7.119607552886009216e-01
-1.189277648925781250e+00,-7.898723334074020386e-01,-1.244655847549438477e+00
-1.508894860744476318e+00,-6.833332628011703491e-01,-7.119607552886009216e-01
-1.508894860744476318e+00,-6.833332628011703491e-01,-2.858047261834144592e-01
-1.189277648925781250e+00,-3.637160956859588623e-01,-8.184998184442520142e-01
-1.189277648925781250e+00,-7.898723334074020386e-01,-8.184998184442520142e-01
-1.050730326647510982e+00,2.533948109321306319e+00,3.502454419162873478e+00
-7.631214410066604614e-01,2.193221330642700195e+00,3.016906023025512695e+00
-6.245741187283901930e-01,2.533948109321306319e+00,3.502454419162873478e+00
2.187700781400597094e+00,2.136546852863176138e+00,8.518223322891189664e-01
1.761544498975670336e+00,2.562703135288102896e+00,1.277978540208239755e+00
1.793816089630126953e+00,2.619377613067626953e+00,8.861249238252639771e-01
1.410506787317947541e+00,2.638865807731838764e+00,1.367039282783335086e+00
1.804391479088417682e+00,2.156035047527387949e+00,1.332736691247190297e+00
1.836663069742874299e+00,2.212709525306912006e+00,1.793195565208261844e+00
1.793816089630126953e+00,2.619377613067626953e+00,1.738437414169311523e+00
3.493323305625067654e+00,5.055852846406223566e-01,2.615650112389259263e+00
3.593602133186596159e+00,2.442982047796244394e-01,2.502458715125006172e+00
3.407419338880207427e+00,2.442982047796244671e-01,2.740103493899105569e+00
-3.746215105056762695e+00,-7.898723334074020386e-01,-8.184998184442520142e-01
-3.746215105056762695e+00,-3.637160956859588623e-01,-8.184998184442520142e-01
-3.320058822631835938e+00,-7.898723334074020386e-01,-3.923437893390655518e-01
-3.320058822631835938e+00,-3.637160956859588623e-01,-3.923437893390655518e-01
-3.320058822631835938e+00,-3.637160956859588623e-01,-8.184998184442520142e-01
-5.361402315428652754e-01,-4.612105207985649713e+00,-1.229198109391823196e-01
-6.278692967134794634e-01,-4.569961824420076368e+00,-4.056859810332264504e-01
-8.204100242514781316e-01,-4.551002792624825766e+00,-1.803773288938753661e-01
2.147226982468541046e+00,-4.518473844470115575e-01,3.767044893265306449e+00
2.396247497653441361e+00,-4.431451277057359417e-01,3.636189108896822564e+00
-2.316875847944658950e+00,-2.256520511001336438e+00,2.836159780160572463e+00
3.359183009575176015e+00,-7.073933050009585388e-01,-2.676469426927054140e+00
2.933026727150249258e+00,-1.133549542722401604e+00,-2.676469426927054140e+00
2.978747933849314578e+00,-1.385306870777967880e+00,-2.515980634423613527e+00
3.404904216274241335e+00,-9.591506330565247040e-01,-2.515980634423613527e+00
-3.439050794358342600e+00,2.857119831998394588e+00,-4.886448230910630519e-01
-3.569581407386190008e+00,2.710457028983681571e+00,-2.638188993674591143e-01
-3.584776587329452813e+00,2.654007976258392354e+00,-5.319605047172856205e-01
1.367659807205200195e+00,6.244015693664550781e-02,-3.375437259674072266e+00
1.423514221616008379e+00,-4.431451277045378445e-01,-3.848370922263248950e+00
1.423514221616008379e+00,-1.698887508193347440e-02,-4.274527204688175708e+00
1.692458772593527838e+00,-5.561574937538849017e-02,-4.168553244911096911e+00
1.692458772593527838e+00,-4.817720019979928603e-01,-3.742396962486170153e+00
-4.393531095978101320e+00,2.202415841468001179e-01,-1.374125168999615010e+00
-4.348354099374740045e+00,4.400462053085295033e-01,-1.469033965587842161e+00
-4.402342427462768271e+00,4.850184361501396757e-01,-1.238725541845500766e+00
-1.748636138916417115e+00,-3.256165876147730565e+00,-2.349734442628468756e+00
-1.510326599649475687e+00,-3.217154566283925377e+00,-2.573302905486838377e+00
-1.931419108777830518e+00,5.880815069641420756e-02,5.580330673972728750e-01
-2.229936483381426360e+00,-8.062471598940151862e-02,3.705484697558165674e-01
-2.041590213775634766e+00,6.244015693664550781e-02,3.381246328353881836e-02
-2.229936483381426360e+00,-5.067809686120059443e-01,-5.560778286678783044e-02
-1.931419108777830518e+00,-3.673481019261901626e-01,1.318768147746685049e-01
3.211537427254615551e+00,-2.503628969250228486e+00,-1.755352002870581796e+00
3.158255962735871059e+00,-2.703154384978127212e+00,-1.535148076562131259e+00
-2.251187169894004914e+00,-2.618398383673040009e+00,1.860732126228179517e+00
-2.530707386513876500e+00,-2.549379254384579241e+00,2.376247142504715359e+00
5.153472423553466797e-01,-3.346809864044189453e+00,1.738437414169311523e+00
4.088081717491149902e-01,-3.027192592620849609e+00,1.631898343563079834e+00
4.088081717491149902e-01,-3.453348875045776367e+00,1.205742061138153076e+00
8.919100463390350342e-02,-3.346809864044189453e+00,1.738437414169311523e+00
1.367659807205200195e+00,4.885964095592498779e-01,-8.184998184442520142e-01
1.367659807205200195e+00,9.147526472806930542e-01,-3.923437893390655518e-01
9.415035247802734375e-01,9.147526472806930542e-01,-8.184998184442520142e-01
1.367659807205200195e+00,9.147526472806930542e-01,-8.184998184442520142e-01
3.604980349540710449e+00,-1.109489500522613525e+00,1.205742061138153076e+00
3.672953458415614492e+00,-1.626223012988077699e+00,1.460683778242391373e+00
4.205648871051417714e+00,-1.519683942381846009e+00,1.354144707636159684e+00
4.295727378260359330e+00,-1.248314597602659504e+00,1.405869037518852505e+00
2.790479898020977512e+00,-2.613340834823927317e+00,-1.415519442296475638e+00
2.876450923851940900e+00,-3.248154203032645349e+00,-1.706011671309168420e+00
-1.402355790138244629e+00,-5.767942219972610474e-01,1.951515555381774902e+00
-1.828512072563171387e+00,-5.767942219972610474e-01,1.951515555381774902e+00
-1.615433931350708008e+00,-3.637160956859588623e-01,2.164593696594238281e+00
-1.229023194325363999e+00,-3.430684075151760326e-01,1.686327528192014924e+00
-1.655179476750290757e+00,-3.430684075151760326e-01,1.686327528192014924e+00
-1.721973001956939697e+00,-8.964113891124725342e-01,-7.272659987211227417e-02
-1.402355790138244629e+00,-1.002950459718704224e+00,2.468905895948410034e-01
-1.508894860744476318e+00,-1.109489500522613525e+00,1.403515264391899109e-01
-1.508894860744476318e+00,-1.109489500522613525e+00,-2.858047261834144592e-01
-1.189277648925781250e+00,-1.216028571128845215e+00,3.381246328353881836e-02
-1.402355790138244629e+00,-1.002950459718704224e+00,-1.792656630277633667e-01
1.734367806568760884e+00,-1.807942348788092790e+00,3.433691375331572537e+00
1.599237904801861898e+00,-2.056666388149082980e+00,3.328737406055931825e+00
2.219972372055053711e+00,2.619377613067626953e+00,1.738437414169311523e+00
2.187700781400597094e+00,2.562703135288102896e+00,1.277978540208239755e+00
1.793816089630126953e+00,3.045533895492553711e+00,1.312281131744384766e+00
-3.671518202705409184e+00,3.594855252926392741e-01,2.217212635290569445e+00
-3.671518202705409184e+00,-6.667072732996509599e-02,2.217212635290569445e+00
1.410506787317947541e+00,2.212709525306912006e+00,1.793195565208261844e+00
1.367659807205200195e+00,2.619377613067626953e+00,1.738437414169311523e+00
-4.690721415960434015e+00,-6.990181372672049642e-02,1.028851825893528638e-02
-4.690721415960434015e+00,-6.990181372672049642e-02,2.233666445702374714e-01
1.836675495303585093e+00,-3.176705822776043853e+00,2.789978504666245751e+00
-2.205202201176955867e+00,-3.532466743137527843e+00,-1.620358859095147874e+00
-1.949717518299179275e+00,-3.677323353689657459e+00,-1.582800831488558213e+00
-1.487357620554528692e+00,-3.587317548544609380e+00,-2.012311715463974693e+00
-1.651637546670431833e+00,-3.010659386764310774e+00,-1.667457528423875512e+00
-1.742842303432305062e+00,-3.442460937992479764e+00,-2.049869743070564354e+00
1.367659807205200195e+00,3.045533895492553711e+00,1.738437414169311523e+00
-2.355704768235616253e+00,-3.431945580433139575e+00,2.031276288412295905e+00
-4.634128381809821562e+00,-7.986932780223072736e-01,5.072485262535035844e-01
-4.065832495689392090e+00,-8.964113891124725342e-01,5.665077716112136841e-01
-4.314510991177192167e+00,-1.118310460038679954e+00,4.007094705484330333e-01
-4.634128381809821562e+00,-7.986932780223072736e-01,2.941704073927819407e-01
-4.065832495689392090e+00,-8.964113891124725342e-01,3.534296527504920959e-01
-4.385449886322021484e+00,-5.767942070960998535e-01,4.599687084555625916e-01
2.219972372055053711e+00,3.045533895492553711e+00,3.381246328353881836e-02
1.793816089630126953e+00,3.045533895492553711e+00,3.381246328353881836e-02
2.006894230842590332e+00,2.832455754280090332e+00,-1.792656630277633667e-01
2.006894230842590332e+00,2.832455754280090332e+00,2.468905895948410034e-01
2.113433361053466797e+00,-4.409889876842498779e-02,2.058054625988006592e+00
1.900355219841003418e+00,-2.571770250797271729e-01,1.844976484775543213e+00
-8.696604967117309570e-01,2.938994884490966797e+00,3.534296527504920959e-01
-8.696604967117309570e-01,2.938994884490966797e+00,7.795858606696128845e-01
-4.435042887926101685e-01,2.938994884490966797e+00,3.534296527504920959e-01
-7.631214410066604614e-01,3.045533895492553711e+00,8.861249238252639771e-01
-7.631214410066604614e-01,3.045533895492553711e+00,4.599687159061431885e-01
4.554190362929754765e-01,-2.132708320955215786e+00,-2.148018316199240108e+00
4.088081717491149902e-01,-1.748723804950714111e+00,-2.203507423400878906e+00
5.619581068992072215e-01,-1.600013087133346890e+00,-2.041479305197653193e+00
5.619581068992072215e-01,-2.026169309953628872e+00,-2.467635587622579951e+00
5.153472423553466797e-01,-1.642184793949127197e+00,-2.523124694824218750e+00
3.604980349540710449e+00,1.447447955608367920e+00,7.795858606696128845e-01
3.604980349540710449e+00,1.447447955608367920e+00,3.534296527504920959e-01
3.072284936904907227e+00,1.340908885002136230e+00,8.861249238252639771e-01
3.072284936904907227e+00,1.767065107822418213e+00,8.861249238252639771e-01
3.604980349540710449e+00,1.873604178428649902e+00,7.795858606696128845e-01
9.415035247802734375e-01,-3.346809864044189453e+00,-1.244655847549438477e+00
9.799454780678523713e-01,-2.908571808991789354e+00,-1.162829552482839812e+00
1.367659807205200195e+00,-2.920653581619262695e+00,-8.184998184442520142e-01
1.830761083098405129e+00,1.377853876788025733e+00,1.337197546051517971e+00
1.873608063211152697e+00,1.823498294272519527e+00,1.391955697090468291e+00
1.410506787317947541e+00,1.786553302486630024e+00,1.367039282783335086e+00
1.421078205102450642e+00,1.369221167776692560e+00,1.781348157284923683e+00
1.463925185215198210e+00,1.814865585261186354e+00,1.836106308323874003e+00
1.884179480995655798e+00,1.406166159562581841e+00,1.806264571592056889e+00
2.989581192755049521e+00,-3.064654092519819351e+00,-5.746643248081977351e-01
2.876493612878360473e+00,-3.106191325109560530e+00,-8.446944043903013011e-01
3.956825908151166971e-01,-4.158519884610554662e+00,-1.656156851621103820e+00
3.561817328456705067e-01,-4.043151883817207803e+00,-1.882913420040491115e+00
-1.820944153793686571e-01,-4.072571489076201701e+00,-1.975804684861267813e+00
-2.292890586969248412e-02,-3.802385751728109664e+00,-1.337547112370215174e+00
-1.425935574099224667e-01,-4.187939489869547671e+00,-1.749048116441880296e+00
7.964008990916250363e-01,-4.254808067309470587e+00,1.248432421692859062e+00
1.020679101138822098e+00,-4.234841787452468864e+00,1.047336152383670171e+00
1.066983959272965965e+00,-4.153194713459495091e+00,1.332184289843399316e+00
2.646128654479980469e+00,-1.216028571128845215e+00,-3.923437893390655518e-01
2.219972372055053711e+00,-7.898723334074020386e-01,-3.923437893390655518e-01
3.072284936904907227e+00,-1.216028571128845215e+00,-8.184998184442520142e-01
2.646128654479980469e+00,-1.216028571128845215e+00,-8.184998184442520142e-01
2.461477139453322582e+00,-3.425578696547682878e+00,-1.969452480899010816e+00
-2.448190186333095930e+00,1.947212881650167926e+00,3.115447465528376814e+00
-3.369652330875396729e-01,-1.216028571128845215e+00,-3.375437259674072266e+00
-7.631214410066604614e-01,-1.642184793949127197e+00,-3.375437259674072266e+00
-7.631214410066604614e-01,-1.642184793949127197e+00,-2.949280977249145508e+00
-1.189277648925781250e+00,-1.642184793949127197e+00,-2.949280977249145508e+00
-7.631214410066604614e-01,-1.216028571128845215e+00,-3.375437259674072266e+00
3.575573211702920862e+00,2.118758602006278302e+00,1.678850612276153287e+00
-2.192910632107428981e+00,2.341882608956530554e+00,2.905876564661120653e+00
-2.041590213775634766e+00,1.767065107822418213e+00,2.590749859809875488e+00
-3.475291020439571499e-01,1.682111554559936550e+00,2.133691415083302179e+00
-4.111934840702741178e-03,1.553288478253146643e+00,2.057692862696548719e+00
-1.467580379712019045e-02,1.894491147810946963e+00,2.026790581185612616e+00
-3.475291020439571499e-01,1.682111554559936550e+00,2.559847578298939386e+00
-4.111934840702741178e-03,1.553288478253146643e+00,2.483849025912185926e+00
-3.369652330875396729e-01,1.340908885002136230e+00,2.590749859809875488e+00
9.017552811616049713e-01,3.329826024558687259e+00,2.940771780038923033e+00
7.952162105553732818e-01,2.797130731132173587e+00,3.260388932252973326e+00
6.218863129615783691e-01,2.725916624069213867e+00,2.697288870811462402e+00
1.048042595386505127e+00,2.725916624069213867e+00,2.697288870811462402e+00
9.415035247802734375e-01,2.193221330642700195e+00,3.016906023025512695e+00
-2.677975880056362001e+00,3.392800388696668890e+00,3.120015193751866645e-01
-2.529363407364194849e+00,3.473194400026915041e+00,6.423609288053367949e-01
-2.419794893525216928e+00,3.590558245848841423e+00,3.605168997954101284e-01
-2.070067811688301784e+00,-1.821351577139869171e+00,3.425961657603572075e+00
-2.041590213775634766e+00,-1.642184793949127197e+00,2.590749859809875488e+00
-1.508894860744476318e+00,-1.748723804950714111e+00,3.123445034027099609e+00
1.793816089630126953e+00,-1.642184793949127197e+00,2.590749859809875488e+00
1.999901801202591090e+00,-1.721316284619479609e+00,3.319119579174392598e+00
2.106319537990285706e+00,3.781381714618311740e+00,6.249263620932197227e-01
2.191646023605120064e+00,3.676375795918765732e+00,8.948008174701169715e-01
-2.309087255105030767e+00,3.636166104453045556e+00,5.819038732871841813e-01
2.053673520291971477e-01,-1.147733999799356308e+00,-3.046093190226165093e-01
3.119064151848482402e-01,-1.041194958995447006e+00,-1.980702558669654167e-01
-1.734804362058639526e-02,-8.964113891124725342e-01,-7.272659987211227417e-02
1.957300677895545959e-01,-1.109489500522613525e+00,1.403515264391899109e-01
3.022691309452056885e-01,-1.002950459718704224e+00,2.468905895948410034e-01
5.249845265949892870e-01,-1.254273070405587998e+00,1.500787044433676831e-02
-2.979456629595878425e+00,-1.900696935097257567e+00,-2.831234237073998905e+00
-2.574285387992858887e+00,-1.322567641735076904e+00,-2.629663705825805664e+00
-2.574285387992858887e+00,-1.748723864555358887e+00,-2.203507423400878906e+00
-4.694969299400335028e-01,4.398000137781244767e+00,-5.979338686563850924e-01
-8.956531378591543469e-01,4.398000137781244767e+00,-5.979338686563850924e-01
-4.694969299400335028e-01,4.398000137781244767e+00,-1.024089897761571555e+00
-3.369652330875396729e-01,3.897846460342407227e+00,-8.184998184442520142e-01
2.557220096188626446e+00,-3.594688879842135698e+00,-1.493321304996751753e+00
2.798657152002879567e+00,-3.423372376376902615e+00,-1.474363592160962799e+00
2.642191248936372805e+00,-3.437677631835204473e+00,-1.725828839164588846e+00
9.415035247802734375e-01,-1.216028571128845215e+00,3.016906023025512695e+00
8.687358102616949962e-01,-1.676912115608095055e+00,3.684242622205796458e+00
1.142351132249967094e+00,-1.507512303326777880e+00,3.795516980649016325e+00
1.401049829343714359e+00,1.614754711152271316e+00,4.154713610984728689e+00
1.642698974410178758e+00,1.435812848296689870e+00,4.127940287956076482e+00
8.717411198341010747e-01,3.536807246575370378e+00,2.723063264756352631e+00
1.139006834980789362e+00,3.404364473698942906e+00,2.769614561131279462e+00
3.576199225342958865e+00,1.817556232496111868e+00,-1.927304957010390174e+00
2.219972372055053711e+00,9.147526472806930542e-01,-2.523124694824218750e+00
2.744355509998971598e+00,1.083020511544782405e+00,-3.170335568819020899e+00
2.744355509998971598e+00,1.509176749266225581e+00,-2.744179286394094142e+00
2.646128654479980469e+00,1.340908885002136230e+00,-2.096968412399291992e+00
3.170511792423898356e+00,1.509176749266225581e+00,-2.744179286394094142e+00
2.646128654479980469e+00,9.147526472806930542e-01,-2.523124694824218750e+00
4.480108139438052639e+00,1.436931083202300785e+00,-7.356594709854262504e-02
2.219972372055053711e+00,-7.898723334074020386e-01,-1.244655847549438477e+00
2.113433361053466797e+00,-4.702551513910293579e-01,-1.351194918155670166e+00
2.113433361053466797e+00,-8.964113891124725342e-01,-9.250388890504837036e-01
2.219972372055053711e+00,-7.898723334074020386e-01,-8.184998184442520142e-01
2.219972372055053711e+00,-1.216028571128845215e+00,-8.184998184442520142e-01
5.153472423553466797e-01,4.885964095592498779e-01,8.861249238252639771e-01
9.233319307651713936e-01,4.494070280542992735e-01,1.290761558993319902e+00
9.233319307651713936e-01,4.494070280542992735e-01,8.646053510741990022e-01
5.153472423553466797e-01,9.147526472806930542e-01,8.861249238252639771e-01
9.233319307651713936e-01,8.755632657757423942e-01,1.290761558993319902e+00
5.153472423553466797e-01,9.147526472806930542e-01,1.312281131744384766e+00
1.008332599697496779e+00,2.235836980740796065e+00,2.218831695938436432e+00
1.008332599697496779e+00,2.661993263165722823e+00,2.218831695938436432e+00
2.219972372055053711e+00,4.885964095592498779e-01,-8.184998184442520142e-01
2.646128654479980469e+00,4.885964095592498779e-01,-8.184998184442520142e-01
-1.234699918843666699e+00,-7.582110526990766264e-01,-4.430435412952527408e+00
-1.413778588625644428e+00,-6.220372741969355523e-01,-4.405366572335267961e+00
3.238109814845658629e+00,-2.751694848420546791e+00,1.291291959789986121e+00
3.238109814845658629e+00,-2.751694848420546791e+00,8.651357518708653327e-01
3.413547327603196901e+00,-2.634984711149050085e+00,1.059557079001152813e+00
3.413547327603196901e+00,-2.634984711149050085e+00,6.334008710820320243e-01
2.530148052855412111e+00,2.442982047796245781e-01,-3.532100153358716632e+00
1.900355160236358643e+00,2.725916624069213867e+00,-2.858047261834144592e-01
1.900355160236358643e+00,2.299760341644287109e+00,-7.119607552886009216e-01
2.219972372055053711e+00,2.193221330642700195e+00,-8.184998184442520142e-01
2.219972372055053711e+00,2.619377613067626953e+00,-3.923437893390655518e-01
1.165879938559337692e+00,4.153115612613291319e+00,-1.827584637295326386e+00
5.153472423553466797e-01,2.193221330642700195e+00,-2.523124694824218750e+00
8.919100463390350342e-02,1.767065107822418213e+00,-2.523124694824218750e+00
-1.935051143169403076e+00,5.951354652643203735e-01,1.844976484775543213e+00
-1.828512072563171387e+00,7.016745358705520630e-01,1.951515555381774902e+00
-1.615433931350708008e+00,4.885964095592498779e-01,2.164593696594238281e+00
-1.402355790138244629e+00,7.016745358705520630e-01,1.951515555381774902e+00
-1.508894860744476318e+00,5.951354652643203735e-01,1.844976484775543213e+00
-2.637979983249405969e+00,2.737581537375136875e+00,-2.019013789848895790e+00
-3.369148051752723028e+00,-3.963211808118581869e-01,2.666331285174792232e+00
-3.162798680300021648e+00,-4.080068973608820815e-01,2.886382312676083473e+00
-2.041590213775634766e+00,-1.642184793949127197e+00,2.164593696594238281e+00
-1.721973001956939697e+00,-1.748723864555358887e+00,2.058054625988006592e+00
-2.041590213775634766e+00,-1.642184793949127197e+00,1.738437414169311523e+00
-1.721973001956939697e+00,-1.322567641735076904e+00,1.631898343563079834e+00
-2.041590213775634766e+00,-1.216028571128845215e+00,1.738437414169311523e+00
-3.320058822631835938e+00,6.244015693664550781e-02,1.738437414169311523e+00
-3.320058822631835938e+00,6.244015693664550781e-02,1.312281131744384766e+00
-2.893902540206909180e+00,6.244015693664550781e-02,1.738437414169311523e+00
-1.263033871312564838e+00,-9.891175540461436544e-01,-4.394074850347259087e+00
-4.111934840702741178e-03,1.553288478253146643e+00,1.631536580271621961e+00
2.089661914705994439e-01,1.340210366843005652e+00,1.844614721484085340e+00
-1.238871067762374878e-01,-5.767942219972610474e-01,1.525359272956848145e+00
-1.734804362058639526e-02,-8.964113891124725342e-01,1.631898343563079834e+00
3.022691309452056885e-01,-5.767942219972610474e-01,1.525359272956848145e+00
1.634156346314914021e+00,1.156143056366551569e+00,1.994426298497387062e+00
1.847234487527377400e+00,9.430649300552492731e-01,2.207504439709850441e+00
2.219972372055053711e+00,9.147526472806930542e-01,2.164593696594238281e+00
1.847234487527377400e+00,1.369221167776692560e+00,2.207504439709850441e+00
2.006894230842590332e+00,1.127830773591995239e+00,1.951515555381774902e+00
1.048042595386505127e+00,3.152072906494140625e+00,1.844976425170898438e+00
1.369250194179372881e+00,3.654254565172379010e+00,1.768327403604437853e+00
-1.295816719532012939e+00,1.234369814395904541e+00,-2.629663705825805664e+00
-1.721973001956939697e+00,1.234369814395904541e+00,-2.629663705825805664e+00
-1.295816719532012939e+00,8.082135766744613647e-01,-2.629663705825805664e+00
-2.341099896574864836e+00,3.611000203401428799e+00,-1.004528306172912222e+00
-3.369652330875396729e-01,9.147526472806930542e-01,-1.244655847549438477e+00
8.919100463390350342e-02,9.147526472806930542e-01,-1.244655847549438477e+00
8.919100463390350342e-02,4.885964095592498779e-01,-1.244655847549438477e+00
-1.238871067762374878e-01,7.016745358705520630e-01,-1.457733988761901855e+00
3.022691309452056885e-01,7.016745358705520630e-01,-1.457733988761901855e+00
-1.238871067762374878e-01,1.127830773591995239e+00,-1.457733988761901855e+00
-6.871298292789796980e-01,3.267972986561427540e+00,-2.997558763361980017e+00
-9.565692355937532865e-01,3.315768737750429018e+00,-2.870055640783235162e+00
-7.193609303267805011e-01,3.482604800141125168e+00,-2.772999121910923126e+00
1.474198877811431885e+00,1.873604118824005127e+00,-2.858047261834144592e-01
1.367659807205200195e+00,1.767065107822418213e+00,-3.923437893390655518e-01
1.793816089630126953e+00,2.193221330642700195e+00,-3.923437893390655518e-01
1.793816089630126953e+00,1.767065107822418213e+00,-3.923437893390655518e-01
8.919100463390350342e-02,3.045533895492553711e+00,2.164593696594238281e+00
1.957300677895545959e-01,3.152072906494140625e+00,2.271132707595825195e+00
1.560200795511269556e-01,2.661993263165722823e+00,2.218831695938436432e+00
-1.374021837669346713e+00,-7.720439285693148079e-01,-4.051032365126020274e+00
-9.761995673179626465e-01,-7.898723185062408447e-01,-4.014671802520751953e+00
-8.368776484922827441e-01,-7.760394426360026632e-01,-4.394074850347259087e+00
9.415035247802734375e-01,-7.898723334074020386e-01,3.443062305450439453e+00
9.415035247802734375e-01,-7.898723334074020386e-01,3.016906023025512695e+00
-1.049047883512685075e+00,-1.643830584607639977e+00,4.192975881280863071e+00
-9.392626201489930882e-01,-1.406069732415785589e+00,4.327665606910269247e+00
-1.231832104921304794e+00,-1.396334806160448139e+00,4.253859092539975073e+00
2.385690621503738562e+00,2.292785233548076285e+00,2.868842284504641515e+00
2.604036054499584196e+00,2.328579620035497122e+00,2.663457018912089413e+00
4.480108139438052639e+00,1.436931083202300785e+00,1.395121792127595461e-01
4.031136631965637207e+00,1.021291717886924744e+00,-7.272659987211227417e-02
2.722923385487770354e+00,2.760677232853093077e+00,2.020015382517526881e+00
-7.294307461997958653e-01,-1.750369655213871667e+00,4.086436751069986606e+00
-6.196454828361039890e-01,-1.512608803022017279e+00,4.221126476699392782e+00
8.883888483618960219e-01,1.391932696303352257e+00,4.379439538470083271e+00
8.758457524330829358e-01,1.102436451392213801e+00,4.464134187007498866e+00
1.154080639253320051e+00,1.246717265190978363e+00,4.375906461699618610e+00
1.025460433227621371e+00,8.252024517563605333e-01,4.486730782468556278e+00
-8.696604967117309570e-01,-4.702551513910293579e-01,2.058054625988006592e+00
-1.189277648925781250e+00,-7.898723334074020386e-01,2.164593696594238281e+00
-8.696604967117309570e-01,-8.964113891124725342e-01,2.058054625988006592e+00
-8.696604967117309570e-01,-4.702551513910293579e-01,2.484210789203643799e+00
-1.189277648925781250e+00,-7.898723334074020386e-01,2.590749859809875488e+00
-1.189277648925781250e+00,-3.637160956859588623e-01,2.590749859809875488e+00
5.153472423553466797e-01,2.619377613067626953e+00,2.590749859809875488e+00
1.929188134851762992e+00,1.830792181895537496e+00,-3.305678228922922735e+00
1.819186238632961361e+00,1.618583148345045242e+00,-3.490085340179943429e+00
2.078810770809910835e+00,1.571321434078979618e+00,-3.343454830289068536e+00
1.721070700043614066e+00,-4.518473844470115575e-01,3.767044893265306449e+00
1.441105180098835259e+00,-4.540898909670397776e-01,3.875397028425033863e+00
1.570342121208940345e+00,-1.818580478429796532e-01,3.845993618226292821e+00
4.399435762780202985e+00,-6.289427589228675508e-01,-5.285548760810279134e-01
4.408476505160496828e+00,-4.251471126139655388e-01,-6.511717028159410559e-01
4.347359904589058743e+00,-6.533789939994502083e-01,-7.785388669397891315e-01
1.870115670979492162e+00,-1.555620321038594156e+00,3.494597235795560586e+00
-3.369652330875396729e-01,-1.642184793949127197e+00,-2.949280977249145508e+00
-3.369652330875396729e-01,-1.216028571128845215e+00,-2.523124694824218750e+00
-3.369652330875396729e-01,-1.642184793949127197e+00,-2.523124694824218750e+00
-1.734806597232818604e-02,-1.748723804950714111e+00,-2.203507423400878906e+00
-1.734806597232818604e-02,-1.748723804950714111e+00,-2.629663705825805664e+00
1.959550619481344569e+00,1.352347107014069794e+00,-3.513649818951725123e+00
4.250551536506698369e+00,-9.060550467565030575e-01,1.701313562348159891e+00
3.711519360542297363e+00,-7.898723185062408447e-01,1.738437354564666748e+00
3.824395134872482060e+00,-6.929769353463620662e-01,2.340547926380905253e+00
3.910519637510335489e+00,-5.178989571791119406e-01,2.215597266853420955e+00
4.336676039144551353e+00,-7.309770685892529318e-01,1.576362902820675371e+00
-3.369652330875396729e-01,-1.642184793949127197e+00,-2.096968412399291992e+00
1.541721628828111701e+00,-1.879046713415319481e+00,-3.449102024117490117e+00
2.403169222543782624e+00,-4.458307148557014710e-01,-3.597844686325958996e+00
2.513728282791601210e+00,-6.871648448025992062e-01,-3.480674677445593446e+00
2.644599120730910968e+00,-4.229182411117459184e-01,-3.433429176528985938e+00
2.646128654479980469e+00,1.767065107822418213e+00,-2.096968412399291992e+00
2.219972372055053711e+00,1.767065107822418213e+00,-2.096968412399291992e+00
2.646128654479980469e+00,1.767065107822418213e+00,-1.670812129974365234e+00
1.021899866974769422e+00,-4.176282534071203756e+00,-1.272540715395342303e+00
7.696783874226351685e-01,-4.232144156089152176e+00,-1.319267809076063669e+00
8.762174580288668579e-01,-4.551761308303202469e+00,-9.996508356759477021e-01
6.218863129615783691e-01,-4.092583298683166504e+00,-9.250388741493225098e-01
1.128438937581001111e+00,-4.495899686285254049e+00,-9.529237419952263366e-01
5.153472423553466797e-01,4.885964095592498779e-01,3.381246328353881836e-02
5.153472423553466797e-01,9.147526472806930542e-01,4.599687159061431885e-01
5.153472423553466797e-01,9.147526472806930542e-01,3.381246328353881836e-02
3.022691309452056885e-01,7.016745358705520630e-01,2.468905895948410034e-01
-4.887905170858459214e-01,-4.830024022190254618e-02,-4.376592635185672542e+00
-3.932437853256884885e-01,-3.345197674341187644e-01,-4.385988276020346355e+00
-4.997828410307589841e-01,-4.410588231391892600e-01,-4.492527406231222820e+00
-5.953295727909164725e-01,-1.548392959269730418e-01,-4.483131765396549007e+00
1.652997168783134851e+00,-3.576456507497215220e+00,2.400206072547296010e+00
-4.124147672025557654e+00,-5.902366739139821572e-01,-1.630318637116116243e+00
-1.721973001956939697e+00,2.512838482856750488e+00,-7.272659987211227417e-02
-1.615433931350708008e+00,2.619377613067626953e+00,-3.923437818884849548e-01
-1.508894860744476318e+00,2.725916743278503418e+00,-2.858047187328338623e-01
-1.402355790138244629e+00,2.406299471855163574e+00,-1.792656630277633667e-01
-1.295816719532012939e+00,2.512838602066040039e+00,-4.988828450441360474e-01
-1.508894860744476318e+00,2.299760341644287109e+00,-2.858047261834144592e-01
-8.696604967117309570e-01,3.152072906494140625e+00,-2.203507423400878906e+00
-8.372131540763879665e-01,3.382108179041372953e+00,-2.091001488852207046e+00
-9.761995673179626465e-01,3.258611917495727539e+00,-2.310046434402465820e+00
-9.437522246826196559e-01,3.488647190042959867e+00,-2.197540499853793960e+00
-1.295816719532012939e+00,3.152072906494140625e+00,-2.203507423400878906e+00
1.367659807205200195e+00,9.147526472806930542e-01,-1.244655847549438477e+00
9.415035247802734375e-01,9.147526472806930542e-01,-1.244655847549438477e+00
1.367659807205200195e+00,1.340908885002136230e+00,-8.184998184442520142e-01
-1.161891590039163313e+00,-2.550052382904747783e-01,-3.371540165714103310e+00
-1.189277648925781250e+00,6.244015693664550781e-02,-2.949280977249145508e+00
-8.696604967117309570e-01,-4.702551513910293579e-01,-3.055819988250732422e+00
-8.696604967117309570e-01,-4.409889876842498779e-02,-3.055819988250732422e+00
-8.422744378251130204e-01,-3.615442939955452739e-01,-3.478079176715690224e+00
2.950120843549743466e+00,-3.147682282119470987e+00,-6.680463400391353779e-02
3.376277125974670223e+00,-2.721525999694544229e+00,-6.680463400391353779e-02
1.851342625951486021e+00,-3.466982547831709560e+00,2.419238745267508151e+00
-1.615433931350708008e+00,-3.637160956859588623e-01,-2.096968412399291992e+00
-1.402355790138244629e+00,-5.767942219972610474e-01,-1.883890271186828613e+00
-1.828512072563171387e+00,-5.767942219972610474e-01,-1.883890271186828613e+00
-1.402355790138244629e+00,-1.002950459718704224e+00,-1.883890271186828613e+00
-1.189277648925781250e+00,-7.898723334074020386e-01,-2.096968412399291992e+00
1.057679879626147734e+00,-1.147733999799356308e+00,-3.046093190226165093e-01
9.500638208473886070e-01,-1.373301436355901739e+00,5.081261733722292062e-02
1.473121889638904669e+00,-1.228517866472927267e+00,1.761562733320760632e-01
1.306250297870876320e+00,-1.402647757771388726e+00,3.896528599076504173e-02
2.508566207171079920e+00,-7.054322728884708793e-01,3.513407862706696250e+00
2.396247497646794677e+00,5.055852846381734267e-01,3.636189108901357159e+00
-3.331724766618664013e+00,2.681927331630564293e+00,1.085558700510298680e+00
-3.132189039874335279e+00,2.849670884342849320e+00,1.236445251207369811e+00
-3.282145620182370216e+00,2.634492807554956073e+00,1.375153927387401609e+00
5.590153218159825688e-01,-1.818580478429795144e-01,4.416381479182817316e+00
7.058432214088243839e-01,-4.431451277045144188e-01,4.380191652257697577e+00
4.077931816653278529e-01,-4.431451277045403980e-01,4.416381479182817316e+00
-1.721973001956939697e+00,-1.322567641735076904e+00,-2.203507423400878906e+00
-1.828512012958526611e+00,-1.002950459718704224e+00,-2.310046434402465820e+00
-3.000441551208496094e+00,-1.748723864555358887e+00,1.844976425170898438e+00
-2.316875847944658950e+00,-1.830364288181054455e+00,3.262315943376209670e+00
4.330218127509247950e+00,1.750065502150211838e+00,5.585203288283460132e-01
3.732526844048514647e+00,1.653011160052235695e+00,-1.300913195816912893e+00
2.730234517058522492e+00,-7.012127386851704225e-01,-3.306324427215367123e+00
2.863067221620224867e+00,-4.480879843914194471e-01,-3.236976581295504474e+00
1.220717509471699991e+00,-3.504107265968737561e+00,-2.384415741878986861e+00
5.153472423553466797e-01,-1.216028571128845215e+00,8.861249238252639771e-01
9.404265366077461108e-01,-1.335056937079158956e+00,9.219296707181501294e-01
9.404265366077461108e-01,-1.335056937079158956e+00,4.957734627990293408e-01
9.415035247802734375e-01,-7.898723334074020386e-01,4.599687159061431885e-01
1.366582819032672980e+00,-9.089006993577157800e-01,4.957734627990293408e-01
9.415035247802734375e-01,-7.898723334074020386e-01,8.861249238252639771e-01
2.423409323334150822e-01,-1.493474016527115200e+00,-1.934940234591421504e+00
1.957300677895545959e-01,-1.535645723342895508e+00,-1.564273059368133545e+00
5.153472423553466797e-01,-1.642184793949127197e+00,-1.670812129974365234e+00
1.957300677895545959e-01,-1.109489500522613525e+00,-1.990429341793060303e+00
4.763688326755143976e+00,-7.531898468732894925e-02,-3.909745321521951866e-01
4.335535010537285849e+00,7.692714145918293500e-01,-7.811101690326772706e-01
8.349644541740417480e-01,-4.409889876842498779e-02,-7.272659987211227417e-02
1.367659807205200195e+00,-3.637160956859588623e-01,3.381246328353881836e-02
8.349644541740417480e-01,-4.409889876842498779e-02,3.534296527504920959e-01
1.005103516725990076e+00,-4.341500738550949090e-01,-5.171797614550460720e-02
2.219972372055053711e+00,1.340908885002136230e+00,-1.670812129974365234e+00
2.646128654479980469e+00,1.340908885002136230e+00,-1.244655847549438477e+00
2.219972372055053711e+00,9.147526472806930542e-01,-1.670812129974365234e+00
1.726355319670244803e+00,2.489471305812640090e+00,3.303746857384004976e+00
2.219972372055053711e+00,-1.642184793949127197e+00,-1.244655847549438477e+00
1.900355160236358643e+00,-1.535645723342895508e+00,-1.564273059368133545e+00
1.744357973863416289e+00,-1.678172806349643276e+00,-1.168373187188816109e+00
1.744357973863416289e+00,-1.252016583529361293e+00,-1.168373187188816109e+00
-4.025674508554416775e+00,3.452429855153794636e-01,-2.363465485709736580e+00
-4.182498193770642914e+00,2.793478426325208819e-01,-2.115570858301700774e+00
-4.122905584274848323e+00,5.443507177853078582e-01,-2.163061045836592644e+00
6.450376448009897956e-01,-4.071636263185541615e+00,-1.773438105142862042e+00
5.868330079273732514e-01,-4.210051986039884397e+00,-1.484117692546218059e+00
-2.041590213775634766e+00,4.885964095592498779e-01,8.861249238252639771e-01
-2.467746376991271973e+00,4.885964095592498779e-01,8.861249238252639771e-01
-2.467746376991271973e+00,6.244015693664550781e-02,4.599687159061431885e-01
9.415035247802734375e-01,6.244015693664550781e-02,-3.375437259674072266e+00
9.415035247802734375e-01,4.885964095592498779e-01,-3.801593542098999023e+00
9.415035247802734375e-01,6.244015693664550781e-02,-3.801593542098999023e+00
9.415035247802734375e-01,-3.637160956859588623e-01,-3.375437259674072266e+00
1.048042595386505127e+00,3.578229308128356934e+00,3.534296527504920959e-01
1.048042595386505127e+00,3.578229308128356934e+00,1.403515264391899109e-01
1.580254982805163522e+00,3.853529076385660002e+00,3.481790155188378422e-01
1.580254982805163522e+00,3.853529076385660002e+00,-7.797723710376654183e-02
2.646128654479980469e+00,4.885964095592498779e-01,1.312281131744384766e+00
2.646128654479980469e+00,9.147526472806930542e-01,1.738437414169311523e+00
2.219972372055053711e+00,9.147526472806930542e-01,1.738437414169311523e+00
2.646128654479980469e+00,4.885964095592498779e-01,1.738437414169311523e+00
3.072284936904907227e+00,4.885964095592498779e-01,1.738437414169311523e+00
2.455046877996747590e+00,3.489615706618933721e+00,-9.526887118258825504e-01
5.153472423553466797e-01,9.147526472806930542e-01,3.016906023025512695e+00
8.919100463390350342e-02,9.147526472806930542e-01,3.016906023025512695e+00
5.153472423553466797e-01,1.340908885002136230e+00,3.443062305450439453e+00
-3.246479430886894058e+00,-2.581449715170162307e+00,-1.408219426971398791e+00
-2.893902540206909180e+00,-1.216028571128845215e+00,3.381246328353881836e-02
-2.503865665412734032e+00,-1.562670282921102771e+00,-4.258385898052285956e-02
-2.077709502197096825e+00,-1.562670282921102771e+00,-4.258385898052285956e-02
-2.467746376991271973e+00,-1.216028571128845215e+00,3.381246328353881836e-02
-2.399263373615833361e-01,-4.345738771542920986e+00,-3.327230189750606248e-01
1.546342534378241096e+00,-3.614008637816017000e+00,-1.553846288396505626e+00
1.448056149399696180e+00,-3.750126251646276998e+00,-1.272540715395342303e+00
1.727492925484183317e+00,-3.622657847926346264e+00,-1.318813312125048931e+00
-3.369652330875396729e-01,4.885964095592498779e-01,3.381246328353881836e-02
-1.734806597232818604e-02,3.820573538541793823e-01,3.534296527504920959e-01
-1.238871067762374878e-01,7.016745358705520630e-01,2.468905895948410034e-01
6.060098193447067683e-01,-5.767832616091334019e-01,2.379692455427125708e+00
7.125488899509384577e-01,-8.964004436255060826e-01,2.486231466428712622e+00
4.088081717491149902e-01,-8.964113891124725342e-01,2.484210848808288574e+00
-1.258154868029121243e+00,-4.172775989470508762e+00,1.000650881666184322e+00
-1.363433551578866920e+00,-4.201770993162504908e+00,7.191997094795019585e-01
-1.074451555495144373e+00,-4.264502240942413813e+00,7.771080227451392375e-01
2.594123670052999486e+00,1.655287551667605772e+00,2.836560134009930678e+00
2.801375110425824655e+00,2.344756555508702434e+00,2.435565241200460029e+00
1.422541380586245685e+00,4.317005274840957085e+00,-2.135845661478472934e-01
-1.049047883512685075e+00,-2.283064889035740563e+00,3.766819479646646762e+00
-7.747207088543943687e-01,-2.284703968980459798e+00,3.819334356965578881e+00
-8.600448441992781801e-01,-2.486199811042394181e+00,3.688952659756332242e+00
2.318881946560929830e+00,3.372373659798810763e+00,1.825553260729992022e+00
1.793816089630126953e+00,3.045533895492553711e+00,8.861249238252639771e-01
1.793816089630126953e+00,2.619377613067626953e+00,4.599687159061431885e-01
-2.791201112119030103e+00,3.221865041107513594e+00,-6.744273136429812521e-01
-3.297846580508779546e+00,2.968226793520524875e+00,-6.948147123017098803e-01
-4.155047705835031024e+00,1.657402948827526590e+00,4.920564522072943259e-01
-4.261586716836617938e+00,1.977020101041576883e+00,3.855173890516432333e-01
-1.295816719532012939e+00,-1.748723864555358887e+00,-2.629663705825805664e+00
-1.721973001956939697e+00,-1.322567641735076904e+00,-2.629663705825805664e+00
-1.615433931350708008e+00,-1.642184793949127197e+00,-2.949280977249145508e+00
2.219972372055053711e+00,2.193221330642700195e+00,-1.670812129974365234e+00
-2.577487621488355085e+00,3.430345013441039370e+00,-6.295935580262238540e-01
1.957300677895545959e-01,3.365151166915893555e+00,2.271132707595825195e+00
6.218863129615783691e-01,3.152072906494140625e+00,2.271132707595825195e+00
3.022691383957862854e-01,3.258611917495727539e+00,2.377671718597412109e+00
-1.238871067762374878e-01,3.471690177917480469e+00,2.377671718597412109e+00
-2.541591174859681779e+00,2.200746906457310637e+00,-2.697138954972556846e+00
-1.831841371807968466e+00,1.208400924511951580e+00,2.036090894893279879e-01
-1.402355790138244629e+00,1.127830773591995239e+00,2.468905895948410034e-01
-1.615433931350708008e+00,1.340908885002136230e+00,3.381246328353881836e-02
-2.044919513020431623e+00,1.421479035922092571e+00,-9.469036821974197160e-03
-2.041590213775634766e+00,3.045533895492553711e+00,-8.184998184442520142e-01
-2.548235682165384208e+00,2.791895647905564992e+00,-8.388872171029807534e-01
-4.065832495689392090e+00,-4.702551513910293579e-01,-7.119607552886009216e-01
-3.608597406493752047e+00,-2.287987295446209046e+00,-2.684867998528097655e-01
-2.341099896574864836e+00,3.611000203401428799e+00,-5.783722770677257596e-01
-3.590707231353810425e+00,-1.373723833404930428e+00,2.479278178645774489e+00
-2.893902540206909180e+00,1.767065107822418213e+00,1.312281131744384766e+00
-2.492161777770859565e+00,1.781768113179654556e+00,1.175611419309395611e+00
-2.893902540206909180e+00,1.767065107822418213e+00,8.861249238252639771e-01
-7.056668724684170835e-01,1.420285085128767388e+00,2.196867116916612517e+00
-7.056668724684170835e-01,1.420285085128767388e+00,2.623023280132249724e+00
-7.631214410066604614e-01,9.147526472806930542e-01,3.016906023025512695e+00
-7.631214410066604614e-01,9.147526472806930542e-01,2.590749859809875488e+00
1.687277019023895264e+00,8.082135766744613647e-01,3.549601435661315918e+00
2.239355612385216521e+00,8.192305235100674210e-01,3.663441997027007346e+00
1.706660259354058073e+00,1.138847690625278908e+00,4.196137409662810569e+00
-3.746215105056762695e+00,1.340908885002136230e+00,3.381246328353881836e-02
-4.188560407069693348e+00,1.612810534676044405e+00,-2.215307971930722541e-01
3.275150564602118952e-01,3.776815668049590791e+00,-2.127551646361133919e+00
5.459181785330431413e-01,3.665483459590717086e+00,-2.303745543541079410e+00
6.524572491392748308e-01,3.772022470592304000e+00,-2.623362814964419254e+00
5.921323028419925860e-01,3.617583625171204798e+00,-2.866368667445043261e+00
-1.398173769616302575e+00,2.112305007694039449e-01,-4.267912762898820489e+00
-1.717790981434997644e+00,-1.083866886975493327e-01,-4.374451893109696954e+00
-1.370787710729684861e+00,-1.062148944577163412e-01,-4.264015668938851533e+00
9.415035247802734375e-01,1.767065107822418213e+00,-3.375437259674072266e+00
1.378069585560670829e+00,2.320207807778095432e+00,-3.541241876644634079e+00
9.519133031357440711e-01,1.894051584957813450e+00,-3.967398159069560837e+00
1.093644106273892636e+00,2.311420734689176193e+00,-3.620867134310305158e+00
-3.235366430956072570e+00,-4.070128099406156164e-01,-2.780788032188973524e+00
1.058452373741975761e+00,2.639825079201435276e+00,-3.647780887646220993e+00
5.992887649229730052e-01,3.640960565352407308e+00,2.654436413189237953e+00
6.358744832321381324e-01,3.457601266087494629e+00,2.872146923905311233e+00
1.731325197509492320e-01,3.640960565352407308e+00,2.654436413189237953e+00
2.097182380601144147e-01,3.457601266087494629e+00,2.872146923905311233e+00
-1.727328943309587861e-01,4.113389951598410477e+00,-2.121584722814048973e+00
-3.883879507567561395e-01,2.682508799334238248e+00,3.428496956978357879e+00
-1.277402490516328371e-01,2.583101196630310792e+00,3.518101229440445898e+00
1.660852802083228719e+00,2.296495447505239262e+00,-3.438234837090679008e+00
1.929188134851762992e+00,2.256948404715819478e+00,-3.305678228922922735e+00
1.819186238632961361e+00,2.044739371165327224e+00,-3.490085340179943429e+00
4.162833883400601565e+00,2.107682596399696351e+00,-3.969556355918767432e-01
8.919100463390350342e-02,-1.216028571128845215e+00,-2.096968412399291992e+00
1.358018691777639897e-01,-1.600013087133346890e+00,-2.041479305197653193e+00
-1.828512072563171387e+00,1.127830773591995239e+00,-1.883890271186828613e+00
-1.402355790138244629e+00,1.127830773591995239e+00,-1.457733988761901855e+00
-1.615433931350708008e+00,1.340908885002136230e+00,-1.670812129974365234e+00
-2.018853172181191091e+00,1.353251829045312160e+00,-1.642878201018392215e+00
-1.592696889756264333e+00,1.353251829045312160e+00,-1.216721918593465457e+00
-1.805775030968727712e+00,1.140173717635171169e+00,-1.429800059805928836e+00
1.411252058385846997e+00,9.907688754451077218e-01,-4.173160858639056947e+00
1.694157132178725211e+00,9.653043452933544044e-01,-4.070909449354287446e+00
1.411252058385846997e+00,1.416925113166550787e+00,-3.747004576214130189e+00
1.694157132178725211e+00,1.391460583014797692e+00,-3.644753166929361132e+00
1.367659807205200195e+00,9.147526472806930542e-01,-3.375437259674072266e+00
1.241690982208677019e+00,2.565519761777499408e+00,3.452957339953514282e+00
-3.369652330875396729e-01,9.147526472806930542e-01,2.590749859809875488e+00
-3.369652330875396729e-01,4.885964095592498779e-01,2.590749859809875488e+00
8.919100463390350342e-02,9.147526472806930542e-01,2.164593696594238281e+00
8.919100463390350342e-02,9.147526472806930542e-01,2.590749859809875488e+00
8.919100463390350342e-02,1.340908885002136230e+00,2.164593696594238281e+00
1.529784485821864326e+00,6.507210648523573671e-01,1.923722725714572812e+00
1.474198877811431885e+00,1.021291702985763550e+00,1.844976484775543213e+00
1.210167274003169258e+00,7.572601056562666688e-01,2.030261796320804280e+00
1.370124742506651394e+00,8.921114590370546882e-01,2.179711610042648573e+00
1.314539134496218953e+00,1.262682097170460871e+00,2.100965369103618752e+00
2.108015258397392677e-01,4.767711860464871165e+00,-1.137528484225762693e-01
1.547676667871653811e+00,1.653353621224642467e+00,-3.604823103408199003e+00
6.988453714253225479e-01,4.532532432149389834e+00,1.697575963025128309e-01
-1.725302301201736777e+00,1.741096188136142864e+00,7.363043531135192721e-01
-2.044919513020431623e+00,1.847635258742374553e+00,4.166872158006301730e-01
-1.721973001956939697e+00,2.086682260036468506e+00,7.795858532190322876e-01
-1.615433931350708008e+00,2.193221330642700195e+00,4.599687159061431885e-01
7.284253835678100586e-01,3.045533895492553711e+00,-2.949280977249145508e+00
7.897038556125632880e-01,3.460285447572950090e+00,-3.016273610928715598e+00
5.083003058273336539e-01,3.441196412204052368e+00,-3.084578026881262147e+00
3.754036471695071375e-01,3.561731893286113504e+00,-2.954167292790039312e+00
2.504967053234837593e+00,1.145165196357536441e+00,-3.343454830289068536e+00
2.504967053234837593e+00,1.571321434078979618e+00,-2.917298547864141778e+00
2.219972372055053711e+00,-7.898723334074020386e-01,-2.096968412399291992e+00
2.605308208217972155e+00,1.775988722119853147e+00,-2.719354041507008546e+00
6.275490144936075598e-01,-3.554016707199180836e+00,2.397460232606499986e+00
5.258473427541862644e-03,-4.137363620461135483e+00,-8.124583296426786116e-01
-4.726546440802876364e-02,-4.650757241508356898e+00,-8.256226327204276849e-01
8.188011579575057985e-02,-4.375920411072275584e+00,-1.032659061613899754e+00
3.451733135571325439e-01,-4.350817355673532560e+00,-1.074097089285659834e+00
2.160277333533531796e-01,-4.625654186109613875e+00,-8.670606603921878763e-01
2.416449211597230473e+00,2.961004251814881805e+00,-1.655377253410551974e+00
2.455046877996747590e+00,3.063459424194006964e+00,-1.378844740931068902e+00
1.793816089630126953e+00,2.619377613067626953e+00,-1.244655847549438477e+00
3.576199225342958865e+00,1.817556232496111868e+00,-1.501148674585463416e+00
1.470528552068425032e+00,3.801466125951084685e+00,-1.284623395411645719e+00
4.769504870208290725e+00,1.393096638750266902e-01,3.621175545577937083e-02
2.447300131237204024e+00,2.452397373312106055e+00,-2.668185973310899683e+00
1.396983260436911234e+00,1.337015519931821661e+00,4.272833994631511700e+00
1.149452407950425137e+00,1.509411012585968326e+00,4.283617849933481381e+00
-1.371554561717903464e+00,1.127886159819345258e+00,3.441550813576869317e+00
-1.615433931350708008e+00,1.340908885002136230e+00,3.016906023025512695e+00
-1.797710844142830222e+00,1.127886159819345258e+00,3.441550813576869317e+00
-1.962118113157612864e+00,1.493039682338877405e+00,3.673462138760992257e+00
-1.407457183655516975e+00,3.828315060961407390e+00,7.532187343175814620e-01
-1.407457183655516975e+00,3.828315060961407390e+00,1.179374942236702140e+00
-3.572848613297635367e+00,1.731194246319034624e+00,-1.400397043323969415e+00
-3.417929474260459344e+00,1.825580339493805271e+00,-1.637674702385235603e+00
-3.417929474260459344e+00,2.251736562314087031e+00,-1.637674702385235603e+00
-2.893902540206909180e+00,1.767065107822418213e+00,-1.244655847549438477e+00
5.153472423553466797e-01,9.147526472806930542e-01,-3.923437893390655518e-01
3.022691309452056885e-01,1.127830773591995239e+00,-1.792656630277633667e-01
8.919100463390350342e-02,1.340908885002136230e+00,-3.923437893390655518e-01
8.919100463390350342e-02,9.147526472806930542e-01,-3.923437893390655518e-01
3.031464490642898912e+00,1.775988722119853147e+00,-2.719354041507008546e+00
-2.686401071779799921e+00,1.521015150255112136e+00,-3.133647195103238303e+00
-2.467746376991271973e+00,1.340908885002136230e+00,-2.523124694824218750e+00
-2.541591174859681779e+00,1.774590683637028654e+00,-3.123295237397483604e+00
-8.696605116128921509e-01,8.082135766744613647e-01,1.631898343563079834e+00
-3.369652330875396729e-01,4.885964095592498779e-01,1.738437414169311523e+00
-8.696605116128921509e-01,8.082135766744613647e-01,2.058054625988006592e+00
-7.631214410066604614e-01,4.885964095592498779e-01,1.738437414169311523e+00
-7.631214410066604614e-01,4.885964095592498779e-01,1.312281131744384766e+00
2.803124306211841166e+00,2.105821051012739087e+00,2.620080221660013642e+00
2.988079535015699673e+00,2.113738419625611265e+00,2.381610707189711906e+00
3.574169121146066885e+00,1.016450967004342454e+00,2.307134582325264915e+00
3.072284936904907227e+00,9.147526472806930542e-01,1.738437414169311523e+00
3.574169121146066885e+00,1.442607204725785630e+00,1.880978299900338380e+00
3.402918679350780184e+00,1.441233539050188917e+00,2.129587600124529079e+00
3.534152100493545667e+00,-1.323028236649174572e+00,2.454488777030226387e+00
3.072284936904907227e+00,6.244015693664550781e-02,1.312281131744384766e+00
2.646128654479980469e+00,6.244015693664550781e-02,1.312281131744384766e+00
2.646128654479980469e+00,4.885964095592498779e-01,8.861249238252639771e-01
3.072284936904907227e+00,6.244015693664550781e-02,8.861249238252639771e-01
3.072284936904907227e+00,4.885964095592498779e-01,8.861249238252639771e-01
3.427613089491958753e+00,-1.642645418665547252e+00,1.921793483603712493e+00
3.800543123378830490e+00,5.043332806941918101e-01,2.109366190290687282e+00
2.043839224310868730e+00,1.164775765377884742e+00,1.550275687263981350e+00
2.256917365523332109e+00,9.516976390665824459e-01,1.337197546051517971e+00
2.256917365523332109e+00,1.377853876788025733e+00,1.763353828476444729e+00
3.551911022724844269e+00,-2.319184163239805141e+00,1.387862536597777030e+00
3.410997331792489984e+00,-2.545402579182480807e+00,1.327778019862423609e+00
3.369048595924098777e+00,-2.459592165758463622e+00,1.582762509583188093e+00
9.415035247802734375e-01,4.885964095592498779e-01,-2.096968412399291992e+00
1.367659807205200195e+00,4.885964095592498779e-01,-2.523124694824218750e+00
1.120186251953314338e+00,-4.040164920240943758e+00,-1.553846288396505626e+00
1.546342534378241096e+00,-3.614008637816017000e+00,-1.980002570821432384e+00
1.367659807205200195e+00,-2.920653581619262695e+00,-1.670812129974365234e+00
9.415035247802734375e-01,-3.346809864044189453e+00,-1.670812129974365234e+00
4.973511828762902098e-01,-2.886499570752945942e+00,-3.136396099755221822e+00
6.024993538885925481e-01,-4.127000291905758012e+00,1.710264755376563972e+00
3.543542782849269379e-01,-4.065131590675963302e+00,1.878492187948130443e+00
3.130864757763556216e-01,-4.191205682170906499e+00,1.623189226179861055e+00
4.218305406569645477e+00,-1.129638773767003723e+00,1.660996969561929992e+00
-1.487357620554528692e+00,-3.587317548544609380e+00,-1.586155433039048157e+00
-1.683522247116381765e+00,-3.587545227610278165e+00,-1.356681118093251648e+00
-1.651637546670431833e+00,-3.010659386764310774e+00,-1.241301245998948755e+00
-2.145882144861032348e+00,-3.677551032755325799e+00,-1.353326516542761926e+00
4.451786255196783060e+00,-7.681147349938121094e-01,1.257033762475132432e+00
4.345428479684711576e+00,-9.810639530527054397e-01,1.464549520388231496e+00
3.022691309452056885e-01,2.406299471855163574e+00,-1.883890271186828613e+00
5.153472423553466797e-01,2.619377613067626953e+00,-2.096968412399291992e+00
3.022691309452056885e-01,2.832455754280090332e+00,-1.883890271186828613e+00
5.153472423553466797e-01,3.045533895492553711e+00,-1.670812129974365234e+00
5.153472423553466797e-01,2.619377613067626953e+00,-1.670812129974365234e+00
-2.059119154902881554e+00,1.470742910348828758e+00,-3.603354076579395660e+00
-2.224932160095133504e+00,1.543388704138089818e+00,-3.484127918780190569e+00
-2.320587889289657646e+00,1.368249773884328446e+00,-3.492961671765602905e+00
-2.893902540206909180e+00,-1.642184793949127197e+00,-3.923437893390655518e-01
-2.467746376991271973e+00,-2.068341016769409180e+00,-3.923437893390655518e-01
-2.148129224777221680e+00,1.234369814395904541e+00,-1.777351200580596924e+00
-2.125392183182778005e+00,1.246712758439080471e+00,-1.323260989199697146e+00
-1.935051083564758301e+00,1.021291702985763550e+00,-1.564273059368133545e+00
3.546902688019287542e+00,-7.038347950557432009e-01,-2.439305407784062574e+00
3.708060621604122975e+00,-6.948302844173274151e-01,-2.175263253091340054e+00
3.579107358749940460e+00,-9.517935726227738646e-01,-2.266471786059900406e+00
1.363228612709002974e+00,-3.569634810678109282e+00,-2.205738314588583826e+00
1.358018691777639897e-01,-2.026169309953628872e+00,-2.041479305197653193e+00
-3.808066472991841755e-02,-4.634763765741782393e+00,-9.913178583317140691e-02
-1.795564131988087064e+00,-2.410512750936727677e+00,-3.181526670275938606e+00
-1.805920923547970292e+00,-2.159940639822873543e+00,-3.349590431315771610e+00
-2.920364143495930875e+00,-3.504323618678693464e+00,1.204037723552712352e-01
-2.775035524685692145e+00,-3.598952535548851195e+00,-1.265138866965188624e-01
-1.549452115760541870e+00,-3.011417743994797114e+00,-2.760923528835189877e+00
-1.290474440035186188e+00,-3.170714525397896555e+00,-2.733828857441980453e+00
-1.112383623294155077e+00,1.516929304606430273e-01,-4.344843535424412373e+00
-1.204864002601618633e+00,4.377626163788760350e-01,-4.317446673995748441e+00
-9.149467250049667655e-01,3.778560124007018239e-01,-4.376592635185672542e+00
-2.210445289520190926e+00,2.810534133442742721e+00,-2.425872600366482779e+00
-2.186879036204200766e+00,2.613547703863602578e+00,-2.657567886711235783e+00
-1.987661319525154902e+00,1.204050915793550836e+00,-3.717505738823557948e+00
-2.199183650796695311e+00,1.207491865485398996e+00,-3.613095829729143116e+00
4.088081717491149902e-01,-4.702551513910293579e-01,-3.055819988250732422e+00
5.153472423553466797e-01,-3.637160956859588623e-01,-3.375437259674072266e+00
5.153472423553466797e-01,6.244015693664550781e-02,-3.375437259674072266e+00
-2.119296179032587268e+00,1.734058413299834900e+00,-3.452528753364997538e+00
1.821801665023166095e-01,1.018661417876514763e+00,-4.453477688453196137e+00
-8.696605116128921509e-01,-1.748723864555358887e+00,-2.629663705825805664e+00
-8.696605116128921509e-01,-1.748723864555358887e+00,-2.203507423400878906e+00
-7.631214410066604614e-01,-2.068341016769409180e+00,-2.523124694824218750e+00
-7.631214410066604614e-01,-2.068341016769409180e+00,-2.949280977249145508e+00
-1.305123019548127150e+00,1.602694030766118383e+00,1.176250578305727768e+00
-8.696605116128921509e-01,1.660526037216186523e+00,1.205742061138153076e+00
-7.724277410227745611e-01,1.283076878552068090e+00,1.282789648911959457e+00
-1.198583948941895461e+00,1.283076878552068090e+00,8.566334409928386684e-01
-7.631214410066604614e-01,1.340908885002136230e+00,8.861249238252639771e-01
9.881143893241339793e-01,-1.600013087133346890e+00,-2.041479305197653193e+00
9.415035247802734375e-01,-1.216028571128845215e+00,-2.096968412399291992e+00
2.660898632730031466e+00,3.482054577035472942e+00,1.534169472774237208e-01
-4.588870384394548196e+00,-8.757962832139573051e-01,7.408119593573169182e-01
-1.636935717740260809e+00,3.342156770319927972e+00,2.443707094982430217e+00
-3.104132043271999208e+00,2.966644106271742132e+00,3.120015193751866645e-01
3.672953458415614492e+00,-2.052379235808359681e+00,1.460683778242391373e+00
9.881143893241339793e-01,-2.026169309953628872e+00,-2.041479305197653193e+00
3.498441219329833984e+00,-1.642184793949127197e+00,3.381246328353881836e-02
3.826081279534817359e+00,-1.562316148451810882e+00,5.389960017277851678e-01
4.252237561959743672e+00,-1.562316148451810882e+00,1.128397491051807977e-01
5.153472423553466797e-01,6.244015693664550781e-02,-2.949280977249145508e+00
9.415035247802734375e-01,-3.637160956859588623e-01,3.443062305450439453e+00
1.014948897673908501e+00,-4.540898909670397776e-01,4.301553310849961065e+00
1.144185838784013587e+00,-1.818580478429796532e-01,4.272149900651220022e+00
1.957300603389739990e-01,-6.833332777023315430e-01,2.271132707595825195e+00
4.088081717491149902e-01,-4.702551513910293579e-01,2.484210848808288574e+00
1.685018556903999931e-02,-3.240433125039778428e+00,2.827826335671858704e+00
-3.369652330875396729e-01,-2.494497299194335938e+00,2.590749859809875488e+00
1.616695365113414162e-01,-2.604592646953852952e+00,2.663762066419876451e+00
5.154849551679210329e-01,-2.924372190374368685e+00,3.326994705497496874e+00
4.234730845314347292e+00,-1.649948939976155993e+00,-1.755672323640281030e-01
2.636746482929751778e+00,-2.819349338355106926e+00,1.511792095893927712e+00
3.062902765354678536e+00,-2.819349338355106926e+00,1.511792095893927712e+00
3.132948579901886799e+00,-2.622711696845244411e+00,1.740920329235298603e+00
8.895284037721932213e-01,-3.444708152509679877e+00,2.465405717855076784e+00
8.685508706686723146e-01,-3.600437532191139045e+00,2.221048357924134464e+00
-8.023426832738500547e-01,-1.158379246969321930e+00,4.432743806741280324e+00
-4.827255459609610111e-01,-1.264918317575553619e+00,4.326204676530403859e+00
-2.623814335321633884e+00,-1.522943960384947615e-01,3.426643654739710332e+00
-2.843109493007523803e+00,-1.412876929602825404e-01,3.219453983004546327e+00
3.022691309452056885e-01,-2.707575440406799316e+00,1.525359272956848145e+00
4.088081717491149902e-01,-2.601036310195922852e+00,1.631898343563079834e+00
1.957300603389739990e-01,-2.387958168983459473e+00,1.844976484775543213e+00
3.022691309452056885e-01,-2.707575440406799316e+00,1.951515555381774902e+00
4.088081717491149902e-01,-2.601036310195922852e+00,2.058054625988006592e+00
5.153472423553466797e-01,-2.920653581619262695e+00,1.738437414169311523e+00
-2.041590154170989990e+00,9.147526323795318604e-01,1.738437414169311523e+00
-2.172544625556809272e+00,1.249072819753140884e+00,1.495228631128090679e+00
-1.935051083564758301e+00,1.021291702985763550e+00,1.844976484775543213e+00
9.415035247802734375e-01,-1.216028571128845215e+00,-2.949280977249145508e+00
1.351215567479134183e+00,-1.394017834641001485e+00,-3.752094065866291128e+00
9.250592850542075363e-01,-1.394017834641001485e+00,-3.752094065866291128e+00
5.153472423553466797e-01,-7.898723334074020386e-01,-3.375437259674072266e+00
9.250592850542075363e-01,-9.678615969195584201e-01,-4.178250348291218330e+00
9.415035247802734375e-01,-7.898723334074020386e-01,-3.375437259674072266e+00
-2.787363529205322266e+00,-2.601036310195922852e+00,-7.272659987211227417e-02
-3.114847764578685840e+00,-2.876163994920831524e+00,-4.703639428323474481e-01
-1.189277648925781250e+00,1.340908885002136230e+00,-2.523124694824218750e+00
-7.631214410066604614e-01,1.340908885002136230e+00,-2.949280977249145508e+00
-1.295816719532012939e+00,1.234369814395904541e+00,-2.203507423400878906e+00
-8.696605116128921509e-01,1.234369814395904541e+00,-2.629663705825805664e+00
-5.760820665923106487e-01,6.565393678350786022e-01,-4.332652011766514377e+00
-7.631214410066604614e-01,4.885964095592498779e-01,-3.801593542098999023e+00
-1.002238274511431548e+00,6.565393678350786022e-01,-4.332652011766514377e+00
-4.887905170858459214e-01,3.778560124007018239e-01,-4.376592635185672542e+00
5.017973410681086932e-01,6.990442507613032763e-01,-4.346938558242319672e+00
1.957300677895545959e-01,8.082135766744613647e-01,-3.908132672309875488e+00
8.919099718332290649e-02,7.016745209693908691e-01,-4.227750062942504883e+00
4.088081717491149902e-01,3.820573538541793823e-01,-4.121210932731628418e+00
3.952582704618770038e-01,5.925051950562327807e-01,-4.666555948874949067e+00
-1.310078561386847973e+00,-2.559283042038094536e+00,7.716717609639947018e-01
-1.295816719532012939e+00,-2.174880027770996094e+00,7.795858532190322876e-01
-1.511001890153746086e+00,-2.425701530731092515e+00,4.288311297576579695e-01
-2.638869869505911403e+00,-6.245915044359489077e-01,-3.328237302657128360e+00
-2.467746376991271973e+00,-3.637160956859588623e-01,-2.523124694824218750e+00
-3.065026032721548610e+00,-6.245915044359489077e-01,-2.902081020232201602e+00
-2.745408880507498317e+00,-7.311305601410194033e-01,-3.008620031233788517e+00
-2.574285387992858887e+00,-4.702551513910293579e-01,-2.203507423400878906e+00
-2.148129224777221680e+00,-4.702551513910293579e-01,-2.629663705825805664e+00
-4.579443724817615191e+00,1.078198814540115347e+00,6.695141727794537423e-02
-4.065832495689392090e+00,1.021291702985763550e+00,1.403515264391899109e-01
-4.298376078109185983e+00,1.168835265146723756e+00,5.759455327200573294e-01
-4.617993468741815377e+00,8.492180831303510757e-01,2.563283432531040518e-01
4.074892597579420350e-01,-1.529719730226923868e+00,3.827507635215330328e+00
4.799677916353799478e-01,-2.065971300806722866e+00,3.900519841825331291e+00
1.637818962861829375e+00,-9.323994015129886126e-01,-1.274912257795047799e+00
3.963614135653605319e-01,-4.254832307817854264e+00,-1.371537148039574161e+00
5.792067930606223936e-01,-4.276924477867122043e+00,-1.206687264569419771e+00
3.248756479933339603e-01,-3.817746468247085634e+00,-1.132075303042794578e+00
3.561817328456705067e-01,-3.616995601392281490e+00,-2.309069702465417873e+00
2.831815266934200603e-01,-3.453716319317006622e+00,-2.557042303984860432e+00
2.089661914705994439e-01,2.192522842285892004e+00,1.844614721484085340e+00
3.690982058624291406e-01,2.448915121953259444e+00,2.005753554725973054e+00
5.821763172725701319e-01,2.235836980740796065e+00,1.792675413513509453e+00
2.584993180251958123e+00,9.844642948402589910e-01,3.386353042428503102e+00
-1.734806597232818604e-02,-4.702551513910293579e-01,2.910367012023925781e+00
-5.907628575664153336e-03,-8.717429436507334595e-01,2.852449857632983310e+00
-3.255247956908756679e-01,-7.652038879456629639e-01,2.958988868634570224e+00
6.275490144936075598e-01,-3.980172989624107593e+00,1.971303950181573450e+00
2.156387935221593999e+00,-1.392284945977013244e+00,-3.336492355645790386e+00
-3.369652330875396729e-01,-2.920653581619262695e+00,8.861249238252639771e-01
-3.369652330875396729e-01,-3.346809864044189453e+00,8.861249238252639771e-01
-3.369652330875396729e-01,-3.346809864044189453e+00,1.312281131744384766e+00
-7.631214410066604614e-01,-2.920653581619262695e+00,1.312281131744384766e+00
-1.456483578102319154e-01,-6.698701363701555778e-01,-3.645601098917202743e-01
-2.521874209658829802e-01,-3.502529692549440909e-01,-4.494292042476699667e-02
-2.304261699318885803e-01,-6.833332628011703491e-01,1.403515264391899109e-01
-1.238871067762374878e-01,-5.767942219972610474e-01,2.468905895948410034e-01
8.349644541740417480e-01,-1.748723804950714111e+00,-1.777351200580596924e+00
1.261120736598968506e+00,-1.748723804950714111e+00,-1.777351200580596924e+00
3.580543445915429945e+00,-2.038247508530457441e+00,-1.652985005993016010e+00
3.422913724523192869e+00,-2.053397315413876711e+00,-1.907345800342342468e+00
1.900355160236358643e+00,-2.601036310195922852e+00,1.844976425170898438e+00
-2.893902540206909180e+00,-1.216028571128845215e+00,8.861249238252639771e-01
-2.574285387992858887e+00,-1.748723804950714111e+00,7.795858532190322876e-01
-2.574285387992858887e+00,-1.748723804950714111e+00,1.205742061138153076e+00
-2.893902540206909180e+00,-1.642184793949127197e+00,8.861249238252639771e-01
-2.574285387992858887e+00,-2.174880027770996094e+00,7.795858532190322876e-01
8.919100463390350342e-02,-2.920653581619262695e+00,-2.096968412399291992e+00
4.088081717491149902e-01,-2.601036310195922852e+00,-2.203507423400878906e+00
1.349142754229134766e+00,-2.162403421919023572e+00,-1.292352149342269163e+00
1.261120736598968506e+00,-2.601036310195922852e+00,-1.351194918155670166e+00
1.455681824835366456e+00,-2.482020693342363415e+00,-1.185813078736037474e+00
1.455681824835366456e+00,-2.482020693342363415e+00,-7.596570496308510112e-01
1.261120736598968506e+00,-2.601036310195922852e+00,-9.250388890504837036e-01
-3.423061446568863353e+00,-1.479557899654965425e+00,2.661748519884732822e+00
3.580543445915429945e+00,-1.612091285710175459e+00,-1.652985005993016010e+00
3.579107358749940460e+00,-1.377949810344217152e+00,-1.840315503634973648e+00
3.422913724523192869e+00,-1.627241092593594951e+00,-1.907345800342342468e+00
3.808574562889420090e+00,-2.076105162796437753e+00,-1.755672323640281030e-01
3.072284936904907227e+00,-2.068341016769409180e+00,3.381246328353881836e-02
3.498441219329833984e+00,-1.642184793949127197e+00,-3.923437893390655518e-01
-4.559909168663473622e+00,-5.277770024901126122e-01,1.104075435683226303e+00
-3.542890329963503948e+00,-1.181064663381435675e+00,2.629202009222549652e+00
-3.492979215127903103e+00,4.517820412204499592e-01,-2.470004556315968269e+00
-3.426597833633422852e+00,3.820573538541793823e-01,-1.990429341793060303e+00
-3.549382969545849864e+00,1.760366850738185329e-01,-2.399454714429642088e+00
-4.212619971551012199e+00,2.362875897691148752e-01,1.537399592087542510e+00
-3.746215105056762695e+00,6.244015693664550781e-02,1.312281131744384766e+00
-4.097674485130335498e+00,-6.667072732996509599e-02,1.791056352865642909e+00
-3.378499240066417109e+00,2.411845875071251810e-01,-2.635655509216254799e+00
-2.893902540206909180e+00,6.244015693664550781e-02,-2.096968412399291992e+00
-2.041590213775634766e+00,-7.898723334074020386e-01,-3.923437893390655518e-01
-2.229936483381426360e+00,-9.329372063334491205e-01,-5.560778286678783044e-02
-2.467746376991271973e+00,-3.637160956859588623e-01,-3.923437893390655518e-01
-2.656092646597063567e+00,-5.067809686120059443e-01,-5.560778286678783044e-02
-2.467746376991271973e+00,-7.898723334074020386e-01,-3.923437893390655518e-01
1.146592831742952789e+00,4.424827350621333366e+00,-2.445226621232635678e-01
1.261120736598968506e+00,-2.174880027770996094e+00,-1.777351200580596924e+00
8.919100463390350342e-02,-3.637160956859588623e-01,3.016906023025512695e+00
8.919100463390350342e-02,-3.637160956859588623e-01,3.443062305450439453e+00
8.919100463390350342e-02,6.244015693664550781e-02,3.443062305450439453e+00
-3.369652330875396729e-01,6.244015693664550781e-02,3.016906023025512695e+00
8.919100463390350342e-02,6.244015693664550781e-02,3.016906023025512695e+00
1.367659807205200195e+00,2.193221330642700195e+00,3.381246328353881836e-02
1.367659807205200195e+00,1.767065107822418213e+00,3.381246328353881836e-02
1.474198877811431885e+00,2.299760341644287109e+00,1.403515264391899109e-01
-2.980631100487622365e-01,1.699384729265209559e+00,4.320932603856820542e+00
-2.422528051752173561e-02,1.578024666523536457e+00,4.402842312207955189e+00
5.153472423553466797e-01,6.244015693664550781e-02,3.869218587875366211e+00
5.153472423553466797e-01,6.244015693664550781e-02,3.443062305450439453e+00
-1.734806597232818604e-02,-4.409889876842498779e-02,2.910367012023925781e+00
-2.017416854076898858e-01,1.677978146555992867e-01,4.150511596273354975e+00
-2.304261699318885803e-01,3.820573538541793823e-01,4.188835978507995605e+00
1.957300677895545959e-01,3.820573538541793823e-01,4.188835978507995605e+00
8.919100463390350342e-02,4.885964095592498779e-01,3.869218587875366211e+00
2.244145523137532905e-01,1.677978146555992867e-01,4.150511596273354975e+00
-4.065832495689392090e+00,-4.702551513910293579e-01,5.665077716112136841e-01
-4.065832495689392090e+00,-4.409889876842498779e-02,5.665077716112136841e-01
-3.746215105056762695e+00,-3.637160956859588623e-01,8.861249238252639771e-01
1.006061739658717480e+00,-2.018834061492111864e+00,5.186480676140160506e-01
1.261120736598968506e+00,-2.174880027770996094e+00,7.795858532190322876e-01
8.995226690524857904e-01,-2.125373072493698778e+00,8.382652049269051497e-01
1.006061739658717480e+00,-2.444990343917038622e+00,5.186480676140160506e-01
1.261120736598968506e+00,-2.601036310195922852e+00,7.795858532190322876e-01
1.367659807205200195e+00,-2.494497299194335938e+00,4.599687159061431885e-01
1.261120736598968506e+00,-2.601036310195922852e+00,1.205742061138153076e+00
1.580738008022308350e+00,-2.281419038772583008e+00,6.730467900633811951e-01
1.687277078628540039e+00,-2.601036310195922852e+00,3.534296527504920959e-01
1.367659807205200195e+00,-2.920653581619262695e+00,8.861249238252639771e-01
-3.269977762862928294e+00,2.353507049857941347e+00,1.816651610729558941e+00
-3.208815936188810447e+00,2.570731978114264571e+00,1.642446427950296606e+00
-1.189277648925781250e+00,3.471690177917480469e+00,3.381246328353881836e-02
-1.189277648925781250e+00,3.045533895492553711e+00,3.381246328353881836e-02
-3.074951183068947547e+00,1.723450792517188468e+00,2.660528444178115404e+00
2.680826317743891796e-01,-7.650039012402570782e-02,4.697674487580806968e+00
2.393981472501904850e-01,1.377591490745543601e-01,4.735998869815446710e+00
-5.613276296931886122e-01,-9.127602341671139374e-01,4.384671069169867152e+00
5.153472423553466797e-01,-3.346809864044189453e+00,-1.670812129974365234e+00
6.450376448009897956e-01,-3.645479980760614858e+00,-2.199594387567788800e+00
9.370723302840762159e-01,-3.569634810678109282e+00,-2.205738314588583826e+00
9.370723302840762159e-01,-3.995791093103036040e+00,-1.779582032163656846e+00
2.594123670052999486e+00,2.081443774487887755e+00,2.836560134009930678e+00
2.385690621503738562e+00,1.866629010727794080e+00,2.868842284504641515e+00
-3.099628603657692327e+00,2.530963544666891885e+00,1.864978623127674595e+00
2.646128654479980469e+00,-2.068341016769409180e+00,-1.670812129974365234e+00
-4.695430034366595562e-01,9.761565349502900890e-01,-4.439191141977390842e+00
-2.304261699318885803e-01,8.082135766744613647e-01,-3.908132672309875488e+00
-2.628615632734484509e-01,6.458710018725544177e-01,-4.366528285843671142e+00
-1.563225001177973306e-01,9.654881689877659046e-01,-4.473067416054547607e+00
-3.426597833633422852e+00,-4.409889876842498779e-02,-1.351194918155670166e+00
-3.746215105056762695e+00,6.244015693664550781e-02,-1.244655847549438477e+00
-3.426597833633422852e+00,3.820573538541793823e-01,-1.351194918155670166e+00
-3.533136844635009766e+00,2.755182981491088867e-01,-1.457733988761901855e+00
-3.852754116058349609e+00,3.820573538541793823e-01,-1.351194918155670166e+00
-3.852754116058349609e+00,-4.409889876842498779e-02,-1.351194918155670166e+00
-2.751150267317842069e+00,8.855353624026145454e-01,-3.407627955742865922e+00
-1.721973001956939697e+00,2.938994884490966797e+00,-9.250388741493225098e-01
-2.041590213775634766e+00,2.619377613067626953e+00,-1.244655847549438477e+00
-1.615433931350708008e+00,2.619377613067626953e+00,-1.244655847549438477e+00
2.651365767565023290e+00,2.863066677365241119e+00,-1.916690485336859595e+00
2.416449211597230473e+00,2.961004251814881805e+00,-2.081533535835478510e+00
8.919100463390350342e-02,2.193221330642700195e+00,-2.096968412399291992e+00
8.919100463390350342e-02,1.767065107822418213e+00,-2.096968412399291992e+00
2.191646023605120064e+00,3.676375795918765732e+00,1.320957025389237760e+00
6.907923244600336354e-02,-3.770385310618626473e+00,7.089996914446705656e-02
-5.421398639120558194e-01,-4.684240088224986387e+00,3.170187749057485904e-01
-6.331791198182410429e-01,-4.678566887339945524e+00,3.053755245869554935e-02
-3.926458239303892150e-01,-4.703331603386557092e+00,1.233821811915261218e-01
2.539589643478393555e+00,1.234369814395904541e+00,-9.250388741493225098e-01
2.646128654479980469e+00,9.147526472806930542e-01,-1.244655847549438477e+00
1.793816089630126953e+00,3.045533895492553711e+00,1.738437414169311523e+00
1.731325197509492320e-01,3.854038825774160237e+00,2.654436413189237953e+00
-1.286679313433855221e+00,7.216139971811834641e-01,-4.255207439549984372e+00
-1.085933072255505172e+00,9.527120526802325129e-01,-4.247449660206424227e+00
-3.369652330875396729e-01,9.147526472806930542e-01,3.016906023025512695e+00
-7.631214410066604614e-01,4.885964095592498779e-01,3.016906023025512695e+00
-3.240038689942628114e+00,1.902546342901014986e+00,-2.280063295736059814e+00
4.095345679046883403e-01,2.551190226760217783e+00,-6.766379839909755778e-02
1.964564564945473768e-01,2.764268367972681162e+00,1.454143279122046273e-01
4.095345679046883403e-01,2.977346509185144541e+00,-6.766379839909755778e-02
-1.889783485874087843e+00,3.513358571048009971e+00,-2.289731331031469530e+00
-1.890828077701495857e+00,3.343229426869256393e+00,-2.532411611368069693e+00
-8.696604967117309570e-01,2.725916624069213867e+00,-2.629663705825805664e+00
-1.276186387807803690e+00,2.783073444323915346e+00,-3.189672912206575006e+00
-1.295816719532012939e+00,2.725916624069213867e+00,-2.629663705825805664e+00
-1.382725458414035380e+00,3.315768737750429018e+00,-2.870055640783235162e+00
-1.197490405924565460e+00,2.321416410609019820e+00,-3.569018882573352869e+00
-1.242475073124638785e+00,2.562682968167592890e+00,-3.393218138277301676e+00
-2.893902540206909180e+00,-2.707575321197509766e+00,2.468905895948410034e-01
-3.354025909819981166e+00,-2.874903602612331355e+00,9.810103643595949330e-02
-3.549289714397004580e+00,-2.645597326987496167e+00,7.764891279273619662e-02
-3.000441551208496094e+00,2.086682260036468506e+00,3.534296527504920959e-01
-3.330431122067743832e+00,2.732280520040889282e+00,3.945679950691001192e-01
-3.436970133069330746e+00,2.625741449434657593e+00,2.880289319134490267e-01
-3.608377217939254145e+00,2.388715218777637261e+00,3.903454440993078811e-01
-3.501838206937667231e+00,2.495254289383868951e+00,4.968845072549589736e-01
-3.595631113213664687e+00,2.431399923539511843e+00,7.618568875822288866e-02
-5.860316306661186164e-02,3.533760933972886598e+00,2.808416079335106730e+00
-2.118865353178763122e+00,-1.811265880717405907e-01,3.754391835073439321e+00
-1.692709070753836587e+00,-1.811265880717405907e-01,4.180548117498366523e+00
-1.615433931350708008e+00,-3.637160956859588623e-01,3.443062305450439453e+00
-2.041590213775634766e+00,6.244015693664550781e-02,3.016906023025512695e+00
-1.615433931350708008e+00,6.244015693664550781e-02,3.443062305450439453e+00
-2.118865353178763122e+00,2.450296645508637794e-01,3.754391835073439321e+00
-3.374874584034727398e+00,2.952076745890365395e+00,-2.849219926415186288e-01
-3.400924289862202521e+00,2.673019640446195666e+00,5.508259548416338802e-02
-2.586327441596127930e-01,6.280532420263236215e-01,4.697774323690584453e+00
-3.651718073152638855e-01,7.345922977313941171e-01,4.378156933057955058e+00
-1.580358429169471390e-01,6.830268437206313825e-01,4.395789508041023197e+00
-5.149677976129603957e-02,5.764877880155608869e-01,4.715406898673652591e+00
-1.402355790138244629e+00,2.832455754280090332e+00,2.468905895948410034e-01
-1.402355790138244629e+00,2.832455754280090332e+00,-1.792656630277633667e-01
-1.082738637924194336e+00,2.725916743278503418e+00,1.403515264391899109e-01
8.653619858412447963e-02,3.980902051901439309e-01,4.736197978617848747e+00
4.061533731499165634e-01,5.046292608952144265e-01,4.416580587985219353e+00
7.157830698116440793e-01,5.052386527819259232e-01,-4.344573728070871610e+00
6.092439992054123898e-01,3.986995970768554831e-01,-4.664191118703501004e+00
8.349644541740417480e-01,3.820573538541793823e-01,-4.121210932731628418e+00
-1.565381118353926126e+00,-2.986105597811259837e+00,3.780299756694027735e-01
-1.295816719532012939e+00,-2.601036310195922852e+00,1.205742061138153076e+00
-3.294385278860615607e+00,2.779558711052427356e+00,1.616216586398144806e-01
2.646128654479980469e+00,4.885964095592498779e-01,-2.523124694824218750e+00
2.855061448175207239e+00,8.099028449564830145e-01,-3.173111483505148378e+00
3.281217730600133997e+00,8.099028449564830145e-01,-2.746955201080221620e+00
3.281217730600133997e+00,1.236059082677926302e+00,-2.746955201080221620e+00
2.219972372055053711e+00,4.885964095592498779e-01,-2.523124694824218750e+00
3.491874779269469542e+00,-4.475319978188043724e-01,-2.582931494551572005e+00
5.153472423553466797e-01,1.767065107822418213e+00,-3.375437259674072266e+00
6.674878238489658777e-01,2.311420734689176193e+00,-3.620867134310305158e+00
1.957300677895545959e-01,1.660526037216186523e+00,-3.908132672309875488e+00
3.478706492831737385e-01,2.204881664082944503e+00,-4.153562546946108824e+00
-1.615433931350708008e+00,1.767065107822418213e+00,3.016906023025512695e+00
-1.131823080387537761e+00,1.846441307949049371e+00,2.623023280132249724e+00
-1.557979362812464519e+00,1.420285085128767388e+00,2.623023280132249724e+00
2.691144048048355941e+00,2.381217956695620419e+00,-2.497526621837566907e+00
3.149079667912697111e+00,2.760677232853093077e+00,1.593859100092599901e+00
4.361357796469791381e+00,1.519582506948946143e+00,7.889631561687685535e-01
3.828662383833988603e+00,1.413043436342714454e+00,1.321658427243540324e+00
3.797522714873444283e+00,1.643526431543980149e+00,1.091215599903117894e+00
-3.111165195562295982e-02,2.998724916031544119e+00,-3.507961695986828943e+00
-3.507288190708344189e-01,2.679107644608204275e+00,-3.401422684985242029e+00
-1.734806597232818604e-02,2.512838602066040039e+00,-3.055819988250732422e+00
-2.633577431731228824e-01,2.460166794038749494e+00,-3.567894747950057788e+00
-1.721973001956939697e+00,8.082135766744613647e-01,2.058054625988006592e+00
-1.721973001956939697e+00,1.234369814395904541e+00,2.058054625988006592e+00
-2.041590213775634766e+00,9.147526472806930542e-01,2.164593696594238281e+00
-2.041590213775634766e+00,9.147526472806930542e-01,2.590749859809875488e+00
-2.041590213775634766e+00,1.340908885002136230e+00,2.590749859809875488e+00
-1.721973001956939697e+00,1.234369814395904541e+00,2.484210789203643799e+00
-1.721973001956939697e+00,8.082135766744613647e-01,2.484210789203643799e+00
-2.041590213775634766e+00,9.147526472806930542e-01,3.016906023025512695e+00
-2.717748352231158737e+00,5.403244475479266340e-01,3.320280306458713859e+00
-2.467746376991271973e+00,4.885964095592498779e-01,2.590749859809875488e+00
-2.574285387992858887e+00,8.082135766744613647e-01,2.697288870811462402e+00
3.341242741715238385e+00,-1.018251418569095179e+00,2.871750686968486121e+00
2.244145523137532905e-01,-2.583584379670050835e-01,4.150511596273354975e+00
5.590153218159825688e-01,2.442982047796248557e-01,4.416381479182817316e+00
1.367659807205200195e+00,-3.637160956859588623e-01,1.738437414169311523e+00
1.687277078628540039e+00,-4.409889876842498779e-02,2.058054625988006592e+00
1.349488213190098040e+00,2.325077543169490335e-02,1.716917841418246660e+00
1.261120736598968506e+00,8.082135766744613647e-01,2.484210789203643799e+00
8.349644541740417480e-01,8.082135766744613647e-01,2.058054625988006592e+00
3.698072210621633271e+00,1.675912171811221540e+00,1.407881574793998336e+00
3.698072210621633271e+00,2.102068394631503523e+00,1.407881574793998336e+00
3.575573211702920862e+00,1.692602379185996320e+00,1.678850612276153287e+00
1.261120736598968506e+00,-2.174880027770996094e+00,-9.250388890504837036e-01
1.455681824835366456e+00,-2.055864410917436658e+00,-7.596570496308510112e-01
1.367659807205200195e+00,-2.494497299194335938e+00,-3.923437893390655518e-01
-2.041590213775634766e+00,1.767065107822418213e+00,-3.923437893390655518e-01
-2.574285387992858887e+00,1.660526037216186523e+00,-7.272659987211227417e-02
-2.467746376991271973e+00,1.340908885002136230e+00,-3.923437893390655518e-01
-3.651735328147259985e+00,-2.392872807944428359e+00,6.520801606075283807e-01
-3.971352599570599828e+00,-1.860177574122559463e+00,7.586192237631794733e-01
-3.545196317145673071e+00,-2.286333796942841445e+00,7.586192237631794733e-01
-3.320058822631835938e+00,-1.642184793949127197e+00,4.599687159061431885e-01
-3.000441551208496094e+00,-2.174880027770996094e+00,3.534296527504920959e-01
1.255731851612671868e+00,2.312321589129770594e+00,3.616763973300689994e+00
2.062304189607095939e-01,6.990050593305046078e-01,-4.655977232823461875e+00
5.675560384176306372e-02,5.393319461674839221e-01,-4.686145676476300537e+00
-1.967175054677491541e+00,3.628622952332893448e+00,1.615168971274297594e+00
-2.041590213775634766e+00,2.619377613067626953e+00,8.861249238252639771e-01
-2.467746376991271973e+00,2.193221330642700195e+00,8.861249238252639771e-01
-2.041590213775634766e+00,2.193221330642700195e+00,8.861249238252639771e-01
8.919100463390350342e-02,4.885964095592498779e-01,4.599687159061431885e-01
8.919100463390350342e-02,9.147526472806930542e-01,4.599687159061431885e-01
-8.462572014260596465e-01,-4.678566887339945524e+00,3.053755245869554935e-02
-6.660825378301235000e-01,-4.345738771542920986e+00,9.343322619696313447e-02
-1.130526994134672503e+00,-4.617464471979120688e+00,-2.691996549599748323e-02
-1.615433931350708008e+00,2.193221330642700195e+00,2.590749859809875488e+00
-1.088232615694329164e+00,2.212622222776039926e+00,2.670103598081918772e+00
-1.514388898119255922e+00,2.212622222776039926e+00,2.243947434866281565e+00
-1.088232615694329164e+00,2.638778505200966684e+00,2.243947434866281565e+00
-1.189277648925781250e+00,2.619377613067626953e+00,2.590749859809875488e+00
-3.331724766618664013e+00,2.681927331630564293e+00,6.594024925911778912e-01
-1.766304447120824239e+00,-2.852524086504257816e+00,3.518934446306601349e-02
1.728024208331715217e+00,-3.066906617570777094e+00,-2.654273580375289932e+00
8.919100463390350342e-02,-2.068341016769409180e+00,-3.923437893390655518e-01
-1.238871067762374878e-01,-2.281419157981872559e+00,-1.792656630277633667e-01
3.022691309452056885e-01,-2.281419157981872559e+00,-1.792656630277633667e-01
4.088081717491149902e-01,-2.174880027770996094e+00,-7.272659987211227417e-02
1.957300603389739990e-01,-2.387958168983459473e+00,1.403515264391899109e-01
-1.734806597232818604e-02,-2.174880027770996094e+00,-7.272659987211227417e-02
-4.269252993761918802e+00,-1.195413465230330097e+00,6.342729036522464225e-01
-4.224791676704666266e+00,-1.430667701074801457e+00,4.369218800372217659e-01
-4.688347036658861100e+00,-1.792662509120802328e-01,-4.079028335681688100e-01
-4.385449886322021484e+00,-3.637160882353782654e-01,-3.923437818884849548e-01
-4.385449886322021484e+00,-1.506379693746566772e-01,-3.923437818884849548e-01
-4.385449886322021484e+00,-3.637160882353782654e-01,-1.792656630277633667e-01
-4.688347036658861100e+00,-1.792662509120802328e-01,-1.948247147074471941e-01
-2.893902540206909180e+00,-3.637160956859588623e-01,1.738437414169311523e+00
-2.467746376991271973e+00,6.244015693664550781e-02,2.164593696594238281e+00
-2.467746376991271973e+00,-3.637160956859588623e-01,1.738437414169311523e+00
-1.829957999299785421e+00,-5.634053300322223734e-01,-4.240360702175934193e+00
-1.605315355866547833e+00,-7.616250356186009540e-01,-4.310712289142917264e+00
-1.616467820829234459e+00,-5.058813980979034453e-01,-4.346781767747302183e+00
-3.598445060597866174e+00,-6.041650218936052141e-01,2.283434346309812568e+00
-4.024601343022792932e+00,-6.041650218936052141e-01,1.857278063884885810e+00
-3.320058822631835938e+00,-3.637160956859588623e-01,1.738437414169311523e+00
-3.320058822631835938e+00,-7.898723334074020386e-01,1.738437414169311523e+00
-3.598445060597866174e+00,-1.030321259615048390e+00,2.283434346309812568e+00
-4.169461760572329645e+00,-1.592255122073736651e+00,-2.857672458117667125e-01
-4.169461760572329645e+00,-1.592255122073736651e+00,1.403890068108376854e-01
-4.271317334660128751e+00,-1.307900597977753154e+00,1.364483189944711850e-01
-1.587099978881810092e+00,-3.458876982984522841e-01,-4.051032365126020274e+00
-1.857879914510595754e+00,-3.106316691741078384e-01,-4.310421205142033863e+00
2.219972372055053711e+00,3.045533895492553711e+00,8.861249238252639771e-01
1.048042595386505127e+00,3.578229308128356934e+00,-9.250388741493225098e-01
-1.528100054600029845e+00,-3.422100382107284400e+00,-2.285454096018297854e+00
-5.143199273989313980e-01,-4.629299942482497876e+00,7.530072039834154740e-01
-4.042068325596843703e-01,-4.587138537241313152e+00,1.017340867536986382e+00
-2.333171271986480833e-01,-4.654824738241023496e+00,8.102103974870805692e-01
5.153472423553466797e-01,-2.920653581619262695e+00,3.381246328353881836e-02
8.349644541740417480e-01,-3.027192592620849609e+00,-7.272659987211227417e-02
5.153472423553466797e-01,-3.346809864044189453e+00,3.381246328353881836e-02
8.349644541740417480e-01,-3.453348875045776367e+00,-7.272659987211227417e-02
3.251710516092049197e+00,-2.649174984635580987e+00,1.491955626521196621e+00
1.655389912705678590e+00,-2.473945250193294587e+00,1.719279985623336726e+00
1.229233630280751832e+00,-2.900101532618221345e+00,1.719279985623336726e+00
1.900355160236358643e+00,-2.601036310195922852e+00,2.271132707595825195e+00
-1.543235687673681689e+00,-4.092492334985595726e+00,9.382121100105917932e-01
-3.550408873394773401e+00,-1.915990938265278665e+00,-1.645977688392081140e+00
-4.435042887926101685e-01,1.660526037216186523e+00,-1.777351200580596924e+00
-7.631214410066604614e-01,1.340908885002136230e+00,-1.670812129974365234e+00
-8.696604967117309570e-01,1.660526037216186523e+00,-1.351194918155670166e+00
-8.696604967117309570e-01,1.660526037216186523e+00,-1.777351200580596924e+00
-1.189277648925781250e+00,1.340908885002136230e+00,-1.670812129974365234e+00
-1.555879991857940237e+00,2.573136935179565210e+00,3.282117464706648224e+00
-3.488926837079313614e+00,-1.822137531563080559e+00,-2.285219055195130800e+00
-3.000441551208496094e+00,-1.748723864555358887e+00,-1.777351140975952148e+00
-3.382387826077726700e+00,-2.141754683777130630e+00,-1.752523761768616906e+00
-1.828512072563171387e+00,-1.002950459718704224e+00,1.951515555381774902e+00
-1.935051143169403076e+00,-6.833332628011703491e-01,1.844976484775543213e+00
-1.935051143169403076e+00,-1.109489500522613525e+00,1.844976484775543213e+00
-2.012178409004802049e+00,-1.574614949826359300e+00,3.590001066238374783e+00
-1.479483055973643602e+00,-2.107310183648228197e+00,3.696540077239961697e+00
-3.067739843919166098e+00,-2.620213902576995935e+00,1.708523932677002533e+00
-3.746215105056762695e+00,-3.637160956859588623e-01,3.381246328353881836e-02
-3.426597833633422852e+00,-4.409889876842498779e-02,-7.272659987211227417e-02
-3.533136963844299316e+00,-5.767942219972610474e-01,2.468905895948410034e-01
-3.213519692420959473e+00,-2.571770250797271729e-01,1.403515264391899109e-01
-2.017416854076898858e-01,-2.583584379670050835e-01,4.150511596273354975e+00
-2.035639390658980086e-01,-3.964022474076846492e-01,4.689494639987928259e+00
-3.387874867457477679e-01,-5.017599051266383725e-01,4.408201631589939495e+00
-2.045129847537399403e-01,-6.715512908787314439e-01,4.385915545773993784e+00
-6.928943707389015327e-02,-5.661936331597776650e-01,4.667208554171982549e+00
-4.650762735590118879e+00,5.910624248053333307e-01,1.741044618057888682e-01
-4.617993468741815377e+00,6.361399717202100845e-01,4.694064695644062368e-01
-1.124318784299398910e+00,2.085599706241278439e-01,4.377591471270756429e+00
-9.573005383720130101e-01,4.591462441884389678e-01,4.398816428337444684e+00
-1.251762874323628649e+00,4.789398076714864727e-01,4.335261559736910186e+00
-1.295816719532012939e+00,3.820573538541793823e-01,2.910367012023925781e+00
-1.721973001956939697e+00,8.082135915756225586e-01,2.910367012023925781e+00
-1.615433931350708008e+00,9.147526472806930542e-01,3.016906023025512695e+00
2.646128654479980469e+00,2.619377613067626953e+00,1.312281131744384766e+00
3.290904075516245531e+00,2.746766600752089005e+00,1.325316993384102027e+00
3.203927134470664573e+00,2.896735887759231076e+00,1.133679560444882162e+00
3.749782532585479888e+00,2.442982047796243839e-01,1.817948495981610346e+00
8.349644541740417480e-01,-2.601036310195922852e+00,-2.203507423400878906e+00
9.415035247802734375e-01,-2.494497299194335938e+00,-2.523124694824218750e+00
5.153472423553466797e-01,-2.494497299194335938e+00,-2.523124694824218750e+00
-3.964400071912758672e-01,-4.168783411614520595e+00,-1.792767368736984501e+00
5.789472343010634292e-01,-8.603063115765381408e-01,-9.040302578732954952e-01
9.415035247802734375e-01,-7.898723334074020386e-01,-1.244655847549438477e+00
1.005103516725990076e+00,-4.341500738550949090e-01,-9.040302578732954952e-01
8.920454090135627734e-01,-1.252016583529361293e+00,-1.168373187188816109e+00
-4.065832495689392090e+00,3.820573538541793823e-01,5.665077716112136841e-01
-3.746215105056762695e+00,6.244015693664550781e-02,8.861249238252639771e-01
-4.065832495689392090e+00,-4.702551513910293579e-01,3.534296527504920959e-01
-4.385449886322021484e+00,-3.637160882353782654e-01,4.599687084555625916e-01
-4.385449886322021484e+00,-3.637160882353782654e-01,2.468905895948410034e-01
-4.065832495689392090e+00,-2.571770325303077698e-01,3.534296527504920959e-01
-4.385449886322021484e+00,6.244016438722610474e-02,4.599687084555625916e-01
-1.615433931350708008e+00,-2.068341016769409180e+00,2.164593696594238281e+00
-1.615433931350708008e+00,-1.642184793949127197e+00,2.590749859809875488e+00
-1.082738578319549561e+00,-2.174880027770996094e+00,2.697288870811462402e+00
5.687716365432009535e-01,1.498471766909583947e+00,4.272900408259206806e+00
8.349644541740417480e-01,1.234369814395904541e+00,3.975757718086242676e+00
2.401348575546317754e+00,9.487274926163231648e-01,3.529878883854900895e+00
1.975192293121390996e+00,1.374883730337766341e+00,3.529878883854900895e+00
1.793816089630126953e+00,9.147526472806930542e-01,3.016906023025512695e+00
1.813199329960289763e+00,1.245386761231510597e+00,3.663441997027007346e+00
-4.685494190282240901e+00,1.063131196265131861e-01,-1.454114949003645074e-01
-2.641583680703528891e+00,-2.620213902576995935e+00,2.134680215101929512e+00
-2.851180636821898595e+00,-3.170271269480626763e+00,1.830818644735870526e+00
3.067099322976468478e+00,1.183912488830099752e-01,2.195773219359677064e+00
2.534404029549954807e+00,1.185219317793947957e-02,2.089234148753445375e+00
2.539589643478393555e+00,3.820573538541793823e-01,2.058054625988006592e+00
3.072284936904907227e+00,6.244015693664550781e-02,1.738437414169311523e+00
2.539589643478393555e+00,-4.409889876842498779e-02,1.631898343563079834e+00
3.067099322976468478e+00,-3.077650037395943672e-01,1.769616936934750306e+00
2.683073647948258866e+00,1.804010099608307716e+00,1.337197546051517971e+00
2.216432529677032359e-01,-6.715512908787314439e-01,4.385915545773993784e+00
1.168604916237344638e-01,-3.377874699855866192e-01,4.697674487580806968e+00
1.580737948417663574e+00,-5.767942219972610474e-01,1.525359272956848145e+00
1.474198877811431885e+00,-6.833332628011703491e-01,1.418820202350616455e+00
1.351783313588328594e+00,-6.833223322153650914e-01,1.846997162000612036e+00
1.245244242982096905e+00,-7.898613730192743931e-01,1.740458091394380347e+00
1.138705172375865216e+00,-4.702442059040629063e-01,1.633919020788148657e+00
8.919100463390350342e-02,6.244015693664550781e-02,3.869218587875366211e+00
-1.721973001956939697e+00,2.512838542461395264e+00,7.795858532190322876e-01
3.498441219329833984e+00,9.147526472806930542e-01,-8.184998184442520142e-01
1.793816089630126953e+00,-2.494497299194335938e+00,-8.184998184442520142e-01
1.663848615618616300e+00,-2.860089141927476319e+00,-8.075674503201860643e-01
1.793816089630126953e+00,-2.920653581619262695e+00,-3.923437893390655518e-01
-3.070344316389602035e+00,2.790242622889949509e+00,1.519972615273077921e+00
-2.952827617354648382e+00,-3.220175212190981462e+00,1.557468057727551258e+00
-1.734806597232818604e-02,-2.601036310195922852e+00,2.058054625988006592e+00
-1.734806597232818604e-02,-2.174880027770996094e+00,2.484210789203643799e+00
4.812867036265529030e-01,-2.284975375530513109e+00,2.557222995813644761e+00
-3.369652330875396729e-01,-2.068341016769409180e+00,-1.670812129974365234e+00
-1.238871067762374878e-01,-2.281419157981872559e+00,-1.457733988761901855e+00
8.919100463390350342e-02,-2.068341016769409180e+00,-1.244655847549438477e+00
8.919100463390350342e-02,-2.068341016769409180e+00,-1.670812129974365234e+00
-2.467746376991271973e+00,-2.068341016769409180e+00,1.738437414169311523e+00
2.219972372055053711e+00,-2.068341016769409180e+00,-8.184998184442520142e-01
1.793816089630126953e+00,-2.494497299194335938e+00,-3.923437893390655518e-01
1.881838107260293214e+00,-2.055864410917436658e+00,-7.596570496308510112e-01
1.881838107260293214e+00,-2.055864410917436658e+00,-1.185813078736037474e+00
-1.900778223251738952e-01,-4.686408024355136703e+00,-5.884640462588301979e-01
-3.061170529105197158e-01,-4.619946345000840893e+00,-3.157651644846842243e-01
-5.118300661281336428e-01,-4.636423503774371291e+00,-6.783848628073723130e-01
5.153472423553466797e-01,-3.346809864044189453e+00,1.312281131744384766e+00
4.088081717491149902e-01,-3.027192592620849609e+00,1.205742061138153076e+00
-2.866042044234378139e-01,-3.192394844864377745e+00,2.881181932620125785e+00
-7.180195943651626611e-02,-4.065131590675963302e+00,1.878492187948130443e+00
3.543542782849269379e-01,-3.638975308251036545e+00,2.304648470373057201e+00
-1.110174935340990654e+00,-4.047402749357132734e+00,4.840695272172862995e-01
-1.323253076553454033e+00,-3.834324608144669355e+00,4.840695272172862995e-01
-1.189277648925781250e+00,-4.199122309684753418e+00,2.468905895948410034e-01
-1.229458123951194137e+00,-4.566568694702588971e+00,4.820207718570567179e-01
-1.442536265163657516e+00,-4.353490553490125592e+00,4.820207718570567179e-01
2.643339450119067013e+00,5.055852846402868472e-01,-3.431821325797701050e+00
4.244214892387390137e+00,-2.571770325303077698e-01,3.534296527504920959e-01
3.924597501754760742e+00,-3.637160956859588623e-01,3.381246328353881836e-02
4.721172978764545114e+00,-5.979692226477320016e-01,2.873440765712196310e-01
4.401555588131915719e+00,-7.045082858033830941e-01,-3.227311289573367437e-02
4.401555588131915719e+00,-7.045082858033830941e-01,3.938831397268707235e-01
2.219972372055053711e+00,6.244015693664550781e-02,-3.923437893390655518e-01
2.646128654479980469e+00,6.244015693664550781e-02,-3.923437893390655518e-01
2.219972372055053711e+00,6.244015693664550781e-02,-8.184998184442520142e-01
-2.467746376991271973e+00,2.193221330642700195e+00,-1.670812129974365234e+00
-2.041590213775634766e+00,2.619377613067626953e+00,-1.670812129974365234e+00
-4.065832495689392090e+00,-2.571770325303077698e-01,-7.272659987211227417e-02
-3.655952883758461169e+00,-3.796871245182598109e-02,-3.815629548956949169e-01
-2.574285387992858887e+00,-4.409889876842498779e-02,-1.777351200580596924e+00
-2.048793497715148071e+00,2.353818399976354003e-02,-2.155166677587669888e+00
-2.581488671932372192e+00,3.431553809172974145e-01,-1.835549465768975042e+00
-2.574285387992858887e+00,-4.409889876842498779e-02,-1.351194918155670166e+00
-2.048793497715148071e+00,2.353818399976354003e-02,-1.729010395162743352e+00
-2.041590213775634766e+00,-3.637160956859588623e-01,-1.670812129974365234e+00
-1.402355790138244629e+00,-1.002950459718704224e+00,1.951515555381774902e+00
-1.542437660519504206e-01,-1.742842241028218497e+00,4.162155649602258478e+00
-1.189277648925781250e+00,4.885964095592498779e-01,-2.523124694824218750e+00
-1.622637215290221313e+00,4.496944366223679102e-01,-2.581322960012596646e+00
-1.189277648925781250e+00,6.244015693664550781e-02,-2.523124694824218750e+00
-4.670349553721264257e+00,1.058507979654862152e-01,6.687253797505363639e-01
-4.670349553721264257e+00,-1.072273357963965668e-01,4.556472608898147203e-01
-4.670349553721264257e+00,1.058507979654862152e-01,4.556472608898147203e-01
-4.385449886322021484e+00,2.755182981491088867e-01,4.599687084555625916e-01
-1.103966535285513029e+00,3.355259404885954311e+00,2.704812388288762470e+00
-1.734806597232818604e-02,4.004385590553283691e+00,3.534296527504920959e-01
8.919100463390350342e-02,3.897846460342407227e+00,4.599687159061431885e-01
1.985965767958544070e-01,4.404321951077854180e+00,6.963822826880501360e-01
-2.275596609255887692e-01,4.404321951077854180e+00,6.963822826880501360e-01
9.205750618962270371e-02,4.510861081288730645e+00,5.898432195323990435e-01
1.320729445196285878e-01,-1.340352220039248810e+00,4.305969136821721222e+00
-1.359988848375801362e+00,-2.780694671754081249e+00,3.288389197984586065e+00
-1.828512072563171387e+00,-5.767942219972610474e-01,1.525359272956848145e+00
-2.041590213775634766e+00,-3.637160956859588623e-01,1.738437414169311523e+00
-1.935051143169403076e+00,-6.833332628011703491e-01,1.418820202350616455e+00
8.919099718332290649e-02,1.553986966609954834e+00,-3.588515400886535645e+00
-2.304261699318885803e-01,1.660526037216186523e+00,-3.908132672309875488e+00
-8.696604967117309570e-01,-4.409889876842498779e-02,-3.481976270675659180e+00
-1.632962872477954575e+00,1.470742910348828758e+00,-3.603354076579395660e+00
-1.417245654815237010e+00,1.691137336044573836e+00,-3.603378244545983655e+00
-1.356633234376618535e+00,1.425252773459362299e+00,-3.732879625395256529e+00
1.138705172375865216e+00,-8.964004436255060826e-01,1.633919020788148657e+00
7.125488899509384577e-01,-4.702442059040629063e-01,1.633919020788148657e+00
9.415035247802734375e-01,-7.898723334074020386e-01,1.312281131744384766e+00
9.415035247802734375e-01,-1.216028571128845215e+00,1.312281131744384766e+00
5.153472423553466797e-01,-7.898723334074020386e-01,1.312281131744384766e+00
7.125488899509384577e-01,-8.964004436255060826e-01,1.633919020788148657e+00
1.367659807205200195e+00,-7.898723334074020386e-01,-2.949280977249145508e+00
1.527491702516829086e+00,-7.211722130998473590e-01,-3.765355442564956689e+00
-8.696604967117309570e-01,2.086682260036468506e+00,-9.250388890504837036e-01
-1.189277648925781250e+00,2.193221330642700195e+00,-8.184998184442520142e-01
-8.696604967117309570e-01,2.086682260036468506e+00,-1.351194918155670166e+00
-1.189277648925781250e+00,1.767065107822418213e+00,-8.184998184442520142e-01
-3.369652330875396729e-01,6.244015693664550781e-02,-3.801593542098999023e+00
-3.369652330875396729e-01,-3.637160956859588623e-01,-3.375437259674072266e+00
-3.369652330875396729e-01,6.244015693664550781e-02,-3.375437259674072266e+00
-4.435042887926101685e-01,-4.409889876842498779e-02,-3.481976270675659180e+00
-1.615433931350708008e+00,6.244015693664550781e-02,-3.923437893390655518e-01
-2.041590213775634766e+00,-3.637160956859588623e-01,-8.184998184442520142e-01
-2.053216108722243582e+00,6.659976984626830854e-02,-4.409106724862348337e-01
7.545987239290734561e-01,-3.179117122793258865e+00,2.828385401874835559e+00
5.878257742327845925e-01,-2.604592646953852952e+00,2.663762066419876451e+00
8.270772558065113689e-01,-2.863056188127849566e+00,3.327553771700473728e+00
1.261120736598968506e+00,-2.174880027770996094e+00,1.205742061138153076e+00
8.349644541740417480e-01,-2.174880027770996094e+00,1.205742061138153076e+00
9.415035247802734375e-01,-2.068341016769409180e+00,1.312281131744384766e+00
9.415035247802734375e-01,-1.642184793949127197e+00,1.312281131744384766e+00
5.153472423553466797e-01,-1.642184793949127197e+00,1.312281131744384766e+00
8.349644541740417480e-01,-1.748723804950714111e+00,1.205742061138153076e+00
1.957300677895545959e-01,-1.109489500522613525e+00,1.418820202350616455e+00
3.022691309452056885e-01,-1.002950459718704224e+00,1.525359272956848145e+00
5.153472423553466797e-01,-1.216028571128845215e+00,1.738437414169311523e+00
1.957300677895545959e-01,-1.109489500522613525e+00,1.844976484775543213e+00
-4.435042887926101685e-01,-8.964113891124725342e-01,1.631898343563079834e+00
-2.304261699318885803e-01,-1.109489500522613525e+00,1.418820202350616455e+00
-3.369652256369590759e-01,-7.898723185062408447e-01,1.738437414169311523e+00
-4.435042887926101685e-01,-8.964113891124725342e-01,2.058054625988006592e+00
-2.304261699318885803e-01,-1.109489500522613525e+00,1.844976484775543213e+00
-3.369652330875396729e-01,-1.216028571128845215e+00,1.738437414169311523e+00
3.613026182807112185e+00,2.488162615816884582e+00,2.182708563216501640e-01
1.687277078628540039e+00,8.082135766744613647e-01,-4.988828450441360474e-01
1.793816089630126953e+00,4.885964095592498779e-01,-3.923437893390655518e-01
2.006894230842590332e+00,7.016745358705520630e-01,-1.792656630277633667e-01
1.580737948417663574e+00,7.016745358705520630e-01,-1.792656630277633667e-01
1.900355219841003418e+00,1.021291702985763550e+00,-2.858047187328338623e-01
2.809431643998144601e+00,-2.054082098255078037e+00,-2.572185451270714296e+00
2.815623231725142173e+00,-2.281898053838939955e+00,-2.384140689229119037e+00
2.626347496641047385e+00,-2.271460345983920881e+00,-2.604042701868694465e+00
8.349644541740417480e-01,1.660526037216186523e+00,-9.250388890504837036e-01
8.349644541740417480e-01,2.086682260036468506e+00,-9.250388890504837036e-01
5.153472423553466797e-01,1.767065107822418213e+00,-3.923437893390655518e-01
9.415035247802734375e-01,1.340908885002136230e+00,-3.923437893390655518e-01
9.415035247802734375e-01,1.767065107822418213e+00,-3.923437893390655518e-01
1.261120736598968506e+00,1.660526037216186523e+00,-9.250388890504837036e-01
9.415035247802734375e-01,2.193221330642700195e+00,3.381246328353881836e-02
9.415035247802734375e-01,2.193221330642700195e+00,-3.923437893390655518e-01
-2.650421692453180711e+00,9.199142203209833557e-01,-2.598669040827561894e+00
-2.893902540206909180e+00,9.147526472806930542e-01,-2.096968412399291992e+00
-2.474949660930785278e+00,4.496944366223679102e-01,-2.155166677587669888e+00
-2.474949660930785278e+00,8.758506743438110309e-01,-2.155166677587669888e+00
-2.231468813177056809e+00,4.548560096626582672e-01,-2.656867306015940233e+00
-2.800335416190338655e+00,1.235697556402379771e+00,-3.137089438142913966e+00
-3.226491579405975862e+00,1.235697556402379771e+00,-2.710933155717987209e+00
-2.224265529237543504e+00,9.199142203209833557e-01,-3.024825323252488651e+00
-3.664835619513577836e+00,1.489696785420804304e+00,-1.434627742935734140e+00
-3.551856323215929034e+00,1.555036291258956815e+00,-1.640605719972616283e+00
-3.652567720331969525e+00,1.297522344623626145e+00,-1.618340936043624723e+00
-2.568474951855933774e+00,1.306530027083767198e+00,-3.332083609739522778e+00
-3.000441551208496094e+00,3.820573538541793823e-01,-1.777351200580596924e+00
-2.893902540206909180e+00,4.885964095592498779e-01,-1.670812129974365234e+00
-2.474949660930785278e+00,4.496944366223679102e-01,-1.729010395162743352e+00
-3.000441551208496094e+00,3.820573538541793823e-01,-1.351194918155670166e+00
1.261120736598968506e+00,2.086682260036468506e+00,-1.351194918155670166e+00
8.349644541740417480e-01,2.086682260036468506e+00,-1.351194918155670166e+00
9.415035247802734375e-01,2.193221330642700195e+00,-1.244655847549438477e+00
9.415035247802734375e-01,2.619377613067626953e+00,-1.244655847549438477e+00
8.349644541740417480e-01,2.512838542461395264e+00,-1.351194918155670166e+00
7.923983982184364949e-01,4.416076800711085326e+00,-1.005673584456485470e+00
7.284253835678100586e-01,4.110924720764160156e+00,-1.031577944755554199e+00
1.000334746413606313e+00,4.436403878082371577e+00,-1.148945821394070421e+00
7.923983982184364949e-01,4.416076800711085326e+00,-1.431829628462833126e+00
4.088081717491149902e-01,-4.409889876842498779e-02,-4.121210932731628418e+00
-1.734806597232818604e-02,-4.409889876842498779e-02,-4.121210932731628418e+00
2.777816497428652998e+00,-1.384274611890292217e+00,-2.741340360202128679e+00
2.933026727150249258e+00,-7.073933050009585388e-01,-3.102625709351980898e+00
2.219972372055053711e+00,-7.898723334074020386e-01,-2.523124694824218750e+00
2.777816497428652998e+00,-9.581183741688489297e-01,-3.167496642627055436e+00
5.153472423553466797e-01,2.193221330642700195e+00,3.381246328353881836e-02
1.957300677895545959e-01,2.299760341644287109e+00,1.403515264391899109e-01
5.153472423553466797e-01,1.767065107822418213e+00,3.381246328353881836e-02
1.957300677895545959e-01,1.873604118824005127e+00,1.403515264391899109e-01
5.153472423553466797e-01,1.767065107822418213e+00,4.599687159061431885e-01
5.153472423553466797e-01,9.147526472806930542e-01,-1.244655847549438477e+00
9.415035247802734375e-01,1.340908885002136230e+00,-1.244655847549438477e+00
9.415035247802734375e-01,1.340908885002136230e+00,-8.184998184442520142e-01
5.153472423553466797e-01,9.147526472806930542e-01,-8.184998184442520142e-01
9.415035247802734375e-01,9.147526472806930542e-01,-3.923437893390655518e-01
3.022691309452056885e-01,-1.002950459718704224e+00,-1.457733988761901855e+00
1.957300677895545959e-01,-1.109489500522613525e+00,-1.564273059368133545e+00
-1.734804362058639526e-02,-8.964113891124725342e-01,-1.777351200580596924e+00
3.022691309452056885e-01,-1.002950459718704224e+00,-1.883890271186828613e+00
5.153472423553466797e-01,-1.216028571128845215e+00,-1.670812129974365234e+00
8.919100463390350342e-02,4.885964095592498779e-01,-3.801593542098999023e+00
-1.734806597232818604e-02,3.820573538541793823e-01,-4.121210932731628418e+00
-8.700003342570975517e-01,4.129727851056868460e+00,-1.623309490666943411e+00
-9.440920473268250568e-01,4.040145852180761388e+00,-2.043498849544785223e+00
-6.774538142757076109e-01,4.134910547807511882e+00,-1.982019342026114517e+00
6.478813305023555236e-01,-9.770537868488322619e-01,-4.238616627293884775e+00
5.034983523269380701e-01,-7.401796984980227867e-01,-4.325223947923496404e+00
2.646128654479980469e+00,2.619377613067626953e+00,-3.923437893390655518e-01
6.638169795421949848e-01,-4.850621601916998427e-01,-4.348880682746811388e+00
3.173728226633666938e-01,-5.065545951343490838e-01,-4.378902531003871168e+00
1.793816089630126953e+00,1.340908885002136230e+00,-1.244655847549438477e+00
1.687277078628540039e+00,1.234369814395904541e+00,-9.250388741493225098e-01
2.113433361053466797e+00,1.660526037216186523e+00,-9.250388741493225098e-01
1.793816089630126953e+00,1.767065107822418213e+00,-1.244655847549438477e+00
2.219972372055053711e+00,1.767065107822418213e+00,-1.244655847549438477e+00
5.153472423553466797e-01,1.340908885002136230e+00,-8.184998184442520142e-01
8.349644541740417480e-01,1.660526037216186523e+00,-1.351194918155670166e+00
1.340296312957517166e+00,-3.915224516029128576e+00,5.146408813088982903e-01
1.600420903761992975e+00,-3.799031177348787036e+00,5.931713793896573605e-01
1.386601171091661033e+00,-3.833577442036155691e+00,7.994890187686274352e-01
-2.146745833017017269e+00,3.671242519346889388e+00,-8.013889471098528672e-01
-1.615433931350708008e+00,3.471690177917480469e+00,-3.923437893390655518e-01
-1.720589550592090289e+00,4.097398801771816146e+00,-8.013889471098528672e-01
-2.085957538961786373e+00,3.761300355118822658e+00,-5.192774151660537463e-01
1.959534339078811582e+00,2.292785233548076285e+00,3.294998447720278723e+00
1.959534339078811582e+00,1.866629010727794080e+00,3.294998447720278723e+00
1.367659807205200195e+00,1.767065107822418213e+00,3.016906023025512695e+00
1.793816089630126953e+00,1.767065107822418213e+00,2.590749859809875488e+00
1.793816089630126953e+00,1.340908885002136230e+00,2.590749859809875488e+00
-1.734806597232818604e-02,-4.409889876842498779e-02,-3.481976270675659180e+00
4.336261182277135973e+00,-4.317302932385136405e-01,-9.390488934274401345e-01
4.254965695446240481e+00,-6.766874148917628728e-01,-1.061517015871120240e+00
2.219972372055053711e+00,6.244015693664550781e-02,4.599687159061431885e-01
1.793816089630126953e+00,6.244015693664550781e-02,4.599687159061431885e-01
1.793816089630126953e+00,-3.637160956859588623e-01,4.599687159061431885e-01
2.113433361053466797e+00,-4.702551513910293579e-01,7.795858532190322876e-01
1.687277078628540039e+00,-4.702551513910293579e-01,7.795858532190322876e-01
2.113433361053466797e+00,-4.409889876842498779e-02,7.795858532190322876e-01
3.022691309452056885e-01,7.016745358705520630e-01,1.951515555381774902e+00
5.153472423553466797e-01,4.885964095592498779e-01,1.738437414169311523e+00
3.022691309452056885e-01,7.016745358705520630e-01,1.525359272956848145e+00
6.218863427639007568e-01,1.021291702985763550e+00,1.844976484775543213e+00
8.349644541740417480e-01,8.082135766744613647e-01,1.631898343563079834e+00
-7.631214410066604614e-01,-1.216028571128845215e+00,-1.244655847549438477e+00
-7.631214410066604614e-01,-7.898723334074020386e-01,-1.244655847549438477e+00
-7.631214410066604614e-01,-7.898723334074020386e-01,-8.184998184442520142e-01
1.391167149950599757e+00,-4.282346101570855268e+00,-9.863026571010476140e-02
1.474198877811431885e+00,5.951354652643203735e-01,-1.564273059368133545e+00
1.474198877811431885e+00,1.021291702985763550e+00,-1.564273059368133545e+00
1.580737948417663574e+00,7.016745358705520630e-01,-1.457733988761901855e+00
1.580737948417663574e+00,1.127830773591995239e+00,-1.457733988761901855e+00
1.687277019023895264e+00,8.082135915756225586e-01,-1.777351200580596924e+00
2.646128654479980469e+00,-1.216028571128845215e+00,-1.244655847549438477e+00
2.646128654479980469e+00,-1.642184793949127197e+00,-1.670812129974365234e+00
2.646128654479980469e+00,-1.642184793949127197e+00,-1.244655847549438477e+00
-1.098417322169892296e+00,-4.171850021779217599e+00,-1.416561148841028572e+00
-4.666881030690447574e+00,-9.954430619585508122e-03,-6.552434022319483242e-01
-4.615420807093810751e+00,2.719403023882568937e-01,-8.125694978391531098e-01
-4.666881030690447574e+00,4.162018145524382651e-01,-4.421652833712267361e-01
-4.615420807093810751e+00,6.980965475602807224e-01,-5.994913789784315217e-01
-4.385449886322021484e+00,2.755182757973670959e-01,-3.923437818884849548e-01
1.048042595386505127e+00,1.021291702985763550e+00,-1.990429341793060303e+00
5.153472423553466797e-01,1.340908885002136230e+00,-1.670812129974365234e+00
1.048042595386505127e+00,1.021291702985763550e+00,-1.564273059368133545e+00
9.415035247802734375e-01,1.340908885002136230e+00,-1.670812129974365234e+00
-1.508894860744476318e+00,1.689792126417160034e-01,1.844976484775543213e+00
-1.935051143169403076e+00,1.689792126417160034e-01,1.844976484775543213e+00
-1.189277648925781250e+00,6.244015693664550781e-02,2.164593696594238281e+00
-1.615433931350708008e+00,6.244015693664550781e-02,2.164593696594238281e+00
-9.094060421113135950e-01,-4.496074632202465282e-01,1.579788457585783235e+00
-4.435042887926101685e-01,-4.702551513910293579e-01,1.631898343563079834e+00
-8.028669864062430994e-01,-3.430684075151760326e-01,1.260171245767088166e+00
-1.229023194325363999e+00,8.308784510742833751e-02,1.260171245767088166e+00
-7.631214410066604614e-01,6.244015693664550781e-02,1.312281131744384766e+00
-8.696604967117309570e-01,-4.409889876842498779e-02,1.631898343563079834e+00
3.227531392850751413e+00,2.344756555508702434e+00,2.009408958775533272e+00
8.919100463390350342e-02,1.340908885002136230e+00,3.016906023025512695e+00
8.919100463390350342e-02,1.340908885002136230e+00,2.590749859809875488e+00
-4.555464020005239867e-02,1.267287606059068983e+00,4.484696063268831523e+00
-1.295816719532012939e+00,8.082135766744613647e-01,2.058054625988006592e+00
-1.189277648925781250e+00,4.885964095592498779e-01,2.590749859809875488e+00
-1.131823080387537761e+00,9.941288474073241010e-01,2.196867116916612517e+00
2.219972372055053711e+00,4.885964095592498779e-01,2.590749859809875488e+00
2.646128654479980469e+00,4.885964095592498779e-01,2.164593696594238281e+00
2.640943040551541721e+00,1.183912488830099752e-01,2.195773219359677064e+00
1.367659807205200195e+00,-1.216028571128845215e+00,1.738437414169311523e+00
1.367659807205200195e+00,-1.642184793949127197e+00,1.738437414169311523e+00
9.415035247802734375e-01,-1.216028571128845215e+00,1.738437414169311523e+00
2.646128654479980469e+00,-2.494497299194335938e+00,8.861249238252639771e-01
1.367659807205200195e+00,9.147526472806930542e-01,4.599687159061431885e-01
9.415035247802734375e-01,1.340908885002136230e+00,4.599687159061431885e-01
9.415035247802734375e-01,9.147526472806930542e-01,4.599687159061431885e-01
9.415035247802734375e-01,9.147526472806930542e-01,8.861249238252639771e-01
5.153472423553466797e-01,1.340908885002136230e+00,8.861249238252639771e-01
9.415035247802734375e-01,1.340908885002136230e+00,8.861249238252639771e-01
5.153472423553466797e-01,-7.898723334074020386e-01,4.599687159061431885e-01
5.153472423553466797e-01,-7.898723334074020386e-01,8.861249238252639771e-01
-3.359416891901438440e+00,-1.796759392411064526e+00,2.536967593048141900e+00
-2.041590213775634766e+00,-1.216028571128845215e+00,-1.670812129974365234e+00
-2.467746376991271973e+00,-1.216028571128845215e+00,-2.096968412399291992e+00
-2.467746376991271973e+00,-1.216028571128845215e+00,-1.670812129974365234e+00
-2.148129224777221680e+00,-8.964113891124725342e-01,-1.777351140975952148e+00
-2.574285387992858887e+00,-8.964113891124725342e-01,-2.203507423400878906e+00
-4.065832495689392090e+00,-4.702551513910293579e-01,1.403515264391899109e-01
-4.385449886322021484e+00,-5.767942070960998535e-01,3.381246328353881836e-02
-4.385449886322021484e+00,-3.637160882353782654e-01,3.381246328353881836e-02
-2.224265529237543504e+00,6.760172997693586483e-02,-3.024825323252488651e+00
-2.536207871971586592e+00,-5.092810723464402667e-02,-3.458672116919208506e+00
-2.750337402086897143e+00,-1.178827095494334454e-01,-3.278688881880065686e+00
-1.984865177337125086e+00,1.758912266391172041e+00,3.542126649262010929e+00
-1.686567940041354907e+00,-8.030556164859956603e-01,4.105800670994337764e+00
-1.938028253074908225e+00,-7.539725183634844452e-01,3.985950331426747262e+00
-1.136501580265837807e+00,-1.198137158313758333e+00,4.352909053666522254e+00
3.022691309452056885e-01,1.127830773591995239e+00,1.951515555381774902e+00
8.349644541740417480e-01,1.234369814395904541e+00,2.058054625988006592e+00
5.153472423553466797e-01,1.340908885002136230e+00,1.738437414169311523e+00
3.022691309452056885e-01,1.127830773591995239e+00,1.525359272956848145e+00
5.153472423553466797e-01,-2.920653581619262695e+00,8.861249238252639771e-01
8.349644541740417480e-01,-2.601036310195922852e+00,1.205742061138153076e+00
8.349644541740417480e-01,-2.601036310195922852e+00,7.795858532190322876e-01
5.153472423553466797e-01,-2.494497299194335938e+00,8.861249238252639771e-01
5.153472423553466797e-01,-2.494497299194335938e+00,1.312281131744384766e+00
-1.082738637924194336e+00,-6.833332777023315430e-01,1.844976484775543213e+00
-3.692050256258637919e+00,-1.348191335304115501e+00,1.469570635026026029e+00
-3.592536232228178417e+00,-1.304554038111910730e+00,1.733775728357775270e+00
-2.507340950047749484e+00,-1.791136828430304417e+00,3.133384549992607404e+00
-2.507340950047749484e+00,-2.217293051250586622e+00,2.707228386776970197e+00
-2.548235682165384208e+00,2.791895647905564992e+00,1.342506462481007912e-02
-2.041590213775634766e+00,3.045533895492553711e+00,3.381246328353881836e-02
-2.044919513020431623e+00,9.953227982006493946e-01,4.166872158006301730e-01
-1.828512072563171387e+00,7.016745358705520630e-01,2.468905895948410034e-01
-1.402355790138244629e+00,7.016745358705520630e-01,2.468905895948410034e-01
-1.615433931350708008e+00,4.885964095592498779e-01,4.599687159061431885e-01
-1.618763230595505087e+00,9.953227982006493946e-01,4.166872158006301730e-01
-3.176493565302534350e+00,3.082735430731708970e-01,-2.852532599455138929e+00
-1.087834150580764964e-01,-5.065545951343490838e-01,-4.378902531003871168e+00
-2.153224707631469781e-01,-6.130936508394195794e-01,-4.485441661214747633e+00
8.919100463390350342e-02,-1.216028571128845215e+00,-3.375437259674072266e+00
9.527775593354581574e-02,-1.641669954012638266e+00,-4.161767010790725863e+00
5.214339936549889920e-01,-1.641669954012638266e+00,-3.735610728365799549e+00
5.153472423553466797e-01,-1.642184793949127197e+00,-2.949280977249145508e+00
5.214339936549889920e-01,-2.067826176832920027e+00,-3.735610728365799549e+00
8.919100463390350342e-02,-1.642184793949127197e+00,-3.375437259674072266e+00
8.919100463390350342e-02,-1.216028571128845215e+00,-2.949280977249145508e+00
8.919100463390350342e-02,-1.642184793949127197e+00,-2.949280977249145508e+00
-1.402355790138244629e+00,7.016745358705520630e-01,-1.883890271186828613e+00
-1.402355790138244629e+00,7.016745358705520630e-01,-1.457733988761901855e+00
-1.189277648925781250e+00,4.885964095592498779e-01,-1.670812129974365234e+00
-1.189277648925781250e+00,9.147526472806930542e-01,-1.670812129974365234e+00
-1.189277648925781250e+00,9.147526472806930542e-01,-1.244655847549438477e+00
2.811953532420731872e+00,-3.177851130845473548e+00,8.651357518708653327e-01
3.022691011428833008e-01,-1.506379544734954834e-01,2.377671778202056885e+00
-1.734806597232818604e-02,-4.409889876842498779e-02,2.484210789203643799e+00
-1.734806597232818604e-02,3.820573538541793823e-01,2.484210789203643799e+00
-4.275292124559920026e+00,1.348884681948226305e+00,-3.348863210906023458e-01
-4.193748602543509563e+00,1.554503358943676528e+00,-4.844124718291841214e-01
-4.254771086421403226e+00,1.313003666124921365e+00,-6.021390196249717386e-01
-4.061399479689906222e+00,-1.611364356446445045e+00,9.042744118473441395e-01
2.646128654479980469e+00,9.147526472806930542e-01,3.381246328353881836e-02
2.646128654479980469e+00,1.340908885002136230e+00,3.381246328353881836e-02
3.072284936904907227e+00,9.147526472806930542e-01,3.381246328353881836e-02
-3.746215105056762695e+00,-7.898723334074020386e-01,4.599687159061431885e-01
-1.052504522862822256e+00,-9.768608902893871626e-01,4.429758002211286794e+00
-8.809447670060777114e-01,-8.062211635608822480e-01,4.491210199380743617e+00
-7.631214410066604614e-01,-2.068341016769409180e+00,2.164593696594238281e+00
-1.189277648925781250e+00,-2.494497299194335938e+00,1.738437414169311523e+00
-7.631214410066604614e-01,-2.494497299194335938e+00,1.738437414169311523e+00
-7.631214410066604614e-01,-2.494497299194335938e+00,2.164593696594238281e+00
-1.189277648925781250e+00,-2.494497299194335938e+00,2.164593696594238281e+00
-4.143496350194071809e+00,-6.478144825961473785e-01,1.593274125374922967e+00
-4.229116992340063774e+00,-6.976187305660299653e-01,1.314327801904076720e+00
-4.106640823165285781e+00,-8.464502217495039060e-01,-1.527671157769545873e+00
-4.001751780532486258e+00,-8.038417229283666421e-01,-1.776455325109634886e+00
-3.320058822631835938e+00,-7.898723334074020386e-01,-1.670812129974365234e+00
-3.575595498107559500e+00,-1.229997960649809929e+00,-2.202611607534561422e+00
-3.680484540740359467e+00,-1.272606459470947193e+00,-1.953827440194472631e+00
-2.041590213775634766e+00,-3.637160956859588623e-01,-2.523124694824218750e+00
-2.048793497715148071e+00,2.353818399976354003e-02,-2.581322960012596646e+00
-2.155332508716734985e+00,-8.300087170530695557e-02,-2.261705688589256802e+00
-2.574285387992858887e+00,-2.174880027770996094e+00,1.205742061138153076e+00
-2.467746376991271973e+00,-2.707575321197509766e+00,6.730467900633811951e-01
-2.787363529205322266e+00,-2.601036310195922852e+00,3.534296527504920959e-01
-2.893902540206909180e+00,-2.068341016769409180e+00,8.861249238252639771e-01
-4.018692514653105619e+00,-8.783978003904675536e-01,1.733775728357775270e+00
-4.118206538683564233e+00,-9.220350975826724360e-01,1.469570635026026029e+00
6.478813305023555236e-01,-1.403210024570275438e+00,-3.812460344868958462e+00
-3.320058822631835938e+00,-7.898723334074020386e-01,1.312281131744384766e+00
1.048042595386505127e+00,2.512838602066040039e+00,-3.055819988250732422e+00
1.048042595386505127e+00,2.725916624069213867e+00,-2.842741966247558594e+00
1.048042595386505127e+00,2.725916624069213867e+00,-2.416585683822631836e+00
1.048042595386505127e+00,2.512838602066040039e+00,-2.629663705825805664e+00
-6.819572761291514684e-01,4.388428797101196821e+00,-3.836721956859467930e-01
-2.304261699318885803e-01,4.217463612556457520e+00,-2.858047261834144592e-01
-5.754182129735003759e-01,4.708045949315247114e+00,-2.771331325302957005e-01
-4.967921103982950726e-01,4.728264296575567016e+00,1.363864773598248703e-02
-6.033311735539461651e-01,4.408647144361516723e+00,-9.290041541966860550e-02
2.219972372055053711e+00,2.619377613067626953e+00,3.381246328353881836e-02
-4.111934840702741178e-03,1.979444701073428625e+00,1.631536580271621961e+00
8.919100463390350342e-02,1.767065107822418213e+00,1.312281131744384766e+00
8.919100463390350342e-02,1.340908885002136230e+00,1.312281131744384766e+00
-3.369652330875396729e-01,1.767065107822418213e+00,1.312281131744384766e+00
1.262232913435359372e+00,3.255978755038380967e+00,-3.040672939568173305e+00
1.581850125254054440e+00,2.723283461611867295e+00,-3.147211950569760219e+00
-2.974391845381021415e+00,2.365739365480638234e+00,1.342506462481007912e-02
-4.109747603606934696e+00,-1.658595191871090835e+00,6.090899385176222758e-01
-1.400303447700865789e-01,4.334989364612999552e+00,9.755572050316814181e-01
-3.452553163450695628e-01,4.254256382787279023e+00,1.180873661738840452e+00
-4.329563983592247811e-01,4.341650415387121598e+00,9.044546952259139294e-01
-1.828512072563171387e+00,2.832455754280090332e+00,-1.792656630277633667e-01
-1.615433931350708008e+00,3.045533895492553711e+00,-3.923437893390655518e-01
-1.295816719532012939e+00,2.938994884490966797e+00,-4.988828450441360474e-01
-1.006746981493030102e+00,2.735277693134913868e+00,-3.317176034785319860e+00
-1.175517946250798751e+00,-7.883357250490847790e-01,4.427603384233908201e+00
-7.631214261054992676e-01,-4.412200450897216797e+00,2.468905895948410034e-01
-7.552179455198744229e-01,-4.684240088224986387e+00,3.170187749057485904e-01
-9.404761278674715896e-01,-4.629299942482497876e+00,5.399290851226938859e-01
-7.273980462596529861e-01,-4.629299942482497876e+00,5.399290851226938859e-01
-8.106695702160017225e-01,-3.725204761292592703e+00,6.276960962338655747e-01
-7.905577980281015549e-01,-3.727785597143082441e+00,1.016764798292058236e+00
-7.832332131945606291e-01,-3.344229028193699715e+00,9.232124296861922153e-01
-1.295816719532012939e+00,3.820573538541793823e-01,2.484210848808288574e+00
-8.696605116128921509e-01,3.820573538541793823e-01,2.484210848808288574e+00
-7.631214410066604614e-01,4.885964095592498779e-01,2.590749859809875488e+00
-7.631214410066604614e-01,4.885964095592498779e-01,2.164593696594238281e+00
-2.492161777770859565e+00,1.781768113179654556e+00,7.494552113902749335e-01
-2.066005614555222358e+00,1.781768113179654556e+00,7.494552113902749335e-01
-2.066005614555222358e+00,1.781768113179654556e+00,1.175611419309395611e+00
-1.721973001956939697e+00,-2.174880027770996094e+00,-1.351194918155670166e+00
-1.721973001956939697e+00,-1.748723804950714111e+00,-1.351194918155670166e+00
-2.041590213775634766e+00,-1.642184793949127197e+00,-1.244655847549438477e+00
-1.615433931350708008e+00,-2.068341016769409180e+00,-1.244655847549438477e+00
-1.615433931350708008e+00,-1.642184793949127197e+00,-1.244655847549438477e+00
-1.295816719532012939e+00,-2.174880027770996094e+00,-1.351194918155670166e+00
-1.295816719532012939e+00,-8.964114040136337280e-01,-2.629663705825805664e+00
-1.189277648925781250e+00,-7.898723334074020386e-01,-2.949280977249145508e+00
-1.189277648925781250e+00,-7.898723334074020386e-01,-2.523124694824218750e+00
-2.254668235778808594e+00,1.127830743789672852e+00,2.590749800205230713e+00
-2.148129224777221680e+00,8.082135766744613647e-01,2.697288870811462402e+00
-2.059933468028418424e-01,4.757980007572193415e+00,8.908484966592750132e-02
2.108015258397392677e-01,4.767711860464871165e+00,9.932527788872591579e-02
8.919099718332290649e-02,4.537080764770507812e+00,3.381246328353881836e-02
-5.653227249115945208e-01,3.775282836574943346e+00,2.747562337438945068e+00
-5.459595575061658712e-01,3.921663197781933619e+00,2.550155656933783987e+00
2.861258929513565974e-01,4.334989364612999552e+00,9.755572050316814181e-01
1.150911340249729964e+00,4.334161538586887907e+00,-9.650064220115297520e-01
5.799054572337907221e-01,-1.592677838671829882e+00,5.186480676140160506e-01
1.537492195123474903e-01,-2.018834061492111864e+00,5.186480676140160506e-01
8.919100463390350342e-02,-1.642184793949127197e+00,4.599687159061431885e-01
4.088081717491149902e-01,-1.748723804950714111e+00,3.534296527504920959e-01
-1.734806597232818604e-02,-2.174880027770996094e+00,3.534296527504920959e-01
4.733663866275589771e-01,-2.125373072493698778e+00,4.121090044583649581e-01
-3.426597833633422852e+00,8.082135915756225586e-01,-1.990429341793060303e+00
-3.852754116058349609e+00,3.820573538541793823e-01,-1.564273059368133545e+00
-3.320058822631835938e+00,9.147526472806930542e-01,-1.670812129974365234e+00
-3.320058822631835938e+00,4.885964095592498779e-01,-1.670812129974365234e+00
-1.189277648925781250e+00,-2.494497299194335938e+00,-2.096968412399291992e+00
-7.631214410066604614e-01,-2.494497299194335938e+00,-2.096968412399291992e+00
-7.631214410066604614e-01,-2.494497299194335938e+00,-2.523124694824218750e+00
-1.189277648925781250e+00,-2.068341016769409180e+00,-2.523124694824218750e+00
-7.438898900548762683e-01,4.135855055812941217e+00,2.066420109270161731e+00
-6.373508343498057727e-01,3.816237784389601373e+00,1.533724815843647837e+00
-4.435042887926101685e-01,3.365151166915893555e+00,1.844976425170898438e+00
-8.696604967117309570e-01,3.365151166915893555e+00,1.844976425170898438e+00
-7.631214410066604614e-01,3.045533895492553711e+00,1.312281131744384766e+00
-3.430088753908585808e+00,-2.765693782123024747e+00,-1.728726387289897803e-01
-3.000441551208496094e+00,-2.174880027770996094e+00,-7.272659987211227417e-02
-2.467746376991271973e+00,6.244015693664550781e-02,1.738437414169311523e+00
2.646128654479980469e+00,-3.637160956859588623e-01,3.381246328353881836e-02
2.219972372055053711e+00,6.244015693664550781e-02,3.381246328353881836e-02
3.471288392828417280e+00,2.665280237693722576e+00,-4.070889970680211523e-01
3.873683075165992307e+00,-1.818580478429800140e-01,1.542652783478526857e+00
3.749782532585479888e+00,-1.818580478429799863e-01,1.817948495981610346e+00
3.803980626508748575e+00,-4.113599014740413895e-01,1.682901973426907061e+00
2.116552425594749320e-01,-4.272321192818349544e+00,1.401565797515332834e+00
5.234544794721999184e-01,-4.256387692140373602e+00,1.406415603876994158e+00
-3.442644477517483037e-01,-4.084832877415261798e+00,-5.746814095465909711e-01
-1.295816719532012939e+00,-1.748723864555358887e+00,2.058054625988006592e+00
-1.507835654914985390e+00,-2.082410605016980387e+00,1.848752681386443220e+00
-1.614374725521217080e+00,-1.762793452802930094e+00,1.742213610780211530e+00
-1.933991937339912148e+00,-2.082410605016980387e+00,1.848752681386443220e+00
1.173615567767967161e+00,4.335072132301146297e+00,7.545128602132260554e-01
-1.615433931350708008e+00,-1.216028571128845215e+00,1.738437414169311523e+00
-1.935051143169403076e+00,-1.109489500522613525e+00,1.418820202350616455e+00
-1.508894860744476318e+00,-1.109489530324935913e+00,1.844976484775543213e+00
-7.631214410066604614e-01,1.767065107822418213e+00,3.016906023025512695e+00
-3.369652330875396729e-01,1.767065107822418213e+00,3.016906023025512695e+00
-6.358732139796966498e-01,1.861414071033182571e+00,3.656280097810704621e+00
8.919100463390350342e-02,4.885964095592498779e-01,2.164593696594238281e+00
1.957300603389739990e-01,5.951354801654815674e-01,1.844976484775543213e+00
-1.734806597232818604e-02,3.820573538541793823e-01,2.058054625988006592e+00
4.088081717491149902e-01,3.820573538541793823e-01,2.058054625988006592e+00
8.349644541740417480e-01,-8.964113891124725342e-01,2.910367012023925781e+00
2.890699119406560103e-01,2.813627704847606381e+00,3.325281775844391774e+00
5.293354126259064429e-01,2.924905972660980957e+00,3.191764076119361526e+00
-7.148443511678265194e-01,-1.671939299975949034e+00,3.019732753332585951e+00
-7.034039137711625145e-01,-1.221114631693927866e+00,2.961815598941643923e+00
-7.516810036099964565e-01,-1.191360125667106029e+00,2.532832705418933017e+00
-1.141000559086947419e+00,-1.245783077155667051e+00,2.593576590116948744e+00
-7.631214410066604614e-01,-1.642184793949127197e+00,2.590749859809875488e+00
-1.989562322692050689e+00,7.268174376920339963e-01,4.102641438981012634e+00
-1.874985983545959023e+00,4.581631770895160383e-01,4.179036625624796386e+00
-1.727154060530301738e+00,7.133974339362079142e-01,4.231255473090024033e+00
-9.864118126123128105e-02,4.202971950474517548e+00,-1.701395363936207383e+00
3.275150564602118952e-01,4.202971950474517548e+00,-1.701395363936207383e+00
-4.320638513959461635e-01,-8.717429436507334595e-01,2.426293634812701328e+00
-8.213834068728970150e-01,-9.261658951392943706e-01,2.487037519510717054e+00
-2.268446050125629831e+00,3.686712257352423805e+00,-2.996504957006295711e-01
-7.631214410066604614e-01,-1.216028571128845215e+00,1.312281131744384766e+00
-8.696604967117309570e-01,-8.964113891124725342e-01,1.631898343563079834e+00
-1.189277648925781250e+00,-1.216028571128845215e+00,1.738437414169311523e+00
-7.631214410066604614e-01,-1.216028571128845215e+00,1.738437414169311523e+00
-7.631214410066604614e-01,-2.068341016769409180e+00,2.590749859809875488e+00
-1.141000559086947419e+00,-1.671939299975949034e+00,2.593576590116948744e+00
-1.189277648925781250e+00,-1.642184793949127197e+00,2.164593696594238281e+00
-3.387874867457477679e-01,-9.279161428480815488e-01,4.408201631589939495e+00
-5.629390287004282234e-01,-1.122386242795227196e-01,4.658884479668744305e+00
-6.981625763802780105e-01,-2.175962819984765262e-01,4.377591471270756429e+00
-5.613276296931886122e-01,-4.866039964456707057e-01,4.384671069169867152e+00
-4.261040820133387697e-01,-3.812463387267169268e-01,4.665964077567855028e+00
1.687277078628540039e+00,8.082135766744613647e-01,7.795858532190322876e-01
2.113433361053466797e+00,8.082135766744613647e-01,7.795858532190322876e-01
1.793816089630126953e+00,4.885964095592498779e-01,4.599687159061431885e-01
1.580737948417663574e+00,7.016745358705520630e-01,2.468905895948410034e-01
2.006894230842590332e+00,7.016745358705520630e-01,2.468905895948410034e-01
1.900355219841003418e+00,1.021291702985763550e+00,5.665077269077301025e-01
2.219972372055053711e+00,9.147526472806930542e-01,3.381246328353881836e-02
2.646128654479980469e+00,9.147526472806930542e-01,4.599687159061431885e-01
9.415035247802734375e-01,-2.920653581619262695e+00,-1.670812129974365234e+00
1.261120736598968506e+00,-2.601036310195922852e+00,-1.777351200580596924e+00
2.513073287652938248e+00,7.339484942222604946e-01,3.518823419995020796e+00
2.644599120725931396e+00,4.853583980576862134e-01,3.467241699419926881e+00
-7.631214410066604614e-01,-2.920653581619262695e+00,-3.923437893390655518e-01
-7.631214410066604614e-01,-2.920653581619262695e+00,3.381246328353881836e-02
-4.435042887926101685e-01,-2.601036310195922852e+00,3.534296527504920959e-01
-8.696604967117309570e-01,-2.601036310195922852e+00,-7.272659987211227417e-02
-4.435042887926101685e-01,-2.601036310195922852e+00,-7.272659987211227417e-02
-2.678174823503225443e+00,-1.346566649569830076e+00,3.228229997221616632e+00
2.127519232630416202e+00,-1.417407942108511065e+00,3.382124015183732624e+00
9.591963953024550404e-01,-2.647851397602092760e+00,3.477127071095039490e+00
1.099768109167829744e+00,-2.411720726535270032e+00,3.594236797716109155e+00
2.615355646706788662e+00,-3.366149776401707427e+00,8.230286517820691872e-01
1.138705172375865216e+00,-8.964004436255060826e-01,2.060075303213075415e+00
1.138705172375865216e+00,-8.964004436255060826e-01,2.486231466428712622e+00
2.646128654479980469e+00,2.619377613067626953e+00,3.381246328353881836e-02
3.296333351208771134e+00,2.868148234035906796e+00,-3.118555101665120288e-01
3.498441219329833984e+00,-3.637160956859588623e-01,4.599687159061431885e-01
-3.369652330875396729e-01,-2.068341016769409180e+00,3.381246328353881836e-02
-1.238871067762374878e-01,-2.281419157981872559e+00,2.468905895948410034e-01
-3.369652330875396729e-01,2.619377613067626953e+00,-3.923437893390655518e-01
-2.304261699318885803e-01,2.299760341644287109e+00,-2.858047261834144592e-01
-3.786407895832238912e-01,2.588982645416548323e+00,-7.248082324581484048e-01
-2.721017264275727987e-01,2.695521656418135237e+00,-6.182691693024973123e-01
-3.786407895832238912e-01,3.015138927841475081e+00,-7.248082324581484048e-01
9.415035247802734375e-01,2.619377613067626953e+00,-2.096968412399291992e+00
1.367659807205200195e+00,2.619377613067626953e+00,-2.096968412399291992e+00
8.470262733696749535e-01,1.645385574459471423e+00,7.895181298728854991e-01
8.470262733696749535e-01,2.071541797279753183e+00,7.895181298728854991e-01
5.153472423553466797e-01,1.767065107822418213e+00,8.861249238252639771e-01
2.219972372055053711e+00,9.147526472806930542e-01,4.599687159061431885e-01
2.219972372055053711e+00,1.340908885002136230e+00,3.381246328353881836e-02
2.646128654479980469e+00,1.340908885002136230e+00,4.599687159061431885e-01
5.823611120467822033e-01,3.016855881045826138e+00,9.934278849201905182e-01
5.823611120467822033e-01,2.590699598620899380e+00,9.934278849201905182e-01
9.140401430611104772e-01,2.469020065257952368e+00,8.968210909678120402e-01
8.470262733696749535e-01,2.497698079704679941e+00,1.215674337792006288e+00
3.415737475179976279e+00,-2.638497810094892593e+00,-5.746643248081977351e-01
3.600617706621866532e+00,-2.406046725030626554e+00,-5.215910661800887693e-01
3.501850865498293608e+00,-2.575810443674995565e+00,-2.927990528685711635e-01
-2.656092646597063567e+00,-9.329372063334491205e-01,-5.560778286678783044e-02
-2.656092646597063567e+00,-9.329372063334491205e-01,3.705484697558165674e-01
-4.678347886700772840e+00,-5.169203602080303384e-01,2.629289989145788264e-01
-4.678347886700772840e+00,-3.038422413473087502e-01,2.629289989145788264e-01
1.687277078628540039e+00,1.660526037216186523e+00,-9.250388741493225098e-01
1.367659807205200195e+00,1.767065107822418213e+00,-1.244655847549438477e+00
1.793816089630126953e+00,2.193221330642700195e+00,-1.244655847549438477e+00
-1.615433931350708008e+00,-2.068341016769409180e+00,-8.184998184442520142e-01
-2.041590213775634766e+00,-2.068341016769409180e+00,-8.184998184442520142e-01
-1.734805107116699219e-02,2.086682260036468506e+00,-1.777351200580596924e+00
-4.435042887926101685e-01,2.086682260036468506e+00,-1.777351200580596924e+00
3.604980349540710449e+00,-1.535645723342895508e+00,1.205742061138153076e+00
3.604980349540710449e+00,-1.535645723342895508e+00,7.795858532190322876e-01
-7.485719712970531070e-01,-2.046954919225893121e+00,1.353895195710908217e+00
-3.224157633779323184e-01,-1.620798696405611361e+00,1.353895195710908217e+00
-7.631214410066604614e-01,-1.642184793949127197e+00,1.312281131744384766e+00
-1.295816719532012939e+00,-1.748723864555358887e+00,1.631898343563079834e+00
-8.696605116128921509e-01,-1.322567641735076904e+00,1.631898343563079834e+00
-8.551110419032847965e-01,-1.727337767011843050e+00,1.673512407529603285e+00
3.797522714873444283e+00,2.069682654364262131e+00,1.091215599903117894e+00
-4.435042887926101685e-01,-2.174880027770996094e+00,-7.272659987211227417e-02
-4.435042887926101685e-01,-2.174880027770996094e+00,3.534296527504920959e-01
-3.369652330875396729e-01,-1.642184793949127197e+00,-3.923437893390655518e-01
-3.369652330875396729e-01,-1.642184793949127197e+00,3.381246328353881836e-02
-4.435042887926101685e-01,-1.748723804950714111e+00,-7.272659987211227417e-02
-1.429747110280231159e-01,-3.453716319317006622e+00,-2.557042303984860432e+00
3.715225592063474469e+00,1.434472756104533175e+00,1.614197326650046449e+00
3.830118577309721939e+00,1.174399150069076470e+00,1.512711253968779479e+00
3.072284936904907227e+00,9.147526472806930542e-01,4.599687159061431885e-01
-1.508894860744476318e+00,-6.833332777023315430e-01,1.403515264391899109e-01
-1.295816719532012939e+00,-8.964113891124725342e-01,-7.272659987211227417e-02
-1.295816719532012939e+00,-8.964113891124725342e-01,3.534296527504920959e-01
3.473628004154280191e+00,2.593774453625838916e+00,-7.008008573103614580e-01
7.284254133701324463e-01,-5.767942219972610474e-01,-1.457733988761901855e+00
3.658691228909224380e-01,-6.472282001663971496e-01,-1.117108399085758874e+00
-1.734806597232818604e-02,-3.027192592620849609e+00,-1.777351200580596924e+00
1.957300603389739990e-01,-2.814114451408386230e+00,-1.564273059368133545e+00
-1.238871067762374878e-01,-2.707575440406799316e+00,-1.457733988761901855e+00
-1.734806597232818604e-02,-3.027192592620849609e+00,-1.351194918155670166e+00
-3.369652330875396729e-01,-2.920653581619262695e+00,-1.670812129974365234e+00
-1.238871067762374878e-01,7.016745358705520630e-01,1.525359272956848145e+00
8.919100463390350342e-02,4.885964095592498779e-01,1.312281131744384766e+00
4.088081717491149902e-01,3.820573538541793823e-01,1.631898343563079834e+00
3.394359789831659313e+00,1.972504927341804049e+00,-2.098099812720573887e+00
-4.550296677143458868e-02,1.856243887487424082e+00,4.287601699018435575e+00
2.219972372055053711e+00,-1.642184793949127197e+00,-1.670812129974365234e+00
2.219972372055053711e+00,1.767065107822418213e+00,3.381246328353881836e-02
2.646128654479980469e+00,1.767065107822418213e+00,3.381246328353881836e-02
-3.037036562122413796e-01,2.226224723804557826e+00,-7.633741412945710403e-01
-8.363989347375938577e-01,2.545841995227897669e+00,-8.699131969996415359e-01
-8.696605116128921509e-01,2.512838602066040039e+00,-4.988828450441360474e-01
-3.453792127079255980e-01,2.621986038578405953e+00,-1.095838584413654004e+00
-1.344509757326549371e-01,2.321345918592681912e+00,1.920613273870838800e+00
-2.409900388883060296e-01,2.214806788381805447e+00,1.814074203264607110e+00
1.024271283149483514e-01,2.085983712075015539e+00,1.738075650877853651e+00
-2.529363407364194849e+00,3.473194400026915041e+00,1.068517136724457472e+00
-2.481920808158763592e+00,3.417176719532008189e+00,1.381621993372730728e+00
-3.369652330875396729e-01,3.897846460342407227e+00,3.381246328353881836e-02
-3.369652330875396729e-01,3.471690177917480469e+00,4.599687159061431885e-01
-1.662166981675480826e-02,3.403502791610071299e+00,3.584924542235068401e-01
-3.828252196557326847e+00,5.498835266343548023e-01,-7.373706955981134126e-01
-3.737989975259025321e+00,4.494746572458833134e-01,-3.004338320495563153e-01
-3.828252196557326847e+00,9.760397643557979785e-01,-3.112146664929269502e-01
3.498441219329833984e+00,9.147526472806930542e-01,8.861249238252639771e-01
4.254818666258914917e+00,9.868871986212711667e-01,8.955022193244196460e-01
2.006894230842590332e+00,1.127830773591995239e+00,2.468905895948410034e-01
2.006894230842590332e+00,1.127830773591995239e+00,-1.792656630277633667e-01
4.256274859734649141e+00,7.482429123476331823e-01,1.086555046049658690e+00
-1.238871067762374878e-01,2.832455754280090332e+00,2.468905895948410034e-01
-7.631214410066604614e-01,4.885964095592498779e-01,-3.375437259674072266e+00
-1.189277648925781250e+00,3.045533895492553711e+00,-1.670812129974365234e+00
-8.696604967117309570e-01,3.152072906494140625e+00,-1.777351140975952148e+00
-8.372131540763879665e-01,3.382108179041372953e+00,-1.664845206427280067e+00
-1.615433931350708008e+00,2.193221330642700195e+00,-3.923437893390655518e-01
-1.935051143169403076e+00,2.299760341644287109e+00,-2.858047261834144592e-01
-3.369652330875396729e-01,1.340908885002136230e+00,8.861249238252639771e-01
-3.369652330875396729e-01,1.767065107822418213e+00,8.861249238252639771e-01
-8.696605116128921509e-01,2.086682260036468506e+00,7.795858532190322876e-01
-4.065832495689392090e+00,5.951354652643203735e-01,1.403515264391899109e-01
-4.385449886322021484e+00,4.885964095592498779e-01,3.381246328353881836e-02
-4.147869587189956242e+00,6.564225823394252979e-01,-2.046756033372758576e-01
-4.147869587189956242e+00,4.433444709292843067e-01,8.402522974026341296e-03
1.287294076960231903e+00,-3.285656133794845779e+00,2.934924412876422473e+00
-1.494590875077802750e+00,-3.286215045646954103e+00,2.533578484452255974e+00
-1.714014462670451655e+00,-3.114916219758550042e+00,2.585404296950709835e+00
-1.466527918982033052e+00,-3.100311943177421092e+00,2.755694023767361944e+00
-3.369652330875396729e-01,6.244015693664550781e-02,1.738437414169311523e+00
-3.369652330875396729e-01,3.471690177917480469e+00,8.861249238252639771e-01
-3.369652330875396729e-01,3.045533895492553711e+00,8.861249238252639771e-01
-7.631214410066604614e-01,3.471690177917480469e+00,8.861249238252639771e-01
2.219972372055053711e+00,1.767065107822418213e+00,-1.670812129974365234e+00
2.646128654479980469e+00,1.767065107822418213e+00,-1.244655847549438477e+00
2.293246439103992174e+00,-2.443459834884468496e+00,4.998094267671510660e-01
2.646128654479980469e+00,-2.494497299194335938e+00,4.599687159061431885e-01
3.830118577309721939e+00,7.482429123476331823e-01,1.512711253968779479e+00
3.072284936904907227e+00,9.147526472806930542e-01,1.312281131744384766e+00
3.498441219329833984e+00,4.885964095592498779e-01,8.861249238252639771e-01
-1.721973001956939697e+00,-1.322567641735076904e+00,-1.777351140975952148e+00
-1.615433931350708008e+00,-1.216028571128845215e+00,-1.670812129974365234e+00
-5.309444723887746242e-01,-4.331011294314952131e+00,-1.310684791454231668e+00
-2.304261699318885803e-01,-6.833332628011703491e-01,-1.990429341793060303e+00
-3.369652330875396729e-01,-3.637160956859588623e-01,-2.523124694824218750e+00
-2.304261699318885803e-01,-6.833332628011703491e-01,-2.416585624217987061e+00
-2.304261699318885803e-01,-1.109489500522613525e+00,-1.990429341793060303e+00
-3.369652330875396729e-01,-7.898723334074020386e-01,-2.523124694824218750e+00
-3.369652330875396729e-01,-7.898723334074020386e-01,-2.096968412399291992e+00
-3.369652330875396729e-01,-2.068341016769409180e+00,-8.184998184442520142e-01
-3.369652330875396729e-01,-2.494497299194335938e+00,-1.244655847549438477e+00
-3.369652330875396729e-01,-2.494497299194335938e+00,-8.184998184442520142e-01
-7.631214410066604614e-01,-2.494497299194335938e+00,-1.244655847549438477e+00
-7.631214410066604614e-01,-2.068341016769409180e+00,-1.244655847549438477e+00
4.857672302128591690e-01,4.745610454152563662e+00,-4.332053000878935411e-02
5.153472423553466797e-01,4.324002742767333984e+00,3.381246328353881836e-02
5.153472423553466797e-01,4.324002742767333984e+00,2.468905895948410034e-01
3.022691011428833008e-01,4.537080764770507812e+00,3.381246328353881836e-02
4.857672302128591690e-01,4.745610454152563662e+00,1.697575963025128309e-01
-1.189277648925781250e+00,-1.642184793949127197e+00,-3.923437893390655518e-01
-8.696604967117309570e-01,-1.748723804950714111e+00,-7.272659987211227417e-02
-8.696604967117309570e-01,-2.174880027770996094e+00,-7.272659987211227417e-02
-7.631214410066604614e-01,-1.642184793949127197e+00,-3.923437893390655518e-01
-7.631214410066604614e-01,-1.216028571128845215e+00,-3.923437893390655518e-01
1.367659807205200195e+00,-7.898723334074020386e-01,1.312281131744384766e+00
9.415035247802734375e-01,-3.637160956859588623e-01,1.312281131744384766e+00
1.367659807205200195e+00,-7.898723334074020386e-01,8.861249238252639771e-01
5.153472423553466797e-01,1.767065107822418213e+00,-8.184998184442520142e-01
5.153472423553466797e-01,1.767065107822418213e+00,-1.244655847549438477e+00
-1.189277648925781250e+00,4.885964095592498779e-01,1.738437414169311523e+00
3.604980349540710449e+00,-4.409889876842498779e-02,-1.351194918155670166e+00
4.442800312488012437e+00,-1.121130963209797660e-01,-1.471743993138858286e+00
4.335543499698210290e+00,-1.225389548739996282e-01,-1.750772340116482084e+00
2.530148052855412111e+00,-1.818580478429797920e-01,-3.532100153358716632e+00
3.072284936904907227e+00,6.244015693664550781e-02,3.381246328353881836e-02
3.072284936904907227e+00,4.885964095592498779e-01,3.381246328353881836e-02
1.687277078628540039e+00,1.234369814395904541e+00,7.795858532190322876e-01
1.580737948417663574e+00,1.127830773591995239e+00,2.468905895948410034e-01
2.683073647948258866e+00,1.377853876788025733e+00,1.337197546051517971e+00
2.683073647948258866e+00,1.377853876788025733e+00,9.110413381323971826e-01
3.394359789831659313e+00,1.972504927341804049e+00,-1.671943530295647129e+00
3.604980349540710449e+00,3.820573538541793823e-01,-1.777351200580596924e+00
3.604980349540710449e+00,-4.409889876842498779e-02,-1.777351200580596924e+00
2.584993180251958123e+00,1.410620532561702056e+00,2.960196879212865895e+00
2.219972372055053711e+00,9.147526472806930542e-01,2.590749859809875488e+00
2.158836897827031365e+00,1.410620532561702056e+00,3.386353042428503102e+00
4.282477945221279114e+00,1.377591490745538882e-01,-1.890674924490377773e+00
4.406378487801791977e+00,1.377591490745538605e-01,-1.615379211987294950e+00
4.443981787656458238e+00,-1.276560156467938523e+00,6.386787456544609221e-01
4.399435762780202985e+00,-1.055098996644310727e+00,-5.285548760810279134e-01
4.391745135404178768e+00,-1.182494287865776039e+00,-3.294497685477694171e-01
4.391745135404178768e+00,-7.563380501443328630e-01,-3.294497685477694171e-01
3.924597501754760742e+00,-7.898723334074020386e-01,-3.923437893390655518e-01
4.449887479575661331e+00,4.589268533419799678e-01,3.558289449227326484e-01
-1.721973001956939697e+00,-4.409889876842498779e-02,2.910367012023925781e+00
-1.295816719532012939e+00,-4.409889876842498779e-02,3.336523294448852539e+00
2.219972372055053711e+00,-3.637160956859588623e-01,2.590749859809875488e+00
1.793816089630126953e+00,-3.637160956859588623e-01,2.164593696594238281e+00
1.793816089630126953e+00,-3.637160956859588623e-01,2.590749859809875488e+00
2.113433361053466797e+00,-4.409889876842498779e-02,2.484210789203643799e+00
4.563832283020019531e+00,-1.506379693746566772e-01,3.381246328353881836e-02
4.769504870208290725e+00,1.393096638750266902e-01,2.492898817670815559e-01
3.496541214176640544e+00,4.632200779681841518e-01,-2.584358540643271418e+00
3.498441219329833984e+00,4.885964095592498779e-01,-8.184998184442520142e-01
4.031136631965637207e+00,3.820573538541793823e-01,-9.250388890504837036e-01
3.604980349540710449e+00,3.820573538541793823e-01,-1.351194918155670166e+00
3.072284936904907227e+00,9.147526472806930542e-01,-1.244655847549438477e+00
3.604980349540710449e+00,8.082135915756225586e-01,-1.351194918155670166e+00
3.072284936904907227e+00,6.244015693664550781e-02,-3.923437893390655518e-01
3.498441219329833984e+00,6.244015693664550781e-02,-3.923437893390655518e-01
2.767792831629509731e+00,-1.818580478429798475e-01,-3.345917359052330120e+00
7.637207482626607868e-01,7.321484162484963587e-01,-4.299946302933413733e+00
6.571816776564290974e-01,6.256093605434258631e-01,-4.619563693566043128e+00
4.401555588131915719e+00,-1.130664523524826270e+00,-3.227311289573367437e-02
1.557309545012384611e+00,-2.540471870504136476e+00,-1.340262550031604327e+00
1.663848615618616300e+00,-2.860089141927476319e+00,-1.233723479425372638e+00
1.663848615618616300e+00,-2.860089141927476319e+00,-1.659879761850299396e+00
2.052109964531039776e-01,-4.203300206388524529e+00,-1.543576307114459922e+00
-2.134005002317052035e-01,-3.847166073506079087e+00,-1.224966567863571054e+00
-2.688655192087818779e-01,-4.289116549979013371e+00,-1.501169672300405544e+00
7.893903465424455257e-02,-4.304477266497990229e+00,-1.295697862972985170e+00
3.670076199969500852e+00,-2.215138381945373158e+00,-7.453910777934664722e-01
3.670076199969500852e+00,-2.215138381945373158e+00,-1.171547106898652935e+00
3.072284936904907227e+00,-2.068341016769409180e+00,-8.184998184442520142e-01
3.562012374911292856e+00,-1.810992180703518084e+00,-5.899195100602050434e-01
4.159803637975886481e+00,-1.957789545879482063e+00,-9.429667985146059639e-01
2.334969953038547708e+00,-3.590152735056034938e+00,-6.579686224344701850e-01
5.153472423553466797e-01,-1.642184793949127197e+00,-1.244655847549438477e+00
1.367659807205200195e+00,6.244015693664550781e-02,-1.244655847549438477e+00
1.793816089630126953e+00,4.885964095592498779e-01,-1.244655847549438477e+00
1.793816089630126953e+00,6.244015693664550781e-02,-1.244655847549438477e+00
1.793816089630126953e+00,4.885964095592498779e-01,-8.184998184442520142e-01
3.022691309452056885e-01,2.832455754280090332e+00,1.951515555381774902e+00
8.919100463390350342e-02,3.045533895492553711e+00,1.312281131744384766e+00
8.919100463390350342e-02,3.045533895492553711e+00,1.738437414169311523e+00
-1.238871067762374878e-01,2.832455754280090332e+00,1.525359272956848145e+00
-1.238871067762374878e-01,2.832455754280090332e+00,1.951515555381774902e+00
-3.369652330875396729e-01,3.045533895492553711e+00,1.738437414169311523e+00
3.504669176353885085e+00,-2.201761076107523696e+00,1.661941175557561046e+00
1.493140241697892723e+00,-3.727038431034568777e+00,1.332184289843399316e+00
1.706959974368224664e+00,-3.692492166347200122e+00,1.125866650464429242e+00
1.753038775392852910e+00,-3.591987158877447683e+00,1.406351512002676163e+00
5.153472423553466797e-01,4.324002742767333984e+00,-1.792656630277633667e-01
6.988453714253225479e-01,4.532532432149389834e+00,-4.332053000878935411e-02
6.607485427556412105e-01,3.748690225871659010e+00,2.146625823517875897e+00
3.706234626111214236e+00,1.187963069450984843e+00,1.784362551254659923e+00
3.404904216274241335e+00,-1.385306870777967880e+00,-2.089824351998686769e+00
-1.261700747484096219e+00,3.684715507778509647e+00,1.719628607473886239e+00
-1.541018772252564784e+00,3.628622952332893448e+00,2.041325253699224351e+00
-4.508035109073993962e-01,-3.339059442776284747e+00,-4.198610121891610536e-02
-8.769597188265201293e-01,-3.339059442776284747e+00,-4.681423538415204755e-01
-1.655179476750290757e+00,-3.430684075151760326e-01,1.260171245767088166e+00
6.520766069564137846e-01,4.711382189223359163e+00,-2.673431657905824821e-01
-4.603036783370941798e-01,-4.018371198060966876e+00,-3.019825277724450530e-01
-4.551035715415052141e-01,-1.752008735158591124e+00,4.138951628388918280e+00
1.527661130661333022e+00,-3.614561829708905272e+00,1.603357677953259230e+00
9.415035247802734375e-01,-3.346809864044189453e+00,1.312281131744384766e+00
1.101504848236406264e+00,-4.040718112133832030e+00,1.603357677953259230e+00
-6.373508343498057727e-01,4.242394066814528131e+00,1.107568607924527049e+00
-1.734806597232818604e-02,-4.702551513910293579e-01,2.484210848808288574e+00
-3.369652330875396729e-01,-3.637160956859588623e-01,2.590749859809875488e+00
-1.734806597232818604e-02,-4.409889876842498779e-02,2.058054625988006592e+00
-7.155155542352862330e-01,4.312257848936634552e+00,8.344712848799032967e-01
-9.813009757363962970e-01,4.254471343386334148e+00,7.532187343175814620e-01
-7.631214410066604614e-01,3.471690177917480469e+00,4.599687159061431885e-01
3.022691309452056885e-01,2.406299471855163574e+00,2.468905895948410034e-01
4.095345679046883403e-01,2.551190226760217783e+00,3.584924542235068401e-01
-7.631214410066604614e-01,4.885964095592498779e-01,-2.949280977249145508e+00
-3.369652330875396729e-01,4.885964095592498779e-01,-2.523124694824218750e+00
-7.631214410066604614e-01,4.885964095592498779e-01,-2.523124694824218750e+00
-7.631214410066604614e-01,6.244015693664550781e-02,-2.949280977249145508e+00
-3.369652330875396729e-01,6.244015693664550781e-02,-2.523124694824218750e+00
-3.369652330875396729e-01,6.244015693664550781e-02,-2.949280977249145508e+00
1.847234487527377400e+00,1.795377390596974543e+00,2.207504439709850441e+00
1.421078205102450642e+00,1.795377390596974543e+00,2.207504439709850441e+00
1.765489741180193306e+00,3.676375795918765732e+00,1.320957025389237760e+00
-2.041590213775634766e+00,1.767065107822418213e+00,2.164593696594238281e+00
-1.557979362812464519e+00,1.420285085128767388e+00,2.196867116916612517e+00
-1.557979362812464519e+00,1.846441307949049371e+00,2.196867116916612517e+00
8.298351961317300685e-01,1.615950083192200015e+00,4.177078719722604916e+00
-3.552685975003254892e+00,-3.292730060476385390e-01,2.421755762440464643e+00
-3.436351318961917034e+00,-6.483693550537606987e-01,2.522662998220962738e+00
5.153472423553466797e-01,3.471690177917480469e+00,8.861249238252639771e-01
2.861258929513565974e-01,3.908833082188072350e+00,1.401713412950802207e+00
8.919100463390350342e-02,3.471690177917480469e+00,8.861249238252639771e-01
-1.935051143169403076e+00,2.725916624069213867e+00,-2.858047261834144592e-01
-1.615433931350708008e+00,3.045533895492553711e+00,3.381246328353881836e-02
-1.615433931350708008e+00,3.471690177917480469e+00,3.381246328353881836e-02
-3.953817610772519586e+00,6.296115919299132280e-01,-2.394780243472648174e+00
3.022691309452056885e-01,-5.767942219972610474e-01,-1.883890271186828613e+00
5.153472423553466797e-01,-7.898723334074020386e-01,-1.670812129974365234e+00
5.153472423553466797e-01,-7.898723334074020386e-01,-2.096968412399291992e+00
-3.217357275334667310e+00,2.795708758682586836e+00,-1.100583342748167714e+00
-1.935051143169403076e+00,8.082135915756225586e-01,-3.481976389884948730e+00
-1.508894860744476318e+00,3.820573538541793823e-01,-3.908132672309875488e+00
-1.798109246812616524e+00,4.937579825995402349e-01,-3.450981605677415409e+00
-2.117726458631311814e+00,3.872189268944697393e-01,-3.557520735888291874e+00
-1.189277648925781250e+00,9.147526472806930542e-01,-8.184998184442520142e-01
-1.189277648925781250e+00,1.340908885002136230e+00,-8.184998184442520142e-01
-7.631214410066604614e-01,1.340908885002136230e+00,-3.923437893390655518e-01
-7.631214410066604614e-01,1.340908885002136230e+00,-8.184998184442520142e-01
-7.631214410066604614e-01,9.147526472806930542e-01,-3.923437893390655518e-01
-3.481919437737760248e+00,2.740007477158934002e+00,-7.328227915230627332e-01
-3.639469781531564418e+00,2.499481322820953366e+00,-7.415022005473922428e-01
-1.615433931350708008e+00,2.193221330642700195e+00,-8.184998184442520142e-01
-1.458377030647221684e+00,1.190281800095289944e+00,4.224067304650723997e+00
-1.402355790138244629e+00,1.553986966609954834e+00,1.525359272956848145e+00
-1.721973001956939697e+00,1.660526037216186523e+00,1.631898343563079834e+00
-1.746388402736527290e+00,1.675229042573422866e+00,1.069072348703163922e+00
-3.475291020439571499e-01,2.534424059805145291e+00,2.133691415083302179e+00
-6.726402767316258524e-01,2.127668669513558264e+00,2.213045153355345462e+00
-6.620764077752083754e-01,2.638778505200966684e+00,2.243947434866281565e+00
-2.304261699318885803e-01,2.725916624069213867e+00,1.844976484775543213e+00
-5.555373446195572829e-01,2.319161233777626840e+00,1.924330223047586497e+00
9.735559435629146385e-01,3.897451844683591737e+00,2.045699349957641466e+00
-7.631214410066604614e-01,6.244015693664550781e-02,-2.096968412399291992e+00
-7.631214410066604614e-01,-3.637160956859588623e-01,-2.096968412399291992e+00
-7.631214410066604614e-01,-3.637160956859588623e-01,-2.523124694824218750e+00
-7.631214410066604614e-01,6.244015693664550781e-02,-2.523124694824218750e+00
-3.652567720331969525e+00,1.297522344623626145e+00,-2.044497218468551480e+00
-7.631214410066604614e-01,4.885964095592498779e-01,-2.096968412399291992e+00
-3.369652330875396729e-01,6.244015693664550781e-02,-2.096968412399291992e+00
-1.189277648925781250e+00,-2.068341016769409180e+00,3.381246328353881836e-02
-1.651553219772170067e+00,-1.988826505741384754e+00,3.835723936420815106e-01
2.660898632730031466e+00,3.482054577035472942e+00,-2.727393053451806493e-01
-1.282057016857030440e+00,-4.687185579338732366e-01,4.321064254023031737e+00
-9.874838376123094008e-01,-4.866039964456707057e-01,4.384671069169867152e+00
-1.124318784299398910e+00,-2.175962819984765262e-01,4.377591471270756429e+00
-7.631214410066604614e-01,-3.637160956859588623e-01,-1.244655847549438477e+00
-3.369652330875396729e-01,-7.898723334074020386e-01,-1.244655847549438477e+00
-7.631214410066604614e-01,-3.637160956859588623e-01,-8.184998184442520142e-01
1.956252209810098286e+00,2.532407402269344132e+00,3.111396929694263846e+00
-3.229796601333534412e+00,-3.796871245182598109e-02,-3.815629548956949169e-01
-3.426597833633422852e+00,-4.409889876842498779e-02,-9.250388890504837036e-01
-3.000441551208496094e+00,-4.409889876842498779e-02,-9.250388890504837036e-01
-3.336335612335121326e+00,2.816484844657078934e-01,-9.142580546071130687e-01
1.273182555794601711e+00,1.645385574459471423e+00,7.895181298728854991e-01
2.984159886698103392e-01,2.583101196630310792e+00,3.518101229440445898e+00
-4.590934725292758145e+00,-9.882834159613805847e-01,2.990925583882010630e-02
8.301622710105822645e-01,3.714841976312987626e+00,2.486306671709176630e+00
3.072284936904907227e+00,2.193221330642700195e+00,3.381246328353881836e-02
3.498441219329833984e+00,4.885964095592498779e-01,4.599687159061431885e-01
3.498441219329833984e+00,6.244015693664550781e-02,8.861249238252639771e-01
3.072284936904907227e+00,-3.637160956859588623e-01,8.861249238252639771e-01
3.498441219329833984e+00,6.244015693664550781e-02,4.599687159061431885e-01
3.792659224260803708e+00,5.463303035322268908e-01,-2.081396952795048438e+00
2.867754112559024904e+00,5.012214609282101829e-01,3.267498877005514224e+00
2.217250927809123473e-01,-1.403210024570275438e+00,-4.238616627293884775e+00
1.958370808423154807e+00,-3.543599876612179678e+00,1.190480094552157864e+00
4.088081717491149902e-01,-4.409889876842498779e-02,3.534296527504920959e-01
4.088081717491149902e-01,3.820573538541793823e-01,3.534296527504920959e-01
-1.294679764759241736e-01,-3.482768480304769820e+00,-1.444086182976446864e+00
2.496426622394388173e-01,-3.723534612393868404e+00,-1.989452490646722804e+00
-6.997450487577268341e-02,-3.616995601392281490e+00,-2.309069702465417873e+00
-4.490851435911356604e-01,-3.376229469303182906e+00,-1.763703394795141932e+00
-2.467746376991271973e+00,-1.216028571128845215e+00,4.599687159061431885e-01
-2.041590213775634766e+00,-1.216028571128845215e+00,3.381246328353881836e-02
-2.656092646597063567e+00,-9.329372063334491205e-01,7.967046776749373560e-01
-2.893902540206909180e+00,-7.898723334074020386e-01,4.599687159061431885e-01
-2.656092646597063567e+00,-5.067809686120059443e-01,3.705484697558165674e-01
-2.893902540206909180e+00,-7.898723334074020386e-01,8.861249238252639771e-01
-1.828512072563171387e+00,-5.767942219972610474e-01,-1.792656630277633667e-01
-4.036982575581854249e+00,2.374950870814222625e+00,-1.919559165916036036e-01
-2.574285387992858887e+00,-4.409889876842498779e-02,-7.272659987211227417e-02
-3.000441551208496094e+00,-4.409889876842498779e-02,-7.272659987211227417e-02
-2.762631657598650481e+00,-1.871637716944720142e-01,2.640094066001654749e-01
-1.734806597232818604e-02,4.004385590553283691e+00,1.403515264391899109e-01
-1.404462819547514396e+00,-2.745318802154432358e+00,-3.169422601778354998e-01
-7.686154634802788710e-01,2.745317516202553598e+00,2.350486445867868479e+00
-1.935051143169403076e+00,-6.833332628011703491e-01,-2.858047261834144592e-01
-2.123397412775194670e+00,-8.263981357272174311e-01,5.093128028886326208e-02
-1.935051143169403076e+00,-1.109489500522613525e+00,-2.858047261834144592e-01
-1.931419108777830518e+00,-3.673481019261901626e-01,9.841892753163936636e-01
-1.824880038171598828e+00,-6.869652690414016494e-01,1.090728345922625353e+00
-2.041590213775634766e+00,-7.898723334074020386e-01,1.312281131744384766e+00
-1.931419108777830518e+00,-7.935043396476333388e-01,9.841892753163936636e-01
-1.295816719532012939e+00,3.365151166915893555e+00,-4.988828450441360474e-01
-1.189277648925781250e+00,-2.068341016769409180e+00,1.738437414169311523e+00
-1.507835654914985390e+00,-2.082410605016980387e+00,1.422596398961516462e+00
-1.937098437498804060e+00,3.699220182446800287e+00,-1.442961534756405761e+00
-1.615433931350708008e+00,1.767065107822418213e+00,-2.949280977249145508e+00
-2.149463158997947598e+00,1.973637688933615353e+00,-3.285116076519491557e+00
-1.296156542176218451e+00,3.703571568631942146e+00,-1.623309490666943411e+00
-1.510942155073877302e+00,3.699220182446800287e+00,-1.442961534756405761e+00
-1.617481225680108992e+00,3.805759193448387201e+00,-1.975656828182919433e+00
-1.295816719532012939e+00,3.152072906494140625e+00,-1.777351140975952148e+00
-3.421122317346005914e+00,7.361506476349837236e-01,-2.501319314078879863e+00
-1.295816719532012939e+00,-2.601036310195922852e+00,-1.777351200580596924e+00
-1.758176617276663523e+00,-2.691042115340970931e+00,-1.347840316605180444e+00
-2.077793829095358369e+00,-2.584503104339384016e+00,-1.667457528423875512e+00
-2.809210267740435363e+00,-4.070128099406156164e-01,-3.206944314613900282e+00
-4.078724002756896283e+00,8.713661069021829686e-01,-1.618340936043624723e+00
-4.090991901938505038e+00,1.063540547699361127e+00,-1.434627742935734140e+00
7.058432214089263024e-01,5.055852846411490464e-01,4.380191652257679813e+00
-7.485719712970531070e-01,-2.046954919225893121e+00,1.780051478135834975e+00
-2.490042025055755559e+00,5.285245982708803858e-01,3.511083494327039922e+00
-2.596581036057342473e+00,8.481417653860918726e-01,3.617622505328626836e+00
-2.761474619192362034e+00,-2.702604465751558216e+00,-1.796607130612589254e+00
-2.875469846607030533e+00,-2.444940370822457520e+00,-1.950752160893331366e+00
-2.574285387992858887e+00,-2.174880027770996094e+00,-1.351194918155670166e+00
8.651547481688771635e-01,4.498304167220185334e+00,-2.673431657905824821e-01
-1.150921698845243979e+00,-2.629364984135865502e+00,-3.317438347371398422e+00
-1.290474440035186188e+00,-2.744558242972969797e+00,-3.159985139866907211e+00
-1.150921698845243979e+00,-3.055521266560792260e+00,-2.891282064946471664e+00
-2.893902540206909180e+00,-1.216028571128845215e+00,-1.670812129974365234e+00
-3.000441551208496094e+00,-1.322567641735076904e+00,-2.203507423400878906e+00
-2.893902540206909180e+00,-1.642184793949127197e+00,-1.670812129974365234e+00
5.792057470258580310e-01,4.293211550387689535e+00,1.036786293835797235e+00
-2.361207306385040283e+00,-1.109489500522613525e+00,1.844976484775543213e+00
-2.467746376991271973e+00,-1.216028571128845215e+00,1.738437414169311523e+00
-1.745833905293669996e+00,4.161621472484092976e+00,-2.671283077366434777e-02
2.604960157751745164e+00,-2.494559867646554352e+00,-2.420459331055005769e+00
4.245185565438021058e+00,-1.896541981146925515e+00,-6.599513640638962064e-01
4.298302000895805719e+00,-1.818756326730547102e+00,-3.731429530851676502e-01
3.498441219329833984e+00,4.885964095592498779e-01,3.381246328353881836e-02
3.498441219329833984e+00,6.244015693664550781e-02,3.381246328353881836e-02
3.072284936904907227e+00,4.885964095592498779e-01,-8.184998184442520142e-01
3.498441219329833984e+00,6.244015693664550781e-02,-8.184998184442520142e-01
3.498441219329833984e+00,4.885964095592498779e-01,-3.923437893390655518e-01
4.389653294442512177e+00,2.442982047796243561e-01,8.282735186719606402e-01
2.187700781400597094e+00,2.562703135288102896e+00,8.518223322891189664e-01
3.072284936904907227e+00,6.244015693664550781e-02,-1.244655847549438477e+00
3.498441219329833984e+00,-3.637160956859588623e-01,-8.184998184442520142e-01
3.072284936904907227e+00,6.244015693664550781e-02,-8.184998184442520142e-01
3.072284936904907227e+00,4.885964095592498779e-01,-1.670812129974365234e+00
2.651365767565023290e+00,2.863066677365241119e+00,-1.490534202911932837e+00
4.515015635371373293e+00,-1.055299156964316365e-01,-1.183866802527359319e+00
4.496192424653385089e+00,1.377591490745538605e-01,-1.327156155099851853e+00
4.268584084447393678e+00,7.445362811148525939e-01,-1.750110429042841531e+00
3.755458127431635429e+00,-2.153890817212816611e+00,-4.623756433427566592e-01
1.547676667871653811e+00,2.079509844044924449e+00,-3.604823103408199003e+00
-1.766754349682502445e+00,2.341882608956530554e+00,3.332032727876757860e+00
2.831255084259917787e+00,2.131173411703108478e+00,-2.537414461039302793e+00
2.605308208217972155e+00,2.202144944940135129e+00,-2.719354041507008546e+00
1.793816089630126953e+00,1.340908885002136230e+00,-2.096968412399291992e+00
1.580737948417663574e+00,1.127830773591995239e+00,-1.883890271186828613e+00
2.006894230842590332e+00,1.127830773591995239e+00,-1.883890271186828613e+00
1.793816089630126953e+00,1.340908885002136230e+00,-1.670812129974365234e+00
1.367659807205200195e+00,1.340908885002136230e+00,-1.670812129974365234e+00
-1.514388898119255922e+00,1.786465999955758166e+00,2.670103598081918772e+00
-1.030778047156085897e+00,1.865842200082389102e+00,2.276220855188655356e+00
4.299839357590919064e+00,-1.818580478429800140e-01,1.116496575559406068e+00
4.406378487801795529e+00,-5.014752149581914731e-01,1.436113712872295167e+00
4.345247124985906595e+00,-4.484975678786006226e-01,9.374166251622433332e-01
-1.238871067762374878e-01,-1.002950459718704224e+00,1.951515555381774902e+00
8.919100463390350342e-02,-1.216028571128845215e+00,2.164593696594238281e+00
1.144185838784013587e+00,2.442982047796247169e-01,4.272149900651220022e+00
8.559627818965701573e-01,2.442982047796248002e-01,4.361963837502813135e+00
8.559627818965701573e-01,-1.818580478429795699e-01,4.361963837502813135e+00
-1.721973001956939697e+00,-6.833332628011703491e-01,3.336523294448852539e+00
-1.721973001956939697e+00,-1.109489500522613525e+00,3.336523294448852539e+00
-1.567156841511874177e+00,-1.245783077155667051e+00,3.019732753332585951e+00
-1.247539629693179108e+00,-1.139244006549435362e+00,3.339350024755925794e+00
-1.567156841511874177e+00,-8.196268394342238750e-01,3.019732753332585951e+00
4.088081717491149902e-01,-4.409889876842498779e-02,7.795858606696128845e-01
-4.229221499989758826e+00,-3.899422437797237517e-01,-1.431913023674246777e+00
-4.305253631838619199e+00,2.329270186109428931e-01,-1.641278546500247515e+00
-4.335760510991345740e+00,-7.032504686218984946e-02,-1.538452094280478466e+00
-3.039289007040069102e+00,-2.783505122018687494e+00,-1.431209213624857757e+00
-3.000441551208496094e+00,8.082135915756225586e-01,-1.777351200580596924e+00
-4.435042887926101685e-01,-8.964113891124725342e-01,-2.629663705825805664e+00
-8.696604967117309570e-01,-8.964113891124725342e-01,-2.629663705825805664e+00
-7.631214410066604614e-01,-1.216028571128845215e+00,-2.096968412399291992e+00
1.687277078628540039e+00,-8.964113891124725342e-01,1.205742061138153076e+00
1.367659807205200195e+00,-3.637160956859588623e-01,8.861249238252639771e-01
1.114313561810140185e-02,3.212497754960408347e+00,-3.314331871435006516e+00
2.282112092994549868e-01,3.050497834865780522e+00,-3.471476060691276011e+00
-8.696604967117309570e-01,-2.601036310195922852e+00,7.795858606696128845e-01
-9.761995673179626465e-01,-2.281419038772583008e+00,6.730467900633811951e-01
-1.145517153147062483e+00,3.482604800141125168e+00,-2.772999121910923126e+00
-2.644188153173964828e+00,3.216398905314876266e+00,1.519972615273077921e+00
-2.706032876658698072e+00,3.275827166767776077e+00,1.236445251207369811e+00
-1.933991937339912148e+00,-1.656254382196698405e+00,1.422596398961516462e+00
-1.970111225761374207e+00,-2.002896093988955961e+00,9.200438687783339953e-01
-2.077709502197096825e+00,-1.562670282921102771e+00,8.097286015612022991e-01
-1.721973001956939697e+00,-1.748723804950714111e+00,1.205742061138153076e+00
-1.758092290378401756e+00,-2.095365516742971668e+00,7.031895309549706097e-01
-1.614374725521217080e+00,-2.188949616018567301e+00,1.316057328355284772e+00
-2.381217185806158376e+00,2.605171819595707983e-01,3.605829637674766275e+00
-2.623814335321633884e+00,2.738618565841096086e-01,3.426643654739710332e+00
-1.203539490780616283e+00,-2.878900313461434379e+00,2.589837102850126027e-02
-1.164100180193321954e+00,-2.417295469204630898e+00,-3.477807757498176944e+00
-8.696605116128921509e-01,-1.109489500522613525e+00,-3.908132672309875488e+00
-1.295816719532012939e+00,-1.535645723342895508e+00,-3.481976389884948730e+00
-1.295816719532012939e+00,-1.109489500522613525e+00,-3.481976389884948730e+00
5.153472423553466797e-01,4.110924720764160156e+00,2.468905895948410034e-01
3.022691011428833008e-01,4.324002742767333984e+00,2.468905895948410034e-01
-3.169386824451915441e+00,-2.670117845287351077e+00,1.435173345668683265e+00
-1.189277648925781250e+00,-2.920653581619262695e+00,-8.184998184442520142e-01
-1.337822160442808217e+00,-3.244720234088853683e+00,-5.325522813328738003e-01
-1.337822160442808217e+00,-3.244720234088853683e+00,-9.587083104380602627e-01
-7.631214410066604614e-01,-2.920653581619262695e+00,-1.244655847549438477e+00
-9.116659525236874284e-01,-3.244720234088853683e+00,-9.587083104380602627e-01
-7.631214410066604614e-01,-2.920653581619262695e+00,-8.184998184442520142e-01
5.153472423553466797e-01,4.110924720764160156e+00,3.381246328353881836e-02
-1.688202003970605158e+00,-2.901985477613745257e+00,2.807330124262314985e+00
-1.615433931350708008e+00,-2.494497299194335938e+00,2.164593696594238281e+00
1.474198877811431885e+00,1.021291702985763550e+00,-1.990429341793060303e+00
9.415035247802734375e-01,1.340908885002136230e+00,-2.096968412399291992e+00
-2.315959545720006396e+00,5.446435409382183179e-01,-4.037033505162432867e+00
-2.092644580190463621e+00,6.747965720588853245e-01,-4.145791242364946783e+00
-2.073680564925135084e+00,4.477864453996040495e-01,-4.200419994019489067e+00
5.433933676523705625e-01,-2.262118149708025605e+00,-3.633461652279155629e+00
7.580921361174748352e-01,-2.068764489830126507e+00,-3.694819896569424333e+00
1.261120736598968506e+00,1.660526037216186523e+00,-1.351194918155670166e+00
3.759314298312644631e+00,2.169416349511747555e+00,-5.918927292042619470e-01
3.759314298312644631e+00,1.743260126691465572e+00,-1.018048758309448409e+00
2.858295495926500562e-01,-2.181544230125258998e+00,-3.695617928031447619e+00
3.545149480006919429e-01,-2.458650671567748525e+00,-3.526829081838453561e+00
1.793816089630126953e+00,3.045533895492553711e+00,-8.184998184442520142e-01
-2.403270584623626860e+00,-2.670319368653456760e+00,-2.337584070640104095e+00
-2.174792421341344095e+00,-2.830009593722803807e+00,-2.349734442628468756e+00
1.793816089630126953e+00,2.619377613067626953e+00,-1.670812129974365234e+00
8.919100463390350342e-02,-7.898723334074020386e-01,-3.801593542098999023e+00
4.973511828762902098e-01,-3.312655853177872700e+00,-2.710239817330295065e+00
4.337442657445581773e+00,-1.383099227074170212e+00,-1.070946442810325749e-01
8.349644541740417480e-01,8.082135766744613647e-01,2.484210789203643799e+00
5.153472423553466797e-01,4.885964095592498779e-01,2.590749859809875488e+00
-3.369652330875396729e-01,-2.920653581619262695e+00,1.738437414169311523e+00
-8.696604967117309570e-01,-8.964113891124725342e-01,-3.055819988250732422e+00
-3.106980681419372559e+00,-5.767942219972610474e-01,-1.792656630277633667e-01
-4.185263013758483197e+00,7.648270511971124730e-01,-1.937958147862319791e+00
-4.248726548404061276e+00,4.916952245060125515e-01,-1.929874929026108354e+00
-1.189277648925781250e+00,-1.216028571128845215e+00,-8.184998184442520142e-01
-1.615433931350708008e+00,-1.216028571128845215e+00,-3.923437893390655518e-01
-1.615433931350708008e+00,-1.216028571128845215e+00,-8.184998184442520142e-01
-1.189277648925781250e+00,-2.494497299194335938e+00,1.312281131744384766e+00
-7.485719712970531070e-01,-2.473111201650819879e+00,1.353895195710908217e+00
1.793816089630126953e+00,-3.637160956859588623e-01,-3.923437893390655518e-01
1.793816089630126953e+00,6.244015693664550781e-02,-3.923437893390655518e-01
1.367659807205200195e+00,6.244015693664550781e-02,3.381246328353881836e-02
1.793816089630126953e+00,-3.637160956859588623e-01,3.381246328353881836e-02
1.793816089630126953e+00,6.244015693664550781e-02,3.381246328353881836e-02
-1.034461488480715730e+00,-1.778478310977535948e+00,3.126271764334172865e+00
-1.079619320063171517e-01,-4.591938345032399837e+00,1.081948645301282541e+00
-5.107458957153354628e-01,-4.267521385027262859e+00,1.336958019751036675e+00
-2.304261699318885803e-01,-4.092583298683166504e+00,9.926639795303344727e-01
-2.145009951619682442e-01,-4.272321192818349544e+00,1.401565797515332834e+00
-1.189277648925781250e+00,-2.494497299194335938e+00,-1.244655847549438477e+00
-1.734806597232818604e-02,-3.027192592620849609e+00,1.205742061138153076e+00
-5.653227249115945208e-01,3.562204576153190416e+00,2.747562337438945068e+00
-8.750450476028146518e-01,-4.011184960258304955e+00,1.768080951996225725e+00
-6.004653545115011815e-01,-4.019426061835405406e+00,1.886565338654498714e+00
-1.719951529692319347e+00,-3.308044495954435504e+00,2.335137858778354669e+00
-1.082738578319549561e+00,-6.833332628011703491e-01,3.975757718086242676e+00
-6.565823704004287720e-01,-2.601036310195922852e+00,2.697288870811462402e+00
-1.082738578319549561e+00,-2.601036310195922852e+00,2.697288870811462402e+00
-8.615889748721317076e-01,-2.924180924489887090e+00,3.326639050660936014e+00
-1.234862880903823790e+00,-3.278233157695668254e+00,2.674568684005308672e+00
-1.128323810297592100e+00,-2.958615886272328410e+00,3.207263858222532793e+00
-9.785607205345894233e-01,-4.093499133999542572e+00,1.506348524527043153e+00
-1.404716928453710212e+00,-3.667342851574615814e+00,1.506348524527043153e+00
-9.762676734380212329e-01,2.511975226324866917e+00,-3.499758406446949799e+00
-1.772163311649041229e-01,2.150458207967735902e+00,-4.218718974019988188e+00
-6.060708754100475881e-02,1.927610349396240430e+00,-4.324881865708547934e+00
-3.318662856463555633e-01,1.935168805242951207e+00,-4.306016605765192296e+00
-1.417245654815237010e+00,2.117293558864855818e+00,-3.603378244545983655e+00
1.957300677895545959e-01,-1.535645723342895508e+00,-2.858047261834144592e-01
5.249845265949892870e-01,-1.680429293225869980e+00,-4.111483821782676018e-01
8.919099718332290649e-02,-1.642184734344482422e+00,3.381246328353881836e-02
4.184454559887575420e-01,-1.786968304227456894e+00,-9.153119271131432422e-02
8.039806601136054720e-01,-4.667112940044235714e+00,-2.981774495387272683e-01
5.041148110274511485e-01,-4.701225445096078204e+00,-3.718306676073173112e-01
1.687277078628540039e+00,8.082135766744613647e-01,-9.250388741493225098e-01
1.687277078628540039e+00,1.234369814395904541e+00,-4.988828450441360474e-01
1.293173155381609707e+00,3.790912833682004823e+00,1.513004056531127794e+00
-4.190107049857971333e+00,-8.740537238014859378e-01,-1.256661018890188775e+00
-4.077590653778995211e+00,-1.047902571176514197e+00,-1.422466124277899535e+00
-3.320058822631835938e+00,-1.216028571128845215e+00,-3.923437893390655518e-01
-2.893902540206909180e+00,-7.898723334074020386e-01,-3.923437893390655518e-01
-3.106980681419372559e+00,-1.002950459718704224e+00,-1.792656630277633667e-01
3.670829826601291312e+00,-2.334692089552907746e+00,-2.380467066128980069e-01
-3.340319708334622828e-02,-4.692969178436303679e+00,5.908229589347331334e-01
8.919099718332290649e-02,-4.412200450897216797e+00,6.730468273162841797e-01
3.932447575170930354e-03,-4.646100464175727751e+00,8.769484200269115348e-01
2.170105515347313108e-01,-4.646100464175727751e+00,8.769484200269115348e-01
1.816946214077076904e+00,-3.480488390663551534e+00,-1.989225688973929929e+00
2.809431643998144601e+00,-1.627925875434796055e+00,-2.572185451270714296e+00
1.051161719532432426e-01,-4.591938345032399837e+00,1.081948645301282541e+00
6.898618284853933469e-01,-4.574425219523520880e+00,9.288152694788087693e-01
4.169154088659682289e-01,-4.576004844354423895e+00,1.086798451662943865e+00
-8.752413515102563935e-01,-3.376229469303182906e+00,-1.763703394795141932e+00
-7.631214410066604614e-01,-2.920653581619262695e+00,-1.670812129974365234e+00
-4.490851435911356604e-01,-3.376229469303182906e+00,-1.337547112370215174e+00
-3.426597833633422852e+00,1.660526037216186523e+00,3.534296527504920959e-01
-3.106980562210083008e+00,1.553986966609954834e+00,6.730467900633811951e-01
-3.426597833633422852e+00,1.234369814395904541e+00,7.795858532190322876e-01
-3.320058822631835938e+00,1.340908885002136230e+00,4.599687159061431885e-01
-3.000441551208496094e+00,1.660526037216186523e+00,3.534296527504920959e-01
-4.119602985035174747e+00,1.363052212996183510e+00,1.778537315119085083e+00
-4.230293888805417346e+00,1.367211922541686331e+00,1.497050979158229600e+00
1.367659807205200195e+00,6.244015693664550781e-02,-2.096968412399291992e+00
9.415035247802734375e-01,-3.637160956859588623e-01,-2.096968412399291992e+00
1.367659807205200195e+00,6.244015693664550781e-02,-2.523124694824218750e+00
1.744357973863416289e+00,-1.678172806349643276e+00,-7.422171580836296467e-01
1.406223709068655570e+00,-1.665696200497670532e+00,-1.109530418375415106e+00
2.898988862152492629e+00,5.277506019913351665e-01,-3.197755157859515585e+00
2.730785377110812817e+00,6.797555835127494506e-01,-3.327580545261764833e+00
1.793816149234771729e+00,-7.898723185062408447e-01,1.312281131744384766e+00
1.900355160236358643e+00,-1.109489500522613525e+00,1.418820202350616455e+00
-5.019387666932190184e-01,-2.587813039585086017e+00,3.438479405418492618e+00
-2.869170787809526946e+00,-7.198590949233081293e-01,1.574703434445143546e-01
-3.106980681419372559e+00,-5.767942219972610474e-01,2.468905895948410034e-01
-2.893902540206909180e+00,-3.637160956859588623e-01,3.381246328353881836e-02
-8.696605116128921509e-01,-2.601036310195922852e+00,-1.777351200580596924e+00
-1.210030318738173793e+00,-3.700009715328293591e+00,-1.973207789976531457e+00
-8.696604967117309570e-01,2.725916624069213867e+00,-2.203507423400878906e+00
-1.189277648925781250e+00,2.193221330642700195e+00,-2.523124694824218750e+00
-7.631214410066604614e-01,2.193221330642700195e+00,-2.949280977249145508e+00
-7.631214410066604614e-01,2.193221330642700195e+00,-2.523124694824218750e+00
-4.435042887926101685e-01,2.725916624069213867e+00,-2.629663705825805664e+00
1.793816089630126953e+00,-1.642184793949127197e+00,2.164593696594238281e+00
-6.033311735539461651e-01,4.408647144361516723e+00,3.332558372029357785e-01
-8.024451496647646564e-01,4.346342343517632045e+00,5.469592805574227112e-01
-7.631214410066604614e-01,3.897846460342407227e+00,3.381246328353881836e-02
-1.029487381473066954e+00,4.408647144361516723e+00,-9.290041541966860550e-02
1.793816089630126953e+00,-3.637160956859588623e-01,3.016906023025512695e+00
2.219972372055053711e+00,-7.898723334074020386e-01,2.590749859809875488e+00
1.793816089630126953e+00,-7.898723334074020386e-01,2.590749859809875488e+00
1.367659807205200195e+00,-3.637160956859588623e-01,2.590749859809875488e+00
1.367659807205200195e+00,-7.898723334074020386e-01,3.016906023025512695e+00
-1.402355790138244629e+00,7.016745209693908691e-01,2.377671778202056885e+00
1.845637833712023168e+00,-1.818580478429797087e-01,3.722093075645780402e+00
-1.493737105601726789e+00,3.843445207839846223e+00,4.667853165285664740e-01
-1.919893388026653547e+00,3.843445207839846223e+00,4.667853165285664740e-01
2.133116256793151422e+00,-3.692492166347200122e+00,6.997104425453084531e-01
2.384527090848081343e+00,-3.543599876612179678e+00,7.643238866330370751e-01
2.572575977469975239e+00,-3.463460947863914896e+00,5.434881869739596194e-01
-1.615433931350708008e+00,3.045533895492553711e+00,1.312281131744384766e+00
1.687277078628540039e+00,-4.409889876842498779e-02,-2.629663705825805664e+00
1.687277078628540039e+00,-4.409889876842498779e-02,-2.203507423400878906e+00
3.325145144577419387e+00,5.277506019913351665e-01,-2.771598875434588827e+00
3.487010603973229816e+00,7.225337349059963721e-01,-2.536907632357149112e+00
-4.636160609805103361e-01,-4.090002462832677210e+00,3.905171586114203341e-01
-1.734805107116699219e-02,-4.092583298683166504e+00,3.534296527504920959e-01
-1.238871216773986816e-01,-4.412200450897216797e+00,4.599687084555625916e-01
-2.317649424166755345e+00,-3.695008326108798258e+00,1.561044579585674441e+00
-2.209504678329697214e+00,-3.637137786415491902e+00,1.816172905325502462e+00
-2.171990187718596754e+00,3.735465190059166662e+00,3.994434218489399946e-01
1.580737948417663574e+00,2.406299471855163574e+00,2.468905895948410034e-01
3.307897680462595247e+00,-2.332681501763921972e+00,1.849770604363272453e+00
1.474198877811431885e+00,2.725916624069213867e+00,-7.119607552886009216e-01
-2.591554407941967675e+00,-3.364652429974703263e-01,-3.413406032303936577e+00
3.304493026158874525e+00,2.816744007165299379e+00,-6.012368170414340574e-01
-8.696605116128921509e-01,-2.174880027770996094e+00,-1.777351200580596924e+00
-3.369652330875396729e-01,-2.494497299194335938e+00,-1.670812129974365234e+00
-8.696605116128921509e-01,-2.601036310195922852e+00,-1.351194918155670166e+00
-7.631214410066604614e-01,-1.216028571128845215e+00,-8.184998184442520142e-01
-1.189277648925781250e+00,-7.898723334074020386e-01,-3.923437893390655518e-01
-3.452553163450695628e-01,3.828100100362352709e+00,1.607029869657961241e+00
-4.517943720501400584e-01,4.147717371785692109e+00,2.139725163084475135e+00
3.924597501754760742e+00,6.244015693664550781e-02,4.599687159061431885e-01
3.498441219329833984e+00,-3.637160956859588623e-01,8.861249238252639771e-01
1.705776975408093588e+00,-3.015517904395878634e+00,3.009120253841881532e+00
-3.369652330875396729e-01,9.147526472806930542e-01,4.599687159061431885e-01
-3.369652330875396729e-01,9.147526472806930542e-01,3.381246328353881836e-02
-7.631214410066604614e-01,4.885964095592498779e-01,4.599687159061431885e-01
-7.631214410066604614e-01,9.147526472806930542e-01,3.381246328353881836e-02
-7.631214410066604614e-01,9.147526472806930542e-01,4.599687159061431885e-01
-4.654225132486001115e+00,-5.452976240478704106e-01,-4.432130070327539029e-01
8.349644541740417480e-01,-1.748723804950714111e+00,7.795858532190322876e-01
5.799054572337907221e-01,-1.592677838671829882e+00,9.448042755331368392e-01
3.072284936904907227e+00,-3.637160956859588623e-01,-8.184998184442520142e-01
2.646128654479980469e+00,6.244015693664550781e-02,-8.184998184442520142e-01
2.219972372055053711e+00,6.244015693664550781e-02,-1.244655847549438477e+00
2.646128654479980469e+00,6.244015693664550781e-02,-1.244655847549438477e+00
8.919100463390350342e-02,1.340908885002136230e+00,-8.184998184442520142e-01
8.919100463390350342e-02,1.767065107822418213e+00,-8.184998184442520142e-01
-6.859066506688296094e-01,-4.105839741558141576e+00,-1.850958695344941507e+00
-5.737867401652336774e-01,-3.650263853874221365e+00,-2.184223712949091567e+00
8.919100463390350342e-02,-1.216028571128845215e+00,-1.244655847549438477e+00
-2.304261699318885803e-01,-1.109489500522613525e+00,-1.564273059368133545e+00
-1.238871067762374878e-01,-1.002950459718704224e+00,-1.457733988761901855e+00
-4.688347036658861100e+00,-1.792662509120802328e-01,1.825341160385499095e-02
1.229233630280751832e+00,-2.473945250193294587e+00,2.145436268048263706e+00
9.415035247802734375e-01,-2.068341016769409180e+00,2.164593696594238281e+00
8.030773478558249634e-01,-2.473945250193294587e+00,2.145436268048263706e+00
8.755558797332628762e-01,-2.584040597952811602e+00,2.644604637873901432e+00
5.878257742327845925e-01,-2.178436364528926195e+00,2.663762066419876451e+00
1.122694559674520143e+00,-2.580484261194881501e+00,1.612740915017105037e+00
9.415035247802734375e-01,-2.920653581619262695e+00,1.738437414169311523e+00
8.349644541740417480e-01,-2.601036310195922852e+00,1.631898343563079834e+00
8.030773478558249634e-01,-2.900101532618221345e+00,2.145436268048263706e+00
-4.435042887926101685e-01,2.512838602066040039e+00,-7.272659987211227417e-02
-7.631214410066604614e-01,2.193221330642700195e+00,3.381246328353881836e-02
-8.696604967117309570e-01,2.512838602066040039e+00,3.534296527504920959e-01
-8.696604967117309570e-01,2.512838602066040039e+00,-7.272659987211227417e-02
-1.189277648925781250e+00,2.193221330642700195e+00,3.381246328353881836e-02
-7.631214410066604614e-01,2.193221330642700195e+00,-3.923437893390655518e-01
-1.615433931350708008e+00,1.767065107822418213e+00,-8.184998184442520142e-01
-1.615433931350708008e+00,6.244015693664550781e-02,-2.949280977249145508e+00
-1.798109246812616524e+00,4.937579825995402349e-01,-3.024825323252488651e+00
-2.041590213775634766e+00,6.244015693664550781e-02,1.312281131744384766e+00
-2.467746376991271973e+00,-3.637160956859588623e-01,1.312281131744384766e+00
-2.467746376991271973e+00,-3.637160956859588623e-01,8.861249238252639771e-01
-4.065832495689392090e+00,-2.571770325303077698e-01,-2.858047261834144592e-01
-4.269206398577500394e+00,-5.812762765197421189e-01,-1.213238575703413868e+00
-1.825030887469078156e+00,-3.044554666097966766e+00,1.860732126228179517e+00
-1.479075115745448255e+00,-3.431676714565701225e+00,2.339894528308215094e+00
-2.114828354288745160e+00,-3.555577799044405296e+00,2.036032957942156330e+00
-4.678347886700772840e+00,-3.038422413473087502e-01,4.985087260327664138e-02
2.646128654479980469e+00,-7.898723334074020386e-01,4.599687159061431885e-01
2.646128654479980469e+00,-1.642184793949127197e+00,-8.184998184442520142e-01
-2.893902540206909180e+00,1.340908885002136230e+00,-1.670812129974365234e+00
-3.417929474260459344e+00,1.825580339493805271e+00,-2.063830984810162583e+00
1.793816089630126953e+00,4.885964095592498779e-01,3.381246328353881836e-02
8.588747961162801481e-01,-4.133883529760932873e+00,-1.537613854649592104e+00
-1.935051143169403076e+00,-1.109489500522613525e+00,1.403515264391899109e-01
-3.320058822631835938e+00,-3.637160956859588623e-01,4.599687159061431885e-01
-1.508894860744476318e+00,-1.535645723342895508e+00,1.403515264391899109e-01
-1.189277648925781250e+00,-1.642184793949127197e+00,4.599687159061431885e-01
-1.971170431590865135e+00,-1.456131212314871082e+00,6.395520417512823297e-02
-1.651553219772170067e+00,-1.562670282921102771e+00,3.835723936420815106e-01
3.749782532585479888e+00,2.442982047796243839e-01,2.244104778406537104e+00
3.744596918657041584e+00,-1.259069558966155189e-01,2.275284301171975887e+00
-7.631214410066604614e-01,-7.898723334074020386e-01,-3.923437893390655518e-01
-3.369652330875396729e-01,-1.216028571128845215e+00,-8.184998184442520142e-01
-1.189277648925781250e+00,-1.642184793949127197e+00,-8.184998184442520142e-01
-7.631214410066604614e-01,-1.642184793949127197e+00,-1.244655847549438477e+00
-7.631214410066604614e-01,-1.642184793949127197e+00,-8.184998184442520142e-01
1.262232913435359372e+00,3.042900733035207139e+00,-3.253750961571347133e+00
-1.508894860744476318e+00,5.951354652643203735e-01,1.418820202350616455e+00
4.088081717491149902e-01,-4.409889876842498779e-02,2.058054625988006592e+00
8.919100463390350342e-02,-3.637160956859588623e-01,2.164593696594238281e+00
1.048042595386505127e+00,-1.109489500522613525e+00,1.403515264391899109e-01
1.474198877811431885e+00,-6.833332628011703491e-01,1.403515264391899109e-01
1.048042595386505127e+00,-6.833332628011703491e-01,1.403515264391899109e-01
5.823611120467822033e-01,2.590699598620899380e+00,5.672716770010697296e-01
1.367659807205200195e+00,4.885964095592498779e-01,3.381246328353881836e-02
1.367659807205200195e+00,6.244015693664550781e-02,4.599687159061431885e-01
5.153472423553466797e-01,1.340908885002136230e+00,3.381246328353881836e-02
-2.069334913800019216e+00,1.436182041279328914e+00,7.061737112847619180e-01
2.640943040551541721e+00,-3.077650037395943672e-01,2.195773219359677064e+00
2.646128654479980469e+00,-3.637160956859588623e-01,1.738437414169311523e+00
2.646128654479980469e+00,-7.898723334074020386e-01,1.738437414169311523e+00
-1.189277648925781250e+00,6.244015693664550781e-02,1.738437414169311523e+00
-1.403266881287931478e-01,-1.755388007304977238e+00,-4.121774210456374377e+00
8.334731119781396691e-01,-2.293664789687596794e+00,-3.556017220924430955e+00
2.646128654479980469e+00,-3.637160956859588623e-01,1.312281131744384766e+00
2.219972372055053711e+00,-1.216028571128845215e+00,1.738437414169311523e+00
2.646128654479980469e+00,-7.898723334074020386e-01,1.312281131744384766e+00
3.072284936904907227e+00,-7.898723334074020386e-01,1.312281131744384766e+00
2.646128654479980469e+00,6.244015693664550781e-02,8.861249238252639771e-01
2.219972372055053711e+00,4.885964095592498779e-01,8.861249238252639771e-01
-2.893902540206909180e+00,-7.898723334074020386e-01,1.312281131744384766e+00
-3.320058822631835938e+00,-1.216028571128845215e+00,8.861249238252639771e-01
-4.650762735590118879e+00,8.041405362154743219e-01,-3.897366450551331685e-02
2.646128654479980469e+00,-3.637160956859588623e-01,8.861249238252639771e-01
2.646128654479980469e+00,-3.637160956859588623e-01,4.599687159061431885e-01
-3.369652330875396729e-01,4.885964095592498779e-01,-1.670812129974365234e+00
-7.631214410066604614e-01,4.885964095592498779e-01,-1.244655847549438477e+00
-7.631214410066604614e-01,4.885964095592498779e-01,-1.670812129974365234e+00
-3.369652330875396729e-01,6.244015693664550781e-02,-1.670812129974365234e+00
-7.631214410066604614e-01,6.244015693664550781e-02,-1.244655847549438477e+00
-3.369652330875396729e-01,6.244015693664550781e-02,-1.244655847549438477e+00
-4.385449886322021484e+00,2.755182757973670959e-01,-1.792656630277633667e-01
-4.685494190282240901e+00,5.324693647985370148e-01,-1.454114949003645074e-01
-4.685494190282240901e+00,1.063131196265131861e-01,-3.584896137610861233e-01
-4.192373773919664259e+00,-6.668549243127489534e-01,-1.419687456311933049e+00
-6.467522197087585134e-01,-4.155195839107708622e+00,1.591127503028325396e+00
-3.540655970824066578e+00,-1.287954766978194998e+00,-2.559438876358960613e+00
-3.685910316340780035e+00,-1.064708475507771146e+00,-2.412073807164588857e+00
-3.682134509109146414e+00,-1.336537031256041619e+00,-2.309150618536148336e+00
2.219972372055053711e+00,-3.637160956859588623e-01,8.861249238252639771e-01
2.219972372055053711e+00,6.244015693664550781e-02,8.861249238252639771e-01
-8.696604967117309570e-01,2.086682260036468506e+00,-1.777351200580596924e+00
1.793816089630126953e+00,-3.637160956859588623e-01,-1.244655847549438477e+00
1.793816089630126953e+00,-3.637160956859588623e-01,-8.184998184442520142e-01
-1.238871067762374878e-01,-5.767942219972610474e-01,-1.457733988761901855e+00
8.919100463390350342e-02,-7.898723334074020386e-01,-1.244655847549438477e+00
1.527909965796202529e-01,-4.341500738550949090e-01,-9.040302578732954952e-01
-1.189277648925781250e+00,-1.642184793949127197e+00,3.381246328353881836e-02
-1.508894860744476318e+00,-1.535645723342895508e+00,-2.858047261834144592e-01
-5.234457887010319777e-01,-1.245652259760338332e+00,-4.291909265323949896e+00
9.415035247802734375e-01,-2.920653581619262695e+00,1.312281131744384766e+00
9.415035247802734375e-01,-2.920653581619262695e+00,8.861249238252639771e-01
-1.189277648925781250e+00,-3.637160956859588623e-01,-2.523124694824218750e+00
-7.631214410066604614e-01,-3.637160956859588623e-01,-2.949280977249145508e+00
-1.881122248918923212e+00,6.713556223670371637e-01,-4.250201151459361171e+00
-1.805098551413159225e+00,3.901742551953442106e-01,-4.329551702480426201e+00
-1.485481339594464156e+00,4.967133109004147062e-01,-4.223012572269549736e+00
-1.935051143169403076e+00,-6.833332628011703491e-01,-7.119607552886009216e-01
-2.041590213775634766e+00,-7.898723334074020386e-01,-8.184998184442520142e-01
-7.631214410066604614e-01,6.244015693664550781e-02,-1.670812129974365234e+00
-1.189277648925781250e+00,6.244015693664550781e-02,-1.670812129974365234e+00
-7.631214410066604614e-01,-3.637160956859588623e-01,-1.670812129974365234e+00
-3.369652330875396729e-01,-3.637160956859588623e-01,-1.670812129974365234e+00
-7.631214410066604614e-01,-2.068341016769409180e+00,-2.096968412399291992e+00
-1.295816719532012939e+00,-2.601036310195922852e+00,-9.250388890504837036e-01
-1.295816719532012939e+00,-2.601036310195922852e+00,-1.351194918155670166e+00
-3.369652330875396729e-01,-2.494497299194335938e+00,-3.923437893390655518e-01
2.219972372055053711e+00,-1.642184793949127197e+00,-8.184998184442520142e-01
1.744357973863416289e+00,-1.252016583529361293e+00,-7.422171580836296467e-01
-2.204892082548284726e+00,-1.185918073814272056e+00,-3.599244349055549019e+00
-2.041590213775634766e+00,-7.898723334074020386e-01,-2.949280977249145508e+00
-2.408848780845925130e+00,-9.776291526694241840e-01,-3.520781209158316827e+00
1.360546043746663880e+00,4.314077127254114963e+00,5.183872989375686302e-01
-1.570127804397992044e+00,-1.658877835247075883e+00,-3.522592404557548740e+00
-1.615433931350708008e+00,-1.216028571128845215e+00,-2.949280977249145508e+00
6.974415895073737826e-01,-4.347495787830185421e+00,2.345178587889475696e-01
7.558580601424063072e-01,-4.318150465032640994e+00,5.279876472626129358e-01
9.650108675256731106e-01,-4.282346101570855268e+00,3.275259869124996226e-01
-2.574285387992858887e+00,-8.964113891124725342e-01,-1.777351140975952148e+00
1.448056149399696180e+00,-4.176282534071203756e+00,-8.463846862901558410e-01
1.367659807205200195e+00,-3.346809864044189453e+00,-8.184998184442520142e-01
5.537891956429256135e-01,-2.908571808991789354e+00,-7.366735233776534608e-01
8.349644541740417480e-01,-2.601036310195922852e+00,-9.250388890504837036e-01
5.153472423553466797e-01,-2.494497299194335938e+00,-8.184998184442520142e-01
5.537891956429256135e-01,-2.482415526566862596e+00,-1.162829552482839812e+00
-3.746215105056762695e+00,4.885964095592498779e-01,8.861249238252639771e-01
-4.065832495689392090e+00,3.820573538541793823e-01,9.926639795303344727e-01
-3.240038689942628114e+00,2.328702565721297191e+00,-1.853907013311133056e+00
-2.893902540206909180e+00,1.767065107822418213e+00,-1.670812129974365234e+00
-2.813882526726990907e+00,2.328702565721297191e+00,-2.280063295736059814e+00
-2.467746376991271973e+00,1.767065107822418213e+00,-2.096968412399291992e+00
-2.893902540206909180e+00,6.244015693664550781e-02,-3.923437893390655518e-01
-2.479372271937880789e+00,6.659976984626830854e-02,-4.409106724862348337e-01
-4.649310045338363118e+00,7.505167136337949074e-01,-3.251025121326960310e-01
1.474198877811431885e+00,-1.109489500522613525e+00,1.418820202350616455e+00
-2.422498616326238086e+00,1.077338834364732101e+00,-3.504338092526629644e+00
-2.605173931788146824e+00,6.563441696835792261e-01,-3.579882438529972788e+00
3.498441219329833984e+00,9.147526472806930542e-01,4.599687159061431885e-01
3.498441219329833984e+00,9.147526472806930542e-01,3.381246328353881836e-02
2.539589643478393555e+00,1.234369814395904541e+00,7.795858532190322876e-01
3.072284936904907227e+00,9.147526472806930542e-01,8.861249238252639771e-01
1.867090156679065194e+00,-2.017303552459541738e+00,4.998094267671510660e-01
2.186707428102405260e+00,-2.123842563461128652e+00,3.932703636114999735e-01
1.686200090456012823e+00,-1.867752170901027853e+00,3.892343996433782483e-01
1.866013168506537756e+00,-1.710175695589573497e+00,5.356141736600372738e-01
1.366582819032672980e+00,-1.761213159899440939e+00,4.957734627990293408e-01
-2.304261699318885803e-01,5.951354652643203735e-01,-1.564273059368133545e+00
3.022691309452056885e-01,-2.707575440406799316e+00,-1.792656630277633667e-01
3.022691309452056885e-01,-2.707575440406799316e+00,2.468905895948410034e-01
4.088081717491149902e-01,-2.601036310195922852e+00,3.534296527504920959e-01
4.088081717491149902e-01,-2.601036310195922852e+00,-7.272659987211227417e-02
-1.238871067762374878e-01,-2.707575440406799316e+00,1.951515555381774902e+00
5.153472423553466797e-01,-4.412200450897216797e+00,3.381246328353881836e-02
1.793816089630126953e+00,-1.216028571128845215e+00,1.312281131744384766e+00
2.646128654479980469e+00,2.193221330642700195e+00,-3.923437893390655518e-01
3.072284936904907227e+00,1.340908885002136230e+00,3.381246328353881836e-02
3.072284936904907227e+00,1.767065107822418213e+00,3.381246328353881836e-02
3.022691309452056885e-01,-5.767942219972610474e-01,2.468905895948410034e-01
5.789472343010634292e-01,-4.341500738550949090e-01,-5.171797614550460720e-02
5.789472343010634292e-01,-8.603063115765381408e-01,-5.171797614550460720e-02
3.721391556178552218e+00,-1.357773369789135653e+00,-1.577601570545514642e+00
4.389653294442508624e+00,-1.818580478429800140e-01,-7.944610553884337012e-01
4.031136631965637207e+00,-4.409889876842498779e-02,-9.250388890504837036e-01
7.284253835678100586e-01,-2.281419038772583008e+00,1.525359272956848145e+00
4.088081717491149902e-01,-2.174880027770996094e+00,1.631898343563079834e+00
4.728093895793126222e+00,-3.186080494583144462e-01,-5.446326396602899633e-01
4.444070936122514581e+00,-1.818580478429800418e-01,-4.975135953078462792e-01
4.244214892387390137e+00,-2.571770325303077698e-01,-2.858047261834144592e-01
3.706234626111214236e+00,7.618068317295416669e-01,1.784362551254659923e+00
2.219972372055053711e+00,6.244015693664550781e-02,2.164593696594238281e+00
2.219972372055053711e+00,6.244015693664550781e-02,2.590749859809875488e+00
5.017973410681086932e-01,1.125200488482746453e+00,-4.346938558242319672e+00
1.957300677895545959e-01,1.234369814395904541e+00,-3.908132672309875488e+00
1.900355160236358643e+00,5.951354652643203735e-01,-2.416585624217987061e+00
1.900355160236358643e+00,5.951354652643203735e-01,-1.990429341793060303e+00
1.900355160236358643e+00,1.021291702985763550e+00,-1.990429341793060303e+00
-7.631214410066604614e-01,3.471690177917480469e+00,-1.244655847549438477e+00
3.798795012580310271e+00,-3.554088095276769499e-01,2.140237778617272824e+00
2.202867075174800959e+00,-1.237234834751049561e+00,-4.128896940687187822e-04
2.006894230842590332e+00,-1.002950459718704224e+00,-1.792656630277633667e-01
3.828809413021313723e+00,-1.102843652613206160e+00,-1.487673044976306702e+00
3.072284936904907227e+00,-7.898723334074020386e-01,-1.244655847549438477e+00
3.708060621604122975e+00,-6.948302844173274151e-01,-1.749106970666413075e+00
3.708060621604122975e+00,-1.120986522138770702e+00,-1.749106970666413075e+00
2.582544217646520757e+00,-9.661287082555700678e-01,-3.336492355645790386e+00
1.793816089630126953e+00,-7.898723334074020386e-01,-2.949280977249145508e+00
2.329017660105279219e+00,-9.740443389235216021e-01,-3.508455412709818866e+00
-7.631214410066604614e-01,3.471690177917480469e+00,-8.184998184442520142e-01
-2.304261699318885803e-01,1.021291702985763550e+00,-1.564273059368133545e+00
-7.631214410066604614e-01,1.340908885002136230e+00,-1.244655847549438477e+00
-6.565823778510093689e-01,1.021291702985763550e+00,-1.564273059368133545e+00
-7.631214410066604614e-01,9.147526472806930542e-01,-1.244655847549438477e+00
-1.189277648925781250e+00,2.619377613067626953e+00,-3.923437893390655518e-01
9.415035247802734375e-01,-2.920653581619262695e+00,4.599687159061431885e-01
1.562566354402561419e+00,6.624851543656014030e-01,1.503839700205783281e+00
1.775644495615024798e+00,4.494070280542992735e-01,1.290761558993319902e+00
-2.505379421197887480e-01,-4.090002462832677210e+00,6.035952774721419223e-01
1.793816089630126953e+00,-2.068341016769409180e+00,-3.923437893390655518e-01
2.006894230842590332e+00,-2.281419157981872559e+00,-1.792656630277633667e-01
1.580737948417663574e+00,-2.707575440406799316e+00,-1.792656630277633667e-01
-3.369652330875396729e-01,3.471690177917480469e+00,-1.670812129974365234e+00
8.919100463390350342e-02,3.045533895492553711e+00,-2.096968412399291992e+00
8.919100463390350342e-02,3.471690177917480469e+00,-1.244655847549438477e+00
8.919100463390350342e-02,3.045533895492553711e+00,-1.670812129974365234e+00
-8.696604967117309570e-01,2.725916624069213867e+00,2.697288870811462402e+00
5.153472423553466797e-01,2.193221330642700195e+00,-1.670812129974365234e+00
-1.189277648925781250e+00,1.767065107822418213e+00,-3.923437893390655518e-01
-7.631214410066604614e-01,1.767065107822418213e+00,-3.923437893390655518e-01
1.367659807205200195e+00,9.147526472806930542e-01,-2.096968412399291992e+00
9.415035247802734375e-01,9.147526472806930542e-01,-2.096968412399291992e+00
9.415035247802734375e-01,9.147526472806930542e-01,-2.523124694824218750e+00
1.367659807205200195e+00,9.147526472806930542e-01,-2.523124694824218750e+00
-2.521874209658829802e-01,-3.502529692549440909e-01,-8.972552021525578292e-01
-3.369652330875396729e-01,6.244015693664550781e-02,-8.184998184442520142e-01
9.415035247802734375e-01,6.244015693664550781e-02,-3.923437893390655518e-01
9.415035247802734375e-01,4.885964095592498779e-01,-3.923437893390655518e-01
8.919100463390350342e-02,-1.642184793949127197e+00,-8.184998184442520142e-01
9.882828887354605518e-02,-1.254273070405587998e+00,-8.373044112834540087e-01
5.249845265949892870e-01,-1.680429293225869980e+00,-8.373044112834540087e-01
8.919100463390350342e-02,-1.642184793949127197e+00,-1.244655847549438477e+00
5.153472423553466797e-01,-2.068341016769409180e+00,-8.184998184442520142e-01
-3.401430132563648012e+00,2.567489442320995963e+00,-1.138591421969520567e+00
1.020679101138822098e+00,-4.234841787452468864e+00,6.211799444645493828e-01
1.957300603389739990e-01,-2.571770250797271729e-01,1.844976484775543213e+00
-1.402355790138244629e+00,2.406299471855163574e+00,2.468905895948410034e-01
5.789472343010634292e-01,-7.993821232490538886e-03,-9.040302578732954952e-01
-7.631214410066604614e-01,4.885964095592498779e-01,-3.923437893390655518e-01
-7.631214410066604614e-01,9.147526472806930542e-01,-8.184998184442520142e-01
-7.631214410066604614e-01,4.885964095592498779e-01,-8.184998184442520142e-01
8.919100463390350342e-02,-1.642184793949127197e+00,8.861249238252639771e-01
8.919100463390350342e-02,-2.920653581619262695e+00,4.599687159061431885e-01
3.022691011428833008e-01,-2.707575321197509766e+00,6.730467900633811951e-01
-1.734806597232818604e-02,-2.601036310195922852e+00,3.534296527504920959e-01
8.349644541740417480e-01,8.082135766744613647e-01,3.975757718086242676e+00
9.415035247802734375e-01,4.885964095592498779e-01,3.443062305450439453e+00
-7.631214410066604614e-01,-7.898723334074020386e-01,8.861249238252639771e-01
-3.369652330875396729e-01,-7.898723334074020386e-01,8.861249238252639771e-01
-7.631214410066604614e-01,-1.216028571128845215e+00,8.861249238252639771e-01
-7.631214410066604614e-01,-7.898723334074020386e-01,4.599687159061431885e-01
-1.189277648925781250e+00,-1.216028571128845215e+00,8.861249238252639771e-01
-1.534950369068916576e+00,-4.348384272372999959e+00,2.076618269952434925e-01
-1.710714626925975201e+00,-4.259419321238120837e+00,4.304943969644757229e-01
1.793816089630126953e+00,1.767065107822418213e+00,4.599687159061431885e-01
2.219972372055053711e+00,1.767065107822418213e+00,4.599687159061431885e-01
1.699338838219528469e+00,1.645385574459471423e+00,7.895181298728854991e-01
-1.036715378079189787e+00,-4.641555554219230828e+00,2.560282440092311318e-01
-1.321872227856453197e+00,-4.561462413585463338e+00,2.076618269952434925e-01
-6.620764077752083754e-01,2.212622222776039926e+00,2.670103598081918772e+00
9.979325008255772733e-01,4.865040969707440377e-01,4.310183560697266714e+00
1.367659807205200195e+00,1.340908885002136230e+00,8.861249238252639771e-01
5.153472423553466797e-01,4.324002742767333984e+00,-3.923437818884849548e-01
-1.400303447700865789e-01,3.908833082188072350e+00,1.401713412950802207e+00
-2.053216108722243582e+00,4.927560224688726787e-01,-1.475441986363049129e-02
-1.627059826297316825e+00,4.927560224688726787e-01,-1.475441986363049129e-02
-1.840137967509780204e+00,7.058341487801749192e-01,-2.278325461749326764e-01
-1.189277648925781250e+00,-1.642184793949127197e+00,-2.096968412399291992e+00
-1.295816719532012939e+00,-1.748723804950714111e+00,-1.777351200580596924e+00
-1.828512072563171387e+00,-1.002950459718704224e+00,-1.883890271186828613e+00
8.380279742514586960e-01,-4.155558645524431327e+00,1.530488821492166807e+00
8.685508706686723146e-01,-4.026593814616065359e+00,1.794892075499207484e+00
5.138267939227457726e-01,-6.913587063183253001e-01,4.368699397262911788e+00
2.981263056455276228e+00,2.442982047796244671e-01,-3.132447134226564955e+00
2.981263056455276228e+00,-1.818580478429799030e-01,-3.132447134226564955e+00
1.792739101457599737e+00,-1.761213159899440939e+00,9.219296707181501294e-01
1.775633804577346986e+00,-1.356263200701363303e+00,4.615481098214218036e-01
9.843505048930208945e-01,2.212709525306912006e+00,1.367039282783335086e+00
1.051179579810244347e+00,2.255325175405007876e+00,1.847433564552459995e+00
9.138553482868984057e-01,2.114157447377849053e+00,1.696068619561130975e+00
-3.978842257428181650e+00,-3.292730060476385390e-01,1.995599480015537663e+00
1.008517394471708961e+00,3.016855881045826138e+00,9.934278849201905182e-01
1.273182555794601711e+00,2.497698079704679941e+00,1.215674337792006288e+00
8.919100463390350342e-02,2.193221330642700195e+00,4.599687159061431885e-01
8.919100463390350342e-02,1.767065107822418213e+00,4.599687159061431885e-01
8.919100463390350342e-02,1.767065107822418213e+00,8.861249238252639771e-01
-6.565823778510093689e-01,8.082135766744613647e-01,-3.908132672309875488e+00
-3.320058822631835938e+00,4.885964095592498779e-01,1.738437414169311523e+00
-3.320058822631835938e+00,4.885964095592498779e-01,1.312281131744384766e+00
5.153472423553466797e-01,9.147526472806930542e-01,-1.670812129974365234e+00
1.048042595386505127e+00,5.951354652643203735e-01,-1.564273059368133545e+00
2.593300597352713455e-01,-7.537672409703064513e-01,-3.713351656124578848e-01
1.687277019023895264e+00,1.660526037216186523e+00,-1.777351200580596924e+00
1.793816089630126953e+00,1.767065107822418213e+00,-2.096968412399291992e+00
1.367659807205200195e+00,1.767065107822418213e+00,-2.096968412399291992e+00
1.261120736598968506e+00,1.660526037216186523e+00,-1.777351200580596924e+00
1.580737948417663574e+00,-5.767942219972610474e-01,1.951515555381774902e+00
1.900355219841003418e+00,1.021291702985763550e+00,1.418820202350616455e+00
2.113433361053466797e+00,8.082135766744613647e-01,1.205742061138153076e+00
1.669105484613437884e+00,7.690241951695107048e-01,1.184222488387088212e+00
8.919100463390350342e-02,1.340908885002136230e+00,8.861249238252639771e-01
-1.615433931350708008e+00,-1.216028571128845215e+00,4.599687159061431885e-01
5.153472423553466797e-01,9.147526472806930542e-01,2.590749859809875488e+00
-2.467746376991271973e+00,2.193221330642700195e+00,1.312281131744384766e+00
-2.148129224777221680e+00,1.660526037216186523e+00,1.631898343563079834e+00
-2.574285387992858887e+00,1.660526037216186523e+00,1.631898343563079834e+00
-3.442874742545997790e+00,6.012656664820805741e-01,-1.684848285843927318e-01
-3.533136963844299316e+00,1.127830773591995239e+00,-1.792656630277633667e-01
-3.746215105056762695e+00,9.147526472806930542e-01,8.861249238252639771e-01
-3.426597833633422852e+00,8.082135766744613647e-01,7.795858532190322876e-01
-3.426597833633422852e+00,8.082135766744613647e-01,1.205742061138153076e+00
-1.615433931350708008e+00,-3.637160956859588623e-01,-8.184998184442520142e-01
-1.828512072563171387e+00,2.832455754280090332e+00,2.468905895948410034e-01
-1.828512072563171387e+00,2.406299471855163574e+00,2.468905895948410034e-01
1.793816089630126953e+00,1.340908885002136230e+00,4.599687159061431885e-01
1.592799827217941555e+00,1.538846503853239733e+00,1.109135267185774598e+00
1.367659807205200195e+00,9.147526472806930542e-01,3.381246328353881836e-02
1.580737948417663574e+00,1.127830773591995239e+00,-1.792656630277633667e-01
1.367659807205200195e+00,1.340908885002136230e+00,3.381246328353881836e-02
1.474198877811431885e+00,-1.535645723342895508e+00,1.844976484775543213e+00
8.919100463390350342e-02,1.767065107822418213e+00,3.016906023025512695e+00
-1.734806597232818604e-02,1.873604178428649902e+00,3.549601435661315918e+00
1.261120736598968506e+00,1.660526037216186523e+00,3.549601435661315918e+00
9.415035247802734375e-01,1.767065107822418213e+00,3.443062305450439453e+00
9.415035247802734375e-01,1.340908885002136230e+00,3.443062305450439453e+00
1.795048760095571128e+00,-3.734606831058258969e+00,3.841452393812910260e-01
1.261120736598968506e+00,-3.453348875045776367e+00,-7.272659987211227417e-02
-6.208589905545824905e-01,-4.309682790268447583e+00,1.072624356197465767e+00
-6.409707627424826581e-01,-4.307101954417957401e+00,6.835556541392732166e-01
-6.783436288850037688e-01,-3.502529692549440909e-01,-4.710991730473713668e-01
-2.521874209658829802e-01,-7.764092069763872672e-01,-8.972552021525578292e-01
-1.189277648925781250e+00,1.767065107822418213e+00,-2.949280977249145508e+00
-1.295816719532012939e+00,1.660526037216186523e+00,-2.629663705825805664e+00
-1.189277648925781250e+00,1.767065107822418213e+00,-2.523124694824218750e+00
1.742862627034327705e+00,4.376429385410552375e-01,2.136800866927035969e+00
2.006894230842590332e+00,7.016745358705520630e-01,-1.883890271186828613e+00
2.646128654479980469e+00,4.885964095592498779e-01,-1.244655847549438477e+00
2.646128654479980469e+00,4.885964095592498779e-01,-1.670812129974365234e+00
2.219972372055053711e+00,-2.068341016769409180e+00,-1.670812129974365234e+00
2.113433361053466797e+00,-4.702551513910293579e-01,-1.777351200580596924e+00
1.580737948417663574e+00,1.127830773591995239e+00,1.525359272956848145e+00
2.767792831629517725e+00,2.442982047796245226e-01,3.379729881940506608e+00
9.415035247802734375e-01,1.340908885002136230e+00,3.381246328353881836e-02
4.088081717491149902e-01,-8.964113891124725342e-01,-3.055819988250732422e+00
-1.734806597232818604e-02,-8.964113891124725342e-01,-3.481976270675659180e+00
3.670829826601291312e+00,-2.334692089552907746e+00,1.881095460097063632e-01
2.387453740043000927e+00,-3.599331926293142914e+00,-1.733933001296040555e+00
2.298000451450107118e+00,-3.741501383555937643e+00,-1.489676906872086315e+00
-1.403266881287931478e-01,-2.181544230125258998e+00,-3.695617928031447619e+00
-1.238871067762374878e-01,-5.767942219972610474e-01,-1.883890271186828613e+00
8.919100463390350342e-02,-3.637160956859588623e-01,-2.096968412399291992e+00
-2.467746376991271973e+00,-1.642184793949127197e+00,2.164593696594238281e+00
-2.077709502197096825e+00,-1.562670282921102771e+00,3.835723936420815106e-01
4.314147185995656497e-01,-4.137363620461135483e+00,-8.124583296426786116e-01
6.218863129615783691e-01,-4.092583298683166504e+00,-4.988828450441360474e-01
8.919100463390350342e-02,6.244015693664550781e-02,-2.949280977249145508e+00
8.919100463390350342e-02,-3.637160956859588623e-01,-2.949280977249145508e+00
8.919100463390350342e-02,-3.637160956859588623e-01,-2.523124694824218750e+00
3.223130481547043402e+00,-2.842421811479186378e+00,5.964521853708115717e-01
3.376277125974670223e+00,-2.721525999694544229e+00,3.593516186186908046e-01
3.557360363710217577e+00,-2.494568090585068454e+00,4.086379943367284273e-01
3.498441219329833984e+00,-1.216028571128845215e+00,-3.923437893390655518e-01
3.072284936904907227e+00,-1.642184793949127197e+00,-3.923437893390655518e-01
-4.435042887926101685e-01,-4.702551513910293579e-01,2.058054625988006592e+00
-3.369652330875396729e-01,-3.637160956859588623e-01,1.738437414169311523e+00
-1.238871067762374878e-01,-5.767942219972610474e-01,1.951515555381774902e+00
-2.304261624813079834e-01,-6.833332777023315430e-01,1.844976484775543213e+00
-3.224157633779323184e-01,-2.046954919225893121e+00,1.780051478135834975e+00
-7.631214410066604614e-01,-1.216028571128845215e+00,2.164593696594238281e+00
-9.761995077133178711e-01,-1.642184734344482422e+00,3.656140446662902832e+00
-1.231832104921304794e+00,-2.035569110588548725e+00,3.827702690905758764e+00
3.022691383957862854e-01,-4.412200450897216797e+00,-6.054219007492065430e-01
-1.141000559086947419e+00,-8.196268394342238750e-01,3.019732753332585951e+00
9.412143421391329090e-01,-2.213163686187893830e+00,3.757254828815797421e+00
1.009906985315697781e-02,-2.385297285738483986e+00,3.604297713011705984e+00
-1.542437660519504206e-01,-2.168998463848500258e+00,3.735999367177331720e+00
-2.857223112586572689e-01,-2.397288703085827422e+00,3.600859196090194114e+00
1.367659807205200195e+00,2.193221330642700195e+00,-1.670812129974365234e+00
1.687277019023895264e+00,2.086682260036468506e+00,-1.351194918155670166e+00
1.793816089630126953e+00,2.193221330642700195e+00,-1.670812129974365234e+00
-3.210869997720449565e+00,-1.453105720176061766e+00,2.908612845007566339e+00
-3.355908840726356868e+00,-1.194123537605991325e+00,2.853557991370813340e+00
-3.249369829724769954e+00,-6.614282292783164596e-01,2.747018980369226426e+00
1.599237904801861898e+00,-2.482822610969364963e+00,2.902581242840294617e+00
1.474198877811431885e+00,-2.601036310195922852e+00,2.271132707595825195e+00
1.120521127263943040e+00,-2.711131657955439866e+00,2.770301077421463365e+00
1.245560154254373053e+00,-2.592917958728881977e+00,3.401749612665932787e+00
-7.056668724684170835e-01,9.941288474073241010e-01,2.196867116916612517e+00
-1.554662748440481801e+00,9.235934086277317601e-01,4.262862353289746942e+00
1.367659807205200195e+00,2.619377613067626953e+00,-1.670812129974365234e+00
-4.203059434554539564e+00,1.249610517882479233e+00,-8.932389415104813324e-01
-2.159755119723830497e+00,8.123731895840842210e-01,-9.736057721976529855e-01
-2.574285387992858887e+00,1.234369814395904541e+00,-9.250388890504837036e-01
-2.479372271937880789e+00,9.189122601903159104e-01,-4.409106724862348337e-01
-2.053216108722243582e+00,9.189122601903159104e-01,-4.409106724862348337e-01
-2.148129224777221680e+00,1.234369814395904541e+00,-9.250388890504837036e-01
-4.090991901938505038e+00,1.489696785420804304e+00,-1.008471713830547678e+00
-2.462419447095858249e+00,5.767870790014668625e-01,4.392527740448712859e-01
-2.888575610311495456e+00,1.002943316722910039e+00,4.392527740448712859e-01
-2.467746376991271973e+00,9.147526472806930542e-01,4.599687159061431885e-01
-2.467746376991271973e+00,9.147526472806930542e-01,3.381246328353881836e-02
-2.893902540206909180e+00,1.340908885002136230e+00,3.381246328353881836e-02
-2.888575610311495456e+00,1.002943316722910039e+00,1.309652142226694349e-02
-3.101653751523958835e+00,7.898652053127690476e-01,2.261746477335691285e-01
-3.106980681419372559e+00,1.127830773591995239e+00,2.468905895948410034e-01
-3.106980681419372559e+00,1.127830773591995239e+00,-1.792656630277633667e-01
-2.577614687237655744e+00,1.741096188136142864e+00,3.101481526449790804e-01
-2.471075676236068830e+00,1.421479035922092571e+00,-9.469036821974197160e-03
-3.106980681419372559e+00,7.016745358705520630e-01,-1.792656630277633667e-01
-1.228601357583885445e+00,3.920186061092705732e+00,5.469592805574227112e-01
-5.110237795170173847e-01,1.853736466615452105e+00,-4.076229878059848488e+00
-7.157339539559840480e-01,1.636645401334655414e+00,-4.140660830488995359e+00
-7.713341980054446712e-01,1.895260187788738060e+00,-3.995175164998279627e+00
5.107264710799101770e-02,2.180205298318965923e+00,-4.202970002373676905e+00
2.377007990358660505e-01,1.960190868467656111e+00,-4.291866893992638765e+00
-7.631214410066604614e-01,6.244015693664550781e-02,3.016906023025512695e+00
-7.631214410066604614e-01,6.244015693664550781e-02,3.443062305450439453e+00
-3.369652330875396729e-01,6.244015693664550781e-02,3.443062305450439453e+00
-7.631214410066604614e-01,-3.637160956859588623e-01,3.443062305450439453e+00
-1.189277648925781250e+00,6.244015693664550781e-02,3.443062305450439453e+00
-7.631214410066604614e-01,-3.637160956859588623e-01,3.869218587875366211e+00
-4.590934725292758145e+00,-9.882834159613805847e-01,-1.831688704724820926e-01
-4.634128381809821562e+00,-7.986932780223072736e-01,8.109228108147975567e-02
-2.406891378786347069e+00,3.346678229046081920e+00,1.657182404646327267e+00
-2.150068289113175712e+00,3.448754249182735432e+00,1.781002777261711634e+00
-6.529536416445691493e-01,4.032805004675235949e+00,2.333049217433287748e+00
-7.631214410066604614e-01,1.340908885002136230e+00,3.381246328353881836e-02
-4.102427119173118752e-01,2.119685653198326136e+00,-1.296069241005989081e+00
-7.298598641313621682e-01,2.226224723804557826e+00,-1.189530170399757392e+00
-4.851798452882943868e-01,2.482443574810316633e+00,-1.257503332169566557e+00
-4.435042887926101685e-01,2.086682260036468506e+00,-9.250388890504837036e-01
-3.037036562122413796e-01,1.800068500984275843e+00,-7.633741412945710403e-01
-4.435042887926101685e-01,1.660526037216186523e+00,-9.250388890504837036e-01
-3.369652330875396729e-01,1.767065107822418213e+00,-3.923437893390655518e-01
-7.198193209483596533e-01,2.168831547391673276e+00,1.758291988629140601e+00
-1.034366626679610768e+00,2.273185992787495113e+00,1.868548008412119987e+00
-6.027163888362910837e-01,2.360324111655741852e+00,1.469577058321381635e+00
-2.843109493007523803e+00,2.848685596623218297e-01,3.219453983004546327e+00
-2.467746376991271973e+00,6.244015693664550781e-02,2.590749859809875488e+00
-2.304261699318885803e-01,-1.109489500522613525e+00,1.403515264391899109e-01
-7.631214410066604614e-01,-1.216028571128845215e+00,4.599687159061431885e-01
-6.565823778510093689e-01,-1.109489500522613525e+00,1.403515264391899109e-01
-2.304261699318885803e-01,-1.109489500522613525e+00,-2.858047261834144592e-01
-7.631214410066604614e-01,-1.216028571128845215e+00,3.381246328353881836e-02
-3.369652330875396729e-01,-1.216028571128845215e+00,3.381246328353881836e-02
-4.034533500364180902e+00,2.388715218777637261e+00,3.903454440993078811e-01
-3.533136844635009766e+00,1.980143189430236816e+00,2.468905895948410034e-01
-8.028669864062430994e-01,-3.430684075151760326e-01,8.340150378479672666e-01
-7.631214410066604614e-01,-7.898723334074020386e-01,1.312281131744384766e+00
-4.123754877803830432e+00,1.473750993147918020e+00,9.643557006328771219e-01
-4.063578928810028579e+00,1.751089780591432499e+00,7.629594190592273728e-01
-4.206486414859282874e+00,1.448133334239919634e+00,6.778220809858466200e-01
-8.696604967117309570e-01,-1.748723804950714111e+00,3.534296527504920959e-01
8.155346997837502609e-01,2.565519761777499408e+00,3.452957339953514282e+00
-4.435042887926101685e-01,3.365151166915893555e+00,2.271132707595825195e+00
-3.369652256369590759e-01,3.471690177917480469e+00,2.377671718597412109e+00
6.421839785253768973e-01,-4.625654186109613875e+00,-8.670606603921878763e-01
3.862412026294611000e-01,4.310375574888475114e+00,-1.432891431853475117e+00
4.131651148835643328e-01,4.377018002085815596e+00,-1.196939248050561844e+00
-2.574285387992858887e+00,1.234369814395904541e+00,-1.351194918155670166e+00
-2.574285387992858887e+00,8.082135766744613647e-01,-1.351194918155670166e+00
-2.893902540206909180e+00,9.147526472806930542e-01,-1.670812129974365234e+00
-2.574285387992858887e+00,1.234369814395904541e+00,-1.777351200580596924e+00
-3.040036124264973605e+00,-1.897675899036536107e+00,2.813767397778557111e+00
-2.574285387992858887e+00,-1.322567641735076904e+00,2.697288870811462402e+00
-2.574285387992858887e+00,-1.748723864555358887e+00,2.271132707595825195e+00
-1.723912006688248955e+00,3.448754249182735432e+00,2.207159059686638614e+00
4.937474163247108638e-01,-4.680660557352938511e+00,-6.340294057972798436e-01
-2.467746376991271973e+00,1.340908885002136230e+00,2.164593696594238281e+00
-2.467746376991271973e+00,1.340908885002136230e+00,2.590749859809875488e+00
6.759117115268706288e-02,-4.680660557352938511e+00,-6.340294057972798436e-01
-1.168133295272007377e+00,3.657120774026603627e+00,-2.540634897708226703e+00
-2.294803276769290079e+00,1.294561785909412510e+00,3.701417573726734744e+00
-2.181502495931174401e+00,1.094517984447517467e+00,3.818895354852005930e+00
-3.369652330875396729e-01,6.244015693664550781e-02,3.869218587875366211e+00
-7.631214410066604614e-01,4.885964095592498779e-01,3.443062305450439453e+00
-3.369652330875396729e-01,4.885964095592498779e-01,3.443062305450439453e+00
-1.295816719532012939e+00,-4.409889876842498779e-02,2.910367012023925781e+00
-7.631214410066604614e-01,-3.637160956859588623e-01,3.016906023025512695e+00
-8.696605116128921509e-01,-4.409889876842498779e-02,2.910367012023925781e+00
-1.189277648925781250e+00,6.244015693664550781e-02,3.016906023025512695e+00
-2.041590213775634766e+00,6.244015693664550781e-02,1.738437414169311523e+00
-2.437720686438542561e+00,1.075295825362978519e+00,3.681723033743605988e+00
-1.843401937240163768e+00,1.691137336044573836e+00,-3.603378244545983655e+00
7.964008990916250363e-01,-4.254808067309470587e+00,8.222762137737382737e-01
-2.339980703326442146e+00,8.333010922685931687e-01,3.784535659431242482e+00
-2.233441692324855232e+00,5.136839251533816819e-01,3.677996648429655568e+00
1.855367050243181160e+00,-4.084759257731938931e+00,-4.084983666716930362e-01
-1.797693430330971065e+00,2.575474537689977694e+00,3.125741254932112412e+00
-1.571046840195871930e+00,2.761792553721813093e+00,3.097099185258014309e+00
-2.068657124159199778e+00,1.386500611732645716e+00,3.780001149762579171e+00
-2.230020600073046921e+00,2.913332706912893366e-01,-4.127519525817531232e+00
-3.959293127059936523e+00,2.755182981491088867e-01,-1.670812129974365234e+00
-4.248726548404061276e+00,4.916952245060125515e-01,-1.716796787813644976e+00
-4.305253631838619199e+00,2.329270186109428931e-01,-1.854356687712710894e+00
-3.320058822631835938e+00,1.767065107822418213e+00,-8.184998184442520142e-01
-3.320058822631835938e+00,-1.216028571128845215e+00,4.599687159061431885e-01
-3.533136844635009766e+00,2.755182981491088867e-01,-1.670812129974365234e+00
-8.931093102363524272e-01,-1.570299855725924454e+00,-4.091441113759449522e+00
-1.319265518155473327e+00,-1.996456078546206436e+00,-3.665284831334522764e+00
-1.119626548357813167e+00,-2.182845493523268399e+00,-3.632170017571175524e+00
-1.084997564407537141e+00,-1.657524647664772588e-01,-4.340946441464443417e+00
-1.240096708176496865e+00,-3.437159040586192926e-01,-3.940596140955174853e+00
-8.422744378251130204e-01,-3.615442939955452739e-01,-3.904235578349906532e+00
-6.548571246465781925e-01,7.278814428558784133e-01,4.338686474420755168e+00
-5.916235132246269179e-01,1.020209149190573483e-01,4.697208861903385824e+00
2.065066629804441778e-01,-3.263914748925213161e+00,-2.778932824254892076e+00
2.234356141584540101e+00,-2.978932677557067699e+00,-1.404587074172409800e+00
1.938167333171123996e+00,-3.039497117248854074e+00,-1.415519442296475638e+00
4.709270685075141571e+00,-7.531898468732893537e-02,7.217344555163095476e-01
4.763688326755145752e+00,-7.531898468732894925e-02,4.247869954357217370e-01
4.734982047449211251e+00,-2.471198487510256059e-01,5.739473749542773895e-01
2.539589643478393555e+00,-4.702551513910293579e-01,1.205742061138153076e+00
3.810289836975594202e+00,-1.886720274897026428e+00,1.248941242203673196e+00
2.553675515055342959e+00,-9.912517043870678890e-01,3.382124015183732624e+00
-2.158767002222811981e-01,-1.514259625799379672e+00,1.460434266317139906e+00
1.037404743435108856e-01,-1.620798696405611361e+00,1.353895195710908217e+00
8.919100463390350342e-02,-1.216028571128845215e+00,1.312281131744384766e+00
-1.734806597232818604e-02,3.820573538541793823e-01,7.795858606696128845e-01
-1.734806597232818604e-02,-4.409889876842498779e-02,7.795858606696128845e-01
1.570342121208936792e+00,2.442982047796247169e-01,-4.238337377763037317e+00
1.793816089630126953e+00,-3.637160956859588623e-01,-2.949280977249145508e+00
1.367659807205200195e+00,4.885964095592498779e-01,-3.375437259674072266e+00
1.793816089630126953e+00,6.244015693664550781e-02,-2.949280977249145508e+00
-3.369652330875396729e-01,-2.494497299194335938e+00,4.599687159061431885e-01
-1.734806597232818604e-02,-2.601036310195922852e+00,7.795858532190322876e-01
-3.369652330875396729e-01,1.340908885002136230e+00,-1.670812129974365234e+00
-2.304261699318885803e-01,1.021291702985763550e+00,-1.990429341793060303e+00
-4.241815088373153131e+00,5.465852610135999434e-01,-1.362494894981610472e+00
8.919100463390350342e-02,2.193221330642700195e+00,-2.523124694824218750e+00
-3.369652330875396729e-01,1.767065107822418213e+00,-2.949280977249145508e+00
8.919100463390350342e-02,2.193221330642700195e+00,-2.949280977249145508e+00
-8.696604967117309570e-01,-4.702551513910293579e-01,-2.629663705825805664e+00
6.218863129615783691e-01,2.512838602066040039e+00,-3.055819988250732422e+00
9.826780083519671694e-01,3.279787640494066903e+00,-3.141068163836404636e+00
1.069596392332461843e+00,3.456024210663511731e+00,-2.922300391249765816e+00
1.900355160236358643e+00,-1.535645723342895508e+00,-2.858047261834144592e-01
1.900355160236358643e+00,-1.109489500522613525e+00,-2.858047261834144592e-01
1.733483568468330294e+00,-1.283619391821074984e+00,-4.229957135247254807e-01
1.733483568468330294e+00,-1.709775614641356967e+00,-4.229957135247254807e-01
-1.210030318738173793e+00,-3.700009715328293591e+00,-1.547051507551604699e+00
-1.412453619585416931e+00,-3.716274134095296944e+00,-1.323669884020251875e+00
6.218863129615783691e-01,-4.092583298683166504e+00,-7.272659242153167725e-02
9.415035247802734375e-01,-3.772966146469116211e+00,3.381246328353881836e-02
-2.956069356550134475e-01,-4.636869924032262169e+00,-3.007518220635174364e-02
2.096328064173214045e+00,-1.769930068572918458e+00,3.192042997728845588e-01
-3.000441551208496094e+00,-4.409889876842498779e-02,3.534296527504920959e-01
-1.615433931350708008e+00,-3.637160956859588623e-01,3.016906023025512695e+00
-1.615433931350708008e+00,-3.637160956859588623e-01,2.590749859809875488e+00
-3.369652330875396729e-01,-2.494497299194335938e+00,2.164593696594238281e+00
2.393551271031769012e+00,1.614229825554965414e+00,3.008886762861067599e+00
1.687277019023895264e+00,-8.964113891124725342e-01,-7.272659987211227417e-02
1.883249863356106113e+00,-1.130695764144817872e+00,1.061261734615823737e-01
1.579660960245136359e+00,-1.121978825669017965e+00,2.826953364877271557e-01
1.474198877811431885e+00,-1.535645723342895508e+00,-2.858047261834144592e-01
1.307327286043403536e+00,-1.709775614641356967e+00,-4.229957135247254807e-01
2.113433361053466797e+00,-2.174880027770996094e+00,-7.272659987211227417e-02
1.793816149234771729e+00,-1.642184734344482422e+00,3.381246328353881836e-02
-4.548734382972693169e+00,-8.041577862711004610e-01,9.947106496900264272e-01
4.743371776019962294e-01,1.873897470788713493e+00,4.264286244775837176e+00
4.721172978764545114e+00,-5.979692226477320016e-01,7.426595025991741816e-02
3.498441219329833984e+00,-7.898723334074020386e-01,-3.923437893390655518e-01
3.498441219329833984e+00,-1.216028571128845215e+00,-8.184998184442520142e-01
3.498441219329833984e+00,-7.898723334074020386e-01,-8.184998184442520142e-01
-3.369652330875396729e-01,6.244015693664550781e-02,3.381246328353881836e-02
-1.734806597232818604e-02,-4.409889876842498779e-02,3.534296527504920959e-01
-3.369652330875396729e-01,6.244015693664550781e-02,4.599687159061431885e-01
8.919100463390350342e-02,2.193221330642700195e+00,-3.923437893390655518e-01
-2.304261699318885803e-01,1.873604118824005127e+00,-2.858047261834144592e-01
8.919100463390350342e-02,1.767065107822418213e+00,-3.923437893390655518e-01
-6.565823778510093689e-01,-6.833332628011703491e-01,-1.990429341793060303e+00
-2.304261699318885803e-01,-6.833332628011703491e-01,-1.564273059368133545e+00
-1.189277648925781250e+00,-3.637160956859588623e-01,-1.670812129974365234e+00
-6.565823778510093689e-01,-6.833332628011703491e-01,-1.564273059368133545e+00
-3.320058822631835938e+00,1.767065107822418213e+00,8.861249238252639771e-01
-3.191917985674086466e-01,-3.546860999111849377e+00,2.451114491388557859e+00
-3.369652330875396729e-01,4.885964095592498779e-01,-8.184998184442520142e-01
-3.369652330875396729e-01,9.147526472806930542e-01,-8.184998184442520142e-01
-3.369652330875396729e-01,9.147526472806930542e-01,-3.923437893390655518e-01
8.919100463390350342e-02,9.147526472806930542e-01,-8.184998184442520142e-01
-1.935051143169403076e+00,1.021291702985763550e+00,-1.990429341793060303e+00
-2.041590154170989990e+00,9.147526323795318604e-01,-1.670812129974365234e+00
-2.155332508716734985e+00,7.693116037375793415e-01,-1.835549465768975042e+00
-2.048793497715148071e+00,8.758506743438110309e-01,-2.155166677587669888e+00
-1.729176285896453003e+00,7.693116037375793415e-01,-2.261705688589256802e+00
-1.721973001956939697e+00,1.234369814395904541e+00,-2.203507423400878906e+00
-1.615433931350708008e+00,9.147526323795318604e-01,-2.096968352794647217e+00
-1.238871067762374878e-01,7.016745358705520630e-01,-3.588515400886535645e+00
-1.734804362058639526e-02,1.021291702985763550e+00,-3.695054531097412109e+00
-2.304261699318885803e-01,1.234369814395904541e+00,-3.908132672309875488e+00
-3.369652330875396729e-01,9.147526472806930542e-01,-3.801593542098999023e+00
4.524762512097474376e-01,1.377591490745543601e-01,-4.702186346927264005e+00
3.012541110589075366e-01,3.990462289357840642e-01,-4.702186346927310190e+00
-7.631214410066604614e-01,6.244015693664550781e-02,-3.801593542098999023e+00
8.919100463390350342e-02,-3.637160956859588623e-01,3.869218587875366211e+00
-2.304261699318885803e-01,5.951354652643203735e-01,-1.990429341793060303e+00
-1.189277648925781250e+00,9.147526472806930542e-01,3.381246328353881836e-02
-1.189277648925781250e+00,4.885964095592498779e-01,3.381246328353881836e-02
-2.329906094018427076e+00,1.828937752876408140e+00,-3.261857555171251644e+00
-2.399938260110424437e+00,1.604037651027365730e+00,-3.339147542962782822e+00
-2.625983981660750644e+00,-2.299796973559641522e+00,2.521587759459278377e+00
8.919100463390350342e-02,1.340908885002136230e+00,-1.244655847549438477e+00
3.022691309452056885e-01,1.127830773591995239e+00,-1.457733988761901855e+00
-2.018853172181191091e+00,1.353251829045312160e+00,-7.905658894882789944e-01
-1.615433931350708008e+00,1.340908885002136230e+00,-8.184998184442520142e-01
-2.018853172181191091e+00,1.779408051865594143e+00,-1.216721918593465457e+00
-2.041590213775634766e+00,1.767065107822418213e+00,-8.184998184442520142e-01
7.494237112903351372e-01,1.377591490745543046e-01,-4.647768705247258936e+00
-1.141890161875104948e+00,1.636645401334655414e+00,-3.714504548064068157e+00
4.925073179195921247e-01,4.380539272968627884e+00,7.611119841265937547e-01
6.909168687812528020e-01,4.391430220251100636e+00,5.405642861788793052e-01
4.088081717491149902e-01,4.217463612556457520e+00,3.534296527504920959e-01
5.843777981750211126e-01,4.711047372465150929e+00,4.340252230232281572e-01
3.859682473133604352e-01,4.700156425182678177e+00,6.545729209709426621e-01
-3.426597833633422852e+00,8.082135766744613647e-01,1.844976484775543213e+00
-3.978639619041911768e+00,5.915486103730263068e-01,1.958504521415527444e+00
-4.085178630043499126e+00,9.111657774882377936e-01,2.065043592021758911e+00
-3.552483336616985010e+00,5.915486103730263068e-01,2.384660803840453980e+00
1.367659807205200195e+00,1.767065107822418213e+00,-8.184998184442520142e-01
8.919100463390350342e-02,-2.920653581619262695e+00,1.738437414169311523e+00
-1.238871067762374878e-01,-2.707575440406799316e+00,1.525359272956848145e+00
1.103420873665370117e+00,-2.816613275961495244e+00,3.271231353762917848e+00
-6.565823704004287720e-01,-1.748723804950714111e+00,3.549601316452026367e+00
1.900355160236358643e+00,1.873604118824005127e+00,1.403515264391899109e-01
-1.524481214420313702e+00,3.312235606738055393e-01,-4.423985804206624906e+00
-1.717790981434997644e+00,1.046914450643334493e-01,-4.374451893109696954e+00
-2.210996036661067699e+00,-3.346171681292778644e+00,-1.920223558653051832e+00
-1.992208757845243206e+00,-5.023856476015711725e-02,-4.262859987278918794e+00
1.242949142583866351e+00,7.690241951695107048e-01,1.610378770812014970e+00
4.410931060170517171e+00,-1.248342618475284382e+00,-9.761145876609287342e-01
4.320667111226647705e+00,-1.489213781356345745e+00,-1.083967342702857994e+00
8.919100463390350342e-02,9.147526472806930542e-01,8.861249238252639771e-01
3.988168657336219614e+00,-1.384835957883236102e+00,-5.899195100602050434e-01
-9.371799874361381733e-01,2.279892689435734088e+00,-3.650073595634922174e+00
1.349488213190098040e+00,8.755632657757423942e-01,8.646053510741990022e-01
1.349488213190098040e+00,8.755632657757423942e-01,1.290761558993319902e+00
-1.141890161875104948e+00,2.062801624154937397e+00,-3.714504548064068157e+00
1.008517394471708961e+00,3.016855881045826138e+00,5.672716770010697296e-01
1.273182555794601711e+00,2.497698079704679941e+00,7.895181298728854991e-01
-1.141129380403651972e+00,1.362453078678699026e+00,1.741219351659260228e+00
-8.696605116128921509e-01,1.234369814395904541e+00,1.631898343563079834e+00
-7.056668724684170835e-01,1.420285085128767388e+00,1.770710834491685537e+00
1.687277078628540039e+00,3.820573538541793823e-01,2.484210789203643799e+00
1.636323616032740791e+00,3.311038828359847419e-01,2.030261796320804280e+00
1.318201691438489531e+00,-1.678172806349643276e+00,-7.422171580836296467e-01
2.355344417276689750e+00,1.830792181895537496e+00,-2.879521946497995977e+00
3.663878565840642754e+00,5.055852846410815449e-01,-2.334745517819004412e+00
3.749782532585475447e+00,2.442982047796243839e-01,-2.210292136309072841e+00
2.539589643478393555e+00,-8.964113891124725342e-01,7.795858532190322876e-01
2.096328064173214045e+00,-9.176176527346767697e-01,7.453605002414247505e-01
-1.243096429961514371e+00,3.817731105488572307e+00,-1.372422750146150339e+00
2.219016845549589334e+00,3.667977950424465394e+00,-8.427944663668868186e-01
4.196573978476445532e+00,3.990462289360111048e-01,-2.015128306000309344e+00
-7.092554519919421763e-01,1.827628877833873178e+00,1.363037987715149946e+00
-1.144717959927177064e+00,1.769796871383805037e+00,1.333546504882724637e+00
-3.594173146302901412e-01,-3.694089661793580337e+00,2.188573204945924111e+00
-6.004653545115011815e-01,-3.593269779410478204e+00,2.312721621079425471e+00
-2.648795019853310340e+00,1.723450792517188468e+00,3.086684607393752611e+00
-1.434039787115751086e+00,6.920733202101387871e-01,4.333750067863340050e+00
-1.371554561717903464e+00,7.017299220979020813e-01,3.867707096001796074e+00
-1.263290245357821417e+00,9.410149553945306167e-01,4.337174982547185031e+00
-1.081013332565698981e+00,7.278814428558784133e-01,4.338686474420755168e+00
-7.631214410066604614e-01,4.885964095592498779e-01,3.381246328353881836e-02
-7.631214410066604614e-01,6.244015693664550781e-02,3.381246328353881836e-02
-7.631214410066604614e-01,6.244015693664550781e-02,4.599687159061431885e-01
-4.574388477054032620e+00,9.933864841085486841e-01,-4.955999564693206461e-01
-2.445009335396828298e+00,1.353251829045312160e+00,-7.905658894882789944e-01
5.249845265949892870e-01,-1.254273070405587998e+00,-8.373044112834540087e-01
-3.320058822631835938e+00,-1.642184793949127197e+00,8.861249238252639771e-01
8.919100463390350342e-02,-1.642184793949127197e+00,-3.923437893390655518e-01
9.882828887354605518e-02,-1.254273070405587998e+00,-4.111483821782676018e-01
1.135671453082626847e+00,-7.247717102496097352e-01,4.211529266695272611e+00
1.561827735507553605e+00,-7.247717102496097352e-01,3.785372984270345409e+00
3.422218212040230689e+00,-7.550025814429297544e-01,2.881623012302579223e+00
3.252024491211911617e+00,-8.032767921139855050e-01,3.031365092936086025e+00
2.808547448288724713e+00,-1.337868600585467860e+00,2.765211675966899207e+00
8.919100463390350342e-02,-2.068341016769409180e+00,-8.184998184442520142e-01
5.153472423553466797e-01,-2.494497299194335938e+00,-3.923437893390655518e-01
8.919100463390350342e-02,-2.494497299194335938e+00,-3.923437893390655518e-01
8.919100463390350342e-02,-2.494497299194335938e+00,-1.244655847549438477e+00
8.919100463390350342e-02,-2.494497299194335938e+00,-8.184998184442520142e-01
-3.369652330875396729e-01,-2.920653581619262695e+00,-8.184998184442520142e-01
-2.041590213775634766e+00,4.885964095592498779e-01,1.738437414169311523e+00
-2.148129224777221680e+00,8.082135766744613647e-01,1.631898343563079834e+00
-1.935051143169403076e+00,5.951354652643203735e-01,1.418820202350616455e+00
1.636223146617613811e+00,3.529815630252123082e+00,1.802745422268193121e+00
1.836690917106212018e+00,3.539372011185142775e+00,1.580378360844975960e+00
1.571640052609876825e+00,3.681150089787176061e+00,1.552341074393210674e+00
4.088081717491149902e-01,-3.027192592620849609e+00,-1.777351200580596924e+00
-7.631214410066604614e-01,3.045533895492553711e+00,-2.096968412399291992e+00
-4.435042887926101685e-01,2.512838542461395264e+00,-1.777351200580596924e+00
-8.696604967117309570e-01,2.512838542461395264e+00,-1.777351200580596924e+00
-1.189277648925781250e+00,2.619377613067626953e+00,-2.096968412399291992e+00
-7.631214410066604614e-01,2.619377613067626953e+00,-2.096968412399291992e+00
1.298534750594298792e+00,3.984535570361046330e-01,1.689125011751044347e+00
1.793816089630126953e+00,6.244015693664550781e-02,3.016906023025512695e+00
1.687277078628540039e+00,1.234369814395904541e+00,1.205742061138153076e+00
1.421078205102450642e+00,9.430649300552492731e-01,2.633660602925487648e+00
1.792739101457599737e+00,-1.335056937079158956e+00,9.219296707181501294e-01
3.072284936904907227e+00,-1.642184793949127197e+00,1.312281131744384766e+00
3.604980349540710449e+00,-6.833332628011703491e-01,1.205742061138153076e+00
-1.570127804397992044e+00,-2.085034058067357865e+00,-3.522592404557548740e+00
2.646128654479980469e+00,-2.068341016769409180e+00,-8.184998184442520142e-01
2.219972372055053711e+00,-2.494497299194335938e+00,-3.923437893390655518e-01
-6.981625763802780105e-01,2.085599706241278439e-01,4.377591471270756429e+00
9.415035247802734375e-01,2.193221330642700195e+00,4.599687159061431885e-01
9.415035247802734375e-01,1.767065107822418213e+00,4.599687159061431885e-01
1.736283831687806645e+00,1.682330566245360703e+00,1.240590752099139493e+00
-6.565823778510093689e-01,2.725916624069213867e+00,1.844976484775543213e+00
-1.734804362058639526e-02,8.082135915756225586e-01,-1.777351200580596924e+00
-1.189277648925781250e+00,6.244015693664550781e-02,-3.923437893390655518e-01
-7.631214410066604614e-01,6.244015693664550781e-02,-3.923437893390655518e-01
-7.631214410066604614e-01,-3.637160956859588623e-01,3.381246328353881836e-02
-1.189277648925781250e+00,-1.642184793949127197e+00,-1.244655847549438477e+00
-1.189277648925781250e+00,-1.642184793949127197e+00,-1.670812129974365234e+00
-1.189277648925781250e+00,-1.216028571128845215e+00,-1.670812129974365234e+00
-7.631214410066604614e-01,-1.216028571128845215e+00,-1.670812129974365234e+00
-6.565823704004287720e-01,-2.174880027770996094e+00,3.123445034027099609e+00
-1.692709070753836587e+00,2.450296645508637794e-01,4.180548117498366523e+00
-1.414438721036738844e+00,2.276257662332741849e-01,4.296314220335226253e+00
-1.414438721036738844e+00,-1.985304863893301852e-01,4.296314220335226253e+00
-1.189277648925781250e+00,6.244015693664550781e-02,3.869218587875366211e+00
-7.631214410066604614e-01,-1.642184793949127197e+00,2.164593696594238281e+00
-8.696605116128921509e-01,-1.748723864555358887e+00,2.058054625988006592e+00
7.125488899509384577e-01,-4.408795328145853620e-02,1.633919020788148657e+00
5.153472423553466797e-01,6.244015693664550781e-02,1.312281131744384766e+00
9.233319307651713936e-01,2.325077543169490335e-02,1.290761558993319902e+00
1.120533578360763283e+00,-8.327733478640914067e-02,1.612399448037083793e+00
-3.531376262356070939e+00,-1.562201960737661821e+00,-2.427602836850335954e+00
-1.721972942352294922e+00,-8.964113891124725342e-01,-2.629663705825805664e+00
-1.721972942352294922e+00,-4.702551513910293579e-01,-2.629663705825805664e+00
4.095345679046883403e-01,2.551190226760217783e+00,7.846486621426276287e-01
8.991739333889628427e-02,2.657729237761804697e+00,8.911877327488593181e-01
3.072284936904907227e+00,1.767065107822418213e+00,4.599687159061431885e-01
3.604980349540710449e+00,1.873604178428649902e+00,-7.272659987211227417e-02
3.604980349540710449e+00,1.447447955608367920e+00,1.403515264391899109e-01
3.439424299813346408e+00,2.715362606458655570e+00,-1.115526091860689073e-01
4.145721595442915408e+00,2.168545463602834289e+00,1.117317931659990576e-01
2.539589643478393555e+00,8.082135766744613647e-01,-9.250388741493225098e-01
4.765484375961239749e-01,2.948668494738416967e+00,4.657954153184333812e-01
1.367659807205200195e+00,2.619377613067626953e+00,-1.244655847549438477e+00
-8.696604967117309570e-01,1.660526037216186523e+00,-9.250388890504837036e-01
-1.135411659911063076e+00,2.679941383079081696e+00,9.368817797960291571e-01
-1.135411659911063076e+00,2.679941383079081696e+00,1.363037987715149946e+00
-8.157945076970126719e-01,2.573402372077494782e+00,8.303427166403780646e-01
-6.565823778510093689e-01,2.725916624069213867e+00,1.418820202350616455e+00
-2.304261699318885803e-01,2.725916624069213867e+00,1.418820202350616455e+00
-4.536957384128085025e+00,4.055178445058225112e-01,1.162888674144387124e+00
-4.295076863883362961e+00,2.420858533485582276e-01,1.275866118319258780e+00
-1.517663066406752304e+00,2.400962076641212306e+00,3.431131779422737615e+00
-7.631214410066604614e-01,1.767065107822418213e+00,-3.375437259674072266e+00
-7.631214410066604614e-01,1.340908885002136230e+00,-3.375437259674072266e+00
-1.773027368371768775e+00,7.813356277639558201e-01,-4.039252112154070318e+00
8.919100463390350342e-02,-3.637160956859588623e-01,4.599687159061431885e-01
8.919100463390350342e-02,-7.898723334074020386e-01,4.599687159061431885e-01
-4.594909515192549421e+00,1.029267499931853624e+00,-2.283472579349512255e-01
-4.065832495689392090e+00,-2.571770325303077698e-01,-4.988828450441360474e-01
-3.975570274391090564e+00,6.857035070382511144e-02,-4.881020106007654125e-01
-3.426597833633422852e+00,1.660526037216186523e+00,-7.272659987211227417e-02
-4.654225132486001115e+00,-3.322195051871487670e-01,-6.562911258934754910e-01
-4.617293167464151082e+00,-2.503597678358280287e-01,-8.865171253456085587e-01
1.474198877811431885e+00,5.951354652643203735e-01,-1.990429341793060303e+00
1.793816089630126953e+00,4.885964095592498779e-01,-2.096968412399291992e+00
1.793816089630126953e+00,6.244015693664550781e-02,-2.096968412399291992e+00
1.900355160236358643e+00,1.689792126417160034e-01,-1.990429341793060303e+00
-6.060708754100475881e-02,1.501454126575958448e+00,-4.324881865708547934e+00
-1.615433931350708008e+00,-3.637160956859588623e-01,-2.949280977249145508e+00
-1.721973001956939697e+00,-6.833332628011703491e-01,-3.481976389884948730e+00
-1.295816719532012939e+00,-6.833332628011703491e-01,-3.481976389884948730e+00
-1.615433931350708008e+00,-7.898723334074020386e-01,-2.949280977249145508e+00
1.367659807205200195e+00,-3.637160956859588623e-01,-1.670812129974365234e+00
9.415035247802734375e-01,-3.637160956859588623e-01,-1.670812129974365234e+00
1.048042595386505127e+00,-6.833332628011703491e-01,-1.990429341793060303e+00
-3.786407895832238912e-01,3.441295210266401838e+00,-7.248082324581484048e-01
-8.047969975023446798e-01,3.015138927841475081e+00,-7.248082324581484048e-01
-2.974391845381021415e+00,2.365739365480638234e+00,-8.388872171029807534e-01
-1.189277648925781250e+00,3.045533895492553711e+00,-8.184998184442520142e-01
-2.548235682165384208e+00,2.365739365480638234e+00,-8.388872171029807534e-01
5.153472423553466797e-01,1.767065107822418213e+00,-1.670812129974365234e+00
-1.189277648925781250e+00,6.244015693664550781e-02,-8.184998184442520142e-01
-4.551035715415052141e-01,-2.178164957978872884e+00,3.712795345963991966e+00
-3.255247956908756679e-01,-1.191360125667106029e+00,2.532832705418933017e+00
-1.295816719532012939e+00,-4.409889876842498779e-02,2.484210848808288574e+00
-1.580028869435123218e+00,-4.834384493707842290e-01,4.212339681995924678e+00
-1.596715633828861280e+00,4.407592787719264438e-01,4.294802728461657004e+00
-3.369652330875396729e-01,-2.068341016769409180e+00,2.590749859809875488e+00
1.282119064321493696e+00,2.442982047796248002e-01,-4.328151314614629541e+00
-1.135411659911063076e+00,2.679941383079081696e+00,1.789194270140076704e+00
-1.561567942335989834e+00,2.253785100654154938e+00,1.789194270140076704e+00
1.367659807205200195e+00,6.244015693664550781e-02,3.016906023025512695e+00
1.775644495615024798e+00,4.494070280542992735e-01,8.646053510741990022e-01
-6.089648773875016019e-01,-1.507775954194422452e+00,-4.191299841893577849e+00
4.781916141510009766e+00,-7.531898468732894925e-02,-8.963283151388673486e-02
4.763301380359060033e+00,-3.441222465557451371e-01,-2.327135878403028546e-01
1.454562105947095063e-01,2.150883427478314402e+00,2.187929414427499886e+00
-1.126137131447224604e-01,2.325711437755149547e+00,3.684731935923785784e+00
-7.631214410066604614e-01,1.340908885002136230e+00,3.016906023025512695e+00
-4.606609475609143800e+00,7.163450384917335878e-03,-9.479691249932674646e-01
-4.065832495689392090e+00,5.951354652643203735e-01,-7.119607552886009216e-01
-6.301345273696150606e-01,2.730646030837311944e+00,3.343338821985430531e+00
1.209574829727492418e+00,3.895499672619170184e+00,1.242426919944318531e+00
-2.381858966258604049e+00,7.864972008042461216e-01,-3.688640175732486703e+00
-3.158679155877974765e+00,-1.980179821345591007e+00,2.628126770460865291e+00
-3.272202868188297309e+00,-2.063811894416028636e+00,2.403549175259939830e+00
9.415035247802734375e-01,6.244015693664550781e-02,3.016906023025512695e+00
9.415035247802734375e-01,6.244015693664550781e-02,3.443062305450439453e+00
5.153472423553466797e-01,6.244015693664550781e-02,3.016906023025512695e+00
-7.631214410066604614e-01,6.244015693664550781e-02,3.869218587875366211e+00
-2.381217185806158376e+00,-1.656390706630335719e-01,3.605829637674766275e+00
-3.704984071599453088e+00,-1.136860330221280080e+00,2.389973357311399482e+00
3.072284936904907227e+00,9.147526472806930542e-01,-3.923437893390655518e-01
3.498441219329833984e+00,9.147526472806930542e-01,-3.923437893390655518e-01
3.604980349540710449e+00,-6.833332628011703491e-01,7.795858532190322876e-01
3.072284936904907227e+00,-7.898723334074020386e-01,8.861249238252639771e-01
-3.260445734256680161e+00,-6.926242844862575687e-01,-2.691760105125590385e+00
-2.940828582042629868e+00,-7.991633401913280643e-01,-2.798299116127177300e+00
-1.476378887753636349e+00,-3.036364176213449118e-01,-4.410812455714965274e+00
-4.837690057726409254e-01,-7.160503789607611802e-01,-4.461625457685102880e+00
-3.285761829710704407e-01,-8.885403214685351214e-01,-4.433641741908942890e+00
2.021143848812277266e+00,2.452397373312106055e+00,-3.094342255735826441e+00
8.919100463390350342e-02,4.885964095592498779e-01,-2.949280977249145508e+00
-1.238871067762374878e-01,7.016745358705520630e-01,-3.162359118461608887e+00
3.022691309452056885e-01,7.016745358705520630e-01,-3.162359118461608887e+00
5.153472423553466797e-01,4.885964095592498779e-01,-3.375437259674072266e+00
8.919100463390350342e-02,4.885964095592498779e-01,-3.375437259674072266e+00
1.762723224191789395e+00,2.500068658841498870e+00,-3.239943540004825095e+00
-1.216714005947222343e+00,-3.301629314718155683e+00,1.644523377503330219e-01
4.401013813027040200e+00,-1.551906613828561321e+00,-3.046703650021721499e-01
-2.579081523590666336e+00,-3.462553084897347588e+00,-1.144974032681506770e+00
-2.408388469581823621e+00,-3.509734935197379002e+00,-1.383491617402250018e+00
-2.327401707639312090e+00,-3.645761413162718512e+00,-1.114204911099738959e+00
-3.369652330875396729e-01,2.193221330642700195e+00,-2.523124694824218750e+00
1.486865496058864089e+00,2.530090326303737314e+00,-3.358856479109272541e+00
1.167248284240169021e+00,2.849707597727077157e+00,-3.465395490110859456e+00
9.826780083519671694e-01,3.066709618490893074e+00,-3.354146185839578465e+00
1.302295220170662127e+00,2.747092347067553231e+00,-3.247607174837991550e+00
1.900355160236358643e+00,5.951354652643203735e-01,-1.564273059368133545e+00
1.150911340249729964e+00,4.334161538586887907e+00,-1.391162466017877408e+00
1.048042595386505127e+00,3.578229308128356934e+00,-1.351194918155670166e+00
1.367659807205200195e+00,1.767065107822418213e+00,4.599687159061431885e-01
1.967394988606842254e+00,1.614229825554965414e+00,3.435042926076704806e+00
-1.189277648925781250e+00,4.885964095592498779e-01,3.443062305450439453e+00
-1.615433931350708008e+00,4.885964095592498779e-01,3.443062305450439453e+00
1.349488213190098040e+00,2.325077543169490335e-02,8.646053510741990022e-01
-3.569521812594057320e+00,8.113066617232427280e-01,2.275274510244553738e+00
-4.102217106020571435e+00,1.130923828838454215e+00,1.955657298425858670e+00
4.442074140748162314e+00,6.627323588867588544e-01,-1.313805268744095311e+00
-1.238871067762374878e-01,-1.002950459718704224e+00,2.468905895948410034e-01
8.919100463390350342e-02,-1.216028571128845215e+00,4.599687159061431885e-01
-3.369652330875396729e-01,-7.898723334074020386e-01,1.312281131744384766e+00
-1.828512072563171387e+00,1.127830773591995239e+00,1.951515555381774902e+00
-2.066005614555222358e+00,1.355611890359372573e+00,1.601767701734322369e+00
-2.148129224777221680e+00,1.234369814395904541e+00,2.058054625988006592e+00
2.808547448288724713e+00,-9.117123628640246835e-01,3.191367839182536414e+00
2.752667665481567383e+00,-4.702551513910293579e-01,2.697288870811462402e+00
-1.189277648925781250e+00,9.147526472806930542e-01,4.599687159061431885e-01
-3.369652256369590759e-01,3.684768438339233398e+00,2.377671718597412109e+00
-2.304261699318885803e-01,3.365151166915893555e+00,1.844976425170898438e+00
-2.387162531894184703e-01,4.147717371785692109e+00,2.139725163084475135e+00
-3.369652330875396729e-01,-1.216028571128845215e+00,8.861249238252639771e-01
-3.369652330875396729e-01,-7.898723334074020386e-01,4.599687159061431885e-01
-4.530044562223048965e-01,-4.345738771542920986e+00,9.343322619696313447e-02
-3.231620727133287296e+00,-1.699500894994641076e+00,2.758471661603690173e+00
2.205002479027037054e+00,-3.529588295364248562e+00,-1.073192283415590698e+00
1.793816089630126953e+00,-3.346809864044189453e+00,-3.923437893390655518e-01
1.663848615618616300e+00,-3.286245424352403077e+00,-8.075674503201860643e-01
8.349644541740417480e-01,-3.453348875045776367e+00,7.795858606696128845e-01
1.580737948417663574e+00,-2.707575440406799316e+00,2.468905895948410034e-01
1.580737948417663574e+00,-5.767942219972610474e-01,-1.792656630277633667e-01
1.580737948417663574e+00,-5.767942219972610474e-01,2.468905895948410034e-01
-1.639849332130295601e+00,1.355611890359372573e+00,7.494552113902749335e-01
-7.366735830746855562e-01,3.263341324263825616e+00,3.023721669771380238e+00
-4.906166318284715944e-01,3.411737383098947696e+00,2.928507388895492891e+00
-1.093376370666301056e-01,-2.260033060438356500e+00,1.566973336923371596e+00
-1.238871067762374878e-01,-2.281419157981872559e+00,1.951515555381774902e+00
-1.734806597232818604e-02,-2.174880027770996094e+00,2.058054625988006592e+00
-2.798596262720803862e-03,-2.153493930227480035e+00,1.673512407529603285e+00
-7.631214410066604614e-01,9.147526472806930542e-01,-2.949280977249145508e+00
-3.369652330875396729e-01,9.147526472806930542e-01,-3.375437259674072266e+00
-1.238871067762374878e-01,1.127830773591995239e+00,-3.162359118461608887e+00
-3.369652330875396729e-01,1.340908885002136230e+00,-3.375437259674072266e+00
-3.651201338866461032e-01,1.749704816881192393e+00,3.754906286382632352e+00
1.261120736598968506e+00,2.512838542461395264e+00,-1.777351200580596924e+00
9.415035247802734375e-01,3.045533895492553711e+00,-1.670812129974365234e+00
8.349644541740417480e-01,2.512838542461395264e+00,-1.777351200580596924e+00
-3.369652330875396729e-01,-1.642184793949127197e+00,-8.184998184442520142e-01
-1.402355790138244629e+00,-1.002950459718704224e+00,-1.457733988761901855e+00
-1.615433931350708008e+00,-1.216028571128845215e+00,-1.244655847549438477e+00
-1.828512072563171387e+00,-1.002950459718704224e+00,-1.457733988761901855e+00
5.153472423553466797e-01,2.193221330642700195e+00,-8.184998184442520142e-01
-1.615433931350708008e+00,6.244015693664550781e-02,8.861249238252639771e-01
-1.505262826352903760e+00,5.880815069641420756e-02,5.580330673972728750e-01
-2.041590213775634766e+00,6.244015693664550781e-02,8.861249238252639771e-01
-3.320058822631835938e+00,-7.898723334074020386e-01,-1.244655847549438477e+00
-3.320058822631835938e+00,-3.637160956859588623e-01,-1.244655847549438477e+00
-2.893902540206909180e+00,-7.898723334074020386e-01,-1.244655847549438477e+00
-2.893902540206909180e+00,-7.898723334074020386e-01,-1.670812129974365234e+00
-1.615433931350708008e+00,2.619377613067626953e+00,4.599687159061431885e-01
-2.439921925547494652e+00,-1.262555168849047060e+00,-3.425961913882299648e+00
-1.508894860744476318e+00,1.021291702985763550e+00,9.926639944314956665e-01
-1.198583948941895461e+00,8.569206408306249134e-01,8.566334409928386684e-01
-1.508894860744476318e+00,5.951354652643203735e-01,9.926639944314956665e-01
-7.631214410066604614e-01,9.147526472806930542e-01,8.861249238252639771e-01
-2.304261699318885803e-01,3.152072906494140625e+00,1.844976425170898438e+00
3.022691309452056885e-01,-1.506379693746566772e-01,-1.457733988761901855e+00
1.511345505714418169e-01,1.377591490745544434e-01,-4.720414161682128906e+00
2.996757442098266111e+00,-2.053397315413876711e+00,-2.333502082767269226e+00
2.996757442098266111e+00,-1.627241092593594951e+00,-2.333502082767269226e+00
1.318201691438489531e+00,-8.258603458079181170e-01,-7.422171580836296467e-01
-3.369652330875396729e-01,2.193221330642700195e+00,3.381246328353881836e-02
-4.435042887926101685e-01,2.512838602066040039e+00,3.534296527504920959e-01
-3.475291020439571499e-01,2.108267777380218533e+00,2.559847578298939386e+00
-4.111934840702741178e-03,1.979444701073428625e+00,2.483849025912185926e+00
-7.092554519919421763e-01,2.253785100654154938e+00,9.368817797960291571e-01
-1.135411659911063076e+00,2.253785100654154938e+00,9.368817797960291571e-01
-3.369652330875396729e-01,9.147526472806930542e-01,8.861249238252639771e-01
7.416615146994355312e-01,1.446749407646914953e+00,1.951153792090317030e+00
-3.369652330875396729e-01,4.885964095592498779e-01,-3.375437259674072266e+00
-3.369652330875396729e-01,9.147526472806930542e-01,-2.949280977249145508e+00
-3.475291020439571499e-01,1.682111554559936550e+00,1.707535132658375421e+00
-3.475291020439571499e-01,2.108267777380218533e+00,1.707535132658375421e+00
-7.092554519919421763e-01,2.253785100654154938e+00,1.363037987715149946e+00
-7.631214410066604614e-01,9.147526472806930542e-01,-3.801593542098999023e+00
-7.631214410066604614e-01,9.147526472806930542e-01,-3.375437259674072266e+00
-1.286181092116632563e+00,-4.487708238656329396e-01,3.714427302819681698e-01
-8.696605116128921509e-01,-4.702551513910293579e-01,3.534296527504920959e-01
-7.534858135912800847e-01,-3.422317681605624440e-01,4.779817934376192623e-01
-1.179642021510400873e+00,-7.683880058820056203e-01,4.779817934376192623e-01
1.692458772593527838e+00,-9.079282397194360366e-01,-3.742396962486170153e+00
1.959550619481344569e+00,9.261908692926266173e-01,-3.939806101376651881e+00
9.850957759609203501e-01,1.416925113166550787e+00,-4.173160858639056947e+00
7.637207482626607868e-01,1.158304653969939535e+00,-4.299946302933413733e+00
9.415035247802734375e-01,9.147526472806930542e-01,-3.801593542098999023e+00
-1.238871067762374878e-01,1.553986966609954834e+00,-4.014671802520751953e+00
4.389653294442512177e+00,-1.818580478429800140e-01,8.282735186719606402e-01
3.374794837803079872e+00,2.747898709649473137e+00,1.033771681301433265e+00
4.299126263525834268e+00,-1.697595578728732457e+00,-8.779799442671245568e-01
1.184248418542401593e+00,-1.642608267009844747e+00,-3.694819896569424333e+00
-2.196495747409989985e-01,-3.263914748925213161e+00,-2.778932824254892076e+00
2.006894230842590332e+00,-5.767942219972610474e-01,-1.883890271186828613e+00
8.920454090135627734e-01,-1.252016583529361293e+00,-1.594529469613742867e+00
1.211662620832257842e+00,-1.784711817351230190e+00,-1.274912257795047799e+00
1.318201691438489531e+00,-1.252016583529361293e+00,-1.594529469613742867e+00
-5.374150820670945405e-01,-2.773458391057948003e+00,-3.232129179077204206e+00
1.634200201267564712e+00,-3.721100840710492186e+00,2.136052971379772902e+00
9.949219226775239955e-01,1.369221167776692560e+00,2.633660602925487648e+00
1.061750997594747448e+00,1.837993040695069968e+00,2.261742439054048148e+00
9.949219226775239955e-01,1.369221167776692560e+00,2.207504439709850441e+00
-1.238871067762374878e-01,-2.707575440406799316e+00,2.468905895948410034e-01
-2.304261624813079834e-01,-2.387958168983459473e+00,1.403515264391899109e-01
-3.665771727051345685e-01,-4.023540783478381400e+00,2.370597952135424791e-01
-6.766941425883289396e-01,-4.090002462832677210e+00,3.905171586114203341e-01
-3.122854987295275442e-01,-4.621208841270009415e+00,-8.981765532333392255e-01
1.008332599697496779e+00,1.809680757920513861e+00,2.644987859154073639e+00
1.008332599697496779e+00,2.235836980740796065e+00,2.644987859154073639e+00
1.421078205102450642e+00,1.795377390596974543e+00,2.633660602925487648e+00
1.421078205102450642e+00,1.369221167776692560e+00,2.633660602925487648e+00
9.415035247802734375e-01,1.767065107822418213e+00,3.016906023025512695e+00
-1.308079723997293664e+00,-3.378302966825089015e+00,-2.484579422788248060e+00
-9.635712899862153291e-01,-3.199614673482874760e+00,-2.805972896652277448e+00
-8.215559040061081175e-01,-2.694352050586672931e+00,3.545018416420079532e+00
1.200533183565104522e+00,-3.482783174160153372e+00,2.741583727980126728e+00
9.415035247802734375e-01,1.340908885002136230e+00,3.016906023025512695e+00
-2.147442607891397515e+00,-6.840265873113523520e-01,3.682962649672723021e+00
6.218863129615783691e-01,4.004385590553283691e+00,3.534296527504920959e-01
7.834185473025657709e-01,4.321655955044096942e+00,8.162707120251978532e-01
1.067076497161735471e+00,4.228533002090269832e+00,8.610519233688771479e-01
9.415035247802734375e-01,3.045533895492553711e+00,2.164593696594238281e+00
-5.201722864904319010e-01,4.392656233836197188e+00,6.230280996043990882e-01
5.153472423553466797e-01,1.767065107822418213e+00,3.016906023025512695e+00
-3.034375397183831868e+00,-1.694867443236326210e+00,2.948370901199521832e+00
-4.065832495689392090e+00,1.021291702985763550e+00,-2.858047261834144592e-01
2.281523332668108139e+00,-3.658602975307012173e+00,-4.084983666716930362e-01
5.490627213967391729e-01,2.699082705283026407e+00,3.405075207263556614e+00
-1.189277648925781250e+00,-3.637160956859588623e-01,3.443062305450439453e+00
-2.893902540206909180e+00,2.193221330642700195e+00,8.861249238252639771e-01
-3.486291760495119796e+00,2.428250941833587362e+00,7.937436489802747186e-01
-4.150130872021805528e-01,3.425575776963582175e+00,-2.888175589010079758e+00
-3.000441551208496094e+00,-1.322567641735076904e+00,2.271132707595825195e+00
-3.249369829724769954e+00,-1.087584466999759636e+00,2.747018980369226426e+00
-2.823213666509132747e+00,-1.087584466999759636e+00,3.173175143584863633e+00
-2.638869869505911403e+00,-1.050747742157392084e+00,-3.328237302657128360e+00
-3.213519692420959473e+00,1.021291702985763550e+00,5.665077269077301025e-01
-3.426597833633422852e+00,8.082135766744613647e-01,1.418820202350616455e+00
-2.657386356605461852e+00,-1.332221749664959098e+00,-3.220232832297261094e+00
-2.603991305687846758e+00,-1.096688026979380837e+00,3.380534145052818573e+00
3.604980349540710449e+00,8.082135915756225586e-01,-1.777351200580596924e+00
2.355344417276689750e+00,2.256948404715819478e+00,-2.879521946497995977e+00
1.367659807205200195e+00,2.619377613067626953e+00,4.599687159061431885e-01
-7.631214410066604614e-01,2.193221330642700195e+00,-2.096968412399291992e+00
-1.189277648925781250e+00,1.767065107822418213e+00,-2.096968412399291992e+00
-7.631214410066604614e-01,1.767065107822418213e+00,-2.523124694824218750e+00
-4.384053488020066558e-01,1.615551653028900914e+00,-4.199477475554315831e+00
-6.597768643363843832e-01,1.378868290401675800e+00,-4.247449660206424227e+00
-2.806157492343556714e-01,1.342388140803897567e+00,-4.306193051423708340e+00
-3.190081530822685973e+00,-1.438760820271190788e+00,-2.900615560873921250e+00
-3.366984745258267075e+00,-1.225319592813932434e+00,-2.798299116127177300e+00
-3.371355106292774906e+00,-1.504120966186759611e+00,-2.678817975874010493e+00
-3.269977762862928294e+00,1.927350827037659586e+00,2.242807893154485477e+00
-3.369652256369590759e-01,-4.412200450897216797e+00,4.599687084555625916e-01
-4.463952460593696436e-01,-4.654824738241023496e+00,5.971322786263589810e-01
-2.467746376991271973e+00,2.619377613067626953e+00,8.861249238252639771e-01
-3.290617450513341757e-01,-4.684240088224986387e+00,5.300968937664701786e-01
-3.171565043723135524e+00,-1.157286812763623773e+00,-3.008620031233788517e+00
3.830939673220262520e+00,-1.320406394601954858e+00,-1.312547651086904965e+00
-1.787499700233412314e+00,3.175278225303771684e+00,2.530153681206119387e+00
-2.195565665761868956e+00,-1.343133892338098434e+00,3.589201265804866647e+00
-2.582436935062573546e+00,-2.485106388911473729e+00,-2.354646474486022711e+00
9.415035247802734375e-01,-2.068341016769409180e+00,-3.923437893390655518e-01
9.415035247802734375e-01,-2.068341016769409180e+00,-8.184998184442520142e-01
8.920454090135627734e-01,-1.678172806349643276e+00,-7.422171580836296467e-01
8.920454090135627734e-01,-1.678172806349643276e+00,-1.168373187188816109e+00
1.847234487527377400e+00,9.430649300552492731e-01,2.633660602925487648e+00
-1.295816719532012939e+00,-6.833332628011703491e-01,3.336523294448852539e+00
-8.696605116128921509e-01,-6.833332628011703491e-01,3.336523294448852539e+00
-1.295816719532012939e+00,-6.833332628011703491e-01,3.762679576873779297e+00
-2.893902540206909180e+00,-7.898723334074020386e-01,-2.096968412399291992e+00
-3.000441551208496094e+00,-8.964114040136337280e-01,-2.203507423400878906e+00
-2.680824398994445801e+00,-1.002950459718704224e+00,-2.310046434402465820e+00
4.763886327030929735e+00,-2.984420096636286046e-01,3.235455544441131481e-01
4.710708728507258414e+00,-4.805102358267563378e-01,5.556334706505736687e-01
-3.524879595298854085e+00,-1.005433908444149704e+00,-2.664663133271126583e+00
4.508094718342792184e+00,-1.024125452918594581e+00,7.135002770397598226e-01
4.391091337874629019e+00,-5.870492989824074304e-01,6.621725338062247612e-01
4.497630468085505484e+00,-9.066664660976189172e-01,9.817896711191138603e-01
6.688700101307410995e-01,-2.692917025868283076e+00,3.514584399086618571e+00
-2.041590213775634766e+00,-1.216028571128845215e+00,-2.523124694824218750e+00
-2.041590213775634766e+00,-1.642184793949127197e+00,-2.096968412399291992e+00
-2.148129224777221680e+00,-8.964113891124725342e-01,-2.629663705825805664e+00
4.415364656816581856e+00,-3.536589119066766984e-01,6.804864381099284820e-01
1.261120736598968506e+00,-2.601036310195922852e+00,-7.272659987211227417e-02
8.349644541740417480e-01,-2.601036310195922852e+00,-7.272659987211227417e-02
9.415035247802734375e-01,-2.494497299194335938e+00,-3.923437893390655518e-01
3.988168657336219614e+00,-9.586797201617930364e-01,-5.899195100602050434e-01
1.255991478556656826e+00,2.042106306012481998e+00,3.750922437297678602e+00
1.293138611522137715e+00,4.197530073145753882e+00,-1.622535025348760263e+00
1.006848666235787837e+00,4.292010692695988894e+00,-1.642579510199877912e+00
2.539589643478393555e+00,8.082135766744613647e-01,1.205742061138153076e+00
2.539589643478393555e+00,8.082135766744613647e-01,7.795858532190322876e-01
-3.629578667843824102e-01,4.717617289995295060e+00,-4.913948055007339444e-01
-1.734806597232818604e-02,4.004385590553283691e+00,-7.119607552886009216e-01
-1.403763244897097417e-01,4.426453074166905921e+00,-5.294224137352968595e-01
-1.403763244897097417e-01,4.426453074166905921e+00,-9.555784428404833220e-01
1.792408426255017451e-01,4.532992204377782386e+00,-4.228833505796457670e-01
3.680186625859301341e-01,-2.715332504618156229e+00,3.525768618703240431e+00
-1.858291951768683337e+00,-7.943118313792892904e-01,-4.204000139570666761e+00
-1.103966535285513029e+00,2.929103122461027553e+00,3.130968551504399677e+00
3.241779514150068930e+00,-2.281898053838939955e+00,-1.957984406804192279e+00
2.219972372055053711e+00,6.244015693664550781e-02,1.312281131744384766e+00
2.719329197785397945e+00,-6.967377364089150094e-01,3.350982245150136318e+00
9.415035247802734375e-01,2.193221330642700195e+00,-2.949280977249145508e+00
9.415035247802734375e-01,1.767065107822418213e+00,-2.949280977249145508e+00
9.415035247802734375e-01,2.193221330642700195e+00,-2.523124694824218750e+00
2.006894230842590332e+00,-2.707575440406799316e+00,-1.792656630277633667e-01
1.446835383563748856e+00,-4.234841787452468864e+00,1.950236918419449572e-01
8.811710036184767780e-01,-1.709775614641356967e+00,-4.229957135247254807e-01
-7.631214410066604614e-01,-2.068341016769409180e+00,-1.670812129974365234e+00
-3.369652330875396729e-01,-1.642184793949127197e+00,-1.244655847549438477e+00
-3.369652330875396729e-01,-1.642184793949127197e+00,-1.670812129974365234e+00
9.415035247802734375e-01,1.340908885002136230e+00,-2.949280977249145508e+00
9.415035247802734375e-01,1.340908885002136230e+00,-2.523124694824218750e+00
-2.209400697692783133e+00,2.980663277621496299e+00,-2.183192320029882616e+00
-1.721973001956939697e+00,2.725916624069213867e+00,-2.203507423400878906e+00
-1.721973001956939697e+00,3.152072906494140625e+00,-1.777351140975952148e+00
-1.189277648925781250e+00,-2.068341016769409180e+00,-1.670812129974365234e+00
-7.162307414248345605e-01,1.761487754686567708e+00,2.165964835405675970e+00
-1.077957091372819587e+00,1.907005077960504114e+00,1.821467690462450717e+00
1.367659807205200195e+00,1.340908885002136230e+00,-2.523124694824218750e+00
-3.043163182223821650e+00,1.951137862072768181e+00,-2.484435984790827945e+00
-2.041590213775634766e+00,1.767065107822418213e+00,-2.523124694824218750e+00
5.153472423553466797e-01,1.340908885002136230e+00,-3.375437259674072266e+00
9.415035247802734375e-01,1.340908885002136230e+00,-3.375437259674072266e+00
-1.992208757845243206e+00,1.628395690017256647e-01,-4.262859987278918794e+00
1.793816089630126953e+00,9.147526472806930542e-01,-2.949280977249145508e+00
1.687277078628540039e+00,-8.964113891124725342e-01,-2.629663705825805664e+00
1.541721628828111701e+00,-2.305202936235601463e+00,-3.022945741692563359e+00
9.415035247802734375e-01,4.885964095592498779e-01,-3.375437259674072266e+00
8.349644541740417480e-01,-8.964113891124725342e-01,-3.055819988250732422e+00
-1.444910246133768172e+00,-1.396334806160448139e+00,4.040780951327511694e+00
-1.189277648925781250e+00,-1.642184734344482422e+00,3.443062305450439453e+00
-4.338101484109291306e+00,1.089118694657440489e+00,1.404436488685159690e+00
-4.313025425860869788e+00,1.341594263633687945e+00,1.210517359511199098e+00
-4.259826334184985797e+00,1.397815996556488027e+00,-3.958764587770571830e-02
-2.042283332030840448e+00,-9.902550374332856897e-01,3.880515286363212635e+00
-2.361900543849535516e+00,-1.096794108039517379e+00,3.560898014939872791e+00
8.919100463390350342e-02,3.045533895492553711e+00,-3.923437893390655518e-01
4.751544813821928503e-02,3.015138927841475081e+00,-7.248082324581484048e-01
-3.786407895832238912e-01,3.441295210266401838e+00,-1.150964261563334867e+00
4.751544813821928503e-02,3.015138927841475081e+00,-1.150964261563334867e+00
8.919100463390350342e-02,3.471690177917480469e+00,-8.184998184442520142e-01
5.153472423553466797e-01,3.045533895492553711e+00,-8.184998184442520142e-01
5.153472423553466797e-01,3.471690177917480469e+00,-1.244655847549438477e+00
5.153472423553466797e-01,3.471690177917480469e+00,-8.184998184442520142e-01
-3.425460804354845679e-01,-4.122002903942160401e+00,-1.017930138970099208e+00
-5.629234214109953838e-01,-3.794635330460205402e+00,-9.871896477674835246e-01
2.006894230842590332e+00,-2.707575440406799316e+00,2.468905895948410034e-01
4.389653294442508624e+00,2.442982047796243561e-01,-7.944610553884337012e-01
4.521817536561210993e+00,4.165795012826324917e-01,-1.122757868901226974e+00
-4.142187537402474362e+00,5.982342802110830471e-01,-1.610257717207413286e+00
-3.000441551208496094e+00,8.082135766744613647e-01,1.631898343563079834e+00
-3.533136844635009766e+00,1.127830743789672852e+00,1.312281131744384766e+00
-3.000441551208496094e+00,8.082135766744613647e-01,1.205742061138153076e+00
-4.304272557361356277e+00,5.105717272942660312e-01,1.174344319701829509e+00
-1.141660155912854080e+00,-1.401236883588190762e+00,-4.297838972104454314e+00
-1.056141067226384456e+00,-1.139113189154106642e+00,-4.398448395534826361e+00
-1.828512072563171387e+00,6.244016438722610474e-02,-4.014671802520751953e+00
-7.357353821200425248e-01,-2.550052382904747783e-01,-3.797696448139030068e+00
-2.148129224777221680e+00,-2.174880027770996094e+00,-1.351194918155670166e+00
-2.148129224777221680e+00,-2.174880027770996094e+00,-9.250388890504837036e-01
-2.467746376991271973e+00,-2.068341016769409180e+00,-1.244655847549438477e+00
1.728024208331715217e+00,-2.640750335145850336e+00,-2.654273580375289932e+00
1.367659807205200195e+00,-2.494497299194335938e+00,-2.096968412399291992e+00
-2.519234986141187349e+00,4.030338994366502448e-01,-3.670368459185071153e+00
-2.537792427779009152e+00,1.659609288165338481e-01,-3.662674533547720657e+00
1.957300677895545959e-01,2.299760341644287109e+00,-7.119607552886009216e-01
5.153472423553466797e-01,2.619377613067626953e+00,-8.184998184442520142e-01
1.957300677895545959e-01,2.725916624069213867e+00,-7.119607552886009216e-01
9.415035247802734375e-01,2.619377613067626953e+00,-8.184998184442520142e-01
1.591583994727914675e+00,-2.931187269057822675e+00,-2.854737777427328815e+00
1.591583994727914675e+00,-2.505030986632895917e+00,-2.854737777427328815e+00
3.844586049079599999e+00,1.154243959464267943e+00,-1.451204234413304928e+00
2.479321196579544750e+00,-3.708996270685626762e+00,-1.254988246286693920e+00
3.072284936904907227e+00,9.147526472806930542e-01,-8.184998184442520142e-01
1.367659807205200195e+00,-2.068341016769409180e+00,1.738437414169311523e+00
9.415035247802734375e-01,-2.068341016769409180e+00,1.738437414169311523e+00
5.153472423553466797e-01,-1.642184793949127197e+00,2.164593696594238281e+00
9.415035247802734375e-01,-1.642184793949127197e+00,1.738437414169311523e+00
5.799054572337907221e-01,-2.018834061492111864e+00,9.448042755331368392e-01
-1.295816719532012939e+00,-1.322567641735076904e+00,1.631898343563079834e+00
1.687277078628540039e+00,-4.409889876842498779e-02,7.795858532190322876e-01
-3.569521812594057320e+00,1.237462899444685904e+00,2.275274510244553738e+00
-3.426597833633422852e+00,-4.409889876842498779e-02,7.795858606696128845e-01
1.003416734243490094e+00,-2.701172959324419587e+00,-3.181968821979316964e+00
-2.574285387992858887e+00,1.234369814395904541e+00,1.631898343563079834e+00
6.218863129615783691e-01,3.578229308128356934e+00,-2.858047261834144592e-01
-1.691733499706344346e-01,2.713169566956313283e-01,-4.696210025818301936e+00
-2.441696611559152519e+00,2.472278376482225148e+00,-3.061921248421431985e-01
-2.152577143810777027e+00,-3.173477939625656052e+00,1.434913999305857280e+00
-1.516823905267480121e+00,-3.049576855146952425e+00,1.738775569671916044e+00
-1.942980187692406879e+00,-2.623420572722025668e+00,1.738775569671916044e+00
-3.224157633779323184e-01,-2.473111201650819879e+00,1.353895195710908217e+00
-3.369652330875396729e-01,-2.494497299194335938e+00,1.738437414169311523e+00
-1.734806597232818604e-02,-8.964113891124725342e-01,2.484210848808288574e+00
-7.631214410066604614e-01,-1.642184793949127197e+00,-2.096968412399291992e+00
-3.369652330875396729e-01,-1.216028571128845215e+00,-1.670812129974365234e+00
-7.631214410066604614e-01,-1.642184793949127197e+00,-1.670812129974365234e+00
1.793816089630126953e+00,1.340908885002136230e+00,-2.523124694824218750e+00
-7.631214410066604614e-01,1.767065107822418213e+00,-2.949280977249145508e+00
1.833161600374632938e+00,-7.231390522483942540e-01,-3.627789699679158542e+00
9.415035247802734375e-01,-1.216028571128845215e+00,-2.523124694824218750e+00
9.415035247802734375e-01,-7.898723334074020386e-01,-2.523124694824218750e+00
9.415035247802734375e-01,-7.898723334074020386e-01,-2.096968412399291992e+00
5.153472423553466797e-01,-7.898723334074020386e-01,-2.523124694824218750e+00
3.610690584932112479e+00,-1.926958523902869924e+00,1.728138547100625644e+00
-3.213519692420959473e+00,1.447447925806045532e+00,1.403515264391899109e-01
-3.213519692420959473e+00,5.951354801654815674e-01,1.403515264391899109e-01
-2.467746376991271973e+00,2.193221330642700195e+00,-1.244655847549438477e+00
-1.295816719532012939e+00,8.082135766744613647e-01,-2.203507423400878906e+00
4.727498499829980716e+00,1.859680951743342692e-01,5.716148950287317509e-01
2.646128654479980469e+00,2.193221330642700195e+00,3.381246328353881836e-02
1.687277019023895264e+00,-2.174880027770996094e+00,-1.351194918155670166e+00
1.793816089630126953e+00,-2.068341016769409180e+00,-1.670812129974365234e+00
1.455681824835366456e+00,-2.055864410917436658e+00,-1.611969361160964231e+00
1.424740762044721221e+00,-1.145477512923129604e+00,-6.356780949279785542e-01
-1.189277648925781250e+00,-2.920653581619262695e+00,-1.670812129974365234e+00
1.026925711648457806e+00,-2.069811347950909930e+00,-3.616065078174467207e+00
4.088081717491149902e-01,-4.702551513910293579e-01,-2.629663705825805664e+00
1.900355219841003418e+00,-6.833332777023315430e-01,5.665077269077301025e-01
1.686200090456012823e+00,-1.015439755062786276e+00,8.153906001119184399e-01
2.113433361053466797e+00,-4.409889876842498779e-02,-1.351194918155670166e+00
1.687277078628540039e+00,-4.702551513910293579e-01,-1.351194918155670166e+00
-5.805907735739092024e-01,2.735277693134913868e+00,-3.317176034785319860e+00
-1.402355790138244629e+00,1.127830773591995239e+00,-1.883890271186828613e+00
-1.189277648925781250e+00,9.147526472806930542e-01,-2.096968412399291992e+00
-1.508894860744476318e+00,1.021291702985763550e+00,-1.990429282188415527e+00
-1.734806597232818604e-02,1.234369814395904541e+00,-3.055819988250732422e+00
-2.304261699318885803e-01,1.660526037216186523e+00,-3.481976389884948730e+00
2.108337520571350043e-01,-1.869373982168152093e-01,-4.698519921636500563e+00
2.767792831629509731e+00,2.442982047796245226e-01,-3.345917359052330120e+00
1.979505719436499556e+00,-2.938300202737911704e+00,2.907882538450901055e+00
-3.592536232228178417e+00,-1.304554038111910730e+00,2.159932010782702250e+00
-1.354025677552542106e+00,-6.586727276074972881e-01,4.268271516393121523e+00
-8.696605116128921509e-01,-6.833332628011703491e-01,3.762679576873779297e+00
-1.425804588761705016e+00,-1.463760785119692764e+00,-4.197980243970325986e+00
-6.053394485715464235e-01,-2.503827714087414336e+00,3.707398207091781028e+00
-9.635712899862153291e-01,-2.773458391057948003e+00,-3.232129179077204206e+00
1.474198877811431885e+00,-1.109489500522613525e+00,-1.990429341793060303e+00
-2.768930835605443619e+00,-2.338401359820870606e+00,-2.270369372712026212e+00
-2.624859164598555950e+00,-2.278707227162386939e+00,-2.507287432949107497e+00
-2.888575610311495456e+00,5.767870790014668625e-01,8.654089819639920744e-01
-2.888575610311495456e+00,1.506308263788625479e-01,4.392527740448712859e-01
-1.189277648925781250e+00,2.619377613067626953e+00,4.599687159061431885e-01
-2.041590213775634766e+00,2.193221330642700195e+00,-1.670812129974365234e+00
5.572779089359632954e-01,-1.654449632741659681e-01,-4.668498073379440783e+00
-2.467746376991271973e+00,-1.216028571128845215e+00,1.312281131744384766e+00
-2.229936483381426360e+00,-9.329372063334491205e-01,7.967046776749373560e-01
-2.467746376991271973e+00,-1.216028571128845215e+00,8.861249238252639771e-01
5.153472423553466797e-01,-1.216028571128845215e+00,-2.523124694824218750e+00
-3.369652330875396729e-01,9.147526472806930542e-01,-2.523124694824218750e+00
-8.696605116128921509e-01,8.082135766744613647e-01,-2.629663705825805664e+00
-8.696605116128921509e-01,8.082135766744613647e-01,-2.203507423400878906e+00
4.088081717491149902e-01,1.660526037216186523e+00,-3.055819988250732422e+00
4.088081717491149902e-01,1.234369814395904541e+00,-3.055819988250732422e+00
8.919100463390350342e-02,2.193221330642700195e+00,-8.184998184442520142e-01
-7.631214410066604614e-01,2.619377613067626953e+00,-3.923437893390655518e-01
-1.721973001956939697e+00,-8.964113891124725342e-01,3.534296527504920959e-01
-1.611801896959135449e+00,-4.738871576312606582e-01,4.514940042416217825e-01
-1.615433931350708008e+00,-7.898723334074020386e-01,-1.244655847549438477e+00
-7.362661821047700172e-02,-1.490257051658488985e-02,-4.705605666652975749e+00
-2.893902540206909180e+00,6.244015693664550781e-02,-8.184998184442520142e-01
-2.467746376991271973e+00,6.244015693664550781e-02,-8.184998184442520142e-01
-2.467746376991271973e+00,-3.637160956859588623e-01,-8.184998184442520142e-01
2.219972372055053711e+00,-3.637160956859588623e-01,-1.670812129974365234e+00
1.793816089630126953e+00,4.885964095592498779e-01,2.590749859809875488e+00
1.123597871932300540e+00,-4.347495787830185421e+00,-1.916383938336568005e-01
8.919100463390350342e-02,9.147526472806930542e-01,1.312281131744384766e+00
-3.369652330875396729e-01,9.147526472806930542e-01,1.312281131744384766e+00
1.542341805135473365e+00,-3.865340722802779183e+00,3.123623632327696686e-01
-3.369652330875396729e-01,-2.494497299194335938e+00,8.861249238252639771e-01
-4.435042887926101685e-01,-2.601036310195922852e+00,7.795858606696128845e-01
3.513958349881794341e+00,-2.883971035480503708e-01,2.846642504900692483e+00
-2.893902540206909180e+00,1.340908885002136230e+00,1.738437414169311523e+00
-3.440470244539464595e+00,1.718506123221432924e+00,1.741253358674312635e+00
-3.426597833633422852e+00,1.234369814395904541e+00,1.418820202350616455e+00
-3.426597833633422852e+00,1.234369814395904541e+00,1.844976484775543213e+00
-3.369652330875396729e-01,-7.898723334074020386e-01,2.164593696594238281e+00
-1.902663755314636385e+00,-3.107388179437656550e+00,2.433688561443609899e+00
-1.508894860744476318e+00,-2.571770325303077698e-01,-3.481976389884948730e+00
-1.693639049488041781e+00,-4.524267614541033766e-01,-3.518336952490217051e+00
-1.267482767063115023e+00,-4.524267614541033766e-01,-3.518336952490217051e+00
-1.615433931350708008e+00,-5.767941996455192566e-01,-4.014671802520751953e+00
6.060098193447067683e-01,-1.506270089865290318e-01,1.953536232606843726e+00
-1.295816719532012939e+00,2.512838542461395264e+00,7.795858532190322876e-01
-8.696604967117309570e-01,-4.409889876842498779e-02,2.058054625988006592e+00
1.562220895441598145e+00,-1.523169117490922764e+00,-1.505430290554732542e+00
8.349644541740417480e-01,3.820573538541793823e-01,-7.272659987211227417e-02
-2.304261699318885803e-01,2.299760341644287109e+00,1.403515264391899109e-01
1.900355160236358643e+00,-6.833332628011703491e-01,-2.858047261834144592e-01
-1.402355790138244629e+00,-5.767942219972610474e-01,-1.792656630277633667e-01
-2.893902540206909180e+00,1.767065107822418213e+00,-8.184998184442520142e-01
-3.369652330875396729e-01,4.885964095592498779e-01,8.861249238252639771e-01
-7.631214410066604614e-01,4.885964095592498779e-01,8.861249238252639771e-01
-3.369652330875396729e-01,6.244015693664550781e-02,8.861249238252639771e-01
-2.041590213775634766e+00,1.767065107822418213e+00,-2.096968412399291992e+00
-1.615433931350708008e+00,1.340908885002136230e+00,-2.096968412399291992e+00
-1.615433931350708008e+00,1.767065107822418213e+00,-2.096968412399291992e+00
-1.615433931350708008e+00,1.767065107822418213e+00,-1.670812129974365234e+00
-1.189277648925781250e+00,4.885964095592498779e-01,8.861249238252639771e-01
-7.631214410066604614e-01,9.147526472806930542e-01,1.312281131744384766e+00
-1.229023194325363999e+00,8.308784510742833751e-02,8.340150378479672666e-01
-1.545008371752486287e+00,-3.467004137554073329e-01,9.320793893390969531e-01
-1.295816719532012939e+00,-4.702551513910293579e-01,-7.272659987211227417e-02
1.367659807205200195e+00,6.244015693664550781e-02,-1.670812129974365234e+00
-6.299848444061024733e-01,-9.260350777439655401e-01,-4.398448395534826361e+00
-1.721973001956939697e+00,2.086682260036468506e+00,1.631898343563079834e+00
-2.041590213775634766e+00,2.193221330642700195e+00,1.738437414169311523e+00
8.919100463390350342e-02,1.340908885002136230e+00,-1.670812129974365234e+00
-1.238871067762374878e-01,1.127830773591995239e+00,-1.883890271186828613e+00
-3.084740314971100572e-01,2.892880483537068503e+00,-3.207792860433419602e+00
-4.435042887926101685e-01,1.660526037216186523e+00,-1.351194918155670166e+00
-3.369652330875396729e-01,9.147526472806930542e-01,-2.096968412399291992e+00
-7.631214410066604614e-01,9.147526472806930542e-01,-2.096968412399291992e+00
-6.565823778510093689e-01,1.021291702985763550e+00,-1.990429341793060303e+00
-3.000441551208496094e+00,-4.409889876842498779e-02,-1.777351200580596924e+00
3.022691309452056885e-01,1.127830773591995239e+00,-1.883890271186828613e+00
1.957300677895545959e-01,-6.833332628011703491e-01,-1.990429341793060303e+00
1.276329579214824372e-01,-2.908571808991789354e+00,-1.162829552482839812e+00
3.289223504045151625e+00,-4.480879843914194471e-01,-2.810820298870577716e+00
1.367659807205200195e+00,-2.494497299194335938e+00,1.312281131744384766e+00
1.793816089630126953e+00,-2.068341016769409180e+00,1.312281131744384766e+00
1.687277019023895264e+00,-2.174880027770996094e+00,1.205742061138153076e+00
-3.224157633779323184e-01,-2.046954919225893121e+00,9.277389877917874283e-01
-3.369652330875396729e-01,-1.642184793949127197e+00,8.861249238252639771e-01
3.700141144188183073e+00,-2.883971035480504264e-01,2.608997726126593086e+00
3.396428302892568141e+00,-5.398495783494003941e-01,2.952679313859101207e+00
-2.471075676236068830e+00,1.421479035922092571e+00,4.166872158006301730e-01
1.900355160236358643e+00,-1.535645723342895508e+00,-1.990429341793060303e+00
2.259317882799559918e+00,-7.231390522483942540e-01,-3.627789699679158542e+00
-2.893902540206909180e+00,9.147526472806930542e-01,-3.923437893390655518e-01
-2.041590213775634766e+00,9.147526472806930542e-01,3.381246328353881836e-02
-2.574285387992858887e+00,8.082135766744613647e-01,-1.777351200580596924e+00
-1.343605135347135882e+00,-4.404386330766657309e+00,-2.691996549599748323e-02
3.501850865498293608e+00,-2.575810443674995565e+00,1.333571997540332066e-01
3.302771942996014953e+00,-2.796872816092079717e+00,-3.441613337421731700e-01
-2.798596262720803862e-03,-2.579650212652406793e+00,1.247356125104676527e+00
-1.189277648925781250e+00,-2.068341016769409180e+00,8.861249238252639771e-01
-7.631214410066604614e-01,-2.068341016769409180e+00,8.861249238252639771e-01
-7.631214410066604614e-01,-2.068341016769409180e+00,4.599687159061431885e-01
-7.631214410066604614e-01,-1.642184793949127197e+00,4.599687159061431885e-01
-1.189277648925781250e+00,-1.642184793949127197e+00,8.861249238252639771e-01
-3.369652330875396729e-01,-1.642184793949127197e+00,4.599687159061431885e-01
-7.631214410066604614e-01,-1.642184793949127197e+00,8.861249238252639771e-01
-2.041590213775634766e+00,-7.898723334074020386e-01,-1.244655847549438477e+00
-2.467746376991271973e+00,-7.898723334074020386e-01,-1.244655847549438477e+00
-1.189277648925781250e+00,-1.642184793949127197e+00,1.312281131744384766e+00
-2.467746376991271973e+00,-7.898723334074020386e-01,-8.184998184442520142e-01
1.261120736598968506e+00,1.660526037216186523e+00,2.058054625988006592e+00
1.273182555794601711e+00,2.071541797279753183e+00,1.641830620216933045e+00
8.482005853056672207e-01,1.979444701073428625e+00,2.057692862696548719e+00
1.667067247565071852e+00,2.014867319500229570e+00,1.181371746255861277e+00
-3.604802995578493818e-01,4.034096161687337201e+00,2.388458960128155617e+00
-3.328814386454442831e-01,3.921663197781933619e+00,2.550155656933783987e+00
-2.414551951476773262e+00,-3.722621332576300013e+00,1.302876676340221085e+00
-2.171990187718596754e+00,3.735465190059166662e+00,-2.671283077366434777e-02
-3.320058822631835938e+00,-3.637160956859588623e-01,-1.670812129974365234e+00
-3.000441551208496094e+00,2.086682260036468506e+00,7.795858606696128845e-01
-3.746215105056762695e+00,6.244015693664550781e-02,-8.184998184442520142e-01
-4.035341329570281133e+00,8.321145502709114128e-01,-2.183713876423972522e+00
-1.238871067762374878e-01,2.832455754280090332e+00,-1.883890271186828613e+00
-3.786407895832238912e-01,3.015138927841475081e+00,-1.577120543988261625e+00
-1.655626632719217062e-01,2.802060786629011702e+00,-1.364042402775798246e+00
-1.189277648925781250e+00,2.619377613067626953e+00,-2.523124694824218750e+00
-7.631214410066604614e-01,4.885964095592498779e-01,3.869218587875366211e+00
-5.311443304528922216e-01,4.591462441884389678e-01,4.398816428337444684e+00
-2.893902540206909180e+00,-7.898723334074020386e-01,-8.184998184442520142e-01
-1.997203122620798688e+00,2.761792553721813093e+00,2.670943022042377102e+00
-1.935051143169403076e+00,-6.833332702517509460e-01,-3.481976389884948730e+00
-4.709152830952995084e-01,-3.762634889350722212e+00,-4.898595357987867160e-03
-9.761995673179626465e-01,-7.898723185062408447e-01,-3.588515400886535645e+00
-3.176493565302534350e+00,-1.178827095494334454e-01,-2.852532599455138929e+00
-2.649336459144155498e+00,-3.299667209588662331e+00,-1.427854612074367813e+00
9.415035247802734375e-01,-2.920653581619262695e+00,-3.923437893390655518e-01
3.020844856419357072e+00,-3.225034860739151910e+00,-1.441714028242524925e+00
-3.969962844356014209e+00,1.371824155295816361e+00,2.041712278744571396e+00
-7.379439722742010543e-01,-2.417295469204630898e+00,-3.477807757498176944e+00
5.153472423553466797e-01,9.147526472806930542e-01,-2.096968412399291992e+00
5.153472423553466797e-01,4.885964095592498779e-01,-1.670812129974365234e+00
3.022691309452056885e-01,7.016745358705520630e-01,-1.883890271186828613e+00
1.957300677895545959e-01,5.951354652643203735e-01,-1.990429341793060303e+00
1.957300677895545959e-01,1.021291702985763550e+00,-1.990429341793060303e+00
8.919100463390350342e-02,1.340908885002136230e+00,-2.096968412399291992e+00
5.153472423553466797e-01,4.110924720764160156e+00,-1.792656630277633667e-01
5.153472423553466797e-01,4.110924720764160156e+00,-3.923437818884849548e-01
-1.692561197186106980e+00,-1.468075879220127611e+00,3.909618337661714627e+00
-1.537745036741041460e+00,-1.604369455853181137e+00,3.592827796545448038e+00
-3.852754116058349609e+00,1.234369814395904541e+00,9.926639944314956665e-01
-4.335760510991345740e+00,-7.032504686218984946e-02,-1.751530235492941845e+00
-3.000441551208496094e+00,1.660526037216186523e+00,1.205742061138153076e+00
-1.843345586993939467e+00,-3.840439875414392468e+00,1.234066598965522843e+00
-1.806235069954917671e+00,-3.979695981196488930e+00,8.850656308290265617e-01
-2.106344969275175227e+00,-3.727643521625285672e+00,1.180920119783957833e+00
8.919100463390350342e-02,4.885964095592498779e-01,-2.096968412399291992e+00
8.919100463390350342e-02,6.244015693664550781e-02,-2.096968412399291992e+00
8.919100463390350342e-02,4.885964095592498779e-01,-2.523124694824218750e+00
-3.852754354476928711e+00,-6.833332777023315430e-01,1.403515264391899109e-01
7.580921361174748352e-01,-1.642608267009844747e+00,-3.694819896569424333e+00
-3.000441551208496094e+00,-4.409889876842498779e-02,-1.351194918155670166e+00
-2.893902540206909180e+00,6.244015693664550781e-02,-1.244655847549438477e+00
-2.467746376991271973e+00,-3.637160956859588623e-01,-1.244655847549438477e+00
-3.320058822631835938e+00,-1.216028571128845215e+00,-8.184998184442520142e-01
4.413888963813310085e+00,-1.071971024353060020e+00,1.201728745787625785e+00
1.820210428537359482e+00,-7.020330930143870996e-01,3.673645202735033255e+00
-1.721973001956939697e+00,-4.702551513910293579e-01,-7.272659987211227417e-02
-2.893902540206909180e+00,-3.637160956859588623e-01,-8.184998184442520142e-01
-2.041590213775634766e+00,-1.216028571128845215e+00,8.861249238252639771e-01
-1.658398775804613035e+00,1.096734005125498568e+00,4.183493375636416545e+00
4.088081717491149902e-01,2.512838602066040039e+00,-2.629663705825805664e+00
2.646128654479980469e+00,1.767065107822418213e+00,4.599687159061431885e-01
2.613857063825523852e+00,1.710390630042894156e+00,8.518223322891189664e-01
8.919100463390350342e-02,6.244015693664550781e-02,-2.523124694824218750e+00
-2.739507693971073188e+00,-2.383429046630078929e+00,2.297010164258352916e+00
-6.062213417363269130e-01,-2.872777573441037902e+00,3.413877106837349906e+00
-1.721973001956939697e+00,-1.748723804950714111e+00,7.795858532190322876e-01
8.919101953506469727e-02,3.258611917495727539e+00,-2.523124694824218750e+00
5.823611120467822033e-01,3.443012163470752895e+00,5.672716770010697296e-01
5.153472423553466797e-01,3.471690177917480469e+00,3.381246328353881836e-02
5.823611120467822033e-01,3.016855881045826138e+00,1.411154243784653595e-01
-1.295816719532012939e+00,-1.748723804950714111e+00,7.795858532190322876e-01
1.623255059570437586e-01,3.348653871282939676e+00,-3.167245314793213140e+00
-1.832066758633408732e+00,-3.911611880079869152e+00,-1.070733580981873434e+00
-1.800182058187458800e+00,-3.334726039233901318e+00,-9.553537088875703187e-01
-1.615433931350708008e+00,-1.216028571128845215e+00,8.861249238252639771e-01
-2.184332840096945283e+00,-2.691042115340970931e+00,-1.347840316605180444e+00
-2.719671854826018809e+00,-2.890044133020274408e+00,-1.537748284231089446e+00
-2.503949992310995576e+00,-2.584503104339384016e+00,-1.241301245998948755e+00
4.781916141510009766e+00,-7.531898468732894925e-02,1.234452947974154502e-01
-7.247654909261231904e-01,-2.629364984135865502e+00,-3.317438347371398422e+00
-1.219387566909983622e+00,-3.215840799897795588e-01,8.520281153794433404e-01
-1.229023194325363999e+00,-7.692246452366191534e-01,8.340150378479672666e-01
-1.179642021510400873e+00,-3.422317681605624440e-01,5.182554081501491994e-02
9.415035247802734375e-01,-3.637160956859588623e-01,3.016906023025512695e+00
-3.369652330875396729e-01,6.244015693664550781e-02,2.164593696594238281e+00
1.957300677895545959e-01,-1.109489500522613525e+00,9.926639944314956665e-01
1.957300677895545959e-01,-6.833332628011703491e-01,9.926639944314956665e-01
-7.148443511678265194e-01,-8.196268394342238750e-01,3.019732753332585951e+00
-2.041590213775634766e+00,1.340908885002136230e+00,-2.523124694824218750e+00
-2.467746376991271973e+00,1.340908885002136230e+00,-2.096968412399291992e+00
-1.622637215290221313e+00,2.353818399976354003e-02,-2.581322960012596646e+00
-2.361207306385040283e+00,-6.833332628011703491e-01,1.844976484775543213e+00
-2.893902540206909180e+00,-7.898723334074020386e-01,1.738437414169311523e+00
-2.361207306385040283e+00,-6.833332628011703491e-01,1.418820202350616455e+00
-2.357575271993467503e+00,-3.673481019261901626e-01,5.580330673972728750e-01
-2.893902540206909180e+00,9.147526472806930542e-01,2.164593696594238281e+00
2.219972372055053711e+00,6.244015693664550781e-02,-1.670812129974365234e+00
9.415035247802734375e-01,3.471690177917480469e+00,8.861249238252639771e-01
-1.721973001956939697e+00,1.660526037216186523e+00,2.058054625988006592e+00
6.218863129615783691e-01,2.938994884490966797e+00,-2.629663705825805664e+00
5.153472423553466797e-01,3.045533895492553711e+00,-2.949280977249145508e+00
4.088081717491149902e-01,2.938994884490966797e+00,-2.629663705825805664e+00
-3.000441551208496094e+00,3.820573538541793823e-01,7.795858606696128845e-01
-1.662166981675480826e-02,2.551190226760217783e+00,3.584924542235068401e-01
-3.369652330875396729e-01,2.619377613067626953e+00,4.599687159061431885e-01
-1.238871067762374878e-01,2.406299471855163574e+00,2.468905895948410034e-01
-3.106980681419372559e+00,-1.002950459718704224e+00,2.468905895948410034e-01
-2.893902540206909180e+00,-3.637160956859588623e-01,-1.670812129974365234e+00
-1.184014343593669638e+00,1.176308122129631650e+00,4.292650183199701708e+00
9.415035247802734375e-01,3.045533895492553711e+00,3.381246328353881836e-02
8.919100463390350342e-02,4.885964095592498779e-01,2.590749859809875488e+00
5.153472423553466797e-01,9.147526472806930542e-01,2.164593696594238281e+00
7.033355556230653782e-01,4.497374748814635836e+00,-1.143667633774311021e+00
5.197041854897960222e-01,4.483557132296692060e+00,-1.303478318656793533e+00
-1.238871067762374878e-01,2.406299471855163574e+00,-1.883890271186828613e+00
8.919100463390350342e-02,2.619377613067626953e+00,-2.096968412399291992e+00
-3.369652330875396729e-01,2.619377613067626953e+00,-2.096968412399291992e+00
1.029525542410439698e+00,-2.055864410917436658e+00,-1.185813078736037474e+00
-3.369652330875396729e-01,-1.642184793949127197e+00,2.590749859809875488e+00
-3.369652330875396729e-01,-1.642184793949127197e+00,2.164593696594238281e+00
-1.721973001956939697e+00,-2.174880027770996094e+00,-9.250388890504837036e-01
1.793816089630126953e+00,-1.642184793949127197e+00,1.312281131744384766e+00
1.366582819032672980e+00,-1.335056937079158956e+00,9.219296707181501294e-01
-4.077590653778995211e+00,-1.474058808897957373e+00,-9.963100951727131838e-01
-1.238871067762374878e-01,-2.707575440406799316e+00,-1.792656630277633667e-01
4.088081717491149902e-01,-3.453348875045776367e+00,-1.351194918155670166e+00
2.183365773871022708e-01,-3.498129196823745790e+00,-1.238614373649026268e+00
-2.574285387992858887e+00,1.234369814395904541e+00,2.058054625988006592e+00
1.615813241982643478e-01,1.215722152048306359e+00,4.502328638251899662e+00
-3.125324099584929627e-01,4.438362855358143122e+00,4.087020391328807789e-01
-1.615433931350708008e+00,-1.216028571128845215e+00,1.312281131744384766e+00
-1.615433931350708008e+00,-1.642184793949127197e+00,1.312281131744384766e+00
-1.721973001956939697e+00,-1.748723804950714111e+00,-1.777351200580596924e+00
9.415035247802734375e-01,3.471690177917480469e+00,-1.244655847549438477e+00
6.218863129615783691e-01,4.004385590553283691e+00,-1.351194918155670166e+00
6.218863129615783691e-01,4.004385590553283691e+00,-9.250388741493225098e-01
-3.224157633779323184e-01,-1.620798696405611361e+00,1.780051478135834975e+00
2.219972372055053711e+00,4.885964095592498779e-01,-1.670812129974365234e+00
1.367659807205200195e+00,9.147526472806930542e-01,-2.949280977249145508e+00
-3.522446060508729326e-01,3.562204576153190416e+00,2.747562337438945068e+00
-3.369652330875396729e-01,2.193221330642700195e+00,8.861249238252639771e-01
5.789472343010634292e-01,-7.993821232490538886e-03,-4.778742287681089773e-01
1.260043748426441290e+00,-1.867752170901027853e+00,8.153906001119184399e-01
-1.179642021510400873e+00,8.392448446204195389e-02,4.779817934376192623e-01
6.965382772495932739e-01,-2.580484261194881501e+00,2.038897197442032017e+00
1.706959974368224664e+00,-3.692492166347200122e+00,6.997104425453084531e-01
7.284253835678100586e-01,-2.707575321197509766e+00,2.468905895948410034e-01
-4.435042887926101685e-01,2.512838602066040039e+00,7.795858606696128845e-01
-3.369652330875396729e-01,2.619377613067626953e+00,8.861249238252639771e-01
9.415035247802734375e-01,3.045533895492553711e+00,-8.184998184442520142e-01
9.415035247802734375e-01,3.045533895492553711e+00,-1.244655847549438477e+00
5.153472423553466797e-01,3.897846460342407227e+00,3.381246328353881836e-02
6.218863129615783691e-01,4.004385590553283691e+00,1.403515264391899109e-01
-2.304261699318885803e-01,2.725916624069213867e+00,9.926639944314956665e-01
-3.369652330875396729e-01,2.619377613067626953e+00,1.312281131744384766e+00
9.415035247802734375e-01,6.244015693664550781e-02,8.861249238252639771e-01
-1.508894860744476318e+00,-1.109489500522613525e+00,9.926639944314956665e-01
-3.369652330875396729e-01,1.340908885002136230e+00,-8.184998184442520142e-01
4.088081717491149902e-01,-2.174880027770996094e+00,2.058054625988006592e+00
5.153472423553466797e-01,-2.068341016769409180e+00,1.738437414169311523e+00
8.349644541740417480e-01,-2.174880027770996094e+00,1.631898343563079834e+00
1.367659807205200195e+00,-1.642184793949127197e+00,1.312281131744384766e+00
3.022691309452056885e-01,-2.281419157981872559e+00,1.525359272956848145e+00
1.037404743435108856e-01,-2.046954919225893121e+00,1.353895195710908217e+00
5.153472423553466797e-01,-7.898723334074020386e-01,-2.949280977249145508e+00
-1.295816719532012939e+00,-4.409889876842498779e-02,-7.272659987211227417e-02
-1.733598896903548514e+00,-3.993928585880218707e-02,-1.212934830192815838e-01
-2.148129224777221680e+00,8.082135766744613647e-01,-1.351194918155670166e+00
-2.048793497715148071e+00,4.496944366223679102e-01,-1.729010395162743352e+00
-1.615433931350708008e+00,-3.637160956859588623e-01,-3.923437893390655518e-01
-2.148129224777221680e+00,1.660526037216186523e+00,-1.777351200580596924e+00
1.687277078628540039e+00,-4.702551513910293579e-01,-1.777351200580596924e+00
1.793816089630126953e+00,4.885964095592498779e-01,-2.949280977249145508e+00
-1.828512072563171387e+00,7.016745358705520630e-01,-1.457733988761901855e+00
-1.615433931350708008e+00,4.885964095592498779e-01,-1.244655847549438477e+00
-1.935051143169403076e+00,5.951354652643203735e-01,-1.564273059368133545e+00
-1.721973001956939697e+00,8.082135915756225586e-01,-1.777351200580596924e+00
-1.402355790138244629e+00,-5.767942219972610474e-01,-1.457733988761901855e+00
-1.828512072563171387e+00,-5.767942219972610474e-01,-1.457733988761901855e+00
8.559627818965668267e-01,-1.818580478429795699e-01,-4.328151314614629541e+00
6.887153878788018213e-01,2.768532274167309737e+00,2.325370706940023346e+00
1.793816089630126953e+00,-3.637160956859588623e-01,-2.096968412399291992e+00
8.349644541740417480e-01,8.082135766744613647e-01,-3.481976270675659180e+00
8.349644541740417480e-01,8.082135766744613647e-01,-3.055819988250732422e+00
2.090004898043543058e+00,-2.433932859502549562e+00,-1.659879761850299396e+00
-2.148129224777221680e+00,-2.174880027770996094e+00,1.631898343563079834e+00
-2.357726180895591828e+00,-2.724937394674626923e+00,1.328036773197021070e+00
-1.831489182468676535e+00,-4.343553512482730139e-01,4.092489342428334176e+00
5.197041854897960222e-01,4.483557132296692060e+00,-8.773222746504458769e-01
3.923189838379650962e-01,4.532992204377782386e+00,-6.359614694403673552e-01
-1.971856522524696231e+00,3.572513501245201617e+00,-1.691917214159610605e+00
8.919100463390350342e-02,-1.642184793949127197e+00,2.590749859809875488e+00
-8.045623030885594718e-01,-4.217956538796542532e+00,1.296167215118511074e+00
-3.986740270386846863e+00,1.725727065356207346e+00,1.047881922108065966e+00
-6.620764077752083754e-01,1.786465999955758166e+00,2.670103598081918772e+00
-3.369652330875396729e-01,6.244015693664550781e-02,2.590749859809875488e+00
-7.631214410066604614e-01,9.147526472806930542e-01,3.443062305450439453e+00
-9.304770264574976357e-01,1.425252773459362299e+00,-4.159035907820182842e+00
-5.760820665923106487e-01,1.082695605556521778e+00,-4.332652011766514377e+00
-4.231562473107704392e+00,1.195657765263672179e+00,8.717412101598072116e-01
9.415035247802734375e-01,1.767065107822418213e+00,-2.523124694824218750e+00
-2.574285387992858887e+00,-4.702551513910293579e-01,-1.777351140975952148e+00
-2.467746376991271973e+00,1.767065107822418213e+00,-8.184998184442520142e-01
-2.445009335396828298e+00,1.353251829045312160e+00,-1.216721918593465457e+00
-2.467746376991271973e+00,1.767065107822418213e+00,-1.244655847549438477e+00
-2.148129224777221680e+00,1.660526037216186523e+00,-1.351194918155670166e+00
-1.238871216773986816e-01,3.045533895492553711e+00,-2.736202716827392578e+00
8.349644541740417480e-01,-2.174880027770996094e+00,-2.203507423400878906e+00
-2.040470166997007340e+00,-3.791243936053319885e+00,1.628643236585911147e+00
2.017740277152841433e+00,-2.505030986632895917e+00,-2.854737777427328815e+00
-7.092554519919421763e-01,1.827628877833873178e+00,1.789194270140076704e+00
9.415035247802734375e-01,9.147526472806930542e-01,-2.949280977249145508e+00
5.153472423553466797e-01,9.147526472806930542e-01,-2.949280977249145508e+00
4.088081717491149902e-01,8.082135766744613647e-01,-3.055819988250732422e+00
3.072284936904907227e+00,-1.642184793949127197e+00,-8.184998184442520142e-01
-1.189277648925781250e+00,-7.898723334074020386e-01,-1.670812129974365234e+00
4.463006918361662301e+00,-1.223906383398701836e+00,-7.261305968021674051e-01
-3.426597833633422852e+00,3.820573538541793823e-01,7.795858606696128845e-01
4.472501250366939241e-01,-3.015110819993376268e+00,-1.269368623089071502e+00
8.349644541740417480e-01,1.234369814395904541e+00,2.484210789203643799e+00
-2.574285387992858887e+00,8.082135766744613647e-01,-9.250388890504837036e-01
-7.180195943651626611e-02,-3.638975308251036545e+00,2.304648470373057201e+00
-4.588823789210129789e+00,-4.747372133640910818e-01,-8.936216023032977906e-01
-4.297675776831521688e+00,-3.568988309914791213e-01,-1.206134098745724526e+00
-4.065832495689392090e+00,-2.571770325303077698e-01,-9.250388741493225098e-01
-2.893902540206909180e+00,-1.216028571128845215e+00,1.738437414169311523e+00
1.814962896872920783e+00,1.738702912817450486e+00,1.747045565748778673e+00
3.443910035469306963e-01,-2.279093811608017717e+00,3.809011573787332683e+00
-2.013394847345479910e+00,-2.522188072516136970e+00,3.095477456603786814e-01
4.927802732356927895e-01,4.416914705099351579e+00,-1.539430502459706807e+00
-2.040530948341499062e+00,-2.188949616018567301e+00,1.316057328355284772e+00
-2.148129224777221680e+00,-1.748723804950714111e+00,1.205742061138153076e+00
-2.184248513198683739e+00,-2.095365516742971668e+00,7.031895309549706097e-01
4.521903787027458321e+00,-6.732760790218881297e-01,1.000103575422817581e+00
1.366582819032672980e+00,-1.761213159899440939e+00,9.219296707181501294e-01
-7.631214410066604614e-01,6.244015693664550781e-02,8.861249238252639771e-01
-1.495627198937523383e+00,-3.458637744007937442e-01,5.760461449287489488e-01
-1.721973001956939697e+00,-4.409889876842498779e-02,3.534296527504920959e-01
-1.295816719532012939e+00,-4.409889876842498779e-02,3.534296527504920959e-01
-2.893902540206909180e+00,1.767065107822418213e+00,4.599687159061431885e-01
8.030773478558249634e-01,-3.326257815043148103e+00,1.719279985623336726e+00
4.088081717491149902e-01,-2.601036310195922852e+00,1.205742061138153076e+00
-6.176802771639737788e-01,1.592845658658977870e+00,3.788237191221017319e+00
-1.001737430801547424e+00,1.389330847312422623e+00,3.868005392648344642e+00
-2.304261699318885803e-01,-1.109489500522613525e+00,-7.119607552886009216e-01
1.957300677895545959e-01,5.951354652643203735e-01,-2.416585624217987061e+00
-3.320058822631835938e+00,-1.216028571128845215e+00,3.381246328353881836e-02
-4.435042887926101685e-01,3.152072906494140625e+00,-2.203507423400878906e+00
8.919100463390350342e-02,1.340908885002136230e+00,3.443062305450439453e+00
-2.148129224777221680e+00,-2.174880027770996094e+00,-1.777351200580596924e+00
-2.688975946064160460e+00,-2.591645399913060643e+00,-2.035029262667327643e+00
-2.893902540206909180e+00,-1.642184793949127197e+00,1.738437414169311523e+00
-2.467746376991271973e+00,-7.898723334074020386e-01,1.312281131744384766e+00
-3.436351318961917034e+00,-1.074525592775203986e+00,2.522662998220962738e+00
-4.246052672972410735e-01,3.526071884833684722e-01,4.718433818970074078e+00
1.570342121208940345e+00,2.442982047796247169e-01,3.845993618226292821e+00
1.424088783250504031e+00,4.865040969707440377e-01,3.884027278272339956e+00
-2.574285387992858887e+00,3.820573538541793823e-01,3.534296527504920959e-01
-2.995114621313082370e+00,8.964042461166783493e-01,7.588699113577603850e-01
-3.314731892736422214e+00,5.767870790014668625e-01,4.392527740448712859e-01
-2.574285387992858887e+00,8.082135766744613647e-01,7.795858532190322876e-01
-6.565823778510093689e-01,5.951354652643203735e-01,-1.564273059368133545e+00
3.774042152374553982e+00,-5.056342589859659231e-01,2.477288303211580445e+00
3.856321543587066802e+00,-2.883971035480504819e-01,2.350643789408124018e+00
-1.734806597232818604e-02,8.082135766744613647e-01,-3.055819988250732422e+00
-2.048793497715148071e+00,8.758506743438110309e-01,-2.581322960012596646e+00
-2.149463158997947598e+00,2.399793911753897113e+00,-2.858959794094564799e+00
-1.615433931350708008e+00,2.193221330642700195e+00,-2.523124694824218750e+00
-2.329906094018427076e+00,2.255093975696690123e+00,-2.835701272746324886e+00
-3.504628784584327583e+00,-2.418402727177564326e+00,-9.383412318103335759e-01
-2.650421692453180711e+00,6.760172997693586483e-02,-2.598669040827561894e+00
-6.565823778510093689e-01,2.086682260036468506e+00,-3.481976389884948730e+00
1.793816089630126953e+00,1.340908885002136230e+00,3.381246328353881836e-02
-1.189277648925781250e+00,2.619377613067626953e+00,-1.670812129974365234e+00
-1.734805107116699219e-02,1.660526037216186523e+00,-1.777351200580596924e+00
-1.615433931350708008e+00,9.147526472806930542e-01,-1.244655847549438477e+00
-8.752413515102563935e-01,-3.376229469303182906e+00,-1.337547112370215174e+00
1.349488213190098040e+00,4.494070280542992735e-01,8.646053510741990022e-01
-2.117726458631311814e+00,1.741407931325869574e-01,-3.557520735888291874e+00
-2.230020600073046921e+00,7.825513692940658239e-02,-4.127519525817531232e+00
-1.349579721478301186e+00,-1.198137158313758333e+00,4.139830912454058875e+00
-1.734805107116699219e-02,2.086682260036468506e+00,-1.351194918155670166e+00
-1.734805107116699219e-02,1.660526037216186523e+00,-1.351194918155670166e+00
9.415035247802734375e-01,4.885964095592498779e-01,4.599687159061431885e-01
1.366582819032672980e+00,-1.761213159899440939e+00,6.961721017642497067e-02
5.799054572337907221e-01,-2.444990343917038622e+00,5.186480676140160506e-01
-1.615433931350708008e+00,2.193221330642700195e+00,-2.096968412399291992e+00
-2.018853172181191091e+00,9.270955913238689838e-01,-1.216721918593465457e+00
-1.615433931350708008e+00,-3.637160956859588623e-01,-1.670812129974365234e+00
1.793816089630126953e+00,6.244015693664550781e-02,-8.184998184442520142e-01
-2.304261699318885803e-01,1.021291702985763550e+00,-2.416585624217987061e+00
4.088081717491149902e-01,8.082135766744613647e-01,-2.629663705825805664e+00
8.919099718332290649e-02,9.147526323795318604e-01,-2.523124635219573975e+00
1.687277078628540039e+00,-4.409889876842498779e-02,2.484210789203643799e+00
5.153472423553466797e-01,-3.637160956859588623e-01,1.738437414169311523e+00
-2.304261699318885803e-01,-1.535645723342895508e+00,1.403515264391899109e-01
4.299839357590919064e+00,2.442982047796243561e-01,1.116496575559406068e+00
-1.904648317418848213e+00,8.133751497147516663e-01,-2.705208051829148808e+00
-1.619997322358209590e+00,-4.309665301655908110e+00,-7.387440320345967093e-02
-1.615433931350708008e+00,-1.642184793949127197e+00,-8.184998184442520142e-01
-1.295816719532012939e+00,-2.174880027770996094e+00,1.205742061138153076e+00
-7.631214410066604614e-01,-2.494497299194335938e+00,-8.184998184442520142e-01
8.919100463390350342e-02,3.045533895492553711e+00,8.861249238252639771e-01
-4.170117939811615493e+00,1.644550709985200809e+00,1.295654697584579740e+00
4.340541270664435847e-01,4.309511080685394013e+00,-1.807934434542439073e+00
-4.147869587189956242e+00,2.302663371674015247e-01,-2.046756033372758576e-01
6.181105469460246304e-01,4.535948346458400948e+00,-4.836118957094944770e-01
-4.110569461572671779e-01,3.382108179041372953e+00,-2.091001488852207046e+00
-2.304261699318885803e-01,4.217463612556457520e+00,1.403515264391899109e-01
-1.734806597232818604e-02,4.217463612556457520e+00,3.534296527504920959e-01
-1.867261824385505475e+00,3.146242997290116250e+00,-2.764106897712822697e+00
-6.869135876914375105e-01,3.712640072688357495e+00,-2.660493187362250822e+00
-9.664776007861425322e-01,3.902556822158285144e+00,-2.288002771624284115e+00
-2.419794893525216928e+00,3.590558245848841423e+00,-6.563935282719424169e-02
-1.734806597232818604e-02,2.938994884490966797e+00,-2.629663705825805664e+00
-3.369652330875396729e-01,2.619377613067626953e+00,-2.523124694824218750e+00
1.957300752401351929e-01,3.152072906494140625e+00,-2.416585683822631836e+00
-1.734806597232818604e-02,2.512838602066040039e+00,-2.629663705825805664e+00
1.900355160236358643e+00,-1.535645723342895508e+00,1.418820202350616455e+00
1.900355160236358643e+00,-1.535645723342895508e+00,1.844976484775543213e+00
1.793816089630126953e+00,-2.068341016769409180e+00,1.738437414169311523e+00
1.004984751486190042e+00,-1.711706204622143623e+00,5.544528145069022029e-01
9.404265366077461108e-01,-1.761213159899440939e+00,6.961721017642497067e-02
9.415035247802734375e-01,-2.068341016769409180e+00,3.381246328353881836e-02
-2.449463313622183058e+00,-3.343209683207547300e+00,-1.666176316710076932e+00
5.799054572337907221e-01,-2.018834061492111864e+00,9.249181499141168050e-02
-6.783436288850037688e-01,7.590328336766025141e-02,-8.972552021525578292e-01
-1.627059826297316825e+00,9.189122601903159104e-01,-8.670667015914212961e-01
1.793816089630126953e+00,1.340908885002136230e+00,-3.923437893390655518e-01
4.443683989726430639e+00,-4.506613097113962296e-01,-3.392526509959539194e-01
-2.229936483381426360e+00,-5.067809686120059443e-01,7.967046776749373560e-01
2.219972372055053711e+00,1.340908885002136230e+00,-8.184998184442520142e-01
-1.828512012958526611e+00,-2.281419038772583008e+00,-1.457733988761901855e+00
-2.041590213775634766e+00,-2.068341016769409180e+00,-1.670812129974365234e+00
-2.077793829095358369e+00,-2.584503104339384016e+00,-1.241301245998948755e+00
-2.509809595625213774e+00,-2.776858379655043674e+00,-2.017966858821409026e+00
3.588416519258157855e+00,-1.259069558966154634e-01,2.533638237890444955e+00
-1.560998131102444120e+00,-4.040340786564888376e+00,-1.037722346908873661e+00
-1.023785863027283360e+00,-3.700296121772773894e+00,-1.051599575258836738e+00
-1.750186336288061195e+00,-4.024530892884463640e+00,-8.029949644966096756e-01
-1.025504230343547096e+00,-3.663126095245876179e+00,-6.083508458353286130e-01
-4.508035109073993962e-01,-3.339059442776284747e+00,-8.942983829467069379e-01
-1.721973001956939697e+00,1.660526037216186523e+00,-2.203507423400878906e+00
-3.037036562122413796e-01,1.800068500984275843e+00,-1.189530170399757392e+00
-1.615433931350708008e+00,2.619377613067626953e+00,-1.670812129974365234e+00
-7.322074071036444032e-01,-4.309055930292416292e+00,-6.476443716047568522e-01
-1.835381911256684040e+00,-2.637490160969596431e+00,1.422934554464120982e+00
-2.519798709304045925e+00,-2.933586606639159378e+00,-1.776069988866798566e+00
-5.322220169406631507e-02,3.809852231294809766e+00,1.659114116143784345e+00
2.118615055018454818e+00,-4.817720019979928603e-01,-3.742396962486170153e+00
-4.172371506690979004e+00,6.244016438722610474e-02,-1.031577944755554199e+00
-4.065832495689392090e+00,1.689792200922966003e-01,-9.250388741493225098e-01
-2.798596262720803862e-03,-2.153493930227480035e+00,8.211999246361363358e-01
4.088081717491149902e-01,-2.174880027770996094e+00,7.795858606696128845e-01
1.816946214077076904e+00,-3.480488390663551534e+00,-1.563069406549003171e+00
1.474198877811431885e+00,1.689792126417160034e-01,-1.564273059368133545e+00
4.088081717491149902e-01,-4.409889876842498779e-02,2.484210789203643799e+00
5.153472423553466797e-01,-3.637160956859588623e-01,2.590749859809875488e+00
7.125488899509384577e-01,-4.702442059040629063e-01,2.486231466428712622e+00
3.415737475179976279e+00,-2.638497810094892593e+00,-1.000820353913384197e+00
-2.467746376991271973e+00,2.193221330642700195e+00,3.381246328353881836e-02
-2.041590213775634766e+00,2.193221330642700195e+00,3.381246328353881836e-02
-9.453983537987827868e-01,1.127886159819345258e+00,3.441550813576869317e+00
6.218863129615783691e-01,2.512838602066040039e+00,-2.629663705825805664e+00
-4.404214787833108602e+00,-3.728163407394527451e-02,-1.312673169351956215e+00
7.232961255254983790e-01,1.722489153798431705e+00,4.283617849933481381e+00
-2.066005614555222358e+00,9.294556526379292860e-01,1.175611419309395611e+00
-2.066005614555222358e+00,9.294556526379292860e-01,7.494552113902749335e-01
-2.574285387992858887e+00,8.082135766744613647e-01,1.205742061138153076e+00
8.167928601589397042e-01,3.428679723492287779e-01,1.610378770812014970e+00
7.840109915782424999e-01,3.311038828359847419e-01,2.030261796320804280e+00
9.233319307651713936e-01,4.494070280542992735e-01,1.716917841418246660e+00
1.957300677895545959e-01,-1.109489500522613525e+00,-2.416585624217987061e+00
8.919100463390350342e-02,-1.216028571128845215e+00,-2.523124694824218750e+00
-1.615433931350708008e+00,4.885964095592498779e-01,8.861249238252639771e-01
-1.615433931350708008e+00,4.885964095592498779e-01,1.312281131744384766e+00
8.349644541740417480e-01,-3.027192592620849609e+00,-1.351194918155670166e+00
3.293910394983951662e+00,5.012214609282101829e-01,2.841342713789877017e+00
2.863733009466054469e+00,-4.333105226443298985e-01,3.272296466073151500e+00
3.600617706621866532e+00,-2.406046725030626554e+00,-9.477470952852752317e-01
9.415035247802734375e-01,1.767065107822418213e+00,3.381246328353881836e-02
9.415035247802734375e-01,9.147526472806930542e-01,3.381246328353881836e-02
-1.534441264979962138e+00,-4.473385025770451051e+00,-1.250158237618901991e+00
-1.251988489000750437e+00,-4.569852940327105095e+00,-1.204201632053686577e+00
-1.450610036956306859e+00,-4.569020984963373166e+00,-9.746379474803670284e-01
-1.723629470165579214e+00,-4.457575132090026315e+00,-1.015430855206638006e+00
-1.294780565551652440e+00,-4.641641426234962786e+00,-8.428195518947494413e-01
-1.096159017596096019e+00,-4.642473381598694715e+00,-1.072383236468068990e+00
-1.010683511192796313e+00,-4.720381402082137967e+00,-7.926717942205208089e-01
-1.203224238730794982e+00,-4.701422370286887364e+00,-5.673631420811696691e-01
-2.134105069125809440e+00,-4.247430066114747049e+00,-4.281534473848410682e-01
-1.959677325572700912e+00,-4.295730266438346767e+00,-6.710028131744690816e-01
-1.871493752553644807e+00,-4.372236034252868109e+00,-4.017079333420804366e-01
-2.046256988830711165e+00,-4.303374855988899128e+00,-1.649818602709741955e-01
-1.732975586322714534e+00,-4.548822887413200178e+00,-5.085810106532566710e-01
-1.821159159341770639e+00,-4.472317119598678836e+00,-7.778758904856452050e-01
-1.548139726132498284e+00,-4.583762972472024799e+00,-7.370829827593742278e-01
-1.456583399311640825e+00,-4.643543916523949378e+00,-4.616265729457944555e-01
-2.513588661244821054e+00,-3.827019163530312795e+00,-5.016257739825029649e-01
-2.349368381092767688e+00,-3.890361247000718947e+00,-7.468981813640731549e-01
-2.260396139522248937e+00,-3.986769679074321893e+00,-4.754318045322042940e-01
-2.491621987791365456e+00,-3.582419329692312360e+00,-8.689325037181687694e-01
-2.425443234579241825e+00,-4.081853938365775925e+00,-3.314879195903899095e-02
-2.268035433065020534e+00,-4.162475154337780481e+00,-2.735936356895377619e-01
-2.180187352769921816e+00,-4.218419944211933448e+00,-1.042204857567094467e-02
-2.666556573597831381e+00,-3.908095721923614096e+00,-5.286994608804631429e-02
-2.521227954787592651e+00,-4.002724638793772272e+00,-2.997876051398363773e-01
-2.427016948305635857e+00,-3.537503706867357156e+00,7.361687115152346084e-02
-2.915753695158648462e+00,-3.569837332297733479e+00,-8.492889483150292129e-01
-2.828294159359347582e+00,-3.689703577092698250e+00,-5.732474193516912120e-01
-3.061567388250754362e+00,-3.499610329891192251e+00,-5.974802860205665755e-01
-3.136051623743010719e+00,-3.361535536126812218e+00,-8.807561564512680352e-01
-2.734083152877390788e+00,-3.224482645166283579e+00,-1.998429430603314017e-01
-2.403877057555154462e+00,-4.254528515554557799e+00,4.115616110820475848e-01
-2.500507504242400536e+00,-4.211268339283231299e+00,1.729937121187022919e-01
-2.255251622433080527e+00,-4.347834345129388822e+00,1.957204555020703451e-01
-2.171205690723780002e+00,-4.366449542975570530e+00,4.633631825988994701e-01
-2.843020018162193630e+00,-3.976882599754612446e+00,4.229077482480934069e-01
-2.712618521596255938e+00,-4.075575059960302227e+00,2.368990308447326831e-01
-2.615988074909009864e+00,-4.118835236231626951e+00,4.754669298080779760e-01
-2.807851284360517230e+00,-3.959097653361434155e+00,6.833147395343711628e-01
-2.759031115003526047e+00,-2.417538609436210351e+00,-9.957775679606502006e-01
-3.054460574867558620e+00,-3.087286793823252662e+00,-9.309175627794470387e-01
-2.759031115003526047e+00,-2.417538609436210351e+00,-5.696215388554637382e-01
-1.794760558635275949e+00,-4.240804123391939129e+00,1.628516698676465979e-01
-1.063944317292669250e+00,-4.215632865708492716e+00,-1.616906132861090639e-01
-5.994998609881202478e-01,-3.943907165272293014e+00,-4.133742159314844622e-02
-9.096168308713146189e-01,-4.010368844626588825e+00,1.121199418047294227e-01
-1.122694972083777998e+00,-3.797290703414125002e+00,1.121199418047294227e-01
-2.140640340506786643e+00,-3.705925532447421844e+00,6.804011083805295845e-01
-2.557939864691368470e+00,-4.102752483938629346e+00,7.446607975670354040e-01
-1.657658347105323005e+00,-3.560554159395602269e+00,2.794050047687892668e-01
-1.885337783539708267e+00,-4.131415541524109614e+00,6.478866932065813211e-01
-1.043592258498987402e+00,-3.645571143086504318e+00,3.492988794271747466e-01
-7.038379713782851876e-01,-3.683001271144633826e+00,-2.832958121646788063e-01
-1.164700412994573275e+00,-3.588662062457202317e+00,-3.477057396560320202e-01
-1.016155901477546308e+00,-3.264595409987611330e+00,-2.074972476622238549e-01
-2.077793829095358369e+00,-2.584503104339384016e+00,-8.151452168937621812e-01
-1.699663788016118282e+00,-3.351925518438679141e+00,-1.804206766919722316e-01
-2.013479174243741898e+00,-3.117864671114136232e+00,-4.630136122528606402e-01
-1.866822717292164757e+00,-2.835324607299479993e+00,-7.397436877325320737e-01
-1.553007331064541141e+00,-3.069385454624023346e+00,-4.571507521716436928e-01
-2.450669615983064098e+00,-3.207949439309744299e+00,-9.422615600819812531e-01
-2.679250804477341319e+00,-3.678081835120855292e+00,1.401249264842785447e-01
-1.862846853936049207e+00,-4.093074390209739732e+00,2.797593752292647507e-01
-1.966017183893053577e+00,-3.833929312161433067e+00,4.630088121384239308e-01
-2.361207365989685059e+00,-2.601036310195922852e+00,-7.272659987211227417e-02
-2.652492104001939133e+00,-2.950233902862724022e+00,-2.500043493885104051e-01
-2.332874951787888840e+00,-2.417538609436210351e+00,-5.696215388554637382e-01
-2.121903839984694784e+00,-2.668360112396306771e+00,-4.942200096942336307e-01
-2.369078567107612443e+00,-2.933700697006185187e+00,-9.924229664101602566e-01
-2.118149410903127361e+00,-3.667584381133051963e+00,3.122737904032130141e-01
-1.374953157486408450e+00,-4.522237793749811274e+00,-7.282591944401280992e-01
-1.761659654918205309e+00,-4.415371051609620068e+00,-4.937387098701665478e-01
-1.795514552893675564e+00,-4.154320651022961108e+00,-5.008072472104866391e-01
-1.849843227937261636e+00,-4.338865283795097838e+00,-7.630335897025550818e-01
-2.039279014468325713e+00,-4.026230721889243469e+00,-2.542166589870973326e-01
-1.695857661244474901e+00,-3.839986260112327354e+00,-5.407686220045412329e-01
-1.586023563609035625e+00,-3.883121277469078425e+00,-6.327993985326273441e-01
-1.656996386662745291e+00,-4.330907504183293177e+00,-6.076803245216628735e-01
-2.248273648070695074e+00,-4.070690211029733163e+00,1.064856567859472081e-01
-1.353957423556710227e+00,-4.044373496999593698e+00,-6.268424051470766756e-02
-1.295206768765601479e+00,-4.462715659293960968e+00,-3.364947956055461820e-01
-1.074296605502243596e+00,-3.855620031941428660e+00,-1.974548883048192482e-01
-2.356531376921579657e+00,-3.838778223185371541e+00,9.308685862258792021e-01
-2.414579587139221495e+00,-3.854860975478369589e+00,6.616747184669217186e-01
-2.546151464671775777e+00,-3.664743792548071699e+00,6.266465869745929673e-01
-1.395962864467505504e+00,-3.835744856042671014e+00,-5.225099219754691937e-01
-9.351004228512174166e-01,-3.930084064730102078e+00,-4.580999944841158689e-01
-1.444361231049039906e+00,-3.777415527515367355e+00,-2.129350918659204672e-01
-1.829788025183685996e+00,-3.755031348335361230e+00,-3.862088103092380376e-01
-2.043085141239969094e+00,-3.538169980215595700e+00,1.061312863254716965e-01
-2.035445847697197497e+00,-3.362464504952137112e+00,-9.570688251719480788e-02
-2.165570084864765210e+00,-3.765570334848818757e+00,-3.014950161344606139e-01
-1.822148731640914399e+00,-3.579325873071902198e+00,-5.880469791519045142e-01
-2.302261184460443477e+00,-3.948677318413334802e+00,5.928111448817321993e-02
-2.172136947292875764e+00,-3.545571488516652714e+00,2.650692481054389704e-01
-2.377325454123601745e+00,-4.078091719330790177e+00,2.654236185659145097e-01
-2.554495040632148495e+00,-4.089255446666832938e+00,1.257891698209283038e-01
-2.128851940487194394e+00,-3.267916841056863753e+00,5.623868977880871478e-01
-2.388027983707668778e+00,-3.678424179254602855e+00,5.155367259507885880e-01
-2.334040447317920375e+00,-3.800437071871001660e+00,5.627412682485626316e-01
-1.570336567989367271e+00,-4.374752137555835141e+00,-6.842396993637597236e-01
-1.316977407408521428e+00,-4.432630591318773128e+00,-7.899762684991349371e-01
-1.398607649233753580e+00,-4.553936714092911231e+00,-5.233436470048012934e-01
-1.599020636584858046e+00,-4.241300301752254143e+00,-6.693973985806696003e-01
-1.499363744935657605e+00,-3.926965910841620389e+00,-7.093587733747241941e-01
-1.763183409263883616e+00,-4.382709917167639802e+00,-8.395929645446520428e-01
-1.213576526940369327e+00,-4.341409536519822865e+00,-6.031274170998798256e-01
-1.408959937443327926e+00,-4.193923880325846731e+00,-5.591079220235114500e-01
-1.038501303319369518e+00,-4.021305119529051453e+00,-6.449488458833709803e-01
-8.696605116128921509e-01,-2.174880027770996094e+00,7.795858532190322876e-01
-7.631214410066604614e-01,-7.898723334074020386e-01,-2.523124694824218750e+00
1.793816149234771729e+00,6.244015693664550781e-02,-1.670812129974365234e+00
1.751870633248782338e+00,-2.421456253650577040e+00,-1.174880710611971413e+00
-1.721973001956939697e+00,2.725916624069213867e+00,-1.777351140975952148e+00
-1.740766860787045789e-01,1.662005293017947860e+00,-4.412732181634584805e+00
1.793816089630126953e+00,2.193221330642700195e+00,-8.184998184442520142e-01
3.810289836975594202e+00,-1.886720274897026428e+00,8.227850342845524079e-01
-1.734806597232818604e-02,1.021291717886924744e+00,3.549601435661315918e+00
9.415035247802734375e-01,2.193221330642700195e+00,-8.184998184442520142e-01
1.367659807205200195e+00,2.193221330642700195e+00,-8.184998184442520142e-01
-3.545977733047099179e+00,-1.567051538898389218e+00,2.043720508594666363e+00
5.153472423553466797e-01,3.897846460342407227e+00,-8.184998184442520142e-01
9.415035247802734375e-01,3.471690177917480469e+00,-8.184998184442520142e-01
-3.428210018866206354e+00,-2.497686593916236930e+00,6.574588458953518622e-01
-3.265189982644678857e+00,-2.678486865619599477e+00,7.201187288619048665e-01
5.153472423553466797e-01,6.244015693664550781e-02,2.590749859809875488e+00
-1.662166981675480826e-02,2.551190226760217783e+00,7.846486621426276287e-01
1.378069585560670829e+00,1.894051584957813450e+00,-3.541241876644634079e+00
1.274748993142645004e+00,1.657258032278326354e+00,-3.694332653051856763e+00
-4.065832495689392090e+00,8.082135915756225586e-01,5.665077716112136841e-01
-4.172371506690979004e+00,7.016745209693908691e-01,1.099203050136566162e+00
9.843505048930208945e-01,2.638865807731838764e+00,1.367039282783335086e+00
1.663848615618616300e+00,-2.433932859502549562e+00,-1.659879761850299396e+00
3.351039888989278126e-02,-4.703331603386557092e+00,3.364603000522476961e-01
-2.467746376991271973e+00,-3.637160956859588623e-01,-1.670812129974365234e+00
-2.467746376991271973e+00,-3.637160956859588623e-01,-2.096968412399291992e+00
-2.041590213775634766e+00,-7.898723334074020386e-01,-1.670812129974365234e+00
9.415035247802734375e-01,-7.898723334074020386e-01,-2.949280977249145508e+00
-7.631214410066604614e-01,6.244015693664550781e-02,2.590749859809875488e+00
-8.696605116128921509e-01,-4.409889876842498779e-02,2.484210848808288574e+00
8.919100463390350342e-02,2.619377613067626953e+00,-8.184998184442520142e-01
-1.365258517464249310e+00,-3.625695967187746671e+00,2.424384575652482887e-02
-1.507835654914985390e+00,-2.508566887441907145e+00,1.848752681386443220e+00
3.633176012809128941e-01,-3.379508413194685534e+00,-1.050249007976196136e+00
-7.631214410066604614e-01,3.471690177917480469e+00,3.381246328353881836e-02
2.428662071333658634e+00,3.644786876875589776e+00,1.398437461839184270e-01
9.949219226775239955e-01,9.430649300552492731e-01,2.633660602925487648e+00
8.919100463390350342e-02,6.244015693664550781e-02,-3.375437259674072266e+00
-2.041590213775634766e+00,1.767065107822418213e+00,1.738437414169311523e+00
1.631567628826220695e-03,-2.584579841436063785e-01,4.709027665702651966e+00
-1.734806597232818604e-02,-1.748723804950714111e+00,-7.272659987211227417e-02
1.048042595386505127e+00,3.578229308128356934e+00,7.795858606696128845e-01
4.088081717491149902e-01,-1.748723804950714111e+00,1.631898343563079834e+00
8.919099718332290649e-02,-1.642184734344482422e+00,1.738437414169311523e+00
9.415035247802734375e-01,3.471690177917480469e+00,-1.670812129974365234e+00
8.356908503296150981e-01,2.551190226760217783e+00,3.584924542235068401e-01
1.008517394471708961e+00,2.590699598620899380e+00,5.672716770010697296e-01
1.560200795511269556e-01,1.809680757920513861e+00,2.644987859154073639e+00
8.670168729566829491e-01,3.790912833682004823e+00,1.939160338956054552e+00
-1.034461488480715730e+00,-1.139244006549435362e+00,3.552428165968389173e+00
-7.148443511678265194e-01,-1.245783077155667051e+00,3.445889035757512708e+00
-2.148129224777221680e+00,1.234369814395904541e+00,2.484210789203643799e+00
1.687277078628540039e+00,-4.409889876842498779e-02,-1.777351200580596924e+00
-1.515799330652240595e+00,-3.711516601886702738e+00,1.233728443462918545e+00
9.415035247802734375e-01,-3.637160956859588623e-01,2.590749859809875488e+00
-7.092554519919421763e-01,2.679941383079081696e+00,9.368817797960291571e-01
1.367659807205200195e+00,2.619377613067626953e+00,-8.184998184442520142e-01
-3.592830771496706710e+00,2.321711871227355672e+00,6.872045858246236261e-01
1.422541380586245685e+00,4.317005274840957085e+00,-4.266626850085688538e-01
-1.734806597232818604e-02,-1.748723804950714111e+00,2.058054625988006592e+00
1.229233630280751832e+00,-2.473945250193294587e+00,1.719279985623336726e+00
4.415278406350334528e+00,9.696230436509861716e-02,-5.900627691898088223e-01
7.834185473025657709e-01,3.895499672619170184e+00,1.242426919944318531e+00
-3.255247956908756679e-01,-7.652038879456629639e-01,2.532832705418933017e+00
-8.696605116128921509e-01,-8.964113891124725342e-01,-7.272659987211227417e-02
-6.565823778510093689e-01,-6.833332628011703491e-01,-2.858047261834144592e-01
-7.631214484572410583e-01,-7.898723185062408447e-01,3.381246328353881836e-02
-1.734806597232818604e-02,-8.964113891124725342e-01,-2.629663705825805664e+00
8.919099718332290649e-02,-7.898723185062408447e-01,-2.523124635219573975e+00
5.895427414734332183e-01,-1.630922337948572443e+00,7.368722215220963045e-02
-7.631214410066604614e-01,3.045533895492553711e+00,-1.670812129974365234e+00
-3.037036562122413796e-01,2.652381006229484584e+00,-1.615686452824684149e+00
-3.037036562122413796e-01,2.226224723804557826e+00,-1.615686452824684149e+00
8.919100463390350342e-02,4.885964095592498779e-01,8.861249238252639771e-01
8.919100463390350342e-02,-1.216028571128845215e+00,8.861249238252639771e-01
-4.065832495689392090e+00,8.082135915756225586e-01,3.534296527504920959e-01
1.037404743435108856e-01,-2.473111201650819879e+00,1.353895195710908217e+00
1.739688167555601683e-01,-7.764092069763872672e-01,-8.972552021525578292e-01
3.599794735612271701e+00,-6.273821708548058540e-01,1.663077866328518617e+00
1.455681824835366456e+00,-1.629708188097154453e+00,-1.611969361160964231e+00
-1.615433931350708008e+00,-3.637160956859588623e-01,-2.523124694824218750e+00
2.219972372055053711e+00,1.767065107822418213e+00,-8.184998184442520142e-01
1.562048743253390826e-01,3.443012163470752895e+00,5.672716770010697296e-01
1.562048743253390826e-01,3.016855881045826138e+00,5.672716770010697296e-01
2.627439374809901751e-01,2.697238609622486294e+00,1.099966955526422208e+00
-7.631214410066604614e-01,2.619377613067626953e+00,-1.670812129974365234e+00
9.881143893241339793e-01,-2.452325592378555630e+00,-2.041479305197653193e+00
9.016189832029177786e-01,1.581600761027702973e+00,2.100603605812160879e+00
1.793816089630126953e+00,-1.642184793949127197e+00,-1.670812129974365234e+00
1.410506787317947541e+00,2.638865807731838764e+00,9.408830748642144082e-01
2.683073647948258866e+00,9.516976390665824459e-01,1.337197546051517971e+00
1.474198877811431885e+00,-6.833332628011703491e-01,-7.119607552886009216e-01
1.793816149234771729e+00,-7.898723185062408447e-01,-8.184998258948326111e-01
-2.030479067127799908e+00,9.312552042334918401e-01,-8.391327726354482763e-01
-2.680824398994445801e+00,-1.855262875556945801e+00,-1.883890211582183838e+00
-2.574285387992858887e+00,-1.748723804950714111e+00,-1.777351200580596924e+00
1.793816089630126953e+00,1.767065107822418213e+00,-8.184998184442520142e-01
3.921203622164131986e+00,-1.079535231720893496e+00,-1.204694896044975483e+00
-2.574285387992858887e+00,-1.322567641735076904e+00,-2.203507423400878906e+00
3.498441219329833984e+00,-1.642184793949127197e+00,-8.184998184442520142e-01
-3.502646036143767461e+00,9.386536059759819084e-01,-2.290252947030204211e+00
1.836061009952027201e-01,-8.146537062531299389e-01,-4.899037658865734168e-01
1.326600953691852158e+00,1.673697857234027531e+00,1.684741363332545205e+00
-2.893902540206909180e+00,9.147526472806930542e-01,1.738437414169311523e+00
-2.893902540206909180e+00,9.147526472806930542e-01,1.312281131744384766e+00
1.760551086072833504e+00,-2.123842563461128652e+00,8.194265640800402206e-01
-2.044919513020431623e+00,1.847635258742374553e+00,-9.469036821974197160e-03
-1.721973001956939697e+00,-8.964113891124725342e-01,7.795858606696128845e-01
-1.615433931350708008e+00,-7.898723185062408447e-01,8.861249312758445740e-01
1.900355160236358643e+00,-6.833332628011703491e-01,-7.119607552886009216e-01
-2.018853172181191091e+00,1.779408051865594143e+00,-1.642878201018392215e+00
-7.298598641313621682e-01,2.226224723804557826e+00,-7.633741412945710403e-01
6.889001826530138928e-01,3.549551293681629360e+00,2.476544875341164520e-01
-7.631214410066604614e-01,6.244015693664550781e-02,2.164593696594238281e+00
-7.631214410066604614e-01,-3.637160956859588623e-01,2.164593696594238281e+00
-9.478656148490646194e-01,-5.589658171591738167e-01,-3.624875963491803965e+00
-1.655179476750290757e+00,8.308784510742833751e-02,1.260171245767088166e+00
-1.615433931350708008e+00,1.767065107822418213e+00,-3.923437893390655518e-01
9.415035247802734375e-01,-2.494497299194335938e+00,-8.184998184442520142e-01
-1.179642021510400873e+00,8.392448446204195389e-02,5.182554081501491994e-02
8.919100463390350342e-02,-2.068341016769409180e+00,2.590749859809875488e+00
8.919100463390350342e-02,-2.068341016769409180e+00,2.164593696594238281e+00
-1.001737430801547424e+00,9.631746095909794469e-01,4.294161675073270956e+00
-4.147869587189956242e+00,2.302663371674015247e-01,-4.177537221979974458e-01
4.763886327030929735e+00,-2.984420096636286046e-01,1.104674281328109353e-01
-2.151552569195537501e+00,-3.835417686365406809e+00,1.356023155521786538e+00
-1.507835654914985390e+00,-2.508566887441907145e+00,1.422596398961516462e+00
1.793816089630126953e+00,4.885964095592498779e-01,-2.523124694824218750e+00
1.793816089630126953e+00,6.244015693664550781e-02,-2.523124694824218750e+00
-7.631214410066604614e-01,-2.494497299194335938e+00,8.861249238252639771e-01
-1.012805897281092299e-01,-3.391590185822158876e+00,-1.132075303042794578e+00
-1.734806597232818604e-02,-3.027192592620849609e+00,-9.250388890504837036e-01
-2.574285387992858887e+00,-4.409889876842498779e-02,-2.203507423400878906e+00
-2.467746376991271973e+00,6.244015693664550781e-02,-2.096968412399291992e+00
1.793816089630126953e+00,9.147526472806930542e-01,-2.523124694824218750e+00
-1.561567942335989834e+00,2.679941383079081696e+00,9.368817797960291571e-01
2.857799132317334068e-01,4.426453074166905921e+00,-9.555784428404833220e-01
8.919100463390350342e-02,3.897846460342407227e+00,-8.184998184442520142e-01
8.919100463390350342e-02,9.147526472806930542e-01,3.869218587875366211e+00
-7.485719712970531070e-01,-1.620798696405611361e+00,1.780051478135834975e+00
9.415035247802734375e-01,4.885964095592498779e-01,3.381246328353881836e-02
-1.615433931350708008e+00,-1.642184793949127197e+00,-3.923437893390655518e-01
-1.404462819547514396e+00,-2.319162519729505600e+00,-7.430982892830220177e-01
-1.511001890153746086e+00,-2.425701530731092515e+00,-8.496373598892537071e-01
-3.575595498107559500e+00,-8.038417229283666421e-01,-2.202611607534561422e+00
-2.467746376991271973e+00,1.767065107822418213e+00,-1.670812129974365234e+00
-2.360148100555549355e+00,-1.656254382196698405e+00,1.422596398961516462e+00
-2.467746376991271973e+00,-1.642184793949127197e+00,1.738437414169311523e+00
-1.238362150993769450e+00,1.739902237342817681e+00,1.664171763885453847e+00
9.415035247802734375e-01,9.147526472806930542e-01,-3.375437259674072266e+00
1.367659807205200195e+00,-2.494497299194335938e+00,3.381246328353881836e-02
8.349644541740417480e-01,-2.601036310195922852e+00,3.534296527504920959e-01
5.153472423553466797e-01,-1.642184793949127197e+00,1.738437414169311523e+00
9.555679360344244699e-01,-3.355692114157525552e+00,2.615887288432564795e+00
1.042328829429551629e+00,-3.158565073792217959e+00,2.809227973328860983e+00
-1.734806597232818604e-02,8.082135766744613647e-01,-2.629663705825805664e+00
1.276329579214824372e-01,-2.908571808991789354e+00,-7.366735233776534608e-01
-7.631214410066604614e-01,-3.637160956859588623e-01,2.590749859809875488e+00
-2.471075676236068830e+00,1.847635258742374553e+00,4.166872158006301730e-01
-7.631214410066604614e-01,2.619377613067626953e+00,1.312281131744384766e+00
1.224525815092017689e-01,1.800068500984275843e+00,-1.189530170399757392e+00
8.919100463390350342e-02,-1.642184793949127197e+00,2.164593696594238281e+00
1.224525815092017689e-01,2.226224723804557826e+00,-1.615686452824684149e+00
5.153472423553466797e-01,9.147526472806930542e-01,-2.523124694824218750e+00
1.682986892219548725e-01,-1.997447963948595806e+00,9.864183394996602905e-01
-7.631214410066604614e-01,-2.494497299194335938e+00,2.590749859809875488e+00
-4.410811568362943191e+00,8.301888944094775180e-01,1.280883390308061198e+00
-1.615433931350708008e+00,2.619377613067626953e+00,-2.096968412399291992e+00
-2.467746376991271973e+00,-7.898723334074020386e-01,8.861249238252639771e-01
-2.148129224777221680e+00,-1.748723804950714111e+00,-1.777351200580596924e+00
-2.041590213775634766e+00,-1.642184793949127197e+00,-1.670812129974365234e+00
-2.013586321411688473e+00,-3.879822260487261421e+00,-8.316119755388505785e-01
8.349644541740417480e-01,-3.027192592620849609e+00,7.795858532190322876e-01
-1.639849332130295601e+00,9.294556526379292860e-01,7.494552113902749335e-01
-7.631214410066604614e-01,9.147526472806930542e-01,-1.670812129974365234e+00
1.908813670613620950e+00,-3.590152735056034938e+00,-1.084124651539656536e+00
-2.397326654411147118e+00,-2.521521799167898426e+00,2.770333304864304180e-01
-3.320058822631835938e+00,-1.642184793949127197e+00,3.381246328353881836e-02
-2.467746376991271973e+00,9.147526472806930542e-01,1.312281131744384766e+00
8.920454090135627734e-01,-8.258603458079181170e-01,-1.594529469613742867e+00
8.919100463390350342e-02,-1.642184793949127197e+00,-2.523124694824218750e+00
-7.631214410066604614e-01,-1.642184793949127197e+00,-2.523124694824218750e+00
8.919100463390350342e-02,-1.642184793949127197e+00,-1.670812129974365234e+00
-3.314731892736422214e+00,5.767870790014668625e-01,8.654089819639920744e-01
1.294707153093598961e+00,-3.600437532191139045e+00,1.794892075499207484e+00
-7.631214410066604614e-01,-7.898723334074020386e-01,-2.096968412399291992e+00
-8.176829135069441090e-01,-4.231147909808973928e+00,-9.273558138523050332e-01
-5.973055725314333486e-01,-4.558515483290928927e+00,-9.580963050549206050e-01
-2.223077310696328190e+00,-4.151021634041144104e+00,-6.996198242167098735e-01
-2.031639720925554116e+00,-3.850525246625784881e+00,-4.560548278297638092e-01
-2.904417581836685525e+00,-3.132702714685488665e+00,-1.182330934036069259e+00
-2.986008630712137624e+00,-3.406951456989048221e+00,-1.132169527707890255e+00
-2.705750738675594569e+00,-3.040984944406571078e+00,-6.967378820436828102e-01
-5.899996935584255198e-01,-3.264595409987611330e+00,2.186590049603805153e-01
-6.101114657463256874e-01,-3.688170856562048350e+00,2.557465108213087257e-01
-9.972289969048016012e-01,-4.133340360978336570e+00,-1.264035465968865068e+00
-1.459809805837353203e+00,-4.001831125764007346e+00,-8.851966640367101569e-01
-1.571598955776675188e+00,-4.367994630183211768e+00,-3.834492333130083419e-01
-1.466935687521214948e+00,-4.283531082756885766e+00,-4.973908479645046121e-01
-1.622338401258472285e+00,-4.244211895313216409e+00,7.010331723881465527e-01
-1.787782584272890718e+00,-3.963659989292283914e+00,7.361687115152346084e-02
-2.397410981309408662e+00,-3.117198397765897688e+00,-4.955280274268089036e-01
-2.135964117868538015e+00,-3.345265025747359289e+00,-8.706399147127930060e-01
-2.840622163878977702e+00,-2.691787351739769907e+00,-5.194601325272847347e-01
-9.247481346416430714e-01,-4.290096898497166578e+00,-4.223357194654057123e-01
-2.606442796590728861e+00,-3.695123392608175905e+00,8.695225281932148498e-01
-2.402763551457181457e+00,-3.284612641185741921e+00,1.184862465747778870e+00
-8.431178928164109188e-01,-4.168790775723028474e+00,-6.889683409597393560e-01
-1.495619756116705945e+00,-4.150079246953304768e+00,-4.825485471814145444e-01
-1.605453853752145221e+00,-4.106944229596553697e+00,-3.905177706533284887e-01
-1.653852220333679846e+00,-4.048614901069250038e+00,-8.094294054377978997e-02
-2.589436471477457147e+00,-3.942398440007860216e+00,3.293289372919449010e-01
-2.535448935087709188e+00,-4.064411332624259465e+00,3.765334795897188891e-01
-1.490163976054611261e+00,-4.494155770040986653e+00,-7.988000568183810657e-01
-2.556068754358542527e+00,-3.544905215168413726e+00,2.325548329314907625e-01
-2.714192235322649971e+00,-3.531224828461883014e+00,3.436646939552951419e-01
-2.296892711138068144e+00,-3.134397876970675512e+00,2.794050047687892668e-01
-1.472806878813175846e+00,-4.360010150047182620e+00,-9.217946640847525241e-01
-1.036782936003105782e+00,-4.058475146055949168e+00,-1.088197575306879106e+00
-1.291542428099054618e+00,-4.494987725404717693e+00,-1.028363741391700614e+00
-1.651637546670431833e+00,-3.010659386764310774e+00,-8.151452168937621812e-01
8.356908503296150981e-01,2.551190226760217783e+00,-6.766379839909755778e-02
9.422299209358467875e-01,2.657729237761804697e+00,3.887526475655353475e-02
7.886733817024782489e-01,-2.043763873906576656e+00,3.868529187259017288e+00
-1.499259233329095942e+00,-6.618489352757739308e-01,1.010677071962971851e+00
-2.467746376991271973e+00,6.244015693664550781e-02,-2.523124694824218750e+00
-8.875606661183488288e-01,6.041061717358153782e-02,-4.372695541225703586e+00
-4.712271538565878659e-01,-4.023339832300740326e+00,-2.046523396658739724e+00
1.115056465077940651e+00,2.697238609622486294e+00,2.476544875341164520e-01
-1.230718511007680149e+00,-3.791800256371616218e+00,1.296167215118511074e+00
-1.901297696128099179e+00,-3.642159975464477562e+00,1.694216348769238989e+00
-1.732263184795408861e+00,-3.796266125102305544e+00,1.506686680029647674e+00
-2.345828847337513068e+00,-4.238445763261559307e+00,6.807554788410050683e-01
-2.480275582979291293e+00,-3.628254748411204211e+00,-3.731166615036489720e-01
-2.472636289436519696e+00,-3.452549273147745179e+00,-5.749548303463154486e-01
-2.464813159440678025e-01,-4.692969178436303679e+00,3.777448400740114898e-01
-2.467746376991271973e+00,-7.898723334074020386e-01,-1.670812129974365234e+00
-1.551119276499091315e+00,-3.027858865969088598e+00,-4.021218469816403851e-02
-2.467746376991271973e+00,1.767065107822418213e+00,1.738437414169311523e+00
-1.615433931350708008e+00,1.767065107822418213e+00,3.381246328353881836e-02
9.415035247802734375e-01,3.471690177917480469e+00,4.599687159061431885e-01
-7.631214410066604614e-01,6.244015693664550781e-02,1.738437414169311523e+00
-1.615433931350708008e+00,6.244015693664550781e-02,1.738437414169311523e+00
1.957300752401351929e-01,4.004385590553283691e+00,-9.250388741493225098e-01
9.415035247802734375e-01,-2.494497299194335938e+00,3.381246328353881836e-02
1.957300677895545959e-01,-1.535645723342895508e+00,1.844976484775543213e+00
-7.148443511678265194e-01,-8.196268394342238750e-01,2.593576590116948744e+00
1.957300677895545959e-01,1.021291702985763550e+00,-2.416585624217987061e+00
-4.304272557361356277e+00,9.367279650157092075e-01,7.481881117827087202e-01
-2.467746376991271973e+00,-1.642184793949127197e+00,-1.670812129974365234e+00
9.415035247802734375e-01,-3.346809864044189453e+00,8.861249238252639771e-01
1.493140241697892723e+00,-3.727038431034568777e+00,9.060280819242785277e-01
-7.631214410066604614e-01,-7.898723334074020386e-01,-1.670812129974365234e+00
-3.046650159814448422e+00,-3.800283924452663165e+00,5.046224906917331499e-01
-2.953731860614845495e+00,-3.901816843518139954e+00,2.171778767157253598e-01
-2.419377654762864260e+00,-3.361798231603898124e+00,-1.282212976911430435e-01
-2.268560296936271925e+00,-2.950900176210963011e+00,-2.174899342145621695e-01
-1.977275558924018073e+00,-2.601702583544161840e+00,-4.021218469816403851e-02
-2.659244380672758368e-01,-4.360559694553299614e+00,-1.238130870941320349e+00
-2.281331432342931009e+00,-2.936548604724390721e+00,-2.030117230809773687e+00
-2.512783747552861158e+00,-3.267250567708625208e+00,5.298724826141388844e-01
-2.094556569255582978e+00,-3.289634830234727580e+00,1.062905909191515175e+00
-2.299705606340397779e+00,-2.841094285283698451e+00,9.560286830826790760e-01
1.957300603389739990e-01,-2.814114451408386230e+00,1.418820202350616455e+00
