4.366094290851205845e-02,-1.069384679613291003e-17,1.000000000000000000e+00
0.000000000000000000e+00,0.000000000000000000e+00,0.000000000000000000e+00
4.152402426073106834e-02,1.349197334916458178e-02,1.000000000000000000e+00
3.532244480342058846e-02,2.566325834280704446e-02,1.000000000000000000e+00
2.566325834280700630e-02,3.532244480342061621e-02,1.000000000000000000e+00
1.349197334916454535e-02,4.152402426073107528e-02,1.000000000000000000e+00
-2.641056875729149347e-17,4.366094290851205845e-02,1.000000000000000000e+00
-1.349197334916459740e-02,4.152402426073106140e-02,1.000000000000000000e+00
-2.566325834280703752e-02,3.532244480342059539e-02,1.000000000000000000e+00
-3.532244480342060927e-02,2.566325834280701323e-02,1.000000000000000000e+00
-4.152402426073106834e-02,1.349197334916457484e-02,1.000000000000000000e+00
-4.366094290851205845e-02,5.346923398066455013e-18,1.000000000000000000e+00
-4.152402426073107528e-02,-1.349197334916454882e-02,1.000000000000000000e+00
-3.532244480342062315e-02,-2.566325834280698895e-02,1.000000000000000000e+00
-2.566325834280709303e-02,-3.532244480342054682e-02,1.000000000000000000e+00
-1.349197334916468934e-02,-4.152402426073103364e-02,1.000000000000000000e+00
-1.631352141974982087e-16,-4.366094290851205845e-02,1.000000000000000000e+00
1.349197334916437882e-02,-4.152402426073113773e-02,1.000000000000000000e+00
2.566325834280686058e-02,-3.532244480342072029e-02,1.000000000000000000e+00
3.532244480342047743e-02,-2.566325834280719018e-02,1.000000000000000000e+00
4.152402426073104058e-02,-1.349197334916465464e-02,1.000000000000000000e+00
4.312340425012731876e-02,6.830076247045151726e-03,1.000000000000000000e+00
3.890218498370009298e-02,1.982165329013522992e-02,1.000000000000000000e+00
3.087294880360756666e-02,3.087294880360759095e-02,1.000000000000000000e+00
1.982165329013518829e-02,3.890218498370010686e-02,1.000000000000000000e+00
6.830076247045118766e-03,4.312340425012732570e-02,1.000000000000000000e+00
-6.830076247045172542e-03,4.312340425012731876e-02,1.000000000000000000e+00
-1.982165329013522645e-02,3.890218498370009298e-02,1.000000000000000000e+00
-3.087294880360759095e-02,3.087294880360756666e-02,1.000000000000000000e+00
-3.890218498370009298e-02,1.982165329013521257e-02,1.000000000000000000e+00
-4.312340425012731876e-02,6.830076247045149991e-03,1.000000000000000000e+00
-4.312340425012732570e-02,-6.830076247045140450e-03,1.000000000000000000e+00
-3.890218498370012074e-02,-1.982165329013517094e-02,1.000000000000000000e+00
-3.087294880360762911e-02,-3.087294880360753196e-02,1.000000000000000000e+00
-1.982165329013532012e-02,-3.890218498370004441e-02,1.000000000000000000e+00
-6.830076247045306984e-03,-4.312340425012729100e-02,1.000000000000000000e+00
6.830076247044945294e-03,-4.312340425012735345e-02,1.000000000000000000e+00
1.982165329013503216e-02,-3.890218498370018319e-02,1.000000000000000000e+00
3.087294880360743829e-02,-3.087294880360772278e-02,1.000000000000000000e+00
3.890218498370004441e-02,-1.982165329013532359e-02,1.000000000000000000e+00
4.312340425012731182e-02,-6.830076247045194227e-03,1.000000000000000000e+00
6.237277558358857686e-04,-1.527692399447556615e-19,1.428571428571426792e-02
1.247455511671771537e-03,-3.055384798895113230e-19,2.857142857142853584e-02
1.871183267507657089e-03,-4.583077198342669122e-19,4.285714285714279509e-02
2.494911023343542641e-03,-6.110769597790225496e-19,5.714285714285706475e-02
3.118638779179428409e-03,-7.638461997237781870e-19,7.142857142857132746e-02
3.742366535015313744e-03,-9.166154396685336319e-19,8.571428571428557630e-02
4.366094290851199079e-03,-1.069384679613289269e-18,9.999999999999985290e-02
4.989822046687085282e-03,-1.222153919558044907e-18,1.142857142857141156e-01
5.613549802522971484e-03,-1.374923159502800737e-18,1.285714285714283922e-01
6.237277558358856819e-03,-1.527692399447556374e-18,1.428571428571426549e-01
6.861005314194743888e-03,-1.680461639392312397e-18,1.571428571428569454e-01
7.484733070030630958e-03,-1.833230879337068419e-18,1.714285714285712359e-01
8.108460825866517160e-03,-1.986000119281824057e-18,1.857142857142855263e-01
8.732188581702405097e-03,-2.138769359226580079e-18,1.999999999999998446e-01
9.355916337538291300e-03,-2.291538599171336102e-18,2.142857142857141350e-01
9.979644093374177502e-03,-2.444307839116091739e-18,2.285714285714283978e-01
1.060337184921006023e-02,-2.597077079060846606e-18,2.428571428571426050e-01
1.122709960504594470e-02,-2.749846319005602244e-18,2.571428571428568399e-01
1.185082736088182917e-02,-2.902615558950357496e-18,2.714285714285710749e-01
1.247455511671771364e-02,-3.055384798895112748e-18,2.857142857142853098e-01
1.309828287255359811e-02,-3.208154038839868000e-18,2.999999999999995448e-01
1.372201062838948604e-02,-3.360923278784624023e-18,3.142857142857138353e-01
1.434573838422536704e-02,-3.513692518729378890e-18,3.285714285714280147e-01
1.496946614006125151e-02,-3.666461758674133757e-18,3.428571428571422497e-01
1.559319389589713598e-02,-3.819230998618889394e-18,3.571428571428564847e-01
1.621692165173302044e-02,-3.972000238563645032e-18,3.714285714285707196e-01
1.684064940756890491e-02,-4.124769478508399899e-18,3.857142857142849546e-01
1.746437716340479285e-02,-4.277538718453156307e-18,3.999999999999993006e-01
1.808810491924067732e-02,-4.430307958397911174e-18,4.142857142857135355e-01
1.871183267507656178e-02,-4.583077198342666811e-18,4.285714285714277705e-01
1.933556043091244278e-02,-4.735846438287421678e-18,4.428571428571419499e-01
1.995928818674832725e-02,-4.888615678232176545e-18,4.571428571428561849e-01
2.058301594258421519e-02,-5.041384918176932953e-18,4.714285714285704754e-01
2.120674369842010312e-02,-5.194154158121688590e-18,4.857142857142847658e-01
2.183047145425598759e-02,-5.346923398066444228e-18,4.999999999999990008e-01
2.245419921009187206e-02,-5.499692638011199095e-18,5.142857142857132358e-01
2.307792696592775999e-02,-5.652461877955956273e-18,5.285714285714275817e-01
2.370165472176365140e-02,-5.805231117900712681e-18,5.428571428571419277e-01
2.432538247759953934e-02,-5.958000357845469089e-18,5.571428571428562737e-01
2.494911023343542728e-02,-6.110769597790225496e-18,5.714285714285706197e-01
2.557283798927131868e-02,-6.263538837734981904e-18,5.857142857142849657e-01
2.619656574510720662e-02,-6.416308077679738312e-18,5.999999999999993117e-01
2.682029350094309803e-02,-6.569077317624494720e-18,6.142857142857136576e-01
2.744402125677898596e-02,-6.721846557569251898e-18,6.285714285714280036e-01
2.806774901261487043e-02,-6.874615797514006765e-18,6.428571428571422386e-01
2.869147676845075837e-02,-7.027385037458763943e-18,6.571428571428565846e-01
2.931520452428664977e-02,-7.180154277403520351e-18,6.714285714285709306e-01
2.993893228012253771e-02,-7.332923517348276759e-18,6.857142857142852765e-01
3.056266003595842912e-02,-7.485692757293033166e-18,6.999999999999996225e-01
3.118638779179431705e-02,-7.638461997237789574e-18,7.142857142857139685e-01
3.181011554763020499e-02,-7.791231237182545982e-18,7.285714285714283145e-01
3.243384330346608946e-02,-7.944000477127300849e-18,7.428571428571425495e-01
3.305757105930198086e-02,-8.096769717072057257e-18,7.571428571428568954e-01
3.368129881513787227e-02,-8.249538957016815205e-18,7.714285714285712414e-01
3.430502657097375674e-02,-8.402308196961571613e-18,7.857142857142855874e-01
3.492875432680964815e-02,-8.555077436906328021e-18,8.000000000000000444e-01
3.555248208264553261e-02,-8.707846676851082888e-18,8.142857142857142794e-01
3.617620983848142402e-02,-8.860615916795839296e-18,8.285714285714286254e-01
3.679993759431730849e-02,-9.013385156740595703e-18,8.428571428571429713e-01
3.742366535015319989e-02,-9.166154396685352111e-18,8.571428571428573173e-01
3.804739310598909130e-02,-9.318923636630108519e-18,8.714285714285716633e-01
3.867112086182497577e-02,-9.471692876574864927e-18,8.857142857142858983e-01
3.929484861766086717e-02,-9.624462116519621334e-18,9.000000000000002442e-01
3.991857637349675164e-02,-9.777231356464377742e-18,9.142857142857145902e-01
4.054230412933263611e-02,-9.930000596409132609e-18,9.285714285714288252e-01
4.116603188516852058e-02,-1.008276983635388748e-17,9.428571428571429491e-01
4.178975964100440504e-02,-1.023553907629864388e-17,9.571428571428572951e-01
4.241348739684028951e-02,-1.038830831624339875e-17,9.714285714285715301e-01
4.303721515267617398e-02,-1.054107755618815362e-17,9.857142857142857650e-01
3.118638779179428843e-04,-7.638461997237783074e-20,7.142857142857133960e-03
9.355916337538287613e-04,-2.291538599171335043e-19,2.142857142857140101e-02
1.559319389589714205e-03,-3.819230998618890935e-19,3.571428571428566373e-02
2.183047145425599973e-03,-5.346923398066447309e-19,4.999999999999993339e-02
2.806774901261485742e-03,-6.874615797514003683e-19,6.428571428571419610e-02
3.430502657097370643e-03,-8.402308196961558131e-19,7.857142857142844494e-02
4.054230412933256845e-03,-9.930000596409114506e-19,9.285714285714270766e-02
4.677958168769142180e-03,-1.145769299585667088e-18,1.071428571428569843e-01
5.301685924605028383e-03,-1.298538539530422918e-18,1.214285714285712608e-01
5.925413680440914585e-03,-1.451307779475178748e-18,1.357142857142855374e-01
6.549141436276800787e-03,-1.604077019419934385e-18,1.499999999999998002e-01
7.172869192112687857e-03,-1.756846259364690215e-18,1.642857142857140906e-01
7.796596947948574059e-03,-1.909615499309446238e-18,1.785714285714283811e-01
8.420324703784461129e-03,-2.062384739254202261e-18,1.928571428571426716e-01
9.044052459620349066e-03,-2.215153979198957898e-18,2.071428571428569898e-01
9.667780215456233533e-03,-2.367923219143713535e-18,2.214285714285712525e-01
1.029150797129211974e-02,-2.520692459088469173e-18,2.357142857142855152e-01
1.091523572712800247e-02,-2.673461699033224425e-18,2.499999999999997224e-01
1.153896348296388694e-02,-2.826230938977979677e-18,2.642857142857139574e-01
1.216269123879977140e-02,-2.979000178922734929e-18,2.785714285714281924e-01
1.278641899463565587e-02,-3.131769418867490567e-18,2.928571428571424273e-01
1.341014675047154034e-02,-3.284538658812245819e-18,3.071428571428566623e-01
1.403387450630742828e-02,-3.437307898757001842e-18,3.214285714285709528e-01
1.465760226214330927e-02,-3.590077138701756324e-18,3.357142857142851322e-01
1.528133001797919374e-02,-3.742846378646511961e-18,3.499999999999993672e-01
1.590505777381507821e-02,-3.895615618591266828e-18,3.642857142857136021e-01
1.652878552965096268e-02,-4.048384858536022465e-18,3.785714285714278371e-01
1.715251328548684714e-02,-4.201154098480778103e-18,3.928571428571420721e-01
1.777624104132273508e-02,-4.353923338425533740e-18,4.071428571428564180e-01
1.839996879715861955e-02,-4.506692578370289378e-18,4.214285714285706530e-01
1.902369655299450402e-02,-4.659461818315044245e-18,4.357142857142848880e-01
1.964742430883038501e-02,-4.812231058259799112e-18,4.499999999999990674e-01
2.027115206466626948e-02,-4.965000298204554749e-18,4.642857142857133024e-01
2.089487982050216089e-02,-5.117769538149311157e-18,4.785714285714276484e-01
2.151860757633804536e-02,-5.270538778094066024e-18,4.928571428571418833e-01
2.214233533217392982e-02,-5.423308018038821661e-18,5.071428571428561183e-01
2.276606308800981776e-02,-5.576077257983578069e-18,5.214285714285704643e-01
2.338979084384570223e-02,-5.728846497928333706e-18,5.357142857142846992e-01
2.401351859968159710e-02,-5.881615737873091655e-18,5.499999999999991562e-01
2.463724635551748157e-02,-6.034384977817846522e-18,5.642857142857133912e-01
2.526097411135337645e-02,-6.187154217762604471e-18,5.785714285714278482e-01
2.588470186718926092e-02,-6.339923457707359338e-18,5.928571428571420832e-01
2.650842962302515579e-02,-6.492692697652117286e-18,6.071428571428565402e-01
2.713215737886104026e-02,-6.645461937596872924e-18,6.214285714285707751e-01
2.775588513469692820e-02,-6.798231177541629331e-18,6.357142857142851211e-01
2.837961289053281613e-02,-6.951000417486386509e-18,6.499999999999994671e-01
2.900334064636870060e-02,-7.103769657431141376e-18,6.642857142857137021e-01
2.962706840220459548e-02,-7.256538897375899325e-18,6.785714285714281591e-01
3.025079615804047994e-02,-7.409308137320654192e-18,6.928571428571423940e-01
3.087452391387637482e-02,-7.562077377265412141e-18,7.071428571428568510e-01
3.149825166971225582e-02,-7.714846617210167008e-18,7.214285714285710860e-01
3.212197942554814722e-02,-7.867615857154923415e-18,7.357142857142854320e-01
3.274570718138403863e-02,-8.020385097099679823e-18,7.499999999999997780e-01
3.336943493721992310e-02,-8.173154337044436231e-18,7.642857142857140129e-01
3.399316269305581450e-02,-8.325923576989192639e-18,7.785714285714284699e-01
3.461689044889169897e-02,-8.478692816933949047e-18,7.928571428571427049e-01
3.524061820472759038e-02,-8.631462056878705454e-18,8.071428571428571619e-01
3.586434596056348179e-02,-8.784231296823461862e-18,8.214285714285715079e-01
3.648807371639936625e-02,-8.937000536768216729e-18,8.357142857142857428e-01
3.711180147223525766e-02,-9.089769776712974678e-18,8.500000000000001998e-01
3.773552922807114213e-02,-9.242539016657729545e-18,8.642857142857144348e-01
3.835925698390703353e-02,-9.395308256602485952e-18,8.785714285714287808e-01
3.898298473974292494e-02,-9.548077496547243901e-18,8.928571428571431268e-01
3.960671249557880941e-02,-9.700846736491998768e-18,9.071428571428573617e-01
4.023044025141469388e-02,-9.853615976436755176e-18,9.214285714285717077e-01
4.085416800725057834e-02,-1.000638521638150850e-17,9.357142857142858317e-01
4.147789576308646281e-02,-1.015915445632626491e-17,9.500000000000000666e-01
4.210162351892234728e-02,-1.031192369627102132e-17,9.642857142857144126e-01
4.272535127475823175e-02,-1.046469293621577618e-17,9.785714285714286476e-01
4.334907903059411621e-02,-1.061746217616053105e-17,9.928571428571428825e-01
1.319515479895179205e-03,5.059835552345712213e-05,3.024408457440209280e-02
1.248889521808950204e-03,2.728013048258303073e-05,2.861109609549584293e-02
3.533812469952849616e-02,-1.146858715842143453e-02,8.509331643987697591e-01
3.971273683784778269e-02,1.725030836509168844e-02,9.916760796677098755e-01
4.251680035610835157e-02,8.121793758605694302e-03,9.914028845367870435e-01
3.542809089759436491e-03,1.684277842367798103e-04,8.123531433529423973e-02
3.135928343228387618e-03,-3.210536804199379669e-04,7.220000060104156403e-02
3.374457183422596967e-03,-4.994686743710047673e-04,7.812981114954457851e-02
1.349323351632778466e-02,-3.936692847141138457e-02,9.531441062587632240e-01
1.238625762453352550e-03,-4.158308466914899942e-02,9.528316416891315921e-01
5.259792832217001154e-03,-4.173833604726162605e-02,9.635258153991027585e-01
1.914313764475732453e-03,-1.813466472997800081e-05,4.384696095900358914e-02
2.210576929299945276e-03,-2.676733102032748815e-05,5.063424735233872792e-02
7.477719748519285042e-04,2.242470526681323637e-05,1.713449351455289399e-02
9.274244810176490413e-04,5.407947680717847892e-05,2.127759520889893619e-02
5.422195751388919497e-04,1.225872818525849255e-05,1.242204351411130975e-02
2.829712815156826440e-03,-7.235287857605086090e-05,6.483226128924717002e-02
3.734834386754423870e-03,2.642292648916814458e-04,8.575557965583585629e-02
3.357091672436363517e-03,-2.299278383702874247e-03,9.319537862634606762e-02
3.620423564368436750e-03,-7.430132494147511637e-04,8.464958915523738969e-02
1.478113061916493283e-03,1.356518366888380074e-05,3.385578066939359809e-02
2.013261132622320634e-02,9.467875162636566269e-03,5.095574141037260141e-01
1.429933872525935776e-02,1.690703687932902655e-02,5.071614602985943243e-01
1.735210158684268381e-02,1.290416677351545298e-02,4.952792737934051948e-01
-2.817656772467934390e-02,-2.273050319028484950e-02,8.291652647356692052e-01
-3.446004486553591595e-02,-1.222940005189773749e-02,8.374930032791300105e-01
-2.988966661943204955e-02,-2.154422870252332284e-02,8.438867352393608634e-01
-3.616453478706660452e-02,-3.069360388970397268e-03,8.312819237915693993e-01
-3.373264118488247809e-02,-1.252527602380378371e-02,8.241453465461791028e-01
4.188322723371593927e-03,-3.687949882222551351e-02,8.501091283979441693e-01
3.530324733595440519e-03,-3.642827787830710262e-02,8.382536076604534259e-01
-5.393093425464479465e-03,-3.635550664860520004e-02,8.417899819458011246e-01
-1.838328367151552400e-02,-3.097975814215276485e-02,8.250731563431910054e-01
-2.884774256904829026e-02,-2.100268485393303602e-02,8.172842233486380392e-01
1.221502590772725189e-02,-1.028729069735045271e-02,3.657690539949238206e-01
1.276996938859234140e-02,-1.058410326317552053e-02,3.798818305790320204e-01
-3.285264347935745732e-02,-7.697380232676132895e-03,7.728267589102292279e-01
-3.171731227435180267e-02,-1.290657114773960563e-02,7.842884358151775981e-01
-2.962745948101760604e-02,-1.621578581230407462e-02,7.735704226796548122e-01
-2.486222036873156349e-02,-2.335069995187860278e-02,7.812115486913574491e-01
-2.690882060401741938e-02,1.078122617788241158e-02,6.639404080261266383e-01
-2.880010502982051704e-02,-5.270765102167080957e-04,6.597413105109830589e-01
-2.602043461130298593e-02,1.175669989643519063e-02,6.539749079074247406e-01
-2.827225178845498704e-02,1.741281767268131313e-03,6.487680230096999345e-01
-3.178798198587251544e-02,-3.199889066962804474e-05,7.280648555409566791e-01
-3.138073923315539554e-02,-7.204531947665758496e-03,7.374358352456201748e-01
-2.974083287311432913e-02,-1.115426757564237301e-02,7.275091263980082434e-01
-2.753074364195665438e-02,-1.678656709026156435e-02,7.385286012594178828e-01
-2.106961264287602470e-02,-2.834337466952900619e-02,8.088874160434936789e-01
4.638898136250871069e-04,-6.631591376825029562e-03,1.522595718346114180e-01
-5.717223875626116329e-03,-3.955462640011719704e-03,1.592303212768934606e-01
1.790017309289160339e-03,-7.098387911233429264e-03,1.676694445893830432e-01
3.120175058908889257e-03,-3.502466641164152673e-03,1.074349334887135105e-01
4.428584546859812808e-03,-1.365930329108183423e-03,1.061463561227783681e-01
4.003591351317936468e-03,-1.779717529914565458e-03,1.003491789178649202e-01
2.973137799856954804e-03,-1.819092659054225545e-04,6.822339133826180180e-02
2.691301541212473385e-03,-7.877774994044299225e-05,6.166734102490096375e-02
1.457116565128737350e-02,-4.053797550499989993e-02,9.866303994292338064e-01
1.073012917111644191e-02,-4.115824836824492211e-02,9.741876666189517309e-01
3.403367038800737820e-03,-4.301276283124216143e-02,9.882333013112243325e-01
2.915593402706362705e-02,3.110765021204090278e-02,9.765050432930599822e-01
3.692302065079970663e-02,2.097554291985817207e-02,9.726101919145120345e-01
3.528206153511722482e-02,2.461270797833468860e-02,9.852904081396325342e-01
-1.351668811880083225e-03,-4.253591853141506368e-02,9.747244641509549279e-01
-1.507089652019445551e-02,-3.425452982141626024e-02,8.571349030707843264e-01
-5.480667562164523963e-03,-3.687110366371108838e-02,8.537656267063356008e-01
-1.517220361958744948e-02,-3.373669364921722674e-02,8.472412963327021762e-01
1.951882015428782827e-02,-3.724933982561540180e-02,9.631837210944823591e-01
3.975256809466773053e-03,2.882520178995465546e-04,9.128739881309921866e-02
2.128504025331273003e-02,-3.702371706090856751e-02,9.781298546621235435e-01
2.250587081295413530e-02,-3.473909051513335983e-02,9.480384644450822185e-01
9.604028570621946093e-03,-3.448045745827196806e-02,8.197946281921857370e-01
1.651328937376622327e-02,-3.116337612501006438e-02,8.077741964815712272e-01
3.329928811417095201e-03,-3.516159694114355527e-02,8.089363329371707101e-01
1.930470313570747248e-02,-3.028011953618701610e-02,8.224835016589666647e-01
3.010216130284905367e-02,-2.888017971085455118e-02,9.554480588744157510e-01
2.905205352199688104e-02,-3.074982913021498399e-02,9.689061143086263872e-01
2.410478030977289063e-02,-3.583639078097935332e-02,9.891900983981284368e-01
3.296968800866750121e-02,-2.725488346462441938e-02,9.797429397816574959e-01
3.290757850748542157e-02,-2.809126658271970944e-02,9.909758191833309970e-01
7.251127571328077085e-04,-7.812703077635325954e-03,1.797093692986778679e-01
1.202908265563438182e-02,-3.648278031869901794e-02,8.798421508812561687e-01
3.925729089144919075e-03,-3.843075591189755447e-02,8.847894937096301149e-01
1.617028180198108733e-02,-3.530216804152071230e-02,8.893391134740571413e-01
-1.744009207895726860e-02,-2.609474473429515291e-03,4.038903351748050485e-01
-1.757950682188361494e-02,3.465866798921662939e-03,4.103874780972551761e-01
-1.660566953434675433e-02,-7.489284125618840549e-03,4.172244115042282320e-01
-1.835476469155797666e-02,1.918426370505950558e-03,4.226832356440680671e-01
2.122366230921019642e-02,-3.163570817096576782e-02,8.725288231621166624e-01
6.098028904519983348e-03,-3.756375094626877853e-02,8.716143284974537941e-01
8.224864557907640575e-04,-6.355930671563096886e-03,1.467885495965881026e-01
-5.944626500447051584e-03,-2.901741935829189965e-03,1.515092149600549276e-01
-2.935555964743104609e-02,-2.556044119397746575e-02,8.915083062509951972e-01
-2.100557518947062524e-02,-3.282638564777080881e-02,8.926023185313588515e-01
-2.315097111471937225e-02,-3.064389812382393649e-02,8.796405644695366455e-01
-1.413491372637228766e-02,-3.608573060760749546e-02,8.876430322967638897e-01
-2.099735832979436265e-02,-3.146661238134797201e-02,8.664276096828037455e-01
-3.064841012905963891e-02,-2.157954862309518010e-02,8.585099932685105184e-01
-3.094822454883267016e-02,-2.203031592253790541e-02,8.700800864521787137e-01
-2.350880581290130597e-02,-2.885690236684848586e-02,8.524954959568877833e-01
1.720724646004601760e-02,-1.465409088408769524e-02,5.176614372350545334e-01
1.815608437333540368e-02,-1.246936030511253124e-02,5.044698496111216235e-01
3.215438768154126048e-02,-1.931710800223991262e-02,8.591371009035922990e-01
2.591886043423560423e-02,-2.719080454026057830e-02,8.603793287137778689e-01
3.146671034781626380e-02,-2.156898042998701276e-02,8.737643300160841120e-01
1.724837118873018271e-02,-9.671567830749145528e-03,4.529190148690545037e-01
1.790792115388508549e-02,-9.615923132660355102e-03,4.655494553576988714e-01
2.125181696450457319e-02,-8.537720029732060942e-03,5.245574313503423847e-01
1.172967168408118634e-03,1.706888801632865799e-02,3.918638106475829108e-01
7.856534549155948233e-03,1.449941339264713275e-02,3.777094995628346163e-01
1.423971320941087165e-02,9.149896579064722632e-03,3.876695170595315654e-01
1.023654827556824860e-02,1.424622559195284736e-02,4.017909769895747774e-01
-3.244339461278271820e-03,1.750411053541798406e-02,4.077382508884748735e-01
-1.356257100647568006e-02,1.081456295442429633e-02,3.972982162242024162e-01
-3.318448896509064439e-02,-1.943484763665316237e-02,8.808049783401813437e-01
1.747220061055326790e-02,1.008614787111318002e-02,4.620707254237867434e-01
1.478414974692968467e-02,1.433027047496167328e-02,4.715772061131248694e-01
9.165942826460892617e-03,1.788063499559339881e-02,4.602070520389321406e-01
1.292806376496162014e-02,1.665394104957108184e-02,4.828777513064579918e-01
5.235587791867763081e-03,2.019973419667531189e-02,4.779377886411624310e-01
4.258167564929241609e-03,1.999919694849234403e-02,4.683245295007765763e-01
6.671084385388501362e-03,1.023142971198044877e-02,2.797500847967245297e-01
5.270803178092830533e-03,1.036462604893628389e-02,2.663214947390006859e-01
9.042139245585781998e-03,8.919071244142829855e-03,2.908959591523237465e-01
-3.365708926643942028e-02,-8.725294141934743231e-03,7.963565226497111293e-01
-2.730329233221743049e-02,-2.139818760254804178e-02,7.945171360515229653e-01
-1.083948881030274286e-02,-3.778117751720631856e-02,9.002409155891361037e-01
4.442976336184771384e-03,-3.897687170608305635e-02,8.984982777016573552e-01
-4.872116680841345228e-03,-3.856362804821349827e-02,8.902735001398943693e-01
-2.418200026570678507e-02,-3.120938823981280613e-02,9.042768204342430671e-01
-1.884803519772105564e-03,-3.981967077281323847e-02,9.130415037615814411e-01
-1.636488723136273263e-02,-3.639857360081961285e-02,9.140484198410817607e-01
-5.861538458670888935e-04,7.194707118507880431e-03,1.653318542455863016e-01
-1.130420585611863942e-03,7.739681918141110006e-03,1.791486318659384347e-01
5.610200285841642973e-03,9.510689366781205356e-03,2.529052413063597737e-01
4.459274238225575601e-03,-4.082769826128213736e-02,9.406691313411065236e-01
1.474884106405620343e-02,-3.818923027460045805e-02,9.376415649761654647e-01
1.390878758333012610e-02,-1.019670328477722404e-02,3.950000763663050196e-01
5.126179253766528429e-03,-1.620776757514116526e-02,3.893434297013335654e-01
-4.862164213989605965e-03,2.239560825909770250e-02,5.248931012517936701e-01
-1.521109037073453858e-02,1.745919937991379650e-02,5.303598805225465673e-01
-1.227904713155555418e-02,1.909828727016225219e-02,5.200312829940204606e-01
-6.456204714497961773e-03,2.260805051764794293e-02,5.385096258396672164e-01
-1.892006164231575804e-02,1.432427244125793891e-02,5.435259558274805336e-01
1.491847491360733143e-02,-3.633501971802562819e-02,8.996238026679004296e-01
4.833277587688963005e-03,-1.227017728860430512e-03,1.142118373337045190e-01
-8.245739656488046410e-03,-3.744430902642440634e-02,8.781640931823381235e-01
-6.052341785744036820e-03,-3.729364455236375969e-02,8.653401405306000438e-01
5.323309033318896280e-03,-4.819367480792670724e-04,1.224224632004457386e-01
-4.015064211330533414e-03,-4.045345712866614540e-02,9.310888999457247461e-01
-7.288738571891671507e-03,-4.065687739766000314e-02,9.460412460971825421e-01
-1.539403726717316831e-02,-3.794751096347735025e-02,9.379336608117856411e-01
2.649728265071558606e-02,-2.968483493908679466e-02,9.113555994144717509e-01
2.334142625770941476e-02,-3.163957186979320796e-02,9.005243015164239306e-01
1.429590753515491697e-02,-3.717947756437527118e-02,9.123310506498399919e-01
1.745442902538311622e-02,-3.648580051495783905e-02,9.263633840995922908e-01
2.596743033994056496e-02,-3.074194735396834632e-02,9.216808691615597793e-01
-2.506294332721285129e-02,4.874292243062201997e-03,5.847909755277681532e-01
-1.833243804442065764e-02,1.799900011730391422e-02,5.884272417927487453e-01
-2.360229107785697181e-02,1.123389155966880541e-02,5.986907905278295861e-01
-1.571883059748084219e-02,2.093718205830228871e-02,5.996445648718173871e-01
-1.694166936542470039e-02,2.061402835343427095e-02,6.111308056313645709e-01
-1.096162065710741713e-02,-3.080072744042281277e-02,7.487962010844806393e-01
-1.897781640392964472e-02,-2.598778990828926744e-02,7.370326201027034285e-01
-2.365669221390654525e-02,-2.250067661452814088e-02,7.477718295056732245e-01
-5.991094461971965650e-03,-3.164690146114836067e-02,7.377073503967563894e-01
-1.212196829764433312e-02,-2.943970908402313708e-02,7.292030167957063158e-01
-2.571308468566948016e-02,1.898428517247516961e-02,7.320488515337453261e-01
-3.062672638000714723e-02,9.276156460577592369e-03,7.329360459772076286e-01
-2.968266137878397201e-02,1.048218909051174680e-02,7.209909948435394567e-01
-1.775290708068229598e-02,2.647837941703688053e-02,7.301490145240541185e-01
-2.285558604842036559e-02,2.153435987556164347e-02,7.192316548450927716e-01
7.704522464843695760e-03,2.185038583536619283e-02,5.306555974966081779e-01
5.927868139123477695e-03,2.172896830051323017e-02,5.158626072024149467e-01
3.128295535022677931e-02,-1.195872001459763120e-02,7.670656347499500427e-01
2.555770244737849001e-02,-2.208645113620250414e-02,7.736617661342376495e-01
3.213248208137755441e-02,-1.115069983345914721e-02,7.790090581640983780e-01
2.763035590024990468e-02,-1.826492706714483161e-02,7.586106545809662149e-01
2.849535595831231144e-02,-1.913342993711769982e-02,7.861276543245753201e-01
-1.484674441182199343e-02,-3.070912380317314394e-02,7.812420725697867274e-01
-1.830617834442177863e-02,-2.937607081034707482e-02,7.927713232478842409e-01
-6.763965748960824170e-03,-3.377778862379524072e-02,7.889974037385493189e-01
-1.198138362153075738e-02,-3.286405757855868914e-02,8.011735335892030685e-01
-2.748655684766497433e-03,-3.086820729077150924e-02,7.097955393113314360e-01
-2.023666095791049058e-03,-3.151195094781089612e-02,7.232290669372961611e-01
1.100443232567114953e-02,-2.927245564246489309e-02,7.162598148885062077e-01
6.400387552113430932e-03,-3.130351431292584946e-02,7.318012840316783230e-01
5.393345493352949549e-03,-3.021569839235700369e-02,7.029913785288258721e-01
-3.333798335303479743e-02,-2.112258196260508383e-02,9.039256540153810526e-01
-3.742777237445648469e-02,-1.375223552237003766e-02,9.132722867162089697e-01
-2.909742223105964837e-02,-2.757345547653037784e-02,9.181397809755358352e-01
-3.705701022186241866e-02,-1.606353218354091353e-02,9.250567138773186926e-01
4.461220239887138048e-03,-1.789422767948727327e-03,1.100918991012315024e-01
-3.146233770512836536e-02,-2.570763688100599284e-02,9.305699566237236597e-01
-1.725335280824006473e-02,-3.966276488626582081e-02,9.906542128817130699e-01
5.667535534231073896e-03,-1.326724173989589058e-03,1.333171434914702524e-01
3.864097853233354560e-03,-3.740234245006340830e-02,8.612140126270813045e-01
-1.594330077756375696e-02,-9.994940222220929926e-03,4.309851350257739022e-01
-1.832554461817823346e-02,4.730830220167677597e-03,4.334844506186840141e-01
-1.926651351734268158e-02,-1.490108921701592841e-03,4.425935457946397755e-01
2.173951575902499309e-02,-2.228218172650348050e-02,7.130035168482027341e-01
2.584868813421430447e-02,-1.822667869154601106e-02,7.244133715147684782e-01
2.954917372423686989e-02,-1.067244783393352971e-02,7.195774154052794191e-01
2.863552611023200550e-02,-1.141619177499276876e-02,7.060613872695294946e-01
2.225847018377334965e-02,-2.082289353221522532e-02,6.981075215854251059e-01
9.914522011771511115e-03,-1.692467183528760521e-02,4.492538806722181088e-01
1.633219241249335429e-02,-1.000897152891285641e-02,4.387252132360089374e-01
7.618071606338293507e-03,-1.735759031979193165e-02,4.341583550457279173e-01
2.235270941144690965e-02,-2.956699836496530162e-02,8.489394354554200550e-01
1.335173958943543585e-02,-3.440688602531821738e-02,8.453018613054015251e-01
1.442100831797268196e-02,-3.465788316253572837e-02,8.597715887218748687e-01
1.999325913534559171e-02,2.043280339433319395e-02,6.547552722187097718e-01
2.672737271355261207e-02,9.907151961552057920e-03,6.528594176068688304e-01
2.648830937413076611e-02,1.210757104123088429e-02,6.670557298410734193e-01
2.502230477956391211e-02,1.237463881781405636e-02,6.393586962466732970e-01
1.899583059040534441e-02,2.224608693326337108e-02,6.700007040142739179e-01
-2.231658583909980689e-02,-2.907774175043729287e-02,8.395237931222612193e-01
3.371927640932091685e-02,-1.225448244497400439e-02,8.217192943461210097e-01
3.279297669197669962e-02,-1.294052614838001915e-02,8.074467588510059191e-01
3.261084101831666221e-02,-1.175861842931315467e-02,7.939821027626845495e-01
2.506728084287607183e-02,-3.211145820248263727e-02,9.330338309672742136e-01
3.384785977709832416e-02,-2.247417851839251732e-02,9.305713726040303335e-01
3.404766140510091105e-02,-2.114879745374321010e-02,9.180139184288744758e-01
-4.484367733991621342e-03,1.042532304293947165e-02,2.599319225491856233e-01
-3.985574940629879950e-03,9.854126869654908361e-03,2.434581117070480638e-01
-2.751098361587510019e-02,1.397532134692729480e-02,7.067449736799418236e-01
-1.851875181263749545e-02,2.468488471542478260e-02,7.067909456985904670e-01
-3.033721385647501073e-02,6.666177312209316252e-03,7.114133984521221477e-01
-2.533368572131371524e-02,-1.601910842545727423e-02,6.865047805724195928e-01
-2.270098446228297276e-02,-1.842024737252950448e-02,6.695739519181259647e-01
-2.820672490413887040e-02,-9.016795824923488217e-03,6.782461803124122390e-01
-2.800134548229641154e-02,-8.122558088325659495e-03,6.677739252628466238e-01
-3.602513549859618497e-02,-1.105378006583782394e-02,8.630789358930083255e-01
-3.683846845625161903e-02,-9.795951550550782705e-03,8.730612076026612600e-01
-3.759470978387059736e-02,-8.461229855561790483e-03,8.825990985789990972e-01
4.455664001472620442e-03,8.318041626059690177e-03,2.161255898454270130e-01
2.686122524379750114e-03,9.676837027982969006e-03,2.300163370685295583e-01
6.648567715016782953e-03,8.074766594676301840e-03,2.395664991311658720e-01
-2.088853729839099810e-02,-3.474288590124333109e-02,9.284925284057361505e-01
-2.521315796618261995e-02,-3.236242884345501974e-02,9.396212620232022861e-01
1.572304767617000235e-02,-9.835382205562332933e-03,4.247700591075460608e-01
7.759648408894621353e-03,-1.654446195959317564e-02,4.185385792793979154e-01
-2.557870336803326136e-02,-4.924062045242405192e-03,5.966052640828187759e-01
-2.644493973824133676e-02,-1.226726874412373052e-03,6.063400230245628020e-01
-2.151989695897005977e-02,-1.555419451900803655e-02,6.081538201565529489e-01
-1.883205126850782604e-02,-1.784699995572151462e-02,5.942463793340984068e-01
-2.362335063184740208e-02,-9.932915473470266959e-03,5.869469240031779389e-01
1.519526175237895585e-02,1.687735685473361336e-02,5.201430300980688370e-01
4.740528752672857130e-03,2.138848898201766227e-02,5.017650370268341709e-01
-1.078746693055297225e-02,-4.111261881208198160e-02,9.735088856954142722e-01
-7.539873272334413588e-03,-4.129709012981620797e-02,9.614943332563622436e-01
-2.669771622837602970e-02,-3.374823630372139616e-02,9.855837898947124032e-01
-1.863926114112260043e-02,-3.845543763921619590e-02,9.787823756191390556e-01
-2.803751696473006164e-02,-3.186818875787213873e-02,9.721788702382907488e-01
-3.382867202824117042e-02,7.640604939410227184e-03,7.943209143435311370e-01
-3.416371236253584048e-02,-1.644905885724488219e-03,7.833841053257184495e-01
-4.277617702872886507e-02,6.973955739606149326e-03,9.926708076155480454e-01
-3.519469616101485177e-02,5.537594653255207590e-04,8.061908429006319210e-01
-5.524242467340245016e-03,2.155745619099836211e-02,5.097007362277755638e-01
-1.434602303373274691e-02,1.701484530808578324e-02,5.097378711221401959e-01
2.455873806142267260e-02,3.305882975363163417e-02,9.432397565162430331e-01
3.044700640918384521e-02,2.829266335196429366e-02,9.519525220708173752e-01
2.160252229572541538e-02,3.576929936749007749e-02,9.570682441796896089e-01
3.431554643638281415e-02,2.264637965533539132e-02,9.416805253903092199e-01
-1.857828309474703413e-02,2.150826976266061522e-02,6.509499473963181737e-01
-2.134511226375292864e-02,1.952019026820319206e-02,6.624898430000394356e-01
-2.475582559952949416e-02,1.313764043984384268e-02,6.418975913584051840e-01
-1.528502337014026047e-02,2.342982134254105800e-02,6.407278644161505943e-01
6.958059669526417759e-03,-2.320151064855460396e-02,5.547841843213539015e-01
-7.669059850313137382e-03,-2.292987670058816221e-02,5.537757882229242812e-01
-1.227231532518385793e-03,-2.468325218306454197e-02,5.660377488504304555e-01
-8.243095518751088289e-04,-2.374579138651649463e-02,5.441956358417705530e-01
-1.125260653547837525e-02,-2.068100823205321764e-02,5.392488434096917027e-01
4.697323300740786217e-03,-3.224622563248698282e-02,7.463549376848204187e-01
-1.093628113082937463e-03,-3.313033587676044583e-02,7.592227518593498425e-01
-9.946341346180213872e-03,2.336256686737611318e-02,5.815659080539062886e-01
2.385179217605193868e-04,2.520591788634765629e-02,5.773362804963081407e-01
-5.748231303504830123e-03,2.516482137800134591e-02,5.912146468253787202e-01
-9.324582572364830541e-03,2.316079380735012322e-02,5.718470847858078132e-01
-4.005350377599794370e-02,-9.462247937814884796e-03,9.426276433638980379e-01
-4.008987561904991254e-02,-6.509952087274228916e-03,9.302362624621177689e-01
-4.099571336553264889e-02,1.908629463193078305e-03,9.399732673509250125e-01
-4.020138810600366874e-02,4.403745929052423243e-03,9.262710337124708815e-01
-1.082630049186470225e-02,-3.146213469594745515e-02,7.620708553695599852e-01
2.445434535233615911e-02,-1.180977230342280561e-02,6.219904257099705402e-01
2.323582945422383514e-02,-1.520955715187756463e-02,6.360629300067047742e-01
2.503872769156956918e-02,-9.102816622862471355e-03,6.102034073502810019e-01
-1.742056758350145687e-02,-2.875262318790130361e-02,7.699854638403483831e-01
-4.403890971346608764e-03,-3.351810879943767363e-02,7.742888434996655356e-01
-2.531707659001200539e-02,-2.190018720607811442e-02,7.667025054896265956e-01
-9.554699757951770622e-03,-3.422314061151557341e-02,8.138142178684221184e-01
-4.759920178661968091e-04,-3.580295543802440583e-02,8.200949639403088964e-01
-3.320961201247320336e-03,-3.482753442157215940e-02,8.012999275442027614e-01
1.039310694233210215e-02,1.147272028987194811e-02,3.545573798109912800e-01
7.328905686566968350e-03,1.309755279690170623e-02,3.437539697871902500e-01
1.208920832257459783e-02,8.368451865246253826e-03,3.367554165936104682e-01
8.356682777633453116e-03,1.623696234044997092e-02,4.182512892417218908e-01
-3.898915711028567380e-03,1.793860071653395616e-02,4.204540876295250196e-01
5.117131501566326256e-03,2.313385839365706201e-02,5.426599756538930119e-01
-9.280526510281744690e-04,2.399824590851717607e-02,5.500610450751100000e-01
-3.098527048355635000e-02,-3.969530583126815691e-03,7.154793819026261659e-01
6.250538980223854270e-03,-3.990249423118750333e-02,9.250621608536715446e-01
-2.112970032553488156e-02,1.767847105253171278e-02,6.309946150928652520e-01
-2.637942926197051063e-02,7.246651213534674972e-03,6.265711110633888081e-01
-2.772834382924768346e-02,2.056630417263164822e-03,6.368279798131053493e-01
-2.701569801905539386e-02,-4.745466106426290791e-03,6.282346277427987014e-01
-1.145426644763406984e-02,-3.869555114596122392e-02,9.242870983179224398e-01
-7.947952951519374892e-03,-1.768959781833252939e-03,1.864923197036277291e-01
-7.499418519893615021e-03,-8.369023967240899311e-04,1.728311588528180232e-01
1.658710289101342564e-02,-1.348059187882535287e-02,4.895506911115084514e-01
-5.942457902131030145e-05,-8.509024191080447053e-03,1.948934476396886883e-01
-2.657140817999157495e-02,-4.478078630370397294e-03,6.171674185026734261e-01
-2.528218481629964515e-02,8.731091168556925214e-03,6.126150719996161786e-01
-1.413114621662901228e-02,2.336513160730350688e-02,6.254106550536615572e-01
-2.174542094548151047e-02,1.615633723721012632e-02,6.204725053770366872e-01
-4.748877448905527640e-03,2.657951367029924919e-02,6.184111637588485255e-01
-4.975550542749269597e-03,2.595316804667979066e-02,6.052503836296503348e-01
-1.767020427134170443e-02,1.791498722241473274e-02,5.763303274827532574e-01
-2.323395882606635321e-02,9.001179832762743957e-03,5.706844819776430988e-01
-1.493438832529127985e-02,1.961680421459420162e-02,5.646858076168106422e-01
-2.170722687804355067e-02,8.373448442337907971e-03,5.328847098368783008e-01
-2.032158199439860341e-02,1.006752707085831894e-02,5.194268008104037104e-01
-9.309981440280706150e-03,1.746139333266148036e-02,4.532261177275697106e-01
-1.676828691758289538e-02,1.005149156173625394e-02,4.477717964908325410e-01
-6.747472084230271214e-03,1.811882302445489909e-02,4.428312185007293178e-01
4.737197166664636368e-03,1.896326406547715546e-02,4.476771801147915175e-01
-3.544453909171360953e-03,1.980151586482742018e-02,4.607376858476361914e-01
2.776750438442792887e-02,2.043915019373491321e-02,7.896961820082115668e-01
3.246888705578584305e-02,1.031080536288982684e-02,7.802561417692195356e-01
3.341101178362518298e-02,9.176193341643863396e-03,7.935744046235793103e-01
1.801110400904685398e-03,1.877492779800554734e-02,4.319907098309636595e-01
1.434176490064493353e-02,1.240714177760781148e-02,4.343410263584545072e-01
1.604062614083408278e-02,1.138039413689434683e-02,4.504624299960970357e-01
-7.559611263693380434e-03,1.179051014850380358e-02,3.207867192587271488e-01
5.029717639609664233e-03,1.282729709213252869e-02,3.155716775404965868e-01
1.760984569586097632e-03,1.434676688908310439e-02,3.310610661598942794e-01
-5.276545139944415971e-03,1.232065085832536808e-02,3.069791330647246852e-01
-5.654236786812986276e-03,2.084051777332165609e-02,4.945821836949096384e-01
5.105644895419996290e-03,2.076589916410789480e-02,4.897820065142498569e-01
-3.384306879142053720e-02,-1.036951300795552547e-02,8.107027495403235084e-01
3.536989383492471911e-02,-2.126191331947932181e-02,9.452066169462588485e-01
2.981432728601113649e-02,-2.834591848733178723e-02,9.422290711003828978e-01
-2.426330589770347990e-02,-6.183736794361465068e-03,5.734851412093867618e-01
-2.185133217650727516e-02,-1.973536247477131634e-04,5.004982008459747389e-01
-2.086713855539214582e-02,-3.613202294136972411e-03,4.850478454526336858e-01
-2.028721603954377478e-02,6.978475961827531292e-03,4.913753285253588121e-01
-2.028129237292963793e-02,8.777048494832510872e-03,5.061511437783130507e-01
-2.367831493698535628e-02,-1.269529899292572411e-03,5.431015070603628647e-01
-2.046491125451198670e-02,1.314805138063289761e-02,5.571238444409395418e-01
-2.363930338219658728e-02,4.687465173522009296e-03,5.519707680274048567e-01
2.188837721119555116e-02,2.822373537527171974e-02,8.180461651784275423e-01
2.413557450115328892e-02,2.543013273994834331e-02,8.030105955347854874e-01
2.967765941331272292e-02,1.941931221570101368e-02,8.123165729038747118e-01
3.161930306511110539e-02,1.498077464121339020e-02,8.013712821201002257e-01
1.576293543699926192e-02,8.388698323292679074e-03,4.089719831264880257e-01
1.678112500867967941e-02,7.503649012166510243e-03,4.210251053577884206e-01
3.580187885603623721e-02,-2.236932156174421121e-02,9.668973424336053668e-01
4.060542489913471914e-02,-1.104385176670065645e-02,9.638015558684533968e-01
3.622253983102027147e-02,-2.074113545483888613e-02,9.560140089821732579e-01
4.054327286472671210e-02,-1.324727554941949360e-02,9.769059551834123889e-01
4.015583969677698900e-02,-1.060801865292418378e-02,9.512707613565288822e-01
-1.661097389617608236e-02,-4.277413512133199439e-03,3.928651600047030623e-01
-1.373477953011079111e-02,1.171566805324483415e-02,4.134754866887460079e-01
-1.555236129732738559e-02,3.243744244528894149e-02,8.239193499872162763e-01
-1.621235112273843038e-02,3.144111304802626322e-02,8.102185352308086674e-01
-5.078509623810522483e-03,3.516768859922062701e-02,8.138277351655639480e-01
-1.559856595709008600e-02,6.292454005841384944e-03,3.852398640720181566e-01
-4.500804026190207731e-03,2.721581440860652151e-02,6.318109861808582917e-01
-7.036257467889379773e-03,2.734892649172870546e-02,6.467922413211369959e-01
-5.270578569747869264e-03,6.654768981868122539e-03,1.944325312886767687e-01
-8.725560157390049171e-03,-1.190434950489953868e-03,2.016995316797947080e-01
3.522494629916145259e-02,1.316184365363594518e-02,8.612641104087780386e-01
3.479123962115116681e-02,1.542259942240557791e-02,8.716340646871304498e-01
2.793040087852470196e-02,2.547666882658032941e-02,8.658616870306156121e-01
2.901244287825334445e-02,2.507772347947463676e-02,8.783270253894557289e-01
-6.645756853425333933e-03,-3.556154921699019450e-02,8.285941282161675137e-01
-1.371442190300774244e-02,-3.384103222036405345e-02,8.363170756265315697e-01
-3.271422485658439204e-03,2.088850889214858078e-02,4.842573263973313225e-01
-1.443251134753982187e-02,1.536036325885725695e-02,4.827416961969681064e-01
-5.905484565963921469e-03,1.979163209238914492e-02,4.730520076478518243e-01
-1.719524186537808516e-02,1.089376458390712427e-02,4.662198890178598787e-01
-1.110257426066749327e-02,1.534607973497814290e-02,4.338249618105677885e-01
-1.448314948155982572e-02,1.159557609968492331e-02,4.249367688269636290e-01
-2.934380529250427139e-02,2.345778217295864214e-03,6.742277225504765825e-01
-2.998204808750713768e-02,-3.002903675106230377e-03,6.901374850093576763e-01
5.328702574100081107e-03,-3.734252774982806198e-03,1.490324544975988041e-01
5.490422218085048295e-03,-2.799813072186530579e-03,1.411579888978796160e-01
-6.608391827461916612e-03,1.528095270220485892e-02,3.813173342934378929e-01
-2.948259640291341771e-02,-1.910865141134641954e-02,8.046898468950707262e-01
1.107350799682144983e-02,8.845871854428866143e-03,3.246135332713167010e-01
-4.289744758076019515e-02,-4.841247345441261445e-03,9.887501961433148301e-01
-4.253960434156320303e-02,5.003252183705968539e-03,9.810328672715370457e-01
-2.510200172936015786e-02,-1.951312176628875253e-02,7.282073558049343420e-01
-2.651709140986564101e-02,-1.650125003084067926e-02,7.153339129662534823e-01
-2.810207398790378827e-02,-1.224273525789475008e-02,7.020708887400034515e-01
-1.947078779075546787e-02,-2.332325315023916698e-02,6.958696645591270213e-01
-2.119887856426115255e-02,-2.256730270675771574e-02,7.091575440117466878e-01
-6.189309517703731056e-03,6.742733768747221149e-03,2.096314121629527794e-01
-8.031792550280516738e-03,-4.232591245082485687e-02,9.867224387881416980e-01
-1.097562815986164245e-02,1.198396899353862052e-02,3.721984708468876191e-01
-1.988822346380576117e-02,-7.724515906043754720e-04,4.558586544107104954e-01
-2.038026371096390496e-02,-2.335497612625260164e-03,4.698397529381843074e-01
-2.042465604115183131e-02,4.265732959450534156e-03,4.778952060325926121e-01
-1.926497617131816761e-02,-2.683425226151686660e-02,7.565930226871593334e-01
1.244003781072860679e-02,-3.418826861304107706e-02,8.332666445350561668e-01
3.269057033888563089e-03,-3.601954155806664365e-02,8.283738566465589370e-01
-1.997891393210120270e-02,-2.441266350849713440e-02,7.225167518965120994e-01
3.464595556065146621e-03,1.270496135379439381e-02,3.016169965058419500e-01
-3.888038923312868347e-03,1.212165924062694883e-02,2.915636484773230230e-01
-3.578455678538532830e-02,-1.772133699217512620e-03,8.206055023082257094e-01
-2.842607663950381947e-02,9.098752623364516137e-03,6.836032125734995413e-01
-2.898315673603527737e-02,8.874451080082808654e-03,6.942445516323862975e-01
-3.350526656929243841e-02,2.272052505379620196e-02,9.271995220133579796e-01
-3.035206016511497393e-02,2.757275746174179046e-02,9.391952938150079921e-01
-3.627643565655726959e-02,1.923023036621112833e-02,9.403889922719163019e-01
-2.598456762362346892e-02,3.119428778109787498e-02,9.298706950256062642e-01
-3.065965917873541419e-02,1.108418991818212749e-03,7.026803951757578659e-01
2.806903216403365542e-02,-1.114235241831917217e-02,6.916871153742353284e-01
-2.615250587030441484e-02,-1.204665598856428758e-02,6.594834875347457270e-01
-2.634302396049134631e-02,-1.046858143178846026e-02,6.492504966933405619e-01
-2.453850207141184195e-02,1.481190404932549365e-03,5.630470510955363217e-01
-6.981718796908742593e-03,6.986549693967402525e-03,2.262218198706989480e-01
1.762554091078603370e-03,8.682750900416496068e-03,2.029236920777780506e-01
-2.634895801144585339e-02,-8.993345940536474903e-03,6.376746691147842094e-01
-2.788709956353371605e-04,1.597031729764564895e-02,3.658361649394913373e-01
1.207600998425754565e-02,1.048311045716356950e-02,3.662638120807121811e-01
-1.077672156403225966e-02,1.140315413509233530e-02,3.593553750559563831e-01
-1.102884062936772963e-02,2.145859814664918819e-02,5.525966030072618773e-01
5.912250530495316916e-03,-9.901322032516289735e-04,1.372986053018076247e-01
1.703873151542728732e-03,-4.576566377069173124e-05,3.903918594260642055e-02
-2.236029959398786252e-02,2.028681669796624995e-02,6.915033075736305435e-01
2.006588938070105743e-02,-1.405133647557094134e-02,5.610627758250801289e-01
2.185625030514170078e-02,-1.244056480005010720e-02,5.760027602278012804e-01
2.219325527992275018e-02,1.444518453340687056e-02,6.064975657012009469e-01
2.358426083726549924e-02,1.077849464971304683e-02,5.939071860048222851e-01
-2.510811141429226956e-02,1.547993463447129223e-02,6.755817446779552871e-01
-3.530424423755703506e-02,-1.155445874504974074e-02,8.508048128367424745e-01
-7.458785943864054951e-04,6.673702321163000814e-03,1.538046053706599303e-01
-3.255922815206899884e-02,1.037540129061456477e-02,7.826764260441494425e-01
-3.348834844773806996e-02,4.075670503295400135e-03,7.726688324149032505e-01
2.618289246609151275e-03,4.082693198169267540e-02,9.370114435324924385e-01
5.321667646697371412e-03,3.989803687347140415e-02,9.219081423528177055e-01
1.331838681332865419e-02,3.830791455189004602e-02,9.289095711191404092e-01
3.739171849366686694e-03,7.493449703052323073e-03,1.918088759125920195e-01
2.607241996505751253e-02,1.930457270402301251e-02,7.430278108287587946e-01
3.084779924940195608e-02,9.543365925981595055e-03,7.395691335693088675e-01
2.955415821344460972e-02,1.434761961115904767e-02,7.524514304282906574e-01
-1.455069262325233218e-02,1.616009877514269777e-02,4.980562973073066613e-01
-3.755330559143243291e-02,-1.619689327138527576e-02,9.367024410343754992e-01
-3.229246155535755308e-02,2.266766789945584126e-03,7.414389015846644115e-01
-7.351723350577433515e-03,3.985789885583666814e-02,9.282949967485767395e-01
1.627114087262583912e-03,-1.254242934542350654e-02,2.896760791240753918e-01
9.056665796715365757e-03,-8.376065136283453519e-03,2.825452766764245949e-01
1.691246960505997637e-03,-1.179132135798753589e-02,2.728294933644144216e-01
9.502684724158558596e-03,-8.758873492147930401e-03,2.959986125180923411e-01
-3.096205983856077648e-02,-1.223034284769951470e-02,7.624685345804247394e-01
-3.152691047717286199e-02,-8.843990182405432263e-03,7.499583497133437415e-01
-3.323219188598323937e-02,-1.735545159303765505e-03,7.621796066375493561e-01
-2.847990860951041259e-02,1.795599464978180765e-02,7.711201397299938254e-01
-3.163008844762560390e-02,1.009611689054256377e-02,7.604581591833510235e-01
-3.099227868664582511e-03,1.458886954264090180e-02,3.415966891607831180e-01
-3.260558926059316243e-02,3.853754511191348400e-03,7.519888654924483662e-01
-2.164581436663223432e-03,1.525705781402285355e-02,3.529434049409357899e-01
-3.399094636612288566e-03,3.974063379464462531e-02,9.135335123306124183e-01
2.885958802487464947e-02,2.364755804802124578e-02,8.545538334655919943e-01
1.886413729009156492e-02,3.245500294738946218e-02,8.597863985019970068e-01
-2.559658573707829579e-02,3.084148913279748799e-02,9.179761381223878747e-01
-3.237211378742023415e-02,2.329655879920990852e-02,9.134794133012702488e-01
-3.740588931141650142e-02,1.464374564233502166e-02,9.200473813705964954e-01
-1.983154664877075438e-02,3.831254929250231533e-02,9.880902332365077978e-01
-6.808870284686512064e-03,4.269137563345196118e-02,9.901513392966805327e-01
-1.062219127183016386e-02,4.156631979419896095e-02,9.826195609876788861e-01
-1.217875970742778209e-02,3.034470159604788983e-02,7.488946820614809097e-01
-1.045694680299574970e-02,3.046268860093457806e-02,7.376730562754589826e-01
-2.812166390632875063e-03,3.239619755004553153e-02,7.447852015433250594e-01
2.615401335447457409e-03,3.194368014832654756e-02,7.340787367713530465e-01
1.069561831081772101e-02,7.926743369151145399e-03,3.049122759270085359e-01
-9.243226943920641522e-03,-2.628045086106137185e-02,6.380659171065211632e-01
4.482824558923635076e-04,-2.803883984177306388e-02,6.422770855271228152e-01
-1.847144585128490364e-03,-2.738245033112194152e-02,6.285865450435601520e-01
-2.919379329429043230e-03,2.438367885594308268e-02,5.624665736087610668e-01
-2.727910351432450559e-02,-1.858948648939901666e-02,7.560735594855694242e-01
-3.870804114479433570e-03,4.123635087414677380e-02,9.486195994671737797e-01
1.890289884906557394e-03,4.171064826260295622e-02,9.563114456104803152e-01
-7.999636804557827552e-03,4.122316295408099546e-02,9.617790924374847172e-01
-1.776468646415858832e-02,3.747978832291310597e-02,9.499731578306849222e-01
-1.943636453640639611e-02,3.722392056340813327e-02,9.617925032389357254e-01
2.748149271778391883e-02,2.347945470546377450e-02,8.278744147513643625e-01
2.168006318665584298e-02,2.924055208410908033e-02,8.337206697086793072e-01
1.495383305625777766e-02,-3.059704710572770311e-02,7.800056892136718600e-01
2.214020993273678115e-02,-2.621875022483901099e-02,7.859735954647064649e-01
1.721456627729441025e-02,-3.008552886842793053e-02,7.938989429830533018e-01
7.233439432652668394e-03,3.602646230844217673e-02,8.416093390630023929e-01
1.192499311552538792e-02,3.412706155775038080e-02,8.279835715136001362e-01
-1.151972868006245591e-02,3.217033436585012285e-02,7.826369720264483298e-01
-1.358814083249660276e-03,3.394166542551828314e-02,7.780146630756248349e-01
-3.413839873734853241e-03,3.434758337700658665e-02,7.905651274134696260e-01
-1.916218427652235240e-02,-3.692232162628210357e-02,9.527655777141489368e-01
-1.569647991919868521e-02,3.782994905055805934e-03,3.698022241470785287e-01
-1.457001576825737478e-02,-6.495092220069464441e-03,3.653646573778332463e-01
-1.538173269880232542e-02,2.120942019163445796e-03,3.556329385687959088e-01
-1.586153767051141569e-02,-4.850949457862339421e-03,3.798989036547102960e-01
3.467869379098504484e-02,-1.167602498163631750e-02,8.380842293682684296e-01
-9.856454064676433216e-03,-1.551324319221481472e-02,4.209624884859557992e-01
-1.806156139381718357e-03,-1.790233977161196852e-02,4.121124944605272233e-01
-1.165893289747131113e-02,-1.326110315692464840e-02,4.044234133335409820e-01
-2.062916670962651466e-03,-1.729626777336653806e-02,3.989573674710976681e-01
2.220937581656960008e-02,1.221294163015204139e-02,5.805154987404231859e-01
8.618938476471658602e-03,-1.992865798203018526e-02,4.973005691874752277e-01
1.501555079865644383e-03,-2.117186250074514636e-02,4.861333973273823661e-01
1.034391221317947085e-02,-1.812310382931859101e-02,4.779393094342049841e-01
1.294727133903623723e-03,-2.054232258565864833e-02,4.714301238645025593e-01
1.694109687079286761e-02,-2.151562881395922833e-02,6.272132721308060210e-01
7.614545570600428359e-03,-2.653228441730112741e-02,6.322200300542185625e-01
1.314821321496501341e-02,-2.482665812338279501e-02,6.434443783288628094e-01
3.577283757536535436e-02,-1.462269270135438219e-02,8.851406225358389168e-01
3.698423167705385678e-02,-9.788483622443458487e-03,8.762442522739932738e-01
3.817367640726906236e-02,-8.305718948628052975e-03,8.947767327932556469e-01
-1.607370052112547243e-02,-1.097067106230459332e-02,4.457236794740710439e-01
-6.938873469046008546e-03,-1.774551814808373110e-02,4.364062231564493910e-01
-9.340997368505792042e-03,-1.735551896278920286e-02,4.514240215143823787e-01
1.286747982629679078e-02,2.176335218878702044e-02,5.790693123788339669e-01
1.599020205509764717e-02,1.889089154567258691e-02,5.668634986328858760e-01
1.618870322877557361e-02,2.026758289636801033e-02,5.941084157330563942e-01
-5.807053442895695333e-03,-2.974932410026874183e-02,6.942312895913396176e-01
1.072338451002640032e-02,-2.825879332863590748e-02,6.922662192599250419e-01
1.667566912756792774e-03,-2.982897130557905438e-02,6.842625241223457833e-01
-3.338454415034285139e-02,-2.752795530563889592e-02,9.910520784239937875e-01
5.502926169011164437e-03,3.033261185571544186e-02,7.060713237399409703e-01
1.678199679925043361e-02,2.557892695993463708e-02,7.006893862636804915e-01
1.530009568838137241e-02,2.719048833921707681e-02,7.145885232954342081e-01
2.872138267285649985e-02,-2.209224172037202449e-02,8.299210235095347832e-01
2.658172303441365750e-02,-2.363174032578074096e-02,8.146297114267703199e-01
2.135541831740438504e-02,-2.968231503780635258e-02,8.375057810999333441e-01
-8.630858437560778721e-05,-1.862439359942474892e-02,4.265733248513048359e-01
2.219469720450742802e-04,-1.942308867649987156e-02,4.448909123664666065e-01
2.638973586269705018e-02,1.362506359660031925e-02,6.802304684496066622e-01
2.879459921486222582e-02,9.037770814695204186e-03,6.912272375181496287e-01
-1.025629250988098658e-02,1.036186282599688667e-02,3.339238136758534981e-01
-2.913841928876266529e-02,1.456313460152516143e-02,7.460907755236824146e-01
5.441405626578054919e-03,3.093969824638750921e-02,7.195114410084922918e-01
-1.344108961436425546e-02,-2.764834116069635195e-02,7.041161636762145459e-01
-6.988394700503624928e-03,-2.876655150401291605e-02,6.780257950970211001e-01
-1.628871521525784502e-02,-2.494762390433066454e-02,6.824039178462969479e-01
-7.553010953974390778e-04,3.885879357887383340e-02,8.901808050118898974e-01
-9.113330404497878984e-03,3.737640126943371499e-02,8.811397904655450253e-01
4.332107876239613825e-03,3.798480348657513189e-02,8.756347873417530403e-01
2.869942955230232046e-02,1.107433647442902618e-02,7.045647203705067696e-01
2.410158246853901995e-02,1.949825111877099074e-02,7.100418792176980132e-01
2.414265231595064121e-02,1.839526105695107883e-02,6.951786333537038898e-01
-3.236187167831409972e-02,1.658072611428818358e-02,8.328318163966641485e-01
-3.351865438663247099e-02,1.519924757963034452e-02,8.429448673101759271e-01
-3.537739751840082714e-02,7.872587888512203383e-03,8.300957545935258031e-01
-3.680697963736604544e-02,1.419396930119950313e-03,8.436450360166873885e-01
3.931524676281845238e-02,-1.137603069217942020e-02,9.374057412035019521e-01
8.552471602935346473e-03,2.834178066282102074e-02,6.780448105061762654e-01
1.708585028540501871e-02,2.457312065158045664e-02,6.854942594966201286e-01
-2.318179234311798856e-02,-7.499278697557403180e-03,5.580415298109575595e-01
-1.623685236620082267e-02,-1.858403397115785186e-02,5.652182024622818268e-01
-1.844188594936772493e-02,-1.734798413769769385e-02,5.799022265235437290e-01
-2.819833203894972842e-02,3.091373545223050773e-02,9.583535915079788303e-01
-2.348328346662183555e-02,2.701926025363850584e-02,8.199116296685998728e-01
-1.871775988454043443e-02,-1.504258718617782972e-02,5.499927935304999016e-01
2.203372794100478746e-02,-1.343722855831771743e-02,5.910965714990269460e-01
1.527294076445006796e-02,-2.028665637844989655e-02,5.815983390913351814e-01
-1.135591247664020052e-02,3.115915296962875128e-02,7.595800199904322314e-01
-2.125621367432869308e-02,2.508485624622888363e-02,7.530696229629495475e-01
-1.991961319784780679e-02,2.678049178101564454e-02,7.644458076250869594e-01
-2.059204866580112078e-02,-1.126830945100164641e-02,5.376325474975668373e-01
-2.307486092278270007e-02,-7.232656350032425421e-04,5.287607581038891169e-01
1.812480352192176892e-03,-1.618361237207777831e-02,3.729830185596231806e-01
-9.606946493044729932e-03,-1.315278938168367925e-02,3.730497451938512565e-01
-8.525004997104970728e-03,-1.459432768890888028e-02,3.871143683407585190e-01
1.514253603995637486e-02,-2.678026157017038625e-02,7.046319582556752614e-01
2.752126119729840503e-02,-9.465685664956419512e-03,6.665818303518462606e-01
2.757650199114418041e-02,-1.079459266046589420e-02,6.782712222811752012e-01
-1.076802854922706380e-02,-2.625894141883680644e-02,6.500322874344752755e-01
-1.976547825654008383e-02,-1.963589744689482955e-02,6.381248035648332539e-01
-2.088757425916623611e-02,-1.942557798498749030e-02,6.533171508659680882e-01
-1.579780406940706206e-02,-2.411044048123090963e-02,6.602023643572305645e-01
-1.668367291431777089e-02,2.428408778223388118e-02,6.748111149013723553e-01
-3.449128850765809801e-02,-2.259931199001289151e-02,9.444513972319620310e-01
-2.875340559325172130e-02,-2.991773280055906592e-02,9.503901077179964796e-01
3.771958985016886368e-02,1.838643873641961426e-02,9.610930344986866602e-01
3.637723626180967146e-02,2.007578275040262580e-02,9.516343346045047502e-01
4.040498924363391392e-02,9.655507793264806946e-03,9.514831758182233923e-01
8.266309820669247299e-03,2.277768796372786272e-02,5.549875638969837821e-01
1.379786890003978708e-02,1.920590716533314077e-02,5.416380066055582754e-01
1.798731445362914544e-02,1.609143318879284121e-02,5.527726440385096751e-01
6.861782144187611801e-03,-7.546798431739087584e-03,2.336164109769499897e-01
6.942301054908630274e-03,-8.300476680853093731e-03,2.478410290208475086e-01
2.909029800027987910e-03,-2.844524729930448040e-02,6.549013458166624835e-01
1.311907855208675235e-02,-2.568812076228796371e-02,6.606415472753300877e-01
-2.050322437947013285e-02,2.511278372643465512e-02,7.425322077042727509e-01
-2.713749800368725137e-02,1.902196135038546412e-02,7.590374289914688655e-01
-1.136021610206564697e-02,2.653762714812352153e-02,6.611616018892050306e-01
-1.191252251763914166e-02,-2.541883557829840469e-03,2.789838145301154482e-01
-1.128068065284315059e-02,5.225749996854750674e-03,2.847466094549737092e-01
-1.239791109379414016e-02,-3.245630518789680268e-03,2.935279225910769618e-01
-4.505078731963835063e-03,2.899773612585058308e-02,6.721248185491216498e-01
5.159040474788643450e-03,4.285760349021092153e-02,9.886868438595248776e-01
-1.716156347384027378e-02,-1.159836417846599535e-02,4.744128519931228305e-01
-2.014319760558085787e-02,-7.999775405031302536e-03,4.964069892406715034e-01
-1.656828311770015827e-02,-1.331634099649666760e-02,4.868507411039154631e-01
2.569985582513189398e-02,-2.352784380247283438e-02,7.980383267601305342e-01
-1.119426381672544712e-02,3.598092198333971425e-03,2.693095324474421570e-01
9.047438986170049796e-03,2.502857821349339928e-02,6.095525905496370633e-01
5.420141152328656481e-03,2.553968368897347255e-02,5.979827877188099716e-01
-1.078335580222559813e-02,2.666668594717079479e-03,2.544193780617852174e-01
-1.025956183638563994e-02,2.071572061170901934e-03,2.397248854555882047e-01
4.094656412474335927e-02,1.001058577246865915e-02,9.654508916691620923e-01
2.231968087359871566e-02,1.034878194811831610e-02,5.634817161530942808e-01
-2.241827065782479866e-02,-1.549552919366201618e-02,6.241813105574677278e-01
-1.099091122749779915e-02,1.044057253993702604e-02,3.472060412496381088e-01
2.810366138531490698e-02,1.888910916788877695e-02,7.755602692898005968e-01
2.887674077360530972e-02,-2.584553478615847152e-02,8.876081891557250358e-01
3.602781289917099221e-03,-1.464138770616430982e-02,3.453461539412200354e-01
1.060184742071731100e-02,-9.734691123109921740e-03,3.296578208926476128e-01
-2.026036359905696981e-03,-1.428678390690326337e-02,3.304950813102868756e-01
-8.222998126977083821e-03,-1.246900204283279794e-02,3.420980136040957520e-01
-5.778985208483822592e-03,-1.455004922615432336e-02,3.585742336165965161e-01
4.401642188212768168e-03,-1.507249308156891759e-02,3.596361647780696447e-01
-3.608939606965042013e-02,-1.467531141885919377e-02,8.923094460199259004e-01
3.526356731562570873e-02,9.102486866064306986e-03,8.341419494843413940e-01
-1.098811527159271155e-02,-2.387266897835971582e-02,6.019129637226143803e-01
-6.912874027259037317e-03,-2.814141057466099452e-02,6.637062398274692354e-01
-1.557182308775412714e-02,-2.481321343770661464e-02,6.709580756191636519e-01
-1.449495228867167355e-02,-2.256158677723512848e-02,6.142006085449457364e-01
4.115727926363700606e-02,1.184009019464632093e-02,9.808881874456316652e-01
1.927624450807860837e-02,3.161703570245569250e-02,8.481232370894790096e-01
2.804193605388844227e-02,2.389147488222115659e-02,8.437645110755926936e-01
1.368232424014754686e-02,3.238636257453778033e-02,8.052497792076446226e-01
1.641782907587970367e-02,3.033803832738605002e-02,7.900775618449662474e-01
-9.424953982680483663e-03,-2.492214723648019411e-04,2.159423921319806039e-01
1.125410320722832272e-02,3.722085513095088616e-02,8.906140043884406277e-01
3.047418247960947263e-02,-1.153852878956752696e-02,7.463301722723900689e-01
5.957356128051510824e-03,3.428281206652850771e-02,7.969724849413164502e-01
2.750899322054669444e-02,3.329061903976371362e-02,9.891165637782095565e-01
-3.941334782498142481e-02,6.020686070789016062e-03,9.131856979591325141e-01
-3.889031107037579926e-02,5.351366563573538293e-03,8.991276895275081005e-01
-3.613909710899017996e-02,1.621138604046201345e-02,9.071867193348976954e-01
-3.524339209891254321e-02,1.677975228022571610e-02,8.940266456459851074e-01
-3.955698054114148432e-02,-3.206265957685909551e-03,9.089750724593078646e-01
3.123495105150362119e-02,1.194243002395602680e-02,7.659054137376216653e-01
4.228796356211572682e-02,-8.910520036241839290e-03,9.898214734690625738e-01
-3.948834689624818733e-02,1.742418517549927312e-02,9.885653043097463177e-01
-3.894941492728501431e-02,1.748312009458095548e-02,9.778369438155137816e-01
-3.146583319892419517e-02,2.911630407444646199e-02,9.818900179109084636e-01
1.035764783130263544e-02,-8.791916949693714609e-03,3.111699486765250877e-01
2.471162027385552518e-02,3.112163853788336293e-02,9.101820877994448722e-01
1.834986374905688347e-02,3.559946770056258980e-02,9.173064185634318690e-01
2.162730265060522350e-02,3.283395016306213388e-02,9.005021113341808991e-01
2.328137245595762392e-02,1.374647467850487366e-02,6.192442383552165808e-01
2.567103762848093121e-02,9.450213546060248077e-03,6.265378165733099802e-01
2.971984479977289248e-02,-2.189884659919072440e-02,8.455270733774949976e-01
3.216153192088598567e-02,2.280469615608108486e-02,9.030064242333031288e-01
2.509334020695620088e-02,-2.000725619964097493e-02,7.350524655063980228e-01
3.036227231043654370e-02,-9.991780879754877040e-03,7.320981005275629672e-01
9.489194415782531075e-03,2.681965201401784182e-02,6.515863856782918573e-01
1.482480732193523949e-02,2.370003808594969147e-02,6.402684950565308286e-01
2.447877677941747918e-02,-2.157145898881939611e-02,7.472872049311811704e-01
-1.821372998065104443e-02,-3.801056028701783190e-02,9.653720237467456888e-01
-1.338776202365712584e-02,-2.381132994459208771e-02,6.256592778637496410e-01
1.734937133390367786e-02,-2.789199756985377004e-02,7.523335159878392631e-01
1.529326299936087027e-02,-2.846438511526682910e-02,7.400805670839001316e-01
9.713698728316491962e-03,-3.160033596153110497e-02,7.571893357367474042e-01
1.767485739922942251e-02,-2.836453335200835729e-02,7.654612985656307211e-01
1.119673359111966922e-02,-1.689574119874746178e-02,4.642367362108003048e-01
1.761882701341441204e-02,-1.105205908714225124e-02,4.763603739869834430e-01
3.722001648108144017e-02,1.190580164512959789e-02,8.950297325633025380e-01
-1.314423890197910332e-02,-3.362222336494384220e-03,3.107455722171429957e-01
-6.471100212353603047e-03,-1.215451808288053014e-02,3.153803172103657460e-01
-7.459905284365089817e-03,-1.074813262113964371e-02,2.996566631924131308e-01
-3.727082723952079846e-02,-1.893659896453880323e-03,8.547434017060759892e-01
-4.239119254554011423e-02,-6.732965247509018966e-04,9.710403932280528005e-01
-4.134946228930432705e-02,-1.053066740922299280e-02,9.772886699510715536e-01
-4.108892629129760887e-02,-9.072591105635184269e-03,9.637592585890977226e-01
-4.153314138776909026e-02,-1.706919517711009363e-03,9.520683501954754213e-01
-3.998820943375774872e-02,1.076390937169688540e-02,9.484810309793186844e-01
-4.170020339637107998e-02,4.459665992173918354e-03,9.605380485892042186e-01
1.606966242239747655e-02,4.013034888465367295e-02,9.900890020758034149e-01
1.064468583071321618e-02,4.133936582713045732e-02,9.777124989921319731e-01
2.054449401766306540e-02,3.753401028155232966e-02,9.800237753014191533e-01
-2.107475466074062651e-02,2.654154681809565638e-02,7.762312176393435514e-01
-1.141263024724854629e-02,3.168637558362610851e-02,7.713757450575687846e-01
-1.072084349162621833e-03,3.347813809555226505e-02,7.671684889796382967e-01
-3.941730518410084538e-02,-1.319893086565764387e-02,9.520739472145282045e-01
2.061783462912460119e-02,3.692238710054747408e-02,9.685768681880805309e-01
8.389879982264446256e-03,4.125046985046742359e-02,9.641346430020879543e-01
-3.570611165848606994e-02,-2.171370262955581165e-02,9.571503330246933228e-01
-1.187210197933652109e-02,5.515628109799729055e-03,2.998285389949239543e-01
-3.424931058420002325e-03,4.251019022108921963e-02,9.767983219861523514e-01
-1.235461745405565595e-02,5.806487059527902506e-03,3.126610344991505031e-01
1.099928795564359373e-02,3.992211585938280211e-02,9.484370691088058747e-01
-2.248752045694357368e-02,6.222160291156462889e-04,5.152460180915795496e-01
-3.636296333743934545e-02,8.503036934304724140e-03,8.553158911882401405e-01
-8.294763703138731403e-03,-2.378414977747322218e-02,5.769243891131835555e-01
-9.723623999195378162e-03,-2.378688727933161301e-02,5.885710142591481508e-01
3.875304114770624416e-03,-2.506740348655493722e-02,5.809582907199742907e-01
-4.629608815802590963e-04,-2.603273378025349957e-02,5.963419093079107558e-01
-4.116698551205458245e-02,9.871774968172437881e-03,9.696093852476306285e-01
-3.924725022970351751e-02,1.466988791353277324e-02,9.596519957065957618e-01
-3.574494830687797997e-02,2.255668643442046775e-02,9.680751229256322477e-01
2.308335048943631687e-02,-1.259433442180754939e-02,6.022681484730159074e-01
3.806908720092207210e-02,1.439097472534939422e-02,9.321454275334170037e-01
3.206467007584348078e-02,2.502985838161998766e-02,9.316616932474920398e-01
3.758039318191276623e-02,1.433261937952039732e-02,9.212069696885609726e-01
1.772333552032885964e-02,3.378051646270370523e-02,8.737238453486315670e-01
-3.883504121723397456e-02,1.239453817311774939e-02,9.336719401798180273e-01
-3.780547820473895149e-02,1.094170405592659280e-03,8.662503870133564376e-01
-1.042960604259101851e-02,3.969225744668036793e-02,9.399622738014432599e-01
3.596316828598027787e-02,-1.154211306755461089e-02,8.650742991623553424e-01
2.958650841034151172e-02,1.051137557070820627e-02,7.191383000578629447e-01
2.819724743535509046e-02,1.500514112169101452e-02,7.315733135559582268e-01
-1.897852926490454020e-02,3.368388094751176287e-02,8.855166881545762925e-01
-1.154024129860820209e-02,3.737954356538253364e-02,8.960049821120050773e-01
-2.274538020943491293e-02,3.183529391481523807e-02,8.961310869437787430e-01
-4.767003002460093019e-04,2.864993533879391444e-02,6.562822287836629354e-01
1.917567119325980576e-02,1.974570296518343357e-02,6.304151321395342622e-01
8.254168507265804977e-03,2.609443146393162008e-02,6.268483432730368454e-01
1.179906145007609966e-03,5.849245982409712866e-05,2.705748030369673623e-02
2.124771368560031057e-02,-1.892169447275821384e-02,6.516497080866661129e-01
2.689666851844059112e-02,-8.325563746103588000e-03,6.448725060899177519e-01
1.515930448890401641e-02,3.803715642455927914e-02,9.378329289319730089e-01
7.990975108973567137e-03,2.913289782507369127e-02,6.918989959078785112e-01
3.958160823844171505e-02,1.099135239269186971e-02,9.408719523051395361e-01
-2.804716253975233706e-02,3.168074308842941389e-02,9.691061483550844624e-01
-8.823476275336439648e-03,-2.037947111693911434e-02,5.086371887684173476e-01
-1.564317978976817458e-02,-1.618949401063487017e-02,5.156190553126569487e-01
-8.719016538295574353e-03,-2.113682927977055329e-02,5.236838691926783973e-01
-4.796336557203567143e-03,3.470247324307611236e-02,8.023730405906973617e-01
1.111500481747389364e-02,-1.078527923211705479e-02,3.547242309789848669e-01
2.186287955036111258e-02,-1.930415519021778936e-02,6.680035119760168172e-01
2.196626313355269297e-02,-2.022885696712207332e-02,6.839462359991829166e-01
-3.965038934929970837e-02,-1.713480501012833515e-02,9.893140730823607454e-01
-6.088936320516579077e-03,3.047987607709955540e-02,7.118975183022034914e-01
-1.030680413102805226e-02,2.873866969139897420e-02,6.992746356636732052e-01
7.076733970267199032e-03,-3.397085333459412548e-02,7.947636479438658919e-01
3.878191555523332473e-02,-1.898254920927644820e-02,9.889479296838399325e-01
-1.157543274278524832e-02,2.761360624561904134e-02,6.857763360400379593e-01
3.102910269864841628e-02,2.841639431284959105e-02,9.636735008236009259e-01
1.849248673445047855e-02,-1.929978248411282071e-02,6.122008454555735169e-01
-3.428428700839625254e-02,9.641638927892890246e-03,8.157000250410393338e-01
-3.060173997119206360e-02,1.885244554633647845e-02,8.232242920133960862e-01
-1.412845025384735012e-02,2.800909002097246719e-02,7.185076733002317972e-01
-3.587885330430286984e-02,-2.334910464086355220e-02,9.804504679997272376e-01
-6.650956664920237328e-03,3.720320176811418855e-02,8.656027984123689789e-01
-1.192106632579905713e-02,-7.897638123292586437e-03,3.275194509677641919e-01
1.575005538008938943e-02,2.186573711832517225e-02,6.172021747820761739e-01
-4.207455001459874458e-03,1.126735806119852530e-02,2.754705450543903922e-01
1.075191277033871184e-02,-2.235449571027308541e-02,5.681459472318772796e-01
7.163567723859147994e-03,-2.547499591583677128e-02,6.061031052145531284e-01
8.254602166771199054e-03,-2.574247549695451304e-02,6.191703775242463070e-01
1.683232861466560371e-02,-2.011298706500840028e-02,6.006988083527485811e-01
-1.986954090436686762e-02,3.574831605601237056e-02,9.367446227741015319e-01
-3.840475042140420459e-02,-8.435885256873359994e-03,9.005838129034667849e-01
-3.879857003621480643e-02,-1.873540001568209466e-03,8.896688137146456787e-01
-3.235118437590534662e-02,1.879540363770910646e-02,8.569395224007212430e-01
-3.989281298851154664e-03,-2.645272879089198559e-02,6.127179922299950121e-01
1.497390606548854378e-02,-9.789373272856668334e-03,4.097468241886367823e-01
-2.620733216111238717e-02,2.524831308883177319e-02,8.334898910258162763e-01
3.293010129555936499e-02,2.246754775081281907e-02,9.130482857990158685e-01
3.783904695945879137e-02,1.194229549596551379e-02,9.087952967445879215e-01
1.138335105295001579e-02,-2.321809717448844804e-02,5.922564436464874404e-01
2.279839862463329050e-02,7.623024043565215617e-03,5.505855038506858312e-01
-2.867444217365417922e-02,-3.066439100497145992e-02,9.615568470718677263e-01
-1.640545871368810638e-02,3.262398164713920662e-02,8.363680146309296903e-01
-5.870968171696848426e-03,3.620196530570037735e-02,8.399940196967242700e-01
-1.656720710699600280e-02,3.308357185234739317e-02,8.474378018297610282e-01
3.750073516961662315e-03,2.778626514303380104e-02,6.421799192059717276e-01
-2.560369062632602069e-03,3.607170488881033393e-02,8.282564643486742817e-01
-3.469702236727002786e-02,2.292815943632905279e-02,9.525278905618134173e-01
-2.702209577425892378e-02,3.134120894342554142e-02,9.478022738118784263e-01
3.541798005627522228e-02,-1.663883669353204142e-02,8.962616004197970776e-01
3.212152986363008000e-02,-2.291260722602397534e-02,9.036922257880066756e-01
6.578524063667656741e-03,2.478617449240060749e-02,5.873516164319476651e-01
-3.311933731744608200e-02,1.165788088852128500e-02,8.041787991602920016e-01
-2.750528846372467598e-02,2.214808277656826752e-02,8.088235338201518188e-01
-3.640369296097619584e-02,-2.151089992033918333e-02,9.684658071768151855e-01
2.196644069158740567e-02,-7.973766760505559756e-03,5.352357997650575294e-01
2.911306004279829926e-02,2.774983949995196708e-02,9.211824622708552068e-01
-1.612134663567844212e-02,3.688376236505181566e-02,9.219469060851999132e-01
2.620124618546722933e-02,-1.169127960292793041e-02,6.571390578373161873e-01
-5.707612553470899248e-03,3.117580087062494718e-02,7.259111377214773064e-01
7.457418506423065321e-03,-8.626960681521762125e-03,2.611808099171965547e-01
-2.085178200055676917e-02,-9.267589432939628280e-03,5.226301183154762331e-01
-1.577020295849931170e-02,-1.685811784783510306e-02,5.287226199562045093e-01
-8.006427815959884717e-03,-9.428304399936873748e-03,2.833000547010537939e-01
3.938918317195417955e-03,-1.251380049640212367e-03,9.465943573065875583e-02
1.771115624584368572e-03,-1.319917047663713913e-02,3.050201629614340271e-01
2.130291102179545162e-02,9.974330881702034302e-03,5.387505575203774821e-01
-2.785991245355529805e-02,2.556406742399482124e-02,8.660217128574405621e-01
-3.510990060214104480e-02,1.452689520795536274e-02,8.702634678853610195e-01
-1.509619962950347130e-02,3.666126325782836926e-02,9.080825934204600491e-01
-1.080405454710591656e-03,3.933987424008920236e-02,9.013709876270241672e-01
2.755803556168922577e-04,-2.000983631397971682e-02,4.583440615548994845e-01
-1.000846338882601869e-02,-1.765816802674397001e-02,4.648845159344949240e-01
9.038050098272544996e-04,2.747334571689193867e-05,2.071009952313112787e-02
2.156460644764111867e-02,2.549384644195524380e-02,7.647829198579207954e-01
2.149428193042276017e-02,2.635771316435351827e-02,7.789749456339131184e-01
-2.251410123987186707e-02,2.659604460071003651e-02,7.981015339407185882e-01
-1.352671602391909353e-02,3.200955551491351664e-02,7.959128361697631604e-01
4.709785210866831127e-03,3.489224985980159122e-02,8.064113616397748929e-01
2.279949474244178514e-02,2.185772312112940069e-02,7.234026705355131037e-01
-1.713683463518591698e-03,-1.034031156217101767e-02,2.400624446462589490e-01
-3.292420197331108055e-04,-9.870426031192109512e-03,2.261956571094035362e-01
8.292571057409197505e-03,2.779734757670445852e-02,6.643905372659452135e-01
3.496834300642502613e-02,1.210145853438494498e-02,8.475106060161983201e-01
-1.789965088318951026e-03,3.023311345778413595e-02,6.936647019368347156e-01
-4.576203229229442978e-04,2.985285061870942419e-02,6.838230212300201449e-01
3.627119814019657412e-02,1.292216830700585774e-02,8.818937958265926635e-01
-1.779461654551472288e-02,3.863736016663893436e-02,9.742837534131646438e-01
3.120141819497573160e-02,2.317969432783130793e-02,8.902545846266577412e-01
2.250040381121986427e-02,3.157071576877258645e-02,8.879392211776039323e-01
-2.787376215527898743e-02,2.003034283783149128e-02,7.861569477335358380e-01
-2.045058040463841251e-02,2.755393042625133015e-02,7.859180504997550498e-01
-2.969473375524722333e-02,1.817071733464291697e-02,7.973511625341460629e-01
9.690129576303489756e-03,3.843295655782751064e-02,9.078073714374251812e-01
6.918066519974539613e-03,-3.286936981081074044e-02,7.693262394571183105e-01
4.765507761196176827e-03,-3.379413427379458074e-02,7.816708482038443595e-01
1.303566551593223106e-02,2.902939220573642898e-02,7.288416491568416866e-01
1.996686111762353139e-02,2.520343607196287236e-02,7.364508888095910866e-01
9.070553230939330455e-03,3.121030452100897329e-02,7.444104504157394997e-01
3.028254880500010331e-03,-8.421652829699951062e-03,2.049785469844369046e-01
-4.241927920327055387e-03,-8.256835826838126308e-03,2.126097356989318510e-01
6.495288188619204560e-03,-6.904456493058166999e-03,2.171154818561220334e-01
2.366173971406994835e-03,-2.915344960120777942e-02,6.699194434020843136e-01
1.301326300008403061e-02,-2.652407713837061365e-02,6.766780537361416492e-01
-2.057696472626623432e-02,-8.398018686379838532e-03,5.090297845680539224e-01
1.963489666990130000e-02,2.626152609729617490e-02,7.510189497637315137e-01
-1.703052922583452727e-02,-1.064169542145576401e-02,4.599522125982818399e-01
1.814129076218296346e-02,-2.595372926205471997e-02,7.252586827014003701e-01
8.229984263813818965e-03,3.468904999152255808e-02,8.165643189895703813e-01
2.118266068130788410e-02,-1.093529652288450539e-02,5.459970554681142785e-01
1.530976035256812438e-02,-1.834936017431082131e-02,5.473414311621237482e-01
-2.913971373750034663e-02,2.520631029574214518e-02,8.824583370327306886e-01
-1.912521792489719694e-02,3.301890715609522020e-02,8.739586524626822284e-01
-1.386864056055262147e-02,2.887203931979289828e-03,3.244544044753612799e-01
3.835503042955652059e-02,-1.010514772851956074e-02,9.084519175782908018e-01
1.882181729059481320e-02,9.308643434583336457e-03,4.809308936948707425e-01
1.260375749395262895e-02,-8.287677461248796340e-03,3.454904548347589865e-01
-3.092820009346850668e-02,2.419371378665291505e-02,8.993598458081264457e-01
-1.603490727911854180e-02,-1.490628900211700587e-02,5.014385491232241643e-01
1.175135459103291563e-02,3.169158207171141051e-02,7.741509038549899691e-01
1.056057553329682076e-02,3.141973394696490757e-02,7.591917481480805474e-01
-7.179021696696560092e-04,3.292253740090356207e-02,7.542293292702445529e-01
1.664472097939540332e-02,-1.627068734921021179e-02,5.331128819521402384e-01
3.408400089156965462e-02,9.445397300475182403e-03,8.100730798997766158e-01
-2.566677892752411774e-02,2.674461345343591423e-02,8.490033510763509428e-01
3.888311688339782246e-02,-1.074599982644424377e-02,9.239542795875628212e-01
7.370940611629749756e-03,-1.601413533550181609e-02,4.037715579763272999e-01
-8.854575555923135596e-03,-1.895359405521978430e-02,4.791444957768500323e-01
-3.990929214867602881e-02,-4.522777208933510644e-03,9.199240090221281196e-01
7.531715593960291999e-03,3.346004874646631155e-02,7.855362545418442810e-01
-8.596453730391678122e-03,-5.160470213510414544e-03,2.296431973396706461e-01
-2.590362345919288919e-02,3.000375822651444452e-02,9.078745317947602977e-01
3.293330470999792248e-03,-1.352608323151331324e-02,3.188488418144700409e-01
8.339441751590284321e-03,-2.202045035949071888e-02,5.393078247953899673e-01
-1.558847270214593463e-03,-1.106605463835445141e-02,2.559566970535671615e-01
-2.193426337362150912e-04,-2.320076755133625851e-02,5.314086876593381303e-01
-1.486869472285513340e-02,-8.796498392264313296e-04,3.411445464210653422e-01
-3.793344200794044729e-04,-2.255333746301152464e-02,5.166294136209794718e-01
7.852548424504942476e-03,-2.083973834722001664e-02,5.100690756724168828e-01
-4.180400258983265629e-04,-2.189165596837656935e-02,5.014927659173369356e-01
-1.298765158161608278e-02,-2.846628515414918736e-02,7.166384687528398745e-01
-1.334923871975938862e-02,-7.683969070865093870e-03,3.527816049257505582e-01
3.318774037873625793e-02,1.373361201770731919e-02,8.226368816082414437e-01
2.116963060386586187e-02,8.658698085687033252e-03,5.238538884057682976e-01
-8.946720240355325940e-03,-6.075335093184824724e-03,2.476928670905189644e-01
3.111611858695797345e-02,1.900166724737232388e-02,8.350538890293156546e-01
-2.819245543117796307e-02,3.281440767147466436e-02,9.908625066419153304e-01
-9.216570520010125556e-03,-1.947269943889277238e-02,4.934319526625285945e-01
1.749954474181533715e-02,1.519183049178403876e-02,5.307676642708669679e-01
-9.504943235598023801e-03,-6.639777604122528397e-03,2.655558945437848650e-01
-3.705884028552233755e-02,1.092764507321565028e-02,8.849189479984451712e-01
6.948782108379184669e-03,2.379368766357452605e-02,5.677293935359066790e-01
7.769792735779081083e-03,3.671090888361318999e-02,8.594439302402692160e-01
-1.844100498346231548e-02,3.265711061288740363e-02,8.589851200920679553e-01
2.337452350002001966e-02,3.325690535183732643e-02,9.310289424847879580e-01
-3.811269571913605825e-02,3.586435599101536840e-03,8.767805848961051085e-01
-4.575653806753637691e-03,3.693051119089819229e-02,8.523153333059919623e-01
8.347608597330814437e-03,-2.133979185332370715e-02,5.248258245241321784e-01
-5.588917900465044213e-03,3.222550356105809578e-03,1.477618361266869740e-01
1.283720571201915107e-03,2.530381140567534409e-05,2.940774630730719555e-02
1.248246799088907838e-03,1.364087700093746104e-05,2.859125909003115695e-02
1.284246021548668621e-03,3.894056262588298586e-05,2.942758843392101128e-02
3.683251553266751743e-02,-5.805477220418625919e-03,8.540180491618130088e-01
3.651677593757014090e-02,-5.805476530249124509e-03,8.468753591600131081e-01
4.066476513323676045e-02,1.538869409198909827e-02,9.958358744774653548e-01
4.136666251768814778e-02,1.276377347764582650e-02,9.915279725508959752e-01
4.210299626438581549e-02,1.082812264095059374e-02,9.956977192394487197e-01
3.774224089524125247e-02,2.158526356485462872e-02,9.958267406027845325e-01
3.331658060192979002e-03,8.423751051620798882e-05,7.633190208408857647e-02
3.643612898747706531e-03,8.423759134449111522e-05,8.347475525659336926e-02
3.131349031485565308e-03,-1.607355251870462348e-04,7.181410827884586456e-02
3.256011283760584536e-03,-4.103643378476606852e-04,7.516486985520616504e-02
3.255296435399884520e-03,-2.504072948618933279e-04,7.477880819489471365e-02
7.449662171676115288e-03,-4.093510800490161167e-02,9.529674555631358901e-01
3.252916019942865729e-03,-4.170823721252765043e-02,9.581766471753243586e-01
9.425817086983903983e-03,-4.076586754242893240e-02,9.583254051488689917e-01
2.062447124605560050e-03,-2.245101722671371026e-05,4.724060407804973882e-02
2.040917170548304811e-03,-1.338390862154744980e-05,4.674569348610117109e-02
1.892769703999305992e-03,-9.067433867489771315e-06,4.335205098297418430e-02
8.376807546279416671e-04,3.825585993057059109e-05,1.920604075477715805e-02
7.349304553889858104e-04,3.317399679231343326e-05,1.684981462264609209e-02
6.450000407891587914e-04,1.734183141854962016e-05,1.477826832801621727e-02
2.974417731616051195e-03,-3.617938206191131727e-05,6.813040579504175964e-02
2.662528131099747754e-03,-3.617937725137797083e-05,6.098754977516742531e-02
3.754644966120582530e-03,-1.077406457142958190e-03,8.946600019127796954e-02
3.558731758683353428e-03,-1.551655494328978884e-03,8.891915097880163932e-02
3.712103088279748546e-03,-2.416360540143453394e-04,8.520107604774967980e-02
2.352786854258203612e-03,-1.338390942279004157e-05,5.388855037547646970e-02
1.398962108738626949e-03,3.208516025309170953e-05,3.204992616546124828e-02
1.362798503611825553e-03,6.782662591694038273e-06,3.121360399968371724e-02
1.761934421654241453e-02,1.349643726984937203e-02,5.083372526246732193e-01
1.593012039420968473e-02,1.500393216243425809e-02,5.012141053506075083e-01
1.883611923861313112e-02,1.124198151118095679e-02,5.024135764931336734e-01
2.149771457960132290e-02,4.850398598845100800e-03,5.047556039378727766e-01
2.063507114132570597e-02,6.795837504385502867e-03,4.975916564558707234e-01
-3.176952330746358327e-02,-1.773179319490678085e-02,8.333065726203743306e-01
-3.250025844500025601e-02,-1.705760038101471199e-02,8.406738239501734267e-01
-2.904379133602006183e-02,-2.214550485454991682e-02,8.365254139223310403e-01
-3.560380358842119702e-02,-7.712528195739924881e-03,8.343744405701897238e-01
-3.409723868971173411e-02,-1.237766317366688698e-02,8.308191333102088461e-01
-3.527094267787968251e-02,-7.869238196662941762e-03,8.276992148224719958e-01
-3.136268364971752515e-02,-1.786028072061136493e-02,8.266348019926635926e-01
3.859454389695092611e-03,-3.665512930381121387e-02,8.441813135484931285e-01
-9.383387208488909274e-04,-3.666361989528491711e-02,8.400099270336558455e-01
-6.075157016669704979e-04,-3.692936395108790959e-02,8.459359371748138567e-01
-2.365384491750050985e-02,-2.728647437521096800e-02,8.270942865656769616e-01
-2.410949416537392156e-02,-2.653489678019435929e-02,8.211466176190390653e-01
-2.852087888123069556e-02,-2.187328444437882172e-02,8.232242640391971289e-01
1.249259403219739328e-02,-1.043577749535599952e-02,3.728254368036496569e-01
1.540482260928667524e-02,-5.624826512811191385e-03,3.756128398231497467e-01
1.513150087211768621e-02,-5.474902759761623647e-03,3.685563038713164374e-01
1.573636710950251233e-02,-5.624851531161048461e-03,3.827548884407428464e-01
-3.238364186115835069e-02,-1.033345887634083173e-02,7.785530756037486455e-01
-3.072246681152102435e-02,-1.458495352702812199e-02,7.789270087795648889e-01
-3.152772108362496273e-02,-1.206668352916588811e-02,7.731851423795214062e-01
-2.877349872114254650e-02,-1.843862073230674581e-02,7.827249076129257910e-01
-2.746434374212235185e-02,-1.994263076405845131e-02,7.773791418612097104e-01
-2.841810371716863709e-02,5.230822268991916837e-03,6.618158367637480000e-01
-2.809433962516845809e-02,5.754938848476657230e-03,6.568276218911303088e-01
-2.647081833673659013e-02,1.127159912553190452e-02,6.589573641896565581e-01
-2.855886997705295652e-02,6.075853880013996769e-04,6.542536758009029896e-01
-2.759846838237716218e-02,6.861395979353934922e-03,6.513511243272027684e-01
-3.178430317973394981e-02,-3.641170593554171088e-03,7.327415586159560235e-01
-3.062849498912520799e-02,-9.199737176726138430e-03,7.324693941103441741e-01
-3.126244000927438232e-02,-5.683678210482520470e-03,7.277648899552886519e-01
-2.984063532604000826e-02,-1.215229361955416296e-02,7.379640733603998193e-01
-2.876351798729671547e-02,-1.403273228005736187e-02,7.330126587444011355e-01
-2.524586414706892629e-02,-2.495692950144333053e-02,8.130681882865512522e-01
-1.975293844065802162e-02,-2.970139837638940267e-02,8.169781976110902511e-01
-3.021772200547902763e-03,-6.089783199812435349e-03,1.557061366184823714e-01
1.915977290657572794e-03,-6.625895767106548123e-03,1.579753315904336153e-01
5.004606962631013949e-03,-4.530919255312333346e-03,1.546221662685882126e-01
5.479478173053467689e-03,-4.496053624676152674e-03,1.623409777457961445e-01
-2.388297318332060527e-03,-6.722305328951988512e-03,1.633944954777564185e-01
3.918095199539111707e-03,-2.526884388277240729e-03,1.067831783004397350e-01
4.223556769671199008e-03,-1.575610194854736154e-03,1.032474194723414090e-01
3.643498097773564207e-03,-2.701608513129527891e-03,1.038876201078079431e-01
2.901882415089748757e-03,-1.271511012164909613e-04,6.652780633685706491e-02
2.760511888839379049e-03,-7.556544320632932910e-05,6.324980095132540225e-02
2.832577137352430829e-03,-1.303599591464991254e-04,6.494535055772367171e-02
1.266345247248413033e-02,-4.088945864083524256e-02,9.804071431963312655e-01
7.094166567527772881e-03,-4.224879426418341050e-02,9.812032548203667437e-01
9.067254850029389177e-03,-4.214717848106202397e-02,9.874152454112623545e-01
3.341687335191117353e-02,2.633905873869491973e-02,9.745366371012258444e-01
3.614110293028801463e-02,2.281847230477548547e-02,9.789483088847755754e-01
3.239480720419261189e-02,2.801220374994360662e-02,9.808875779092026681e-01
4.737765820783642993e-03,-4.228021958270114511e-02,9.744370358934358878e-01
1.027420213899077946e-03,-4.283985010618588524e-02,9.814760217053899449e-01
-1.036780190121770751e-02,-3.588128256892134105e-02,8.554357915568312487e-01
-1.042468283226524392e-02,-3.563978518989176919e-02,8.504881819183363056e-01
-1.512167520678998379e-02,-3.399589306265512340e-02,8.521880862584038097e-01
1.522278324810795100e-02,-3.945861746277667947e-02,9.686737687810383912e-01
1.258930639767738731e-02,-4.013138482552103953e-02,9.633255948294378035e-01
8.011761691209732736e-03,-4.153539205593582279e-02,9.688528680479338018e-01
1.960096067121728462e-03,-4.226724487239815614e-02,9.691194526132844711e-01
4.637122405088245206e-04,2.703973840358923607e-05,1.063879760444946809e-02
2.711097875694459206e-04,6.129364092629244579e-06,6.211021757055654006e-03
3.047307132452550197e-03,-9.099700165637079690e-05,6.982591940778265505e-02
3.855047078533008990e-03,2.762407474781040147e-04,8.852148916966516567e-02
3.883500712736606512e-03,-1.065118814825107658e-03,9.223154962895863118e-02
2.905278873356953884e-03,-3.939306085284064346e-05,6.654794274678947630e-02
2.593382942067793111e-03,-3.939307738874332939e-05,5.940508700325829172e-02
1.655400867608877377e-02,-3.841949315766018253e-02,9.581586195130101791e-01
2.040582101645414120e-02,-3.714361067878310663e-02,9.706564350706429201e-01
1.615073514957368964e-02,-3.944056020381022515e-02,9.761422676380889785e-01
1.813481533063228054e-02,-3.733145571947412561e-02,9.505777695977036812e-01
2.103464874977702126e-02,-3.603242073679481516e-02,9.556091612474735264e-01
1.313477346889460086e-02,-3.301322461908808015e-02,8.137754228359111996e-01
1.011577051684093599e-02,-3.381146146817255727e-02,8.083256889037881976e-01
6.492403245312445594e-03,-3.495792406281390818e-02,8.143594013119604957e-01
1.461372994829982473e-02,-3.273729173272221099e-02,8.211219953269058847e-01
1.792340790502101183e-02,-3.074647010311207934e-02,8.151275996603608576e-01
2.648048908398900614e-02,-3.202304520804449134e-02,9.517311709207734172e-01
2.513788725065275315e-02,-3.350107872178183926e-02,9.592920732417633545e-01
2.958600432504237404e-02,-2.982397289352903963e-02,9.621765350299610331e-01
2.451529040108072280e-02,-3.432137920957918642e-02,9.660276517715082889e-01
2.883486924420723685e-02,-3.187464897915874562e-02,9.844471484144633466e-01
2.756760887356469319e-02,-3.266088274687316967e-02,9.789065967901398047e-01
2.270893484847374966e-02,-3.645256626944742839e-02,9.836588184905384891e-01
2.877148260621784776e-02,-3.226131175858568123e-02,9.900655555384704209e-01
3.293966100800246183e-02,-2.767393847785930283e-02,9.853593208755363486e-01
1.261313795851806783e-03,-7.477770245980729612e-03,1.736884228833254495e-01
5.550222163036775541e-03,-5.281735940917081304e-03,1.754818607952257914e-01
5.876192374334271613e-03,-4.497317039072220961e-03,1.694808968624949286e-01
5.972598528277658567e-03,-5.282362620849034157e-03,1.826211434373578024e-01
2.488808722508807289e-02,-3.558523411427322314e-02,9.945947393066120190e-01
2.948987819763756665e-02,-3.192822102947457524e-02,9.954747527585667832e-01
8.024371051027847507e-03,-3.767728639328044027e-02,8.823059783223230479e-01
1.018417700017750643e-02,-3.736607988274061320e-02,8.870416941046735948e-01
1.412139768525243200e-02,-3.594775354365169900e-02,8.845880390818519068e-01
-1.777025911887707491e-02,4.345656149433490471e-04,4.071275313214490765e-01
-1.794169057951864807e-02,-2.111643596500518971e-03,4.137686163062420097e-01
-1.718492560650903070e-02,-5.097445526814791371e-03,4.105499936224229485e-01
-1.798551343242351525e-02,2.694900245483554998e-03,4.165345455267336905e-01
-1.810594334718516538e-02,-2.885136787991103308e-03,4.199261591039634145e-01
1.678150795259176001e-02,-3.437704037715925282e-02,8.761700467568095396e-01
1.398213263500100445e-02,-3.541347452024752596e-02,8.720333779635708327e-01
9.091700069217790656e-03,-3.713823083137202108e-02,8.757230719786092132e-01
5.014066403980613901e-03,-3.801383712230765877e-02,8.782011807724607877e-01
1.875788323859731155e-02,-3.357797354833515907e-02,8.809285152603576474e-01
3.695620480552240950e-03,-2.047964949693600444e-03,9.677151609547095246e-02
4.041870486580863633e-03,-1.203309810704860944e-03,9.658947681699890653e-02
4.277892127655518253e-03,-9.096446313721890482e-04,1.001704360078763123e-01
-3.151485011904189750e-03,-5.695942753019844242e-03,1.490956355068100980e-01
-3.304073248845488739e-03,-5.747189359854673607e-03,1.518350123498984627e-01
6.434660739415662845e-04,-6.496567156436146989e-03,1.495239375977142626e-01
-2.543820088770057386e-02,-2.949210408395070218e-02,8.920380903148584784e-01
-2.209493834248894145e-02,-3.175909630370235548e-02,8.861201674215350987e-01
-2.639477679168546198e-02,-2.825364710796903281e-02,8.855653846988176259e-01
-1.765471389747917327e-02,-3.462170658672925755e-02,8.901145570026985920e-01
-1.881850655995943866e-02,-3.367901717708932097e-02,8.836260837080782693e-01
-2.626758685874236096e-02,-2.697984139430812181e-02,8.624409681487954504e-01
-3.079841958573288629e-02,-2.180500466262391343e-02,8.642950343905694277e-01
-2.640748741310219166e-02,-2.719614224226481192e-02,8.682266036299439715e-01
-2.227825953061527212e-02,-3.019588282311629068e-02,8.594597012402668268e-01
-2.733368030446892138e-02,-2.545577358571319074e-02,8.554875263475220093e-01
-2.736694086577930868e-02,-2.664609119002819826e-02,8.748409871712943264e-01
-2.208361426398814525e-02,-3.106854943309862727e-02,8.730333749488256023e-01
2.112915332924192313e-02,-7.806788884240355685e-03,5.159131392442365405e-01
2.125846459131748925e-02,-6.527397278033079953e-03,5.093342410706218626e-01
1.770537990263457498e-02,-1.357991445540076073e-02,5.110643385440224451e-01
2.093203223564408036e-02,-6.527420190672589620e-03,5.021919912794665652e-01
2.929949767039898706e-02,-2.346447838559793247e-02,8.597435105902252461e-01
2.884902383839179490e-02,-2.451264629403124631e-02,8.670628779104838646e-01
3.182480164387634092e-02,-2.045220366597858691e-02,8.664499757540857772e-01
2.365704869988872680e-02,-2.952030555572227044e-02,8.664480864272331440e-01
2.682445546182811447e-02,-2.708629162724990325e-02,8.731168389059074109e-01
1.757887718555178891e-02,-9.644146531692930277e-03,4.592341987088700006e-01
1.952204868144914035e-02,-4.957389857388650942e-03,4.613196488015748886e-01
1.922692409093878022e-02,-4.997747873512619309e-03,4.550028270733109670e-01
1.984363242051761719e-02,-4.957396686659722336e-03,4.684620943460411913e-01
1.948324824203878300e-02,-1.174890309283851790e-02,5.210964985379019643e-01
2.225697051123570747e-02,-4.347771761576890368e-03,5.194036020723803437e-01
4.619879407140966253e-03,1.615169365481785094e-02,3.847699642952435717e-01
1.140638760616321731e-02,1.220809972367646601e-02,3.826665963909513524e-01
8.622296421589055113e-03,1.466754172886212959e-02,3.896877497281575620e-01
5.930753285696080054e-03,1.627783527146310638e-02,3.967985703411260334e-01
1.245785944798482626e-02,1.190809314622204469e-02,3.947169756655912742e-01
-1.043935157131090216e-03,1.742418241271370336e-02,3.997950086129947178e-01
-8.968416011237077129e-03,1.511126302663270103e-02,4.024699029567996855e-01
-6.993906621039734650e-03,1.574015238183780474e-02,3.944950899911549569e-01
3.800243838751727818e-03,1.725620936831098740e-02,4.047028715011536382e-01
-1.810242500018614809e-02,-3.298501833815434964e-02,8.617750584182113371e-01
-1.946550509508932977e-02,-3.184306333450325627e-02,8.548004952537369139e-01
-2.872219262543413906e-02,-2.553225588527787207e-02,8.801903809166083947e-01
-3.140634277232547122e-02,-2.259572059033604016e-02,8.861493101606485734e-01
-3.209794410913987400e-02,-2.075300465978735173e-02,8.754408901091806916e-01
1.625097758767303849e-02,1.230116435727708624e-02,4.668172412606249044e-01
1.213687110629845314e-02,1.632309381332574735e-02,4.658802877879196225e-01
1.388512245776966740e-02,1.457767527126139530e-02,4.611030551786332587e-01
9.272326326096740762e-03,1.881335931434483660e-02,4.803889557304864555e-01
1.039607810812761927e-02,1.793113545792832803e-02,4.747238787065586885e-01
1.389048281833765025e-02,1.553054062738738229e-02,4.772252273318743909e-01
4.748015286173330220e-03,2.010428248800789214e-02,4.731309429743285055e-01
9.952014222957114922e-03,1.794147962506592933e-02,4.699120864003077380e-01
6.770799860935918998e-03,1.910568025601078190e-02,4.642581123089205564e-01
1.052996615573287102e-02,5.816711042995238029e-03,2.755260305448840596e-01
1.088475019862974492e-02,5.816810484575035863e-03,2.826672390110546718e-01
5.979531871154233555e-03,1.031283967361094032e-02,2.730350422286429435e-01
1.003978623620145616e-02,6.077612159228215280e-03,2.687995499467533134e-01
1.162658410003066661e-02,4.819436023400862704e-03,2.882640866363964660e-01
7.901892839416864781e-03,9.630436753801456182e-03,2.853199052142817438e-01
-3.275925566539811956e-02,-1.083977503184828731e-02,7.903191654942065547e-01
-3.113431568534291358e-02,-1.538497571011030601e-02,7.954049730111575345e-01
-2.979771133742179293e-02,-1.731943116399709340e-02,7.893882716901017282e-01
-2.610873861058025241e-02,-2.239673201278663886e-02,7.878628477614582071e-01
-3.260858716064246252e-03,-3.913025337644868151e-02,8.993366835992709918e-01
-2.161106883180345033e-04,-3.904860259138496353e-02,8.943737355926897337e-01
-7.879019958693105063e-03,-3.828521834586139094e-02,8.952521790050953499e-01
-1.609088981281251232e-02,-3.567706815872413034e-02,8.964037380655942577e-01
-2.261661984112431703e-02,-3.205024256466797172e-02,8.984378404920355665e-01
-1.783069648261192616e-02,-3.512557205969198126e-02,9.022280063737569966e-01
-6.405144831450288595e-03,-3.906265743094973486e-02,9.066296074271910088e-01
1.283223441402923980e-03,-3.952569965629346843e-02,9.057643241554853564e-01
-1.363702426766734595e-02,-3.718486557518242003e-02,9.071402502573624460e-01
-2.041596070026248030e-02,-3.404161397253865212e-02,9.091505219945602567e-01
-9.287514932545476790e-03,-3.878849742746988405e-02,9.135144611996472985e-01
5.084924086147531164e-03,5.303199156071692656e-03,1.682770287233915363e-01
4.624314760486066510e-03,5.302211613043531120e-03,1.611385875388958167e-01
-8.587217374519325345e-04,7.470974905693488106e-03,1.722400769137533705e-01
4.853136028138353708e-03,5.911218445011264151e-03,1.751732827709393259e-01
9.673649937470468751e-03,6.077364223085922161e-03,2.616587154139160543e-01
9.692423246379500493e-03,5.474846163283789494e-03,2.549601760734359068e-01
5.443151918300205214e-03,9.942498556357025688e-03,2.596131270660816392e-01
9.031436186915963935e-03,-4.034381512444511902e-02,9.468955899209583471e-01
1.412362868607660617e-02,-3.878519566009137887e-02,9.453925049542757364e-01
9.685484217101225299e-03,-3.984343087149177370e-02,9.391402972929954185e-01
1.872670949524151210e-02,-3.665865090874310256e-02,9.428304792477326668e-01
4.173397744299386578e-03,1.442200797956881759e-04,9.564358048204114893e-02
2.534333738022379046e-02,-3.412210991446458508e-02,9.735051854131027138e-01
1.617558931637092662e-02,-5.363925354609378610e-03,3.903203418763557808e-01
1.334526397207402328e-02,-1.039498763855076398e-02,3.874406277510745178e-01
9.326698715787071561e-03,-1.396276441009293434e-02,3.845828685042557704e-01
1.001209195797887232e-02,-1.388833469549658264e-02,3.921348248104177814e-01
-1.036188254755960290e-02,2.057318776922658493e-02,5.275949210396525535e-01
-1.378134866456481172e-02,1.832698980799571734e-02,5.251929461575050029e-01
-8.709194009569475384e-03,2.108242988737498574e-02,5.224463440436962758e-01
-1.109886877995660236e-02,2.052407313591517179e-02,5.344104092500235881e-01
-5.662111809849620578e-03,2.251346898623353063e-02,5.317008395242076579e-01
-1.715638259278821562e-02,1.597629644855322328e-02,5.369375006417721474e-01
-1.337559890228266941e-02,1.946669109954586238e-02,5.409647887391144661e-01
9.773529850297174235e-03,-3.801693423801436739e-02,8.990447665769862873e-01
1.554747186126513407e-02,-3.582572217670088738e-02,8.944811187988163104e-01
1.043640306325703190e-02,-3.760715519893360892e-02,8.938975065725398572e-01
4.184424203900703569e-03,-3.870447507816904970e-02,8.916438566657687304e-01
4.949670960435958826e-03,-6.182706321359985767e-04,1.142470984701584036e-01
4.158556816256107729e-03,-2.472866858993061790e-03,1.108141489520700351e-01
4.442842662355699600e-03,-1.918731660965034133e-03,1.108418785599449008e-01
-4.762650691626315897e-04,-3.874705873537922368e-02,8.875205866825324197e-01
-2.187643157588786171e-03,-3.842295384615437154e-02,8.814555651666365899e-01
-6.565722035870801519e-03,-3.804333379775599877e-02,8.842170525278381099e-01
-1.093254777227548264e-03,-3.818154740836210426e-02,8.748596176668499425e-01
2.314194471699888169e-05,-3.791759591547999575e-02,8.684558887551305784e-01
-7.151825368510251503e-03,-3.738353250783241905e-02,8.717514698148468577e-01
5.161808181684567065e-03,-2.412133647862644507e-04,1.183538595946105887e-01
5.094198283074774861e-03,-8.571534204485789857e-04,1.183164460794050160e-01
-5.656245031560052164e-03,-4.058633501228940677e-02,9.385636990567447491e-01
-1.429312053190745502e-03,-4.116216795973965531e-02,9.433368453079458149e-01
2.233059891658347221e-04,-4.086033116308544072e-02,9.358694208565081496e-01
-9.804756013581578111e-03,-3.960525242363361481e-02,9.344930743133491591e-01
-1.140287650509904174e-02,-3.951527536137069974e-02,9.419777705208026708e-01
-3.041326943933041552e-03,-4.134114856695333268e-02,9.494267614149864976e-01
2.851170368081309015e-03,-4.123750544474834301e-02,9.467489810411453544e-01
2.494633792040567427e-02,-3.069540540935117301e-02,9.059380824706039226e-01
1.898922616869809163e-02,-3.472138865128649582e-02,9.064121565014925386e-01
2.073399822743726348e-02,-3.398519533796567904e-02,9.118150398468486406e-01
1.588757669455198931e-02,-3.686142831838605527e-02,9.193458486258723195e-01
2.188853351566654934e-02,-3.388884847218017610e-02,9.240078344813098532e-01
2.041569800188958173e-02,-3.443984955476409038e-02,9.169816409225332032e-01
2.623479925251663916e-02,-3.021620461768589200e-02,9.165180716096472668e-01
1.460811481581245942e-02,-3.675957274850920331e-02,9.059773174672609564e-01
1.927530764641899666e-02,-3.424554494085221140e-02,9.000611133209387438e-01
-2.265537911386812306e-02,1.194143463260757300e-02,5.865618422158311862e-01
-2.125900143198998157e-02,1.481974723646950487e-02,5.935434944941072599e-01
-2.452689433820407286e-02,8.118397598199893553e-03,5.917319481139236004e-01
-1.707391250078293954e-02,1.952329513981130790e-02,5.940327013832757963e-01
-2.024597180451675679e-02,1.656449820451059290e-02,5.991346534556224457e-01
-1.633418324813075764e-02,2.078060917064310231e-02,6.053874073598922712e-01
-2.076849108755156673e-02,1.631397706688371071e-02,6.048832315827650241e-01
-1.512688525389801510e-02,-2.869236932951230168e-02,7.428996967041429089e-01
-2.140341491374724361e-02,-2.434222420204067497e-02,7.423965277831723331e-01
-1.779429803074583996e-02,-2.739766876407057419e-02,7.482451271014812777e-01
-1.279744220587492737e-02,-2.953979994622337943e-02,7.373356093370900810e-01
-8.501765899457199363e-03,-3.131740952219617957e-02,7.432475413896610927e-01
-9.103526034020250832e-03,-3.070179553884595097e-02,7.334479659706417687e-01
-1.566244862898669502e-02,-2.791435258895435048e-02,7.331077754342012476e-01
-2.858576276621311793e-02,1.433881770120126048e-02,7.324721358613855982e-01
-3.016244128376747644e-02,9.881710952408882809e-03,7.269631644608944843e-01
-2.800447214995189366e-02,1.489632537659068071e-02,7.265047607800633189e-01
-2.205822058885572104e-02,2.307149666486918785e-02,7.310783853287750045e-01
-2.432778141784028639e-02,2.029556759896711943e-02,7.256377828654663187e-01
-2.043261427166952193e-02,2.415814295233797981e-02,7.246816557715390905e-01
-2.684718867268847536e-02,1.636054441921609010e-02,7.200817688301502928e-01
1.477136451302159476e-03,2.299406511525907762e-02,5.277362393279637631e-01
5.485517519659498893e-04,2.271232488281369963e-02,5.203494647395363604e-01
6.820687022744956717e-03,2.180403597940475113e-02,5.232584454679137798e-01
2.885403632914386451e-02,-1.728235814432279790e-02,7.703416275176716566e-01
2.936888026220919531e-02,-1.692034641696112812e-02,7.763090191340203949e-01
3.171154859745323878e-02,-1.155610558329731030e-02,7.730371684838690527e-01
2.963374140111071572e-02,-1.520267190568996840e-02,7.628294548437302147e-01
2.664896271659033741e-02,-2.021736470009693337e-02,7.661331997940258320e-01
2.707626152255645721e-02,-2.064786550084262221e-02,7.798919795501457752e-01
3.056601973563384186e-02,-1.526799137448980360e-02,7.825560525122602362e-01
-1.660014335299458965e-02,-3.008551768755188607e-02,7.870045576339960158e-01
-1.274011455696126560e-02,-3.209344951940567431e-02,7.908600998247422575e-01
-1.089201274822311494e-02,-3.250204491302306764e-02,7.851078308242674941e-01
-1.522563738670898621e-02,-3.128827691106259717e-02,7.969642606721345501e-01
-9.399742212036458697e-03,-3.341715123338243748e-02,7.950811042062093659e-01
-2.386342212866008738e-03,-3.119244923015183218e-02,7.165121993406511347e-01
4.592878553905469126e-03,-3.108592187952715843e-02,7.197138237007558725e-01
4.233646930131156755e-03,-3.084074873608123532e-02,7.129937245008837188e-01
2.207794097777378110e-03,-3.168664372082882763e-02,7.275029684398192087e-01
8.729548702561129234e-03,-3.038243909696659167e-02,7.240262586548233958e-01
8.233244085275724655e-03,-2.986871134349334406e-02,7.096199521079964434e-01
1.334055154174212249e-03,-3.081242229205869917e-02,7.063816389058186207e-01
-3.558340222374875572e-02,-1.753623126454653333e-02,9.085892098343439915e-01
-3.395996162539365731e-02,-2.109605073367444919e-02,9.156701897334367235e-01
-3.136449145592934418e-02,-2.446250546318976329e-02,9.110245897407647231e-01
-3.725744528114253995e-02,-1.491390986315551184e-02,9.191637923224881268e-01
-3.358773354524821619e-02,-2.215524281440674204e-02,9.215715453485321396e-01
3.893738139180865504e-03,-2.717867992434367438e-03,1.087579298841184483e-01
4.448658346113351821e-03,-1.579009688838559251e-03,1.081189536000362328e-01
-3.458798009168401882e-02,-2.108572845074894314e-02,9.277965474901183063e-01
-3.030026379191189806e-02,-2.665848007415656459e-02,9.243536834031182980e-01
-1.539041139190078927e-02,-4.064026116238990405e-02,9.953249183872735495e-01
-2.158617478271298434e-02,-3.771602181689170247e-02,9.953158671882570419e-01
5.508798853213900219e-03,-9.065317184780073657e-04,1.278692114572678729e-01
5.677947661536782847e-03,-6.677611414449285835e-04,1.309426416388483616e-01
5.473992370681497223e-03,-2.412135076198872283e-04,1.254967027664779244e-01
-1.103693089589394489e-03,-3.767470502250980929e-02,8.632628059260447628e-01
4.983153705372929919e-03,-3.749877663366654040e-02,8.664134777409167043e-01
-1.631225624570196639e-02,-8.762401547152439199e-03,4.241029012775007767e-01
-1.813794797079847088e-02,-4.271126841241945117e-03,4.267898274125138114e-01
-1.839072035416094986e-02,3.333794638685938071e-03,4.280815994041454742e-01
-1.865009815408748620e-02,-2.864881121568385678e-03,4.321678407900448327e-01
-1.905403069798356983e-02,1.642602351857805430e-03,4.380276918318646295e-01
-1.812947662791584633e-02,-5.913633292162229042e-03,4.367652495642189714e-01
3.303002612182517200e-02,-6.080218106719126672e-03,7.692227793701521543e-01
3.337031538631687888e-02,-5.653867095187432509e-03,7.751982928702949582e-01
3.271288270587731362e-02,-6.080214554974838238e-03,7.620801489201147749e-01
2.389447755370711912e-02,-2.033987368291600636e-02,7.187026889057362977e-01
2.794818808056432485e-02,-1.457959199872824879e-02,7.219831188632456209e-01
2.630956725065223059e-02,-1.690474159850785529e-02,7.162559431933005483e-01
2.589452055809928627e-02,-1.640302821651568044e-02,7.020613248241397431e-01
2.200470987358827887e-02,-2.155813851071397211e-02,7.055551697851030202e-01
2.574773336493292597e-02,-1.722394073637409720e-02,7.095030245018278947e-01
2.909624661057692158e-02,-1.104579910495199178e-02,7.128192193568925195e-01
1.352830968401148512e-02,-1.388237256899368423e-02,4.439642134827693210e-01
1.254835741522112441e-02,-1.433827197200369767e-02,4.364037815438394086e-01
8.781116260939289542e-03,-1.717010821267228940e-02,4.417046968374617189e-01
1.407144529329134967e-02,-1.377789651144338892e-02,4.510565062820672821e-01
1.679342956515078242e-02,-9.842114488174317707e-03,4.458219547544615691e-01
1.802470469298232680e-02,-3.229598569549014392e-02,8.471051960268378700e-01
1.388738342604829180e-02,-3.453489493156765289e-02,8.525366068800878105e-01
1.853470513841680434e-02,-3.237065260632193686e-02,8.543425210778177181e-01
2.051397537752503580e-02,-3.145182411130042349e-02,8.600479627338657451e-01
2.417505423998373565e-02,-2.842507438980394763e-02,8.546567356337467780e-01
1.790862780861022033e-02,-3.330728640209117131e-02,8.661422500997978391e-01
2.393963785733759300e-02,1.554618409649808665e-02,6.537771858128005320e-01
2.662591100227596624e-02,1.101483683787117529e-02,6.599567199275029328e-01
2.363801742470426209e-02,1.654827843766605230e-02,6.608843297978012066e-01
2.590999309664590231e-02,1.115603175210273801e-02,6.461073858257566638e-01
2.283046164537996109e-02,1.663889077393895452e-02,6.470395511582593961e-01
2.329055146426441125e-02,1.759109086517947687e-02,6.684982067431765040e-01
1.950572070864816168e-02,2.135167865525463421e-02,6.623772646639667361e-01
-2.638262655769247830e-02,-2.558200367160695307e-02,8.416882660257655191e-01
-2.542510535918125411e-02,-2.608730081452138860e-02,8.343333610470500261e-01
1.799816507134512425e-02,-3.893239986763490090e-02,9.823728372122542130e-01
3.516768087265207537e-02,-6.221319297594323644e-03,8.179789248335460616e-01
3.478399214338610129e-02,-6.585999537450947829e-03,8.108390740895130566e-01
3.325921155765185905e-02,-1.259867290508116626e-02,8.145828825643367521e-01
3.446654753013173034e-02,-6.585999100264072585e-03,8.036964563187138921e-01
3.428073427903102766e-02,-5.968263087807954177e-03,7.969684078461911625e-01
3.270552967599619359e-02,-1.235093965822630160e-02,8.007142618212695906e-01
2.552209552445488389e-02,-3.143254039202173639e-02,9.273570217506734714e-01
2.984239697210749193e-02,-2.764936522017440515e-02,9.317796967530209695e-01
3.020953903194960322e-02,-2.687665024318391591e-02,9.261084784518445190e-01
3.037945449719213487e-02,-2.626693511372540923e-02,9.198259279424122470e-01
3.058459392008691657e-02,-2.567887423901785843e-02,9.146669650387985184e-01
3.395165177957976121e-02,-2.181398808060456065e-02,9.242924435789486859e-01
4.341892638788265855e-04,1.147808476841501862e-02,2.630793852084661322e-01
6.310986777597382734e-04,1.117536622200326554e-02,2.563657834614787023e-01
-4.235223902320087337e-03,1.014032966870827279e-02,2.516949885154987632e-01
9.057206313118385758e-04,1.079578971151437874e-02,2.481328944413817295e-01
-2.362827683813671989e-02,1.984530310584459861e-02,7.067329845249860076e-01
-2.076332690378423357e-02,2.319469831544698421e-02,7.130063148945210427e-01
-2.544178101167351644e-02,1.793708683117511971e-02,7.129745051159172009e-01
-2.865773038709717654e-02,1.225480103814323429e-02,7.138650920230789065e-01
-2.915796793583735544e-02,1.040419896122796693e-02,7.090683445480667757e-01
-3.006682859227127400e-02,8.590437604995023943e-03,7.161996133406232090e-01
-2.405898594036554386e-02,-1.724954025440483124e-02,6.780371286258006780e-01
-2.590037936542374103e-02,-1.395917899909035823e-02,6.738879192003752738e-01
-2.698790180618022144e-02,-1.261974866545009615e-02,6.823649877904334193e-01
-2.586407748590562744e-02,-1.353991380442017521e-02,6.686486613009750002e-01
-2.810660521841224641e-02,-8.570460626497480860e-03,6.730099354771840181e-01
-3.392160198240040669e-02,-1.675689461108790038e-02,8.665583315115996665e-01
-3.643830206532550076e-02,-1.042672579151758885e-02,8.680697765576215197e-01
-3.444490130408245365e-02,-1.617209209343852677e-02,8.715440434962825611e-01
-3.533212169899100502e-02,-1.474925070682995935e-02,8.769179225656520416e-01
-3.722348171737974165e-02,-9.130281338906864885e-03,8.778298432329990630e-01
-3.581383283389315275e-02,-1.411524111160098599e-02,8.816821293253144232e-01
8.409137527304877402e-03,4.845588021522928036e-03,2.222884693407509715e-01
7.952029229593262152e-03,6.075470456613933645e-03,2.292049180264012775e-01
3.592743047183853851e-03,9.052493369159170244e-03,2.230683773575109219e-01
9.191395313692334035e-03,4.463400676674980985e-03,2.340263831820114104e-01
4.770963165485570152e-03,9.072850286404655559e-03,2.347816977970529628e-01
8.046892952310369385e-03,4.846251398814029748e-03,2.151474927815988925e-01
1.948617789126573865e-02,-3.847984711943894937e-02,9.878959259349597843e-01
3.106948627891975567e-02,-2.905717539690540197e-02,9.743210230233633196e-01
-2.656761888832791241e-02,-3.067812048549362763e-02,9.295050864540180813e-01
-2.851584957499302478e-02,-2.921751701321088218e-02,9.350844761515845205e-01
-2.309269120157035615e-02,-3.361356458781485090e-02,9.340536688589122782e-01
1.221174282469884159e-02,-1.422697785395329179e-02,4.294279290921184100e-01
1.223975348845925820e-02,-1.374981767322844273e-02,4.216215912156586199e-01
7.689458420734399287e-03,-1.695234541412265344e-02,4.263484039131913983e-01
1.602778858649944044e-02,-9.922281206197062706e-03,4.317476275170948341e-01
-2.607909306846883588e-02,-3.083348014526824266e-03,6.014696859587732591e-01
-2.502360789092771681e-02,-8.754730046268371577e-03,6.071987604272410799e-01
-2.411816566360028627e-02,-1.048646840647476583e-02,6.023524587791373452e-01
-2.022037287354368912e-02,-1.673734816701790903e-02,6.011975833137475078e-01
-2.313146733969629470e-02,-1.186037213905176066e-02,5.953803824993583182e-01
-2.157663892525115562e-02,-1.411827889408506960e-02,5.905784450935858132e-01
-2.473421235294280193e-02,-7.468705206323861603e-03,5.917700197244785132e-01
-2.522366801200141492e-02,-3.144576439928916528e-02,9.233000576399529313e-01
-2.049878158822246443e-02,-3.549292413083186826e-02,9.387604219077526624e-01
-1.819646628969252139e-02,-3.645574692454833093e-02,9.332077001067732303e-01
-1.122464270410287665e-02,-3.687776262790450760e-02,8.828984173145393299e-01
-9.576706875796739751e-03,-3.761213671977377965e-02,8.889453151158052124e-01
1.085518493668329899e-02,1.983980600595193489e-02,5.179761104671123384e-01
1.035794751706712973e-02,1.978472443600780631e-02,5.114890325411494132e-01
1.474906495932823240e-02,1.689421825438844685e-02,5.136521280417321034e-01
5.335745629549461418e-03,2.156498174805079882e-02,5.088135408652068037e-01
9.805010445840499356e-03,1.972114729972051020e-02,5.044352907106245398e-01
-6.108050968203934845e-03,-4.208944856953907021e-02,9.741049756375095292e-01
-4.458083382455639045e-03,-4.203258999104300675e-02,9.681043018660565602e-01
-9.170280259848192714e-03,-4.123457734530745072e-02,9.675002800425088756e-01
-2.280349953644878955e-02,-3.631685526515471274e-02,9.821719976229862370e-01
-2.355261089794021337e-02,-3.548456163162341109e-02,9.754637098746877788e-01
-2.737694364510094916e-02,-3.281939376720306722e-02,9.788806943327635901e-01
-3.471889329465341345e-02,-5.580319160343974894e-04,7.952960993601688733e-01
-3.408992417365747790e-02,-5.212550192823570301e-03,7.898623847290763278e-01
-3.430831380581693402e-02,3.025373009965994214e-03,7.888388294292536518e-01
-4.335977351970699695e-02,3.498371320392656102e-03,9.963292182558493026e-01
-4.227277103841888678e-02,1.026274577313841113e-02,9.963298923253951500e-01
-3.341667766877109980e-02,-7.380911579804578029e-03,7.838149796567234207e-01
-3.473994983650538493e-02,-4.123040571718751893e-03,8.012598745113401755e-01
-3.469592363531558143e-02,4.119054880763043693e-03,8.002477780612617941e-01
-9.016973567147123711e-03,2.059123748482621225e-02,5.148534566345944752e-01
-1.334026512387658653e-02,1.809417815828381210e-02,5.148825368219327459e-01
-1.019112865197933579e-02,1.978309182425744620e-02,5.096948970776982168e-01
2.761834692341710168e-02,3.080454300123932135e-02,9.475885867165658727e-01
2.627910324316245008e-02,3.234401874815401312e-02,9.544927730546460820e-01
2.310698075754829758e-02,3.445335423848609746e-02,9.501519348430287337e-01
2.988899256642302271e-02,2.828013289907097688e-02,9.424329815632256357e-01
3.249211567236604675e-02,2.555670221307700801e-02,9.468103667921176081e-01
2.087403068459619258e-04,2.238614181972862355e-02,5.127492332992629187e-01
-4.028604869099963737e-04,2.207594949458547076e-02,5.057065557036763970e-01
-5.194093764736292841e-03,2.198030031037314508e-02,5.172967496906012430e-01
-1.999618083521112477e-02,2.054966765227079703e-02,6.567177363360019449e-01
-2.398166974777729901e-02,1.583581527401030711e-02,6.582167369111059374e-01
-2.283383848369941946e-02,1.703113863872181971e-02,6.524333154814749847e-01
-2.540091653291403490e-02,1.245343903623837706e-02,6.479356278798781288e-01
-2.204341455961930304e-02,1.762385761242205029e-02,6.464027309031267210e-01
-1.696987668195959822e-02,2.251976974453656286e-02,6.458361328431361237e-01
-2.067441572604686653e-02,1.888099094771994446e-02,6.412740583852163390e-01
-3.729110698964451529e-04,-2.419535954708293413e-02,5.542306581371846397e-01
-4.489850450393431842e-03,-2.402976914351779084e-02,5.598968545578095757e-01
2.907499285751660202e-03,-2.429403053151193287e-02,5.603955036904277875e-01
-4.291029179033212758e-03,-2.358153098357325048e-02,5.489748972748422773e-01
3.108006487246641001e-03,-2.378846814509633784e-02,5.494760480506623024e-01
-9.497316929954086398e-03,-2.188953062358563531e-02,5.465083137767194899e-01
-6.204082215579015229e-03,-2.282267388586791540e-02,5.416946727872767875e-01
-3.226999650544053449e-03,-3.247810312314908243e-02,7.475336842556713490e-01
-6.100104356130365071e-03,-3.234990544513149935e-02,7.539923985927996508e-01
1.808965200432683740e-03,-3.281740506222979858e-02,7.527831985246434821e-01
-4.958532590630736030e-03,2.480766326292007523e-02,5.794277891879618947e-01
-2.773787026588640792e-03,2.535843398933707374e-02,5.842678624387290798e-01
-7.878380833959213250e-03,2.435983788842772946e-02,5.863858656332132657e-01
-9.635930779425832052e-03,2.326281215071965280e-02,5.767064429321938634e-01
-4.631639424454074214e-03,2.465502693697375902e-02,5.745707288072434693e-01
-4.009690972289036565e-02,-7.991126245439040057e-03,9.364308301281656366e-01
-4.076156134173865297e-02,-2.313075563035928151e-03,9.350951979731512154e-01
-4.091998026270798894e-02,-3.813657056721480622e-03,9.412831182497329863e-01
-4.051379066990486860e-02,-1.062760647211445078e-03,9.282375683970868208e-01
-4.061839671469111984e-02,3.157730550075890305e-03,9.331212814230640529e-01
-6.558706669794667947e-04,-3.239029369183617918e-02,7.420117663928550433e-01
-1.089411031867138988e-02,-3.113185898884365463e-02,7.554335084326969652e-01
-6.026801246590135497e-03,-3.265841558869327782e-02,7.606307234753908464e-01
2.661856776343960590e-02,-6.057208441589759240e-03,6.252509540501869356e-01
2.389520155701741616e-02,-1.353805738579617890e-02,6.290241630594911593e-01
2.644034842514355124e-02,-7.935027132991708670e-03,6.322670167789313789e-01
2.477819057058869637e-02,-1.046966942788543110e-02,6.160954161756603265e-01
2.629865139261459636e-02,-6.057206677215026119e-03,6.181084396376047563e-01
2.632788906906451121e-02,-4.621335704989385298e-03,6.122269013159776785e-01
-1.420399429831751929e-02,-3.027911184258507901e-02,7.660198775781105196e-01
-1.114991661971423582e-02,-3.181354844439732155e-02,7.721057776785317239e-01
-7.653552529711801430e-03,-3.265419927167020203e-02,7.681724915151991739e-01
-2.509488488268658488e-02,-2.263016568370824350e-02,7.739567192322555078e-01
-2.133805534293912662e-02,-2.629399920278784747e-02,7.755848799085978129e-01
-2.163254294846577580e-02,-2.563896811577977275e-02,7.683261292998592173e-01
-1.615160866009398427e-02,-2.976395640840944976e-02,7.756121248027613158e-01
-9.749367873418780112e-03,-3.252749354351040095e-02,7.777465935352825266e-01
-2.019175792321866239e-02,-2.748907912019995028e-02,7.812019357938780884e-01
-3.165335345910149506e-03,-3.528257732349104892e-02,8.113494028468642982e-01
-5.057602318072325874e-03,-3.530804790149446454e-02,8.169415794647906237e-01
1.429036451603108489e-03,-3.553369939750957579e-02,8.145134014380951415e-01
-1.077608263475025689e-02,-3.356864749691912397e-02,8.074927271229741521e-01
-6.463128776767108376e-03,-3.466100934746137174e-02,8.075510470454333456e-01
-7.713436228764679672e-03,-3.412122678998510267e-02,8.012244015557377086e-01
4.503966223599445608e-06,-3.515191647615240056e-02,8.051112601565623139e-01
1.386942038726220357e-02,6.273810633045250225e-03,3.486503258061031674e-01
8.917713696360726749e-03,1.236375717687638286e-02,3.491514424046668896e-01
1.292103716079375658e-02,7.589521231416979444e-03,3.432158375287676089e-01
1.417265942224358970e-02,4.383186557839270289e-03,3.397768790555117380e-01
9.965502231547357023e-03,1.101649301586824468e-02,3.402380028777874932e-01
1.421087748858144290e-02,6.273975796519813859e-03,3.557920003692566779e-01
2.701006476170850299e-03,1.782643510249349444e-02,4.129525582784409621e-01
2.367893664112592431e-03,1.815350556029518558e-02,4.193057637566761087e-01
-3.572048919005898267e-03,1.772344615449147898e-02,4.140960761492282205e-01
6.550413885442075285e-04,2.332908898645153981e-02,5.345345713453973913e-01
6.422612176055594001e-03,2.253346997765514476e-02,5.366559093900035160e-01
-6.906145073827182901e-04,2.359096245407369535e-02,5.405533510511516537e-01
-3.718710071989008575e-03,2.347091865286533505e-02,5.442779190719670979e-01
2.111828808646074637e-03,2.376057821510245416e-02,5.463519836928396600e-01
-1.865955781180888770e-02,-3.563345365296489292e-02,9.212673827813214755e-01
-2.316889984534824254e-02,-3.260198507561374442e-02,9.160611070471378348e-01
9.321982564903264282e-03,1.528318266015396901e-02,4.100190061930377716e-01
-3.111879501596676381e-02,1.368444179910939355e-03,7.134263936822050622e-01
-3.117807579744776361e-02,3.346943835944173051e-03,7.181981219947474182e-01
-3.118526939607638854e-02,5.301587534866941502e-03,7.245079981906924482e-01
-3.154951846459923964e-02,4.672756271355301208e-03,7.304853485782021316e-01
-3.144929885248207851e-02,-2.004759851335210716e-03,7.217693768222391837e-01
-2.950915085439064379e-03,-4.014991434995860559e-02,9.220646173904044618e-01
1.126817270154992353e-03,-4.050435952665382144e-02,9.280612746599051777e-01
2.194102883486547233e-03,-4.006624627113106185e-02,9.190428612426960742e-01
-2.306812157620896642e-02,1.549224493085359783e-02,6.364395101918226549e-01
-2.572249480792851775e-02,1.025388135128088053e-02,6.342270721081075813e-01
-2.430960945424958525e-02,1.275375897534539692e-02,6.287554966596817785e-01
-2.718149004221669107e-02,4.673580939676695058e-03,6.316938923962245322e-01
-2.681303530515656217e-02,7.762426753853543179e-03,6.393368337255179723e-01
-2.758325867363971631e-02,-1.354793103341157216e-03,6.325220698206034387e-01
-2.736173043828754939e-02,1.281704083534952439e-03,6.273738394571247712e-01
-6.717951602253777882e-03,-3.954259646132653877e-02,9.186516800132485949e-01
-7.769214422125849881e-03,-3.975127496727458992e-02,9.276801351225595349e-01
1.937452901681810738e-02,5.220587555440424181e-03,4.595770022228828910e-01
1.969731971460642050e-02,5.220574136760066340e-03,4.667193986158791885e-01
-1.394113713282530906e-02,-3.763225520964572773e-02,9.191637924470442700e-01
1.907689919884658289e-02,7.729687126839947242e-03,4.714372512654795289e-01
-4.809917593994796417e-03,-6.380732167285415625e-03,1.830139144717010669e-01
-4.742794989830156904e-03,-6.055720976355911597e-03,1.761742711116074389e-01
-7.734894203204431551e-03,-1.304821878374181829e-03,1.796612429917018305e-01
2.038162610250691953e-02,-7.151840999783022450e-03,4.947210772607140705e-01
1.738569480538960932e-02,-1.298550836604868766e-02,4.970095019139803560e-01
2.005084181255766332e-02,-7.151884227035717329e-03,4.875789982717286808e-01
-2.671778021160129898e-02,-2.947755484251886327e-02,9.112032251969868213e-01
-2.919711599908608041e-02,-2.656368288607901390e-02,9.040754350819713014e-01
-2.689652350393013924e-02,-2.852037063619233467e-02,8.978844341112057759e-01
-3.143692266403267516e-02,-2.340864016388142718e-02,8.977120726977161347e-01
-5.114777496360863908e-03,-6.565145821102169425e-03,1.906139498919713626e-01
3.332552094125209815e-04,-8.170943720738562538e-03,1.873009679972124086e-01
-2.675530332916289250e-02,2.194460093248555219e-03,6.148549503924709558e-01
-2.584418816724489212e-02,7.993009664485612939e-03,6.195924799952697848e-01
-2.711314550655174668e-02,1.417630294800520819e-03,6.218413829966563666e-01
-2.633377756712557138e-02,3.820399100211218160e-03,6.094568025457763882e-01
-2.655634959016021923e-02,-2.857586674256365651e-03,6.117516052278438865e-01
-4.338469988101820163e-03,-6.029882570523387511e-03,1.701393789088046227e-01
-1.250096058719233141e-02,-3.697415006465217674e-02,8.939400983085534769e-01
1.674665518761966638e-03,6.782662121108189407e-06,3.835646100556779764e-02
-1.557667471282220099e-02,2.204657209265711154e-02,6.182676835951174121e-01
-1.828032502875015161e-02,2.013752577906428864e-02,6.229193618106136920e-01
-1.948797297808251006e-02,1.852245504290828473e-02,6.157929557870490678e-01
-1.120862879667501588e-02,2.438734710896434121e-02,6.147329962195866582e-01
-9.601016187430784846e-03,2.539823870354116983e-02,6.218910291978024807e-01
-1.130739479486807947e-02,2.402465624711245043e-02,6.081548348017791206e-01
-4.862310493562912658e-03,2.626686215237237360e-02,6.118307505473962182e-01
-1.061980559331033268e-02,2.406287962625353050e-02,6.024179949365360276e-01
-2.236420311122034113e-02,1.192666825089028909e-02,5.805112872416747782e-01
-1.800190009541259226e-02,1.795757118178167508e-02,5.823787489347190816e-01
-2.091655374752734650e-02,1.376372017553194500e-02,5.734831287675583589e-01
-2.424369973989744242e-02,6.965100529388541795e-03,5.777334018842598118e-01
-1.982917858519993998e-02,1.486758423604568266e-02,5.676444895022695336e-01
-1.633558032636823684e-02,1.880420962153268177e-02,5.705058516626458909e-01
-2.051376583090415776e-02,1.146066469259884694e-02,5.381953242018049366e-01
-1.901669826025044821e-02,1.330644800489480008e-02,5.315925849665923408e-01
-2.103652060834797569e-02,9.230191666834438799e-03,5.261547008500019329e-01
-1.811628055501789125e-02,1.403446084828557233e-02,5.248740133628815308e-01
-1.353012934285659739e-02,1.427444821519670108e-02,4.504677951155197091e-01
-1.245797044404885721e-02,1.492381966013806016e-02,4.452538094014561465e-01
-8.046567871986267176e-03,1.782964063264894788e-02,4.480267744568984800e-01
-1.052248027377218099e-03,1.941005812213102838e-02,4.452162015992452426e-01
-2.449490416563403477e-03,1.951149319204401392e-02,4.503944809319549436e-01
6.098642836700677965e-04,1.982090830973008352e-02,4.541882777959886375e-01
-6.506432681910371413e-03,1.886108597029389697e-02,4.569712960795563328e-01
3.052461871484270922e-02,1.558245184384833386e-02,7.849562386613864184e-01
3.294634611819458048e-02,9.745391468942276453e-03,7.869149819485958819e-01
3.110914268730934074e-02,1.505933790948793365e-02,7.916100749787301494e-01
8.693659166233713709e-03,1.679293681728098730e-02,4.331067767851414785e-01
1.000447728817201523e-02,1.644976868608760343e-02,4.409700326123962566e-01
3.278246468346559302e-03,1.892157762841972790e-02,4.398316194362094089e-01
1.520872561328791284e-02,1.190749293714191484e-02,4.424007561163949553e-01
1.107628551602215031e-02,1.617566079353256747e-02,4.490166863388583840e-01
-1.606803544261104638e-02,-3.484580705560192532e-02,8.788637835613712923e-01
-1.487722371310754022e-02,-3.505795434330216676e-02,8.722672754155496033e-01
-1.419862205184224463e-03,1.381634932897615221e-02,3.181130352667513317e-01
3.422318978141340642e-03,1.369494818226689795e-02,3.233115152359264943e-01
-3.081712513746852258e-03,1.389080173135724683e-02,3.258871235119214504e-01
-6.440062656550696492e-03,1.209687563187964235e-02,3.138808835929277063e-01
-1.333663344951041378e-04,1.358799012945314730e-02,3.112311302687394976e-01
-2.832982772711676927e-04,2.148596511674656651e-02,4.921522827144250156e-01
4.923410908641793343e-03,2.107858157528582493e-02,4.957734595603130456e-01
-4.704839219810846331e-04,2.174443911759527462e-02,4.981461003352254946e-01
-5.589377716175818710e-03,2.119951072943365364e-02,5.021414363125910052e-01
-1.383928459281744128e-02,-3.517942011616805725e-02,8.658463740364006345e-01
-1.064692909957966165e-02,-3.606304718665406112e-02,8.612243671948880408e-01
6.340914249451058346e-03,-3.933936870416396975e-02,9.126491377335557154e-01
9.445112655213640587e-03,-3.838570659853561551e-02,9.054008365430818994e-01
-3.158509059662838875e-02,-1.692197487966048963e-02,8.207001779312801393e-01
-3.178142858285344652e-02,-1.590429672542846909e-02,8.139721986004510024e-01
-3.380214468572177722e-02,-1.145223589470221841e-02,8.174233893062441414e-01
-1.097348346027570906e-02,2.356631636538129848e-02,5.954047871316158203e-01
-1.254548080719637866e-02,2.248736886465546245e-02,5.897756751111050688e-01
-1.405549367581337798e-02,2.100829004819467979e-02,5.789287066602711862e-01
-1.441497424734932385e-02,2.108386343974757299e-02,5.849752560270856661e-01
3.461757818515608792e-02,-2.187354399273237424e-02,9.378885453794951754e-01
3.195172997103447321e-02,-2.550634986854894565e-02,9.363934823357705772e-01
3.278794162575059817e-02,-2.495295127396045601e-02,9.437070994078752273e-01
-2.679371320550621299e-02,-4.611799926234528939e-03,6.227010160295648467e-01
-5.847570286956745543e-03,-3.438389658260484344e-03,1.553689250529848576e-01
1.403324160401550960e-02,-4.103588943498556046e-02,9.933149740941816797e-01
1.898104966486701198e-02,-3.905608163199428273e-02,9.945768027528584243e-01
-2.493167900916661364e-02,1.478897487435288597e-03,5.720330678675160652e-01
-2.527564107865628087e-02,-6.709825095382183479e-04,5.791113059005648100e-01
-2.544053191635309644e-02,-2.643332553802895876e-03,5.858207789719787062e-01
-2.400932856116455225e-02,-8.080539082231033912e-03,5.802129921445519090e-01
-2.587927708167258103e-02,3.320262800330623428e-03,5.975912967434792167e-01
-2.578953094301265209e-02,-2.534553943472136073e-05,5.906776555798476380e-01
-2.142971156731910895e-02,-1.911564549333491601e-03,4.927699338741974300e-01
-2.124359759004003020e-02,1.737131350507765222e-03,4.881823933334094034e-01
-2.137743869308130970e-02,3.440152382278566581e-03,4.959231368261163841e-01
-2.153280253521936208e-02,4.384841377094784651e-03,5.033038869053472197e-01
-2.029931339978460064e-02,7.883610742399833546e-03,4.987625308087598741e-01
-2.320574967597465940e-02,3.632252669810279166e-03,5.379704386104195990e-01
-2.267780463442170893e-02,6.949863461773770831e-03,5.432507766233419799e-01
-1.970704640409052730e-02,1.374631796254990879e-02,5.503241250599996137e-01
-2.244540491522452677e-02,9.076805793453584376e-03,5.545287835397028076e-01
-2.183453005857410173e-02,9.753725324063223720e-03,5.477218295545717153e-01
-2.384346761177706317e-02,1.722306234022832417e-03,5.475280541754815600e-01
-5.587056380479127338e-03,-3.366679771194190651e-02,7.816422893987541309e-01
2.304050935384329563e-02,2.686019787924707677e-02,8.105264669099585539e-01
2.708845351267444995e-02,2.257627011752159907e-02,8.076532492748029757e-01
2.614111179521582881e-02,2.415237460286938712e-02,8.151600826769417329e-01
2.835796448698311642e-02,2.055373675674864245e-02,8.021650273895291061e-01
3.072034876015503416e-02,1.724037575264870600e-02,8.068403293530626019e-01
1.744345753283970540e-02,4.322700319347379770e-03,4.116055510566462017e-01
1.712200704147206695e-02,4.322689393738556735e-03,4.044631000808568966e-01
1.628158053080673920e-02,7.950837400813233827e-03,4.149980802045899475e-01
1.782638000187306004e-02,3.836129991057056054e-03,4.176379134235511659e-01
3.861626182456094625e-02,-1.688702239481053649e-02,9.653297869835266720e-01
3.872644201709497108e-02,-1.602176328596558244e-02,9.598930187188833285e-01
3.601884587252139613e-02,-2.155920082494628548e-02,9.614553380114050363e-01
4.058713514588419696e-02,-1.214939111030700035e-02,9.703531727906431481e-01
3.845471665411834966e-02,-1.793992308906768376e-02,9.718880557015562305e-01
3.851799356886566328e-02,-1.580953306128647998e-02,9.536268670932391833e-01
4.038089965232138229e-02,-1.082600688677424691e-02,9.575361465273233286e-01
-1.685515261259934103e-02,3.651697268473809779e-03,3.950026877278113302e-01
-1.690551288466368360e-02,4.474171417243134885e-03,4.005308570414548019e-01
-1.704831131883092349e-02,-3.448050950344137399e-03,3.983767329293241843e-01
-1.365053878821466393e-02,1.126665358476520301e-02,4.053867459594978073e-01
-1.618267328898834873e-02,7.845550614706996856e-03,4.119059828932108980e-01
-1.602654721362462356e-02,7.349091571032993764e-03,4.038209679619696457e-01
2.823492079399401652e-02,6.195317764977770029e-03,6.620704609960104126e-01
2.855410642107299862e-02,6.195324413465165200e-03,6.692130057505565333e-01
-1.588402314924661218e-02,3.194262994666049321e-02,8.170687791517997622e-01
-1.079412453257988513e-02,3.376959290210169301e-02,8.120018121295359270e-01
-1.043525409048728751e-02,3.419519820403377902e-02,8.188556194042521108e-01
-1.695164172284898893e-02,1.060500853535485373e-03,3.890154645310831549e-01
-1.473455801672553939e-02,8.643844518445029448e-03,3.912612453091305342e-01
-1.061575112276409239e-03,1.857854395105134823e-02,4.262126998250844734e-01
5.171607351626044194e-03,1.782550060350985080e-02,4.251064721145449976e-01
1.155927224331329897e-02,1.458712077404735082e-02,4.262813915068066062e-01
-5.774098257791936313e-03,2.730870209291792403e-02,6.393004386691485408e-01
-1.131048514695199778e-02,2.573025613215781937e-02,6.437437951534598080e-01
-1.010845472022356244e-02,2.587453663233504203e-02,6.362435637341881112e-01
-4.624936897316702343e-03,2.689822329615012414e-02,6.251110501938647035e-01
-9.486409362012693594e-03,2.575315807370810728e-02,6.285892923940208377e-01
-1.471021901757395278e-02,2.340087157774927221e-02,6.330690846461627386e-01
-3.313525709999448014e-03,7.451396568076064375e-03,1.867784364665809049e-01
-7.797745819095333250e-03,2.882188403543406094e-03,1.904071042194881436e-01
-6.664980446079293332e-03,4.383466501427939026e-03,1.827093872308074574e-01
-8.053564984910803123e-03,3.144250716494780083e-03,1.980165598791576165e-01
-8.343986063347800380e-03,-1.480980537284313841e-03,1.940956051111763503e-01
-5.997269214542500469e-03,4.797056655686506021e-03,1.758958354623593734e-01
3.502365041675538360e-02,1.429857294415234556e-02,8.664483538689504716e-01
3.177150665825663467e-02,2.071743282124764024e-02,8.687264695496135225e-01
3.216112236957412857e-02,1.967621086079002213e-02,8.635330354939049213e-01
3.225262700284858147e-02,2.047282785067239957e-02,8.749624044040851256e-01
2.847395501831751288e-02,2.527944509848335103e-02,8.720942083124755273e-01
1.651965554608553557e-02,4.767622662912297977e-03,3.938044203942057120e-01
1.556235542134100369e-02,8.003516942529757816e-03,4.008114404642875717e-01
8.506309062185071421e-03,-4.256179642528475776e-02,9.941035870733817559e-01
-6.020480195631986234e-03,-3.596483057241770670e-02,8.351917760728360118e-01
-1.023124971378798834e-02,-3.487568306553891218e-02,8.324476669043515686e-01
-9.621538587428398251e-03,-3.534728068098360459e-02,8.390422611449180890e-01
-1.573228293373885815e-03,-3.635336237966247525e-02,8.334082030762164361e-01
-9.263469204938330065e-03,1.896698858278142788e-02,4.834585716515993337e-01
-1.044873840808056842e-02,1.805949836499706751e-02,4.778724631668200828e-01
-4.598846401829933227e-03,2.038614087952455786e-02,4.786526049996647769e-01
-1.593978171204547475e-02,1.323157747047536657e-02,4.744736483138730088e-01
-1.233095627882341977e-02,1.637958381691381748e-02,4.695792822648535703e-01
-1.290953606323889946e-02,1.359368533425258686e-02,4.293734678082170020e-01
-9.750897988697819485e-03,1.566661538286944974e-02,4.226491682685977191e-01
-7.662643203210051449e-03,1.700155323997873391e-02,4.271223218086426243e-01
-1.411066765625742722e-02,1.165702907395583209e-02,4.192060313040893993e-01
-9.303794418365153931e-03,1.564602407425646699e-02,4.169231899990126222e-01
3.475007426588407836e-03,-1.663040724889853670e-04,7.968184700725614023e-02
-9.006117270990507059e-03,1.549884612595827001e-02,4.105619791349547909e-01
-1.153484669612679517e-03,-4.200732984889010702e-02,9.624886891406125855e-01
-2.978268045874294528e-02,-3.298891868593806557e-04,6.821773748967213669e-01
-2.925454229257238095e-02,-6.042932154938426663e-03,6.841846924846847200e-01
-2.932770961032870813e-02,-3.399545869228223598e-03,6.762126696782305713e-01
-2.914809425080641322e-02,-2.936292291011464994e-03,6.709799572267929335e-01
3.055170648630514598e-03,-2.515339652528146542e-04,7.021166803824936686e-02
5.422746882363342104e-03,-3.274995517889582510e-03,1.450945492149132710e-01
3.567455542643674111e-03,-5.173955533497602913e-03,1.439416568635225602e-01
3.360950425997163028e-03,-5.513179027382252712e-03,1.478865667008495421e-01
-1.039453239103420301e-02,1.344758229870877952e-02,3.892857114825815090e-01
-2.796643063865450387e-03,1.664468985177472438e-02,3.865697743917988483e-01
-2.917587894685186312e-02,-2.006303258129179048e-02,8.109864676510943893e-01
-2.568223999194154880e-02,-2.410724169954777882e-02,8.067643110578008869e-01
1.313513510516019049e-02,4.685996840280593802e-03,3.194154418579343568e-01
1.346573286996034444e-02,4.686061325659739672e-03,3.265575266122938691e-01
-4.324118775909845808e-02,1.076420479789951066e-03,9.906928409962841853e-01
-4.300067777107730721e-02,8.153743242346036331e-05,9.848792126712151429e-01
-4.266844846371457139e-02,5.990086134204838583e-03,9.868513719607099333e-01
-4.334747690770744677e-02,-2.424442694980835644e-03,9.943721121705271226e-01
-2.584450006695098237e-02,-1.803157277117691318e-02,7.217687735551151507e-01
-2.826686572772801886e-02,-1.389555005408859081e-02,7.214148105062108129e-01
-2.773635869721190889e-02,-1.550980574327344950e-02,7.278424866267619864e-01
-3.056701092949759210e-02,-7.612695003652512372e-03,7.214850770810352643e-01
-2.942498044901787832e-02,-1.047526222415976795e-02,7.153754201126917289e-01
-2.444091472596796044e-02,-1.827229343217502688e-02,6.989345983432229126e-01
-2.267589188661459781e-02,-1.991147463019016933e-02,6.911713220523260093e-01
-2.679608197462851962e-02,-1.417228246055243085e-02,6.942839721375597684e-01
-2.516573300869339933e-02,-1.776882749910388415e-02,7.055866772162386891e-01
-2.738215382116899674e-02,-1.441018406044181077e-02,7.086988203491180194e-01
-2.406063746393372407e-02,-1.970020276585884855e-02,7.122342930224362378e-01
-2.034352519534840184e-02,-2.295508576726254177e-02,7.025130321023661528e-01
-5.733728009036339821e-03,6.703175125807616513e-03,2.020317175607617977e-01
-8.413530558948443747e-03,3.132071335348572422e-03,2.056209292113142240e-01
-9.415233327223618276e-03,-4.174411012937027238e-02,9.801145502589652114e-01
-4.705968240748972450e-03,-4.255967665244085596e-02,9.807177953726354813e-01
-2.334870132240231527e-03,-4.305021730323577156e-02,9.874612160441905706e-01
-1.362349108079003758e-02,9.369566754311062576e-03,3.787013419100880296e-01
-8.915299574419556852e-03,1.382362764406994474e-02,3.767479707790301613e-01
-1.200120847593292780e-02,1.165882125553722830e-02,3.832239530510098136e-01
-1.563879918515174300e-02,1.066934534074488565e-02,4.336058300121582443e-01
-1.677653561111113953e-02,8.348413264905417755e-03,4.291924587861299378e-01
-1.422473247028986469e-02,1.296241457270803227e-02,4.407812901556776297e-01
-1.772921524919223238e-02,7.467949587868041340e-03,4.406194868943865695e-01
-1.698305744297586711e-02,1.047342549569706995e-02,4.569957764261251554e-01
-1.941744049502219446e-02,5.299666334696248766e-03,4.609996389780833259e-01
-1.912198752250294370e-02,4.840441294130308665e-03,4.517794772852264384e-01
-1.992220171258716338e-02,4.537517680650943186e-03,4.679790213864342685e-01
-2.014848371324291093e-02,-1.555073664204937494e-03,4.628485800880746126e-01
-1.911615756084060133e-02,7.703140085653986321e-03,4.720431335192113997e-01
-2.066588946642807303e-02,9.775789430296660722e-04,4.738559650399152834e-01
3.312762883521686019e-02,-2.576131071866811020e-02,9.611629879741508953e-01
3.269249596126909407e-02,-2.677705970611475583e-02,9.678867427100220633e-01
3.341154758222397020e-02,-2.499709617092363972e-02,9.557174457267733070e-01
6.148000121995718034e-03,8.819433191722061624e-03,2.462344489036566719e-01
1.548796092250954125e-03,1.042744103664827379e-02,2.414477289584036623e-01
-6.861093804246925750e-04,1.031232646253813987e-02,2.367132958544756749e-01
-2.573900631835738390e-02,-1.975513320877938725e-02,7.431422189313313664e-01
-2.370852237165932755e-02,-2.180494942937249297e-02,7.377536655233211116e-01
-2.155559418668511612e-02,-2.477638326023405557e-02,7.521761227555933127e-01
-1.526313962570723104e-02,-2.910320164419673977e-02,7.526805259955958727e-01
8.842847101891844822e-03,-3.593913125343780463e-02,8.476921885066719398e-01
8.520457988299770524e-03,-3.575084341503163149e-02,8.417627764411128588e-01
8.049054129115136916e-03,-3.559070143476798787e-02,8.357474836026889120e-01
1.289661112791671768e-02,-3.429949866985922829e-02,8.392841632983354394e-01
3.399706666244201037e-03,-3.622407788169192122e-02,8.333137247790642910e-01
7.920470888402650692e-03,-3.539853327636522523e-02,8.308070687690316536e-01
-2.712702078203378317e-02,7.611455134861186064e-03,6.453050102470859750e-01
-2.800084562539391711e-02,1.898993244711959108e-03,6.427979774382739375e-01
-2.841789192014408313e-02,-9.772363968735523279e-03,6.882860421570827780e-01
-2.939613453391692888e-02,-7.715754962228169554e-03,6.960882040443765462e-01
-2.060088082181069091e-02,-2.350365637251328188e-02,7.158363541071990355e-01
-2.356415854227005696e-02,-2.073515645344044256e-02,7.189069455440042500e-01
-2.268251515446770630e-02,-2.210130995673140197e-02,7.253533940422380866e-01
-2.038596572683947644e-02,-3.008191793171912168e-02,8.322956705356030493e-01
6.475573223589603522e-03,1.119620817887230328e-02,2.962371000997501280e-01
-2.208160099790412289e-04,1.294651357171098388e-02,2.965670389479116986e-01
3.024437906872714122e-03,1.234674897409970135e-02,2.911477046000761071e-01
1.134508905715670736e-02,7.760715481420463885e-03,3.148245260259605049e-01
8.334466738175502071e-03,1.121727471093221865e-02,3.200718983597800049e-01
1.540636525184295750e-03,1.237420867189004126e-02,2.856041717595645402e-01
-3.197003101200022318e-02,-1.488208339809507681e-02,8.076815036502749123e-01
-3.198113052068963374e-02,-1.409828123482922968e-02,8.005035601466131689e-01
-3.375810682439508298e-02,-9.549674520831108460e-03,8.035292718394996259e-01
-3.494528605216442457e-02,-4.968502610144984524e-03,8.084279918065687687e-01
-3.550846445593941469e-02,-6.095104749954974267e-04,8.133973499991785649e-01
-3.508230659787595074e-02,-6.117643232200482666e-03,8.156422263325864286e-01
-2.982621569311182108e-02,3.112856411897431310e-03,6.868430374521866666e-01
-2.870518980828988889e-02,8.986781279513468904e-03,6.889238558823214120e-01
-3.007186303073620254e-02,2.994450199390026254e-03,6.921651634101991801e-01
-3.200865887515139813e-02,2.520964478276653542e-02,9.331929620540239112e-01
-3.357575400975278124e-02,2.358518809187431370e-02,9.397781900422909063e-01
-3.494210941902133050e-02,2.100619273161689546e-02,9.337916458753013904e-01
-3.003904226189186774e-02,2.722396798144431640e-02,9.285177775623946195e-01
-2.823615978098676163e-02,2.945429544622122156e-02,9.345287138980217234e-01
-3.039091057081880903e-02,-9.494309639867711806e-04,6.964058798483295787e-01
-3.007664454313569574e-02,5.034155917486056973e-03,6.984511745131394278e-01
-3.012883441433384518e-02,-5.708884898716645381e-03,7.023424038953761661e-01
2.984599162704882486e-02,-5.671924935211524604e-03,6.958199967687058729e-01
2.835228684494311632e-02,-1.127927516302284529e-02,6.988742509596993502e-01
3.013862428522959963e-02,-5.812142855609746424e-03,7.030067031603363104e-01
2.952849712048742636e-02,-5.671926682008244895e-03,6.886773810823414443e-01
-2.807264667326745539e-02,-6.423315362467272964e-03,6.595856893285443334e-01
-2.625710552621511942e-02,-1.126162488119472442e-02,6.543665483667276961e-01
-2.802333963772706688e-02,-5.587913901353295729e-03,6.544757903523078513e-01
-2.864953441564374592e-02,-4.362705562612690519e-03,6.637466294139126033e-01
-2.715243018314267287e-02,-1.011272815124184855e-02,6.636251885817215923e-01
-2.798007785128756725e-02,-4.471103014608606568e-03,6.489795280089637464e-01
5.356357138531209032e-03,-4.037603028474165412e-02,9.328651645244457891e-01
1.055949957851530160e-02,-3.926827983805233901e-02,9.313418069774633823e-01
-2.469607838237567257e-02,-2.379716224931473657e-03,5.682531488658161267e-01
-2.417422200377006627e-02,5.304377050945151620e-03,5.668528934160573796e-01
1.033093211249950898e-02,-3.875748622135304078e-02,9.186868230985782979e-01
-2.485600708780350519e-03,9.642089996129020804e-03,2.280599948736161120e-01
-1.571985466509225266e-03,9.524177848165850044e-03,2.210908709699683505e-01
3.142329410808615553e-03,8.591221724274275551e-03,2.095204185043890721e-01
-1.062495431718822689e-03,9.230263571940263215e-03,2.128037927319393341e-01
-2.483800259323550464e-03,8.655057514815095790e-03,2.062347491120949117e-01
-6.586990965157680372e-03,6.866181133834331485e-03,2.179265228774688312e-01
-2.144647072443121860e-02,1.692443552208032151e-02,6.257330646689198694e-01
-2.448139379918888928e-02,1.190523760325045734e-02,6.235014673684095010e-01
-2.379204865338555366e-02,1.259096434734663546e-02,6.165300439270462451e-01
-2.193568721987182099e-02,1.524506409324345724e-02,6.118291396434069052e-01
-2.759581515929467391e-02,-3.539827485416667096e-03,6.372267988290017948e-01
-2.783834172985065816e-02,-3.696099764941813883e-03,6.431981023752840754e-01
-2.635399431782509475e-02,-9.733919738630001511e-03,6.434622103977428731e-01
1.197866855221465902e-02,-3.860077194858581306e-02,9.256941836751623187e-01
1.611375576190264211e-02,-3.736562169970775865e-02,9.320011381448396470e-01
-2.844789980470965526e-02,6.638547086796632232e-03,6.690696472680838225e-01
-2.910687077014943724e-02,9.104429898839849159e-04,6.669829913367446572e-01
-1.840828219622578713e-02,2.078096358323700335e-02,6.358480100483966391e-01
-1.787293613089541849e-02,2.080408614251229651e-02,6.281863865606711617e-01
5.437745147384309523e-03,1.475427756060465265e-02,3.601487162187471669e-01
1.125470898664697288e-02,1.099760557681455329e-02,3.604093658630408425e-01
6.508231332572972372e-03,1.459379494755889441e-02,3.659846340693247435e-01
1.012896361447309865e-02,1.269517169010955619e-02,3.719752664510206919e-01
3.917228686209875410e-03,1.575114839529272170e-02,3.717496042210703955e-01
6.937296194380864617e-04,1.655221128050857193e-02,3.794407875024838894e-01
-3.510247546617337525e-03,1.592790875901529957e-02,3.735632353637174941e-01
-6.016504281189593954e-03,1.494398647374396184e-02,3.689718118527048896e-01
-1.087650728481268786e-02,1.169391897004821122e-02,3.657769016404168738e-01
-5.927888980981160967e-03,1.467735888434449666e-02,3.625491240792901304e-01
-1.535742187232545970e-02,1.834900773444696556e-02,5.480352273632298488e-01
-1.630431835022406670e-02,1.791586575673275936e-02,5.548240628543178454e-01
-8.784838207660742443e-03,2.213996997185329815e-02,5.455481050276467236e-01
-2.842145297803886500e-02,-2.027375543407066230e-02,7.996019625353972815e-01
5.782731781387244994e-03,-4.967697508272553904e-04,1.329341478805262378e-01
6.095683247412576715e-03,-4.967709231127774095e-04,1.400769576993435572e-01
1.591249523784236345e-03,-1.610283489315394279e-05,3.644747211001640036e-02
1.787688689040018352e-03,-2.288488624495887234e-05,4.094815739261358639e-02
-2.176675234637088022e-02,-2.658635936049986645e-02,7.869788541168669660e-01
-2.315528423840258754e-02,-2.577737404321311585e-02,7.936213263506829430e-01
-3.062235616584851189e-02,3.903092818056282803e-03,7.070414425938339464e-01
-2.978210081838153153e-02,7.722546183182760898e-03,7.046812562698983040e-01
-2.835273207437258997e-02,1.146762251001305806e-02,7.004897862992202073e-01
-2.630363913749621599e-02,1.493953697809717596e-02,6.928422002941575508e-01
-2.515871377785641044e-02,1.728432213908639992e-02,6.991123240918709625e-01
2.359772309328785067e-02,-7.365979119924503417e-03,5.661958083511490214e-01
2.327083563677617012e-02,-7.366005250847685627e-03,5.590535766238741155e-01
2.452944266554350772e-02,-6.434028819941609890e-03,5.808217401586369677e-01
2.420690795692104214e-02,-6.434040964148088002e-03,5.736793333411019935e-01
2.098391780214706182e-02,-1.326038897241587841e-02,5.685315879730443722e-01
2.523591541897132751e-02,7.533349935473598706e-03,6.032013496708673594e-01
2.295171452811180929e-02,1.264652897456516011e-02,6.001992374631474059e-01
2.547218631648261525e-02,5.515212236871932031e-03,5.969276036629612703e-01
2.556118434142787971e-02,7.533346062232081260e-03,6.103436457475684973e-01
6.030389753129134292e-03,-1.439665440200266558e-03,1.420000902497622897e-01
4.696990513752516069e-03,-4.228717278731389424e-03,1.447542801680954672e-01
1.703007994372265389e-03,-4.337058333522952197e-02,9.941151768167812985e-01
-2.598208852453838882e-02,1.503352906969718412e-02,6.875235542498450148e-01
-2.383516176161695754e-02,1.795944472519780954e-02,6.835370070876886084e-01
-2.696502059069224438e-02,1.238021593479143520e-02,6.795829696872672798e-01
-3.488480532655623828e-02,-1.189283650292411766e-02,8.441487853204935332e-01
-3.298723533521220191e-02,-1.674748726939852619e-02,8.473266637440765026e-01
-2.693065165725138863e-02,-2.541899125823758598e-02,8.481772218859549017e-01
-3.026950129235813150e-02,-2.156221841853765697e-02,8.511983394388432655e-01
-3.334303570301798414e-02,-1.675123467387430384e-02,8.546394852380694296e-01
-6.295930606627613522e-03,3.235417478628004832e-03,1.621267412307913491e-01
-6.293411385702556322e-03,2.646871318813056543e-03,1.563724373948781332e-01
-6.660909702507429630e-04,6.934982978152519177e-03,1.595681956722569961e-01
-6.814488366023223505e-03,-2.470938897434578254e-03,1.660211651277491984e-01
-5.799762382618380528e-03,4.560438642239026709e-03,1.689839206022390738e-01
1.650378813890397006e-02,-5.363954579837012376e-03,3.974625210032293743e-01
7.758918043002862187e-04,2.705074449729790063e-05,1.778164095578951831e-02
2.966124195228845781e-03,1.988262203125518157e-02,4.604263907947333534e-01
6.997249441982666268e-03,1.854300196020575511e-02,4.539364670354191778e-01
3.636267634578871648e-04,2.027788632999621976e-02,4.645146217117771537e-01
3.700293767424259021e-03,-3.734137818424521191e-04,8.518110810807433264e-02
3.567999386973981588e-03,-2.504072033358744676e-04,8.192162880178581463e-02
3.498781259932300363e-03,-6.214791398865607535e-04,8.138964069163467929e-02
-5.801321441155363016e-03,3.270658096579835347e-03,1.525338079273228786e-01
-9.006700422587107097e-03,1.688557822211907838e-02,4.383205128744100953e-01
-2.452174279298496851e-02,1.539861097726871395e-02,6.631947725745960254e-01
9.332853860991963818e-03,5.474541528425261316e-03,2.478191307530369369e-01
9.536702062858257861e-03,4.463651345048026513e-03,2.411679175824934240e-01
3.609697898443402827e-03,-2.895452439247320773e-04,8.294122173935322695e-02
3.639064342103993585e-03,2.163429474010893658e-04,8.349543638455053651e-02
-3.389785855090976519e-02,4.435432491911124250e-03,7.830066468376670752e-01
-3.394723230007590936e-02,1.219737139581030579e-03,7.780211736665672007e-01
-3.316897673753585463e-02,7.257302823826245267e-03,7.776661402056926908e-01
-3.322485489059180674e-02,9.016389900491276685e-03,7.884972720583275363e-01
5.330084412190674512e-03,5.911854407089585373e-03,1.823114163115346908e-01
3.972307274826611563e-03,4.038616145559228293e-02,9.294587541928529539e-01
9.367673324362807419e-03,3.930287899881752811e-02,9.253998842821734572e-01
8.041665032433465560e-03,3.993153439416675249e-02,9.329442907228013837e-01
6.963271911563096751e-03,4.404164888320020316e-03,1.887078814870102872e-01
1.366834621576791921e-03,7.981279006613726038e-03,1.854625983467943495e-01
-9.070942336210456852e-04,8.380378258955541865e-03,1.930633375433857546e-01
-8.146548162498374115e-04,-3.742939154542446883e-02,8.574770384582576233e-01
-5.766632366451517402e-03,-3.708319525381299081e-02,8.595528473355739107e-01
2.886895359146944562e-02,1.463117698794108579e-02,7.412784600295954096e-01
3.028815024581820933e-02,1.197997200528944269e-02,7.460061891048527238e-01
2.793297285440278152e-02,1.689850077448057028e-02,7.477335133018414570e-01
-1.033580660111577641e-02,1.941930829851964621e-02,5.038507928943319891e-01
-1.038509601593617764e-02,1.901788161225737364e-02,4.962934930312168369e-01
-1.445026630265414461e-02,1.658966306997701826e-02,5.038969573507263711e-01
-2.676253998032885120e-02,-6.890056716170138255e-03,6.329510320979062632e-01
-4.469523183263701509e-03,2.089580684214333364e-02,4.894183578363904275e-01
-1.035103129196886587e-02,1.865490869176965674e-02,4.886342543659166759e-01
-3.895249962138936511e-02,-1.287886586735525161e-02,9.396581859958106353e-01
-3.911708272702988515e-02,-1.143983971955855362e-02,9.334559098848126402e-01
-1.449241625380082166e-02,1.576111656838217676e-02,4.903989442275642485e-01
1.509911342667193644e-02,5.594530672660767701e-03,3.688018349627363857e-01
1.400549052340773620e-02,8.435489909346362974e-03,3.744686902685521179e-01
1.586951424300984265e-02,4.767579042975104466e-03,3.795198129261782016e-01
1.619482376350577998e-02,4.767671612405949971e-03,3.866621062233347450e-01
-2.196051664942796564e-02,1.113091848683716439e-02,5.638987258636197764e-01
-1.797211686732721678e-02,1.663461765877668683e-02,5.608886162292594513e-01
-3.206043085422045219e-02,1.118088729580488409e-03,7.347509956787615648e-01
-3.218722397343366098e-02,-2.496072933221037127e-03,7.394220138969272993e-01
-3.165758763562442901e-02,5.807784816773422197e-03,7.371786849224044591e-01
-1.027724246717242598e-03,4.037677823912293879e-02,9.250797839656965671e-01
-2.384764053534184185e-03,4.065003970067219280e-02,9.326397658813747604e-01
7.681458093424397074e-03,4.844965301739393576e-03,2.080066562999620672e-01
5.681208361596313747e-03,-1.112362170056528134e-02,2.860781064150816899e-01
5.701515467880751385e-03,-1.069832521356845444e-02,2.776569765791057076e-01
1.659217947249009423e-03,-1.216714977959765936e-02,2.812527741515684632e-01
9.279678552646823675e-03,-8.567472353751688988e-03,2.892719444016232377e-01
5.920206726222708611e-03,-1.133067348952328073e-02,2.928038469414058764e-01
-3.128564641532883411e-02,-1.055104810156780835e-02,7.562115455587636870e-01
-3.257842100842051752e-02,-5.322256545540978746e-03,7.560601802262295612e-01
-3.252220349483678913e-02,-7.075422480175141450e-03,7.623050771823479677e-01
-3.317341685032680620e-02,-4.735161469590325710e-03,7.674974052537599789e-01
-3.199244937203327838e-02,-9.990435410671343053e-03,7.676437543554041065e-01
-3.035351950918703870e-02,-1.425065144828206384e-02,7.680166444432315886e-01
6.774298442746840704e-03,5.604667759601535994e-03,2.013753200753812533e-01
7.329611725447851729e-03,4.404016475277006300e-03,1.958487173137936910e-01
-2.448033981916810167e-02,9.998052607314756104e-03,6.056511343069551634e-01
9.240245697617740714e-03,-3.641511202897572408e-02,8.604754585255361965e-01
1.032962413363314527e-02,-3.635757012239109603e-02,8.656817587598695241e-01
9.397233044351834333e-03,-3.612453604055278211e-02,8.549243049563561847e-01
4.026261902689426408e-03,-3.714139676772047760e-02,8.556615496023705081e-01
2.774675954724952626e-03,8.158115351274558558e-03,1.973630551022918789e-01
-3.175295718835433739e-02,1.128917535549742689e-02,7.718588598724904770e-01
-3.076695296316822245e-02,1.428052185082238218e-02,7.768863750778438604e-01
-3.270310136549586799e-02,7.117207073254201710e-03,7.665570666868748440e-01
-3.029768924040224243e-02,1.413931458319629859e-02,7.657774562817402098e-01
-4.970493901521402108e-03,1.823350199640361852e-02,4.328547527938415018e-01
-2.537618202714530223e-03,1.892749856305387876e-02,4.373897919491960273e-01
1.158814692978597793e-02,8.612207213082879662e-03,3.306841056347235575e-01
7.588320697932928426e-03,1.244534036266848297e-02,3.338526182075976512e-01
6.929595510878625193e-03,1.252216279614516183e-02,3.277910997577566654e-01
4.631647117530347454e-03,1.398393166299548296e-02,3.373954781789259560e-01
-6.783971473413654167e-04,1.466837399843931057e-02,3.363201118458845618e-01
2.259195185599868674e-03,1.478813156672039580e-02,3.426335946984812586e-01
-2.291510440828515432e-02,-2.897036710315761474e-02,8.460094750273218223e-01
-3.238545883195307479e-02,-3.337644834494638609e-03,7.456777429335361695e-01
-3.245818723574711573e-02,3.061124700587377744e-03,7.467134817495256760e-01
-3.268821879496830451e-02,-2.543514070496198480e-03,7.509463697685214711e-01
-3.146279972154180510e-02,-8.026550664827353243e-03,7.436966880780412348e-01
-3.303769059041697376e-02,1.062926847695400698e-03,7.570790464604055803e-01
4.543367203802108414e-03,1.475880424973799974e-02,3.536867142684014254e-01
2.725004769659243511e-03,1.496157975712701128e-02,3.483138818846414075e-01
-1.224052990769067479e-03,1.564342378596990726e-02,3.593884826599018090e-01
-6.789796498191741185e-03,1.398757248195361784e-02,3.561174811744872715e-01
-2.635852115659343547e-02,-1.817891333528213332e-02,7.333657430684669132e-01
-2.225611651741117233e-02,-2.297363362107554194e-02,7.326064211291684058e-01
3.579822769369597063e-02,-2.100270415262765408e-02,9.506102111732673832e-01
3.294098123536987749e-02,-2.522801128112812930e-02,9.503160666247679744e-01
2.995832090578732024e-02,-2.861312227042137751e-02,9.488385603619469144e-01
2.634258762724079120e-02,-3.176253986021467662e-02,9.451212867257213768e-01
-2.325454180515363831e-02,7.559344714952212843e-03,5.600508852159249429e-01
-2.414415247997142230e-02,3.091401932494582984e-03,5.575064776121756438e-01
-8.107972427010478808e-03,-3.492570330145197688e-02,8.212026778520217229e-01
-3.573974151502260551e-03,-3.581351990659688289e-02,8.243387863442775965e-01
-1.409068213450316229e-02,-3.288545584922525356e-02,8.194301967763363281e-01
-1.270915356289966172e-02,-3.378809877513073989e-02,8.268095047844188361e-01
-5.381734552518061682e-03,3.984610045535810774e-02,9.209121911507603953e-01
9.670103474571931437e-04,4.005643384663740841e-02,9.177104723809893505e-01
-7.414315377705453167e-03,-4.097703602239331083e-02,9.537677873580618915e-01
-3.168099073724654595e-03,-4.166993989666255976e-02,9.571529229333687327e-01
2.840495848204175472e-02,2.457073247908193869e-02,8.602071850331479697e-01
2.367110575677753084e-02,2.930484588366464443e-02,8.628050156950198835e-01
2.424819157851004423e-02,2.850543703542659374e-02,8.571440833613770405e-01
-1.376553105617666327e-02,2.094589383852693554e-02,5.740673897323139707e-01
-1.132727068207176752e-02,1.676465045989686958e-02,4.634041211385304115e-01
-4.732485121597406440e-03,1.982806386705598944e-02,4.668934332510407681e-01
-1.370575118895973540e-02,1.466234541193924337e-02,4.596940309910308997e-01
-9.593393753358151876e-04,1.324984723668280913e-02,3.042658006362614076e-01
4.253280140627577199e-03,1.278453540525527343e-02,3.085934900849138796e-01
-4.587371920809966280e-03,1.223470331590933470e-02,2.992707590275088259e-01
-1.622659953518756568e-02,-2.722170929211446128e-02,7.258448631015186336e-01
-1.948574569934058420e-02,-2.520977530556848395e-02,7.297741590788595634e-01
-2.984693019127041685e-02,2.704926556352234626e-02,9.225703885732604581e-01
-3.294188987611034597e-02,2.301077699958966813e-02,9.203392972474881972e-01
-2.921973315347545230e-02,2.728885289818833854e-02,9.157137137631218282e-01
1.334856844191605919e-02,1.162114734279006724e-02,4.053612869403774854e-01
1.398411989277554635e-03,-3.595957857157911636e-02,8.242322985618641962e-01
-1.704436714264282848e-03,-3.613156208265713709e-02,8.284690867637543032e-01
-3.516426683063774566e-02,1.911982186031284739e-02,9.167497173113779985e-01
-3.567619188324959445e-02,1.879838051399608870e-02,9.236125641330469316e-01
2.138592155563588670e-02,-3.450039046896167388e-02,9.296882433042297222e-01
-1.671747548857133517e-02,4.005177008762562246e-02,9.940388013062092520e-01
-2.281198016538592624e-02,3.692201835144624106e-02,9.940397523639666888e-01
-1.349166287664277375e-02,4.102329364873147366e-02,9.890968250862349764e-01
-1.532568484189508404e-02,4.019862442966815053e-02,9.853427861004503407e-01
-8.724749271260948125e-03,4.217340776389454787e-02,9.863834634115883349e-01
-1.132152673718683257e-02,3.041356335030552527e-02,7.432834094271091319e-01
-6.684175635417262742e-03,3.166450004221797732e-02,7.412186399345026544e-01
-7.577632454675092659e-03,3.171434976698599140e-02,7.468245041453275279e-01
-3.598010340197738133e-02,-2.421121019125701494e-03,8.259434698504105610e-01
-3.516878910868811298e-02,-7.233067529052278691e-03,8.223571402899529925e-01
-1.018131852478420564e-02,4.223587090661712340e-02,9.950699132876583697e-01
1.809161411881799386e-03,-3.195136437484064984e-05,4.144307048341218380e-02
-4.005449468230607400e-03,3.187707800144716497e-02,7.358462423282324805e-01
-9.873113291407055155e-05,3.228392872264265051e-02,7.394269922287082242e-01
-8.500082905768071607e-04,2.053189188992150110e-02,4.706604555683017166e-01
-3.476877274901444669e-04,2.075619379273924495e-02,4.754616888742810854e-01
-5.436880552545039075e-03,-3.661330555166412981e-02,8.477778043086109383e-01
-6.516883373750111596e-04,-3.719007966895011841e-02,8.519236319193614904e-01
9.893308460524365133e-03,8.443757593124181365e-03,2.979027152525228206e-01
7.491865655517202481e-03,1.091579276144320765e-02,3.032328663551323022e-01
8.179776041529652694e-03,1.079553425537667539e-02,3.102190511415697238e-01
-4.467208801867483293e-03,-2.759035191969716125e-02,6.401524513646863479e-01
-7.000375452077208004e-04,-2.773467314185082758e-02,6.354307658636613176e-01
-5.596324717383657429e-03,-2.707889628059023668e-02,6.333151990546156407e-01
-9.251084474358624993e-03,2.279923171793418052e-02,5.635385435518532882e-01
-6.175431209392007528e-03,2.397978878682799353e-02,5.671474715915508780e-01
-1.223895054001306049e-02,2.158182672380890704e-02,5.682567575730353981e-01
-1.303190874234307940e-02,2.061726975722298627e-02,5.586370954577164483e-01
-7.085590571472704345e-03,2.328753107306373929e-02,5.575148671678571421e-01
-2.930051471193542353e-02,-1.550513092328636988e-02,7.592621588367781671e-01
-2.979399930602825292e-02,-1.389913938121810529e-02,7.529971172867396811e-01
-9.926448873842862695e-04,4.157350317786918242e-02,9.524611550425092776e-01
-3.076198859825920139e-03,4.175911089369662571e-02,9.590324764964859305e-01
-5.942350560394469433e-03,4.127928705842592166e-02,9.551971611273644136e-01
-1.298403438478609902e-02,3.966266899023997150e-02,9.558618286345414994e-01
-1.098426612803801890e-02,3.996392031738348755e-02,9.492689456657060765e-01
-1.860398210224829471e-02,3.735879567143360336e-02,9.558824919759471017e-01
-1.386273762619883755e-02,3.963738457468816978e-02,9.617666558798377840e-01
2.481381623025159106e-02,2.598656749606018113e-02,8.229521418521041909e-01
2.473792869926453447e-02,2.652852915233740866e-02,8.307874815049465234e-01
2.178549319257196484e-02,2.873382273569005316e-02,8.258833254486520614e-01
1.801922257652210230e-02,1.343756524755645131e-02,5.148308715696497950e-01
-2.842842811424401567e-02,-1.614754317129067987e-02,7.488230804152176123e-01
-2.980769319956563801e-02,-1.293630434721395640e-02,7.442302027359086747e-01
-2.555170629571102553e-02,-2.061269023608263903e-02,7.519179931248275439e-01
2.067437692371207336e-02,-2.688613222808161618e-02,7.768037447597873069e-01
1.868870592371827885e-02,-2.862491231941394557e-02,7.829783267061108942e-01
2.392235932042746649e-02,-2.422693837825455956e-02,7.798131195131932092e-01
1.609271330155296470e-02,-3.035734813616412092e-02,7.869515224649522578e-01
1.975857367278523874e-02,-2.826829050227994827e-02,7.899300819674506258e-01
9.602026406404123512e-03,3.516028709402654884e-02,8.347926749578966632e-01
1.699533621167408082e-02,3.204737671291935791e-02,8.308341527663485326e-01
1.481287011341293758e-02,3.343738113007063695e-02,8.376266166602717167e-01
-6.514161089374938089e-03,3.344044621325908268e-02,7.803087167552383852e-01
-2.387365533388905760e-03,3.415948450517351104e-02,7.842892448557998719e-01
-7.522957069315355794e-03,3.350916679540180687e-02,7.865898534853206225e-01
-2.228083504080316871e-02,-3.478783527158484795e-02,9.461858779999131608e-01
-1.729690723289250762e-02,-3.747564088306768598e-02,9.453476609350828230e-01
-1.337671386788332091e-02,-3.923321516568815254e-02,9.493829483729181451e-01
-1.598337194045214293e-02,-1.432225936302585021e-03,3.675461748251503402e-01
-1.557337081341899840e-02,-2.274333438237094093e-03,3.604724339868964345e-01
-1.555830300823849745e-02,2.955615264544743728e-03,3.627167282221858691e-01
-1.635586599802420216e-02,-5.534986951581805092e-04,3.748253633538708440e-01
-1.524431877178081436e-02,-5.683662402720281517e-03,3.726304505465920514e-01
1.712981932157288736e-02,3.158685087285484361e-02,8.229944323224459568e-01
3.589881624131926324e-02,-5.915687606277422565e-03,8.333069711980414240e-01
3.621484137940303438e-02,-5.915689548846836052e-03,8.404496490396364816e-01
-1.669998862345888763e-02,-3.092685660779858833e-02,8.050144406833293909e-01
-1.557310419858574935e-02,-3.181638330556529892e-02,8.113249014431498374e-01
-3.226507445603268159e-02,7.006910419370231125e-03,7.562169340514016680e-01
-3.296614199204944695e-02,4.249246147516654200e-03,7.612953309791307133e-01
-3.348563600866653889e-02,1.174459695494330406e-03,7.674187425697223119e-01
-1.630196298087970702e-02,-3.701567407446326036e-02,9.263756701747648536e-01
-5.992546705411046053e-03,-1.716977915712143352e-02,4.165161274164618788e-01
-7.069579415724905336e-03,-1.636175104729866922e-02,4.082308539456879215e-01
-1.079008242622493327e-02,-1.443048964976489240e-02,4.126905894375951789e-01
-3.092560850011156007e-02,-1.435342978452053579e-03,7.090753803415257295e-01
-2.984227001776165039e-02,-8.188061574863727751e-03,7.087616164282446451e-01
-1.934615979019350387e-03,-1.760002768975682183e-02,4.055348991685274185e-01
-7.183819732313256184e-03,-1.599774455782014895e-02,4.016559755208570781e-01
-2.440286130132275286e-02,-2.509331299539673335e-02,8.016887233361515985e-01
-1.970440735467324234e-02,-2.888392683687854290e-02,8.008280903876143775e-01
-1.445821656211861150e-02,-1.061446357869565843e-02,4.108062596287366253e-01
-1.380875299216638430e-02,-1.200342885327802984e-02,4.190600302027976398e-01
2.466489864890929889e-02,6.304248872535965498e-03,5.830800216498502886e-01
2.434290010031652310e-02,6.304240083503617233e-03,5.759375931361312428e-01
1.297441848201993063e-02,-1.719689270304308390e-02,4.933987063932013251e-01
9.854850472669398481e-03,-1.887894375422639881e-02,4.877655705628384797e-01
5.132966179859026201e-03,-2.084558232642561015e-02,4.917037040671116688e-01
5.973410926494302463e-03,-1.984462906161548953e-02,4.746613753134326097e-01
1.398151879862205484e-03,-2.085725325158031135e-02,4.787817535635156552e-01
6.074081783225218460e-03,-2.014955030925852375e-02,4.820134583185275989e-01
1.369841762085256993e-02,-1.607516911254860958e-02,4.837293217011809365e-01
1.251150768973097183e-02,-2.448120986055253925e-02,6.296942308732844662e-01
1.043742887981208983e-02,-2.581811577387385995e-02,6.378256748959320044e-01
1.510563531368866973e-02,-2.326506271106397461e-02,6.353239360975040384e-01
2.515301992412419252e-02,5.515209342052179199e-03,5.897850580725496616e-01
2.291250624668219812e-02,1.150359451390037431e-02,5.872105759419923299e-01
3.793237096421769872e-02,-7.450885413509023870e-03,8.853958450623491405e-01
3.814582150278550410e-02,-4.935404257785806596e-03,8.809652626931879782e-01
3.645455140095934382e-02,-1.223109302226575365e-02,8.806889366118280105e-01
3.711303341231496356e-02,-1.150754595215867926e-02,8.899522882596737627e-01
3.864346905743800548e-02,-4.176753724356218299e-03,8.902358008951137824e-01
3.783134153469976807e-02,-4.935405145473591854e-03,8.738225188143671218e-01
-1.204156569038529641e-02,-1.502604093319190141e-02,4.410275790890792469e-01
-1.204795168151721885e-02,-1.460594165862921442e-02,4.336540393352191214e-01
-1.601152745753874410e-02,-1.048478767935108816e-02,4.383542492839380134e-01
-1.307863019512696748e-02,-1.457691001419457455e-02,4.485495767131821854e-01
-8.154824570319145829e-03,-1.758262106202779229e-02,4.439135772945285163e-01
1.448008079844942397e-02,2.039930776471591406e-02,5.729625405069064259e-01
1.942274838855386626e-02,1.581488485875848921e-02,5.736713148018312003e-01
1.818165260058749594e-02,1.761119004397047189e-02,5.797533071702867247e-01
1.957703746336569156e-02,1.656000667987934591e-02,5.872903409276736264e-01
1.456369465881584072e-02,2.106696890105971137e-02,5.865861304579838009e-01
-2.104263938193375949e-04,-3.050031659378220003e-02,6.985887256523272137e-01
-4.283629105943313753e-03,-3.034967855061298375e-02,7.020116104526857859e-01
2.555928517667863716e-03,-3.015757066972608522e-02,6.931982104499260222e-01
6.268967865736155796e-03,-2.938840751282239400e-02,6.882489909685438612e-01
-2.085807465803181035e-03,-3.002035456633656008e-02,6.892367878107167334e-01
8.093289578165114781e-03,-2.936395871462658957e-02,6.976230601997185365e-01
-2.618596865389748174e-02,-3.454257116463938654e-02,9.927914987928400103e-01
-3.021032288235470098e-02,-3.081065062884170633e-02,9.883073828951748352e-01
-2.976112635143596252e-02,-3.167770213126926138e-02,9.955109125351275789e-01
1.137000490790761320e-02,2.852666224819349478e-02,7.033535223543833093e-01
1.605033134269439471e-02,2.639998000872767828e-02,7.076381744105639804e-01
1.054715460821639694e-02,2.916427408762626780e-02,7.103112256867143426e-01
2.766897376035400147e-02,-2.287639443163468761e-02,8.222743805510293047e-01
2.316382962206146173e-02,-2.721513180872283874e-02,8.185417453128672749e-01
2.437954951642448687e-02,-2.658585543772699206e-02,8.261785861502051187e-01
2.033804740367993122e-02,-2.999299542703653954e-02,8.299940200555537828e-01
2.530611987057369491e-02,-2.616407425512462179e-02,8.336965891779412052e-01
1.596745839217386317e-02,-3.242730211975104748e-02,8.278656750925466046e-01
1.705806626906185980e-02,-3.223831761373554400e-02,8.353712445008123488e-01
-1.818007145511578090e-02,-3.174676142406828577e-02,8.379059756421123328e-01
-1.887094144672469068e-02,-3.161925337019026033e-02,8.433717636393891492e-01
-1.444585947004670481e-02,-3.379482073645846685e-02,8.417789030879511136e-01
1.943849694882100743e-02,1.758023951841575575e-02,6.002884197037536840e-01
2.044292386984218265e-02,1.595738750267414879e-02,5.939769808713843968e-01
-3.572815743739325787e-03,-1.849674389955762582e-02,4.314759094173478693e-01
3.675959266219870061e-04,-1.899852042587107590e-02,4.352191013682950582e-01
3.849574011327300781e-03,-1.839082161341267299e-02,4.303480046704860063e-01
4.000446128053492673e-03,-1.876770104647309048e-02,4.395077876064949485e-01
5.243111957507251390e-03,-1.880096294599498466e-02,4.470439727818014131e-01
-3.421262117689843549e-03,-1.893180557402756453e-02,4.406331497322905077e-01
2.898182612338491559e-02,7.010270917031585954e-03,6.829356552954843895e-01
2.970895177485094810e-02,4.571540148388017824e-03,6.884556456076351694e-01
2.769487924421305813e-02,1.137359834942829051e-02,6.857240050572461776e-01
2.644658205544375695e-02,1.286999605231592576e-02,6.736427320864463164e-01
2.866088796171318079e-02,7.010265489928179522e-03,6.757931831760566332e-01
-1.520627543379451420e-02,-2.945939870855925416e-02,7.593166481599259443e-01
-1.835667598960636152e-02,-2.781450559160696806e-02,7.632881411562550955e-01
-4.719115511753487965e-03,1.372556222588908366e-02,3.324291301154259637e-01
-6.958849525547265019e-03,1.300049621312174275e-02,3.377342457364661543e-01
-8.957236508058023100e-03,1.113746720172737771e-02,3.273518329567876028e-01
-3.131822414075793176e-02,8.580092240291943562e-03,7.437375506415513371e-01
-3.133846818643298837e-02,9.347580552541765245e-03,7.490185675644401853e-01
1.052075031103525370e-02,2.948548271961156861e-02,7.170304941466475457e-01
5.472185631603241132e-03,3.063626553162394558e-02,7.127913774741866382e-01
-1.304840627566304471e-02,-2.739603210812285167e-02,6.950088996287899779e-01
-1.657803290601433249e-02,-2.567488804595672441e-02,6.999830867814162971e-01
-9.705638454771875478e-03,-2.894206394423222417e-02,6.991625256968805324e-01
-1.180856156257295390e-02,-2.724939433579666101e-02,6.801961888405085865e-01
-1.125608774106919875e-02,-2.786387092631339990e-02,6.882933342563545276e-01
-6.399379752356727444e-03,-2.926550952626366317e-02,6.861282039443122871e-01
-1.791043009948205256e-02,-2.417685081308824924e-02,6.891345410100121471e-01
-4.964186438877835755e-03,3.834834854611724603e-02,8.856501388647709527e-01
-2.428203968092939452e-03,3.827313523837733156e-02,8.783613663461190546e-01
1.792356814725953309e-03,3.850673332594253123e-02,8.829040838286291715e-01
1.476613505118660151e-02,5.594487844227716798e-03,3.616598417515453079e-01
2.672428384195248488e-02,1.547376607670205781e-02,7.072869646522756959e-01
2.412466709882398613e-02,1.894875875901404216e-02,7.026101147293059013e-01
2.668692850085378765e-02,1.488308209032491135e-02,6.998583846938909447e-01
2.068926140537799205e-02,2.281144501997858093e-02,7.053495495839370300e-01
2.075935518434671168e-02,2.230625815302822446e-02,6.979149737905774309e-01
2.005742927094943812e-02,2.376690875192851576e-02,7.122910612246284856e-01
-4.033580474374022853e-03,-4.318275137946941261e-02,9.933529173608707241e-01
-1.078344745685752212e-02,-4.200897700774547383e-02,9.933574325826621809e-01
-1.272126294126306977e-02,-4.124949680228102294e-02,9.886766676411895549e-01
-3.294963809806558674e-02,1.589450926588483609e-02,8.378878873932783522e-01
-3.463256827043807717e-02,1.159771706622839127e-02,8.365118138744928045e-01
-3.414522821426225346e-02,1.232614400955372135e-02,8.314509928011285522e-01
-3.583089292318725888e-02,8.467195215818134474e-03,8.432649794741043925e-01
-3.623925371026922443e-02,4.664923472121129157e-03,8.368639213223411089e-01
-3.618639913544247078e-02,2.429505352114595933e-03,8.306706601629422204e-01
-3.655496985639343499e-02,-8.265467008347216881e-04,8.374604572424354521e-01
4.156273572957459167e-02,-5.570867945472774904e-03,9.604561214284392801e-01
4.131616309209606985e-02,-5.348458395448492907e-03,9.541916925878093370e-01
4.064224745079082074e-02,-5.744782664569564670e-03,9.401137331381024254e-01
3.973825553218783557e-02,-1.099277497548890349e-02,9.443381284108085527e-01
4.100168216698742846e-02,-5.348457933489514891e-03,9.470489487576085885e-01
1.407356108602190320e-02,2.584375036357715663e-02,6.739954231178727495e-01
1.806300174310643963e-02,2.343836006772238509e-02,6.777458966486473724e-01
1.297899067340415810e-02,2.678732304067250533e-02,6.817535309380993169e-01
2.312450018450032049e-02,1.827678911759776301e-02,6.750915605538684305e-01
2.239623658213423310e-02,1.967760868170737726e-02,6.828240957292376345e-01
-2.373442079406594407e-02,-6.844931498898353464e-03,5.657627960567924719e-01
-2.120530763594454665e-02,-1.296805299172082426e-02,5.693027849666080220e-01
-2.044829440351066119e-02,-1.353063405405765737e-02,5.615911780349426285e-01
-2.205132772126701043e-02,-1.215088066988329052e-02,5.766588516630651862e-01
-1.736010364056540453e-02,-1.798749287555152440e-02,5.725589108840871688e-01
-2.323655202438306561e-02,3.457626859786267631e-02,9.541434109611616199e-01
-2.401696847732387799e-02,3.435436885920999800e-02,9.600578359486989788e-01
-1.999060115791164924e-02,2.944046664842702929e-02,8.150539849313991336e-01
-1.969459108304040529e-02,2.999759460570554370e-02,8.219014272688816014e-01
-2.130109037200613592e-02,-1.145993923119116055e-02,5.539997440140301821e-01
-1.754485407454352622e-02,-1.687829225491983484e-02,5.576014056490418147e-01
-8.436939461205352625e-03,-1.670715592889565962e-02,4.286805516597483878e-01
-1.322496896396864290e-02,-1.307550928471694178e-02,4.259538517906063526e-01
2.194748028428297748e-02,-1.294036548271457025e-02,5.835495395989566125e-01
2.472258150315172209e-02,-6.978091608120361861e-03,5.883637229598834839e-01
1.895695464589873189e-02,-1.670945231217888308e-02,5.787777140193375303e-01
1.899056818218685175e-02,-1.716678970498019402e-02,5.863276071585891147e-01
-2.226911941233973916e-02,-8.568163085229082640e-03,5.464970438360632343e-01
-2.362796119096528813e-02,-4.421438217776889161e-03,5.505627276205978804e-01
-1.176885638995431999e-02,3.075590032233754129e-02,7.542371652931644244e-01
-1.656359861626536395e-02,2.856615937606752156e-02,7.563024051639760659e-01
-1.693513966772226126e-02,2.807561091976958079e-02,7.509637540711611159e-01
-1.580333599196193442e-02,2.927655582129031278e-02,7.619976949860692850e-01
-2.059825434596367771e-02,2.594569949314142268e-02,7.587569891591990912e-01
-2.269904755757745987e-02,-6.428612473914289971e-03,5.403414400896285885e-01
-1.973132598718874142e-02,-1.320659900692660801e-02,5.438086554467477240e-01
-2.244761407196170164e-02,-6.164444706111352375e-03,5.331688453091039115e-01
-2.337802905739446574e-02,-9.964591934021487830e-04,5.359310696040090471e-01
-4.181500504866445846e-03,-1.573811169714064637e-02,3.729680478692563583e-01
-9.077793142865657472e-03,-1.389164256338060177e-02,3.800811135666719576e-01
-3.535461644079873362e-03,-1.621062600520571315e-02,3.800119758967339667e-01
-1.858791411007737222e-03,-1.684542675660114300e-02,3.881654533073639057e-01
3.485811358984905288e-03,-1.627262995525074335e-02,3.811597886488664044e-01
1.566808539000998828e-03,-1.713676423618370678e-02,3.941335301225446508e-01
-5.406918115931245647e-03,-1.628552266804609780e-02,3.930202160604385209e-01
1.311278191183084738e-02,-2.811060334402073341e-02,7.104418278682778087e-01
1.041603968448299652e-02,-2.890901858106020850e-02,7.037925927059425213e-01
2.881180238790169088e-02,-4.798388875562085293e-03,6.689877805976666147e-01
2.755489912629299765e-02,-1.013235189999030748e-02,6.724262463858522443e-01
2.894715400353801288e-02,-5.492412783631567957e-03,6.748276190934261454e-01
2.926451173266269440e-02,-5.492412385719112368e-03,6.819702405328903483e-01
2.782284632429477683e-02,-1.096850378054530992e-02,6.849791651085590516e-01
-1.557590166822876362e-02,-2.341209942897281779e-02,6.440541773675857451e-01
-2.032928141096928404e-02,-1.953338500412978712e-02,6.457208103928657739e-01
-1.620450065375696538e-02,-2.338590198476834039e-02,6.516458418258077590e-01
-1.334352499954964688e-02,-2.529960631175473540e-02,6.551116535086131121e-01
-1.847709038229495768e-02,-2.192750858068810010e-02,6.567506510096400296e-01
-1.000886965579690820e-02,-2.627820774685273725e-02,6.440487046024033768e-01
-1.487951254597457557e-02,-2.355199503019259760e-02,6.380646928129866113e-01
-1.913844334496868360e-02,2.204502956931102264e-02,6.686422171860549879e-01
-2.135611415476283692e-02,2.031990295763349413e-02,6.751686938010315053e-01
-2.332971288880096236e-02,1.757774381194311675e-02,6.690301576492047042e-01
-3.302225879095698619e-02,-2.418676058650204991e-02,9.375082174258581036e-01
-3.025970937984968565e-02,-2.785598733186564480e-02,9.420121477055627413e-01
-3.182350277237884495e-02,-2.642555781554278491e-02,9.474093366239721981e-01
-2.701952145614075831e-02,-3.118190325346686595e-02,9.450032687078178117e-01
3.706030947061637187e-02,1.923728594089657226e-02,9.563630993357421506e-01
3.874220802795241142e-02,1.500159490819389513e-02,9.515423169854606567e-01
3.929717033942345394e-02,1.410528110625592496e-02,9.562772094305082016e-01
-2.610409361360928673e-02,1.317885876095937527e-02,6.697563992402415511e-01
-2.420583943196824572e-02,-3.376603793206656157e-02,9.515592547655794542e-01
2.560986155934976555e-02,-1.626596761838756261e-02,6.948742442327496827e-01
-2.800307571220603600e-02,9.167258322603262857e-03,6.748690321032637662e-01
-2.907664001155576758e-02,5.760242053924906694e-03,6.789069351425354171e-01
6.705949160780028291e-03,2.300458367564241907e-02,5.488215499632665972e-01
3.738693876590528428e-03,2.383139395324840662e-02,5.525047072461988229e-01
1.113687294488215421e-02,2.119117917962098571e-02,5.483029511021254576e-01
1.598727461950451290e-02,1.775381526985569600e-02,5.471991475917229453e-01
1.353492276091828629e-02,2.003877815449547906e-02,5.538482693864137385e-01
9.654688231177443319e-03,2.161127293544676253e-02,5.421278839474052980e-01
3.368657386427496847e-02,-5.653867539551193575e-03,7.823409608087821265e-01
3.237224732046665998e-02,-1.145486640535526776e-02,7.864955533341765337e-01
3.396414510126515018e-02,-5.968261892303714303e-03,7.898257539381303705e-01
3.078381029483780520e-02,-1.556265982147240698e-02,7.900435913825879508e-01
9.546803470518559417e-03,-4.125231388550419306e-03,2.381980501128431460e-01
9.206092386209445422e-03,-4.125334909447022497e-03,2.310563439753715587e-01
6.903513762605113617e-03,-7.925327619492494868e-03,2.407286221401470638e-01
9.681532130620734353e-03,-4.580122525040533459e-03,2.453051957612405742e-01
4.066586674134507404e-03,-2.752361900505780751e-02,6.372380511685298288e-01
6.990903979271192482e-03,-2.718182898280997392e-02,6.428269620235771420e-01
8.179515305525752317e-03,-2.713656169695713438e-02,6.491500336910550617e-01
8.153110365214143521e-03,-2.753633270695291652e-02,6.577500613063943513e-01
1.313400819604731637e-02,-2.525808620811555855e-02,6.520429285135977970e-01
1.680203501795679783e-03,-2.826807689478814251e-02,6.485880770263626749e-01
-2.572019066245805410e-02,2.023536682436969172e-02,7.495511516262610696e-01
-2.538441198669600871e-02,2.028840671591100944e-02,7.442799910119922702e-01
-2.088058929865748911e-02,2.509986611124212855e-02,7.478008559202231620e-01
-2.439679010401371931e-02,2.223563214617920933e-02,7.560417149812643789e-01
-2.821489951950236635e-02,1.683846578122568868e-02,7.525601901925479398e-01
-2.972223351150270892e-02,1.472672902093863020e-02,7.597313030926617916e-01
-3.047496997520445297e-02,1.236643743321323013e-02,7.532701929243758032e-01
-1.514812727928792867e-02,2.431001490313811769e-02,6.560410068898337999e-01
-1.672922724941818678e-02,2.355920984958609701e-02,6.617973254048243881e-01
-1.222372804945455298e-02,1.414502914088704459e-03,2.818376483457386006e-01
-1.257868575089873125e-02,1.051891131462722329e-03,2.891048708828735658e-01
-1.215839879154852199e-02,-2.894514564402791805e-03,2.862557257493986707e-01
-1.409044354821952123e-02,2.553499284038515324e-02,6.679801681250217005e-01
-1.086511785868266196e-02,2.732172740287445653e-02,6.734359774954611355e-01
-7.995079251380779461e-03,2.798621993946736816e-02,6.666332869096138758e-01
-1.572533942284703307e-02,2.822798235779383838e-02,7.400806290338250992e-01
-1.652999697518408445e-02,2.804946181341109665e-02,7.456971913007219843e-01
-1.914919692483079208e-02,2.582407851783017141e-02,7.363390621636300981e-01
-2.328970293113966084e-02,2.222175798032878513e-02,7.372795737483496259e-01
-1.422469218606516733e-02,2.871227793810317286e-02,7.338992563407893410e-01
2.584145861049343736e-03,4.333684619704910451e-02,9.943400290035423472e-01
-3.415087242494592792e-03,4.331125268691571328e-02,9.950697530350504083e-01
-8.329309465608043025e-04,4.319014708747064002e-02,9.894009402041250567e-01
-2.063216603307953950e-02,-2.975570761152955632e-03,4.774434257860991626e-01
-1.944655037413629481e-02,-7.778663953652880519e-03,4.797100248457109029e-01
-1.932426270544518321e-02,-7.172309552940501522e-03,4.721005323126841735e-01
-2.061482651543742467e-02,-5.837541044684714173e-03,4.907224412993591578e-01
-1.856233335467800602e-02,-1.077801414371604150e-02,4.916184348578632179e-01
-1.933088385085901528e-02,-8.742068884843289325e-03,4.859199112184741098e-01
-1.687931678590058257e-02,-1.246798440467810840e-02,4.806310152639191036e-01
2.973297293436412414e-02,-1.799277805415274226e-02,7.959807368941770322e-01
2.974059254269516284e-02,-1.854228774247426367e-02,8.027171166308314509e-01
-1.125863901957873878e-02,4.420231345882562335e-03,2.770270781153774675e-01
-1.195624936208002781e-02,5.465188322389130529e-04,2.741290660417811664e-01
2.111250584736538982e-03,2.643374028986327298e-02,6.073601895257517702e-01
2.267742370721033570e-04,2.626517950540410359e-02,6.015939355570811831e-01
7.250946815578398520e-03,2.534409860535775591e-02,6.037649658414069309e-01
2.224972062479628216e-03,2.671278790448412127e-02,6.139420632307724945e-01
-8.522161284698341610e-03,7.307707924456859246e-03,2.571245598871071403e-01
-8.288796362384215702e-03,7.027070930605346967e-03,2.488869812995684327e-01
-8.610062943138775335e-03,7.701085870572284275e-03,2.645755791790134204e-01
-1.099525242762386390e-02,3.134216876648494680e-03,2.618641627589203824e-01
-8.086138595370660417e-03,6.769528149207755877e-03,2.415366315567555877e-01
-1.052390618261560620e-02,2.369671401541970524e-03,2.470720222291455936e-01
4.166667304561018359e-02,5.041410899007912026e-03,9.612837460733889561e-01
4.198079010347081225e-02,5.041411233029114217e-03,9.684265055455445470e-01
1.961452991715389657e-02,1.497061349885179214e-02,5.651473644996649615e-01
2.227760769671618263e-02,1.128748875898450722e-02,5.719979672722595998e-01
2.420129549225959187e-02,5.298505082227554855e-03,5.674298061508122881e-01
-2.353143001053920394e-02,-1.536379200528061907e-02,6.436627685738081084e-01
-2.366094345347023731e-02,-1.468943271840268856e-02,6.378687104066472768e-01
-2.461697064784822142e-02,-1.236161940769148031e-02,6.309165888316905502e-01
-2.117486950043351648e-02,-1.763483316734142103e-02,6.311483413295441158e-01
-2.428076312576385454e-02,-3.062088742240974115e-03,5.605257805057924925e-01
-2.633440909991699528e-03,1.493167429491142409e-02,3.472696608675913121e-01
-1.386360578192857504e-02,7.167577095940430576e-03,3.574556038375355516e-01
-1.385096378280721921e-02,6.597331829964748519e-03,3.513873473827011096e-01
-1.088776270941194287e-02,1.092582344642972075e-02,3.532804640578466882e-01
2.794195716169907764e-02,1.966861659653781902e-02,7.826278853069351671e-01
3.059423578976119482e-02,1.474841480483828418e-02,7.778932788518396757e-01
2.300717744306866874e-02,-3.123038924119471774e-02,8.884380475662175813e-01
2.524651823529916114e-02,-2.896585973781243620e-02,8.800554609210614609e-01
3.023463339612183359e-02,-2.375668707330682444e-02,8.806827665282497275e-01
7.418517794038933903e-03,-1.273066535054757573e-02,3.374745668319570346e-01
4.844386826969890140e-03,-1.356948239351359053e-02,3.300041878614097812e-01
8.029510530521417715e-04,-1.473155576242607401e-02,3.379089223013574395e-01
-5.252055783531216736e-03,-1.371084081335490271e-02,3.362809806108884580e-01
-2.520815277372016449e-03,-1.479157517166854695e-02,3.436673239399236635e-01
-1.142320581384199951e-03,-1.532300301615509112e-02,3.519283517339411582e-01
-7.281498360608084589e-04,-1.566033225392755510e-02,3.590680883386958566e-01
4.003128591825384601e-03,-1.486034391864244839e-02,3.524910054611697929e-01
-7.037815999834303241e-03,-1.358058403338055845e-02,3.503326292814464282e-01
-1.380629550678066052e-02,7.919875553816471681e-03,3.645501242641664974e-01
-3.317267405193031343e-02,-2.039465825952668440e-02,8.918858024584583877e-01
-3.485219407097741445e-02,-1.797036180592594123e-02,8.981107462506284778e-01
3.600617169603397005e-02,4.587720147186418428e-03,8.313440885845354567e-01
3.632053044691233717e-02,4.587719564496123975e-03,8.384868376681969826e-01
-1.680396157264130511e-02,-2.038043711933450533e-02,6.049956473847498684e-01
-1.518406792924770904e-02,-2.124315054474804759e-02,5.980590999112309625e-01
-1.138711836796913769e-02,-2.681826527062726451e-02,6.673159850460534948e-01
-1.142772758966817577e-02,-2.714047195019158448e-02,6.744753267295395815e-01
-6.950640047315580390e-03,-2.845400430575002054e-02,6.708660164165428652e-01
-1.593091188942393974e-02,-2.488142252025322271e-02,6.766809446895948321e-01
-1.277261223432219102e-02,-2.327375782970306922e-02,6.080539657511704332e-01
-1.832611589776704172e-02,-1.939517282901390832e-02,6.111569543842650942e-01
-1.394291116338847863e-02,8.242219786408438650e-03,3.709695682847722886e-01
4.051997989286640345e-02,1.457576517898593986e-02,9.862781908772743078e-01
4.188064687317413076e-02,9.991345188004270572e-03,9.861435786351641086e-01
4.251274723766801378e-02,5.978475970498399981e-03,9.832829169539463177e-01
4.296785474755216577e-02,4.079014321350148478e-03,9.885502151033968010e-01
4.219779795581557469e-02,5.978474935405894350e-03,9.761401932067935716e-01
2.441266405585143517e-02,2.802810069795475673e-02,8.513156179940354340e-01
1.907123965408941482e-02,3.203778112876416728e-02,8.539547282765382885e-01
2.396007185253441404e-02,2.810733393043918574e-02,8.459236173608724041e-01
2.845206915556246219e-02,2.377060851037261779e-02,8.491590979043867060e-01
1.506750715656937807e-02,3.139852310911759453e-02,7.976619114953639178e-01
2.045328232200056134e-02,2.812691529713684524e-02,7.965309697159758118e-01
1.921810398752740387e-02,2.938088725523848796e-02,8.041055289954156526e-01
-8.927730095987159234e-03,3.666133209249704174e-03,2.210479154376436550e-01
-8.576780196640583151e-03,3.566830268291835797e-03,2.127505085535515150e-01
7.824734106366368694e-03,3.775544157749004953e-02,8.831175910762837367e-01
5.314248069989871252e-03,3.850973873163004990e-02,8.903766933617727197e-01
-9.088749133396072100e-03,-7.208983704060712479e-04,2.088203709795596330e-01
3.168312315525888267e-02,-9.535503397172644460e-03,7.578156962280958586e-01
2.923205737312756583e-02,-1.499394635622607920e-02,7.524615913197116868e-01
3.229224297235799845e-02,-5.864862127377809889e-03,7.517131571108169874e-01
3.197523618278030194e-02,-5.864866662967063889e-03,7.445705208276606202e-01
1.133571554407863946e-02,3.273821296250888080e-02,7.935052578196254425e-01
9.883689330035024673e-03,3.355133065755553506e-02,8.011012667892558614e-01
-2.101816676841456594e-02,3.321482749556483021e-04,4.814552700771301819e-01
-2.039593833106501108e-02,5.633152690336320004e-03,4.846334553516114529e-01
3.530387782906679872e-02,2.513914004623606785e-02,9.926451169894486837e-01
3.166604733156104523e-02,2.971181832355038535e-02,9.945432944979469836e-01
3.168561249450858874e-02,2.921916806745120110e-02,9.871862574115011224e-01
3.768404063712420260e-02,2.103569371881896036e-02,9.884739113161706836e-01
-3.915290555653343219e-02,5.686182600638652225e-03,9.061566462664908395e-01
-3.789792235850537178e-02,1.089150966071640581e-02,9.031397955042387293e-01
-3.812265872689430540e-02,1.121797843378375542e-02,9.101704416455282942e-01
-3.569353493154247409e-02,1.649662769045674715e-02,9.006065723290589409e-01
-3.750879887916846317e-02,1.119749385495335398e-02,8.965570302763702371e-01
-3.945654311771860934e-02,1.078918759454326574e-03,9.040412086762721344e-01
-3.975288026278002429e-02,1.416751178324128198e-03,9.110686890519654746e-01
3.186515473416429850e-02,1.113124122511046504e-02,7.730801656271815148e-01
3.300579145705142409e-02,6.071967429894217609e-03,7.686426796832740438e-01
3.346911670953816448e-02,5.216819023505979425e-03,7.758249454216675778e-01
2.659899286895467049e-02,3.432313551190310091e-02,9.945573647586553045e-01
2.986035273714951130e-02,1.551503477904877040e-02,7.707234414892439878e-01
4.328110798220599631e-02,4.079014132408049532e-03,9.956930118559577103e-01
3.268865426206497837e-02,6.071965343484190224e-03,7.615000489591512434e-01
4.320672456828780067e-02,-4.479340119326364819e-03,9.949005411963319778e-01
4.289318018466876242e-02,-4.479340649624279774e-03,9.877577570295547060e-01
4.196534806510878596e-02,-1.121711173862179403e-02,9.949080542979987785e-01
3.874167543864667773e-02,1.847533561763969531e-02,9.830640476211615075e-01
3.931419413192033252e-02,1.652299199976517072e-02,9.767362108750894389e-01
-3.921907876403883664e-02,1.745374068561047348e-02,9.832011146073970087e-01
-3.567594157662052484e-02,2.360963539003126457e-02,9.798389616866597374e-01
-3.596786695088480257e-02,2.359215655689080732e-02,9.852020351025073674e-01
1.282432219108638020e-02,-4.682390982782539193e-03,3.126913681161324621e-01
1.249187791232692774e-02,-4.682293554560837921e-03,3.055493551914585382e-01
1.048173162374402279e-02,-9.265057740295651323e-03,3.204137691718905168e-01
1.304950089568845430e-02,-5.222562155798236329e-03,3.219300271190859708e-01
1.338469910813839051e-02,-5.222786389522220997e-03,3.290719331634736622e-01
2.834624696965720031e-02,3.221479905292064932e-02,9.828098925430805988e-01
-1.659467535553360226e-02,-1.664921637335868565e-02,5.383991124597050648e-01
-1.528247745290757693e-02,-1.821616172003965098e-02,5.446006228547528583e-01
-1.374907209521678518e-02,-1.978586843197905829e-02,5.518417762585795527e-01
2.163345759379786334e-02,3.351970456133572529e-02,9.137359829560605107e-01
2.001691268710187668e-02,3.426520370557607081e-02,9.089018128113550699e-01
2.319218857850944074e-02,3.200916163329612513e-02,9.053404083443972183e-01
2.596706496205928097e-02,7.124625382379600955e-03,6.167234943576315187e-01
2.274271368165275628e-02,1.409917718053914706e-02,6.128706246377489952e-01
2.665838045937464484e-02,4.799409401755329665e-03,6.203934562108951445e-01
2.697518898468714843e-02,4.799416619330329134e-03,6.275361007869688645e-01
2.457618141012081828e-02,1.164571911653742957e-02,6.228861971222828808e-01
-2.752032077583240789e-03,-3.336389648731193092e-02,7.667540595858995944e-01
3.213807314490436245e-02,-1.711744032145959271e-02,8.339809578191959005e-01
2.922216732747781945e-02,-2.199671361102369799e-02,8.377239635427741193e-01
3.258987565508156270e-02,-1.699108262235501932e-02,8.417864184742690492e-01
3.420140506820704834e-02,-1.196610039140572242e-02,8.299016499189393326e-01
3.159127784042153886e-02,-1.737740955917421379e-02,8.258016744080813876e-01
2.736439093562572505e-02,2.830545932320687949e-02,9.017247456371901837e-01
2.872293561556445510e-02,2.723468947341612864e-02,9.065770264745408591e-01
2.817001959575838460e-02,-1.523873642393583014e-02,7.335533315978229885e-01
2.841602930107724190e-02,-1.426512850281064573e-02,7.282405645414473661e-01
2.548205714261716701e-02,-1.912525561721567513e-02,7.297323156716575276e-01
1.509532698828808424e-02,2.419375525010425063e-02,6.531416226012377590e-01
1.223003909450395138e-02,2.541160404732382971e-02,6.459200869811306811e-01
1.751042931483703935e-02,2.219494302337411684e-02,6.475047361474240981e-01
2.812275010158328536e-02,-1.596533703713718874e-02,7.406742996163803161e-01
2.479355986802309758e-02,-2.079564938781902281e-02,7.411694077487452903e-01
2.792783502351409847e-02,-1.682694232983389729e-02,7.467856814122590947e-01
3.042558520015378049e-02,-1.076775879676747025e-02,7.392137956266247034e-01
-1.478324577100880062e-02,-3.997298412436331438e-02,9.761368345441688854e-01
-1.345215268706816646e-02,-4.074391166738983855e-02,9.827361657026946196e-01
-1.456632368623804810e-02,-3.974090591400437217e-02,9.694321162622888677e-01
-1.842654172618635178e-02,-3.823309475115458517e-02,9.720771950403687134e-01
-3.364718586676633538e-02,-4.690521194377369682e-03,7.780993042115256220e-01
-1.882168937993150201e-02,-1.940494918415789846e-02,6.191680655490251484e-01
-2.197029894171088557e-02,-1.552572055290120726e-02,6.161675003929785177e-01
-1.394738543123782461e-02,-2.319648423912704788e-02,6.199294324304025494e-01
-1.837308517794512125e-02,-2.016945796394059229e-02,6.248898174333087363e-01
-1.673597821403336253e-02,-2.193245199982464186e-02,6.318805712220112447e-01
1.126075750233160137e-02,-3.071671102290718727e-02,7.493141119052755261e-01
1.632951290479094097e-02,-2.819234100190894793e-02,7.462063275987002031e-01
1.014856938690921265e-02,-3.082079917246264428e-02,7.431963550439408817e-01
5.551107537931612886e-03,-3.178776642516749351e-02,7.390775392658125442e-01
1.096271064274007868e-02,-3.020322400791775747e-02,7.359260959018996129e-01
7.226763808871344667e-03,-3.201743913222716148e-02,7.517679222483177881e-01
1.364489516454088849e-02,-2.999536461544572569e-02,7.547494727999509712e-01
-3.368774705765176236e-02,-1.839092810274708728e-03,7.727251783637962834e-01
2.318400166818327876e-02,-2.386165761979887334e-02,7.620026821267107398e-01
2.301945329467119244e-02,-2.362191227563237295e-02,7.554389546232035402e-01
1.751211577121986399e-02,-2.812826771710986648e-02,7.588974071606969796e-01
2.186273042616928425e-02,-2.551309192687429422e-02,7.695449957755662318e-01
2.611681359178230979e-02,-1.996577980273792421e-02,7.529455087821625980e-01
2.113853476683897822e-02,-2.499716203836794062e-02,7.497951831664755318e-01
3.473155665437648726e-02,-1.591057050579182050e-02,8.749799867895775574e-01
3.381071061829619279e-02,-1.819860818269834063e-02,8.794430089149698482e-01
3.280237340641792287e-02,-2.053306368025828790e-02,8.863498057903073102e-01
1.463160743607204439e-02,-1.366570590479150235e-02,4.585534375270924334e-01
1.500461863846484258e-02,-1.366782792130664427e-02,4.648663837106596364e-01
1.473911380291481610e-02,-1.429525576851168635e-02,4.702784023064471852e-01
1.777346366055125235e-02,-1.033986080546206790e-02,4.709544050294523498e-01
1.441437099015974339e-02,-1.503935714482015212e-02,4.771225198847695581e-01
1.077628595939418739e-02,-1.751911671630721271e-02,4.710875259011063076e-01
3.871952408708910498e-02,6.024802801126254853e-03,8.974944481501468951e-01
3.840388417531579585e-02,6.024801358924137575e-03,8.903517539060773478e-01
-1.071830051558443631e-02,-8.478726055551749630e-03,3.130122498410816134e-01
-6.977510044713879436e-03,-1.147106541415937250e-02,3.075174814113405541e-01
-1.099302656687749236e-02,-7.528364464666682798e-03,3.051645538088861853e-01
-3.692859750007984609e-02,-6.523289703312275430e-03,8.588987271490019504e-01
-3.566622577455036414e-02,-1.130460621943933132e-02,8.569418040179425100e-01
-3.660909981544325370e-02,-6.783644957652228483e-03,8.527598284806089390e-01
-4.215674652792120169e-02,-5.640303011769320918e-03,9.741519148303490194e-01
-4.122447932027428763e-02,-9.802885999713958215e-03,9.705237270864861543e-01
-4.195225685741377913e-02,-4.897716808148913116e-03,9.673904982455626689e-01
-3.662952035033649467e-02,-5.148192376346412587e-03,8.471996207673146984e-01
-3.628375194262286468e-02,-5.503631932235250948e-03,8.405403048310460257e-01
-4.123527320255790385e-02,4.581222554070868425e-03,9.502538417092019074e-01
-4.096917420790868042e-02,7.635076867592338438e-03,9.545039896325012707e-01
-4.173006718493076084e-02,1.380123502429616168e-03,9.562982457618436349e-01
-3.707579015714460025e-02,-2.373676403288288255e-04,8.491926083194564212e-01
1.338489355619112454e-02,4.081939222842586451e-02,9.838968663019257432e-01
1.571579898797380997e-02,3.974320999952315331e-02,9.788537457595232194e-01
1.833997769665636837e-02,3.890196452470755933e-02,9.850530201927818474e-01
-1.646064147201094230e-02,2.950280415088483987e-02,7.737840404235761804e-01
-1.146618436238747325e-02,3.192836861558977918e-02,7.770063579091953665e-01
-1.651741521613686245e-02,2.975253540594493054e-02,7.794142897057344532e-01
1.070526466535054975e-02,4.184937716219070541e-02,9.893719061802614956e-01
7.919129002710256077e-03,4.219047133391176652e-02,9.831955850652516204e-01
-6.460904657189985544e-03,3.320035736174997698e-02,7.746780198064368017e-01
-6.319790045399954238e-03,3.298642044900117198e-02,7.692541499144199824e-01
-1.215458920798033514e-03,3.371017091274250421e-02,7.725915642685563522e-01
-3.977660847231730828e-02,-1.134233876038024703e-02,9.473489245737586328e-01
-3.726072450705324168e-02,-1.804754221741412118e-02,9.482478065446399151e-01
-3.784290276960210198e-02,-1.627615367648658357e-02,9.435124052680105011e-01
-3.615696723243107952e-02,-1.947062288184578036e-02,9.405702409717965340e-01
2.111322953530270913e-02,3.635109633108311866e-02,9.628222909492287762e-01
1.467794049654767494e-02,3.955556506756410795e-02,9.663339079236569207e-01
1.521859757673271925e-02,3.908099332346910704e-02,9.605746845494941288e-01
-3.510366296046592977e-02,-2.215964019017575837e-02,9.508006088825120550e-01
-3.250111421340384082e-02,-2.603307085535006699e-02,9.537550406574483164e-01
-3.779650253537922971e-02,-1.756543426643692243e-02,9.546008358209682187e-01
-5.049088665827934641e-03,-3.434773109553157511e-02,7.951466767143132719e-01
-6.123166075383738513e-03,2.327860581217696193e-02,5.513039853805832280e-01
9.520416834798792888e-03,4.130851576515505441e-02,9.709229617351166075e-01
1.576121875783164858e-02,3.945621114743935037e-02,9.731293878042178713e-01
-8.280227901797641149e-03,9.469520566382489887e-03,2.881089730206565780e-01
-8.600950809126988936e-03,9.625386082808193994e-03,2.956488570791745429e-01
-1.157639306992303344e-02,5.370689866991230216e-03,2.922875741405354111e-01
2.507139932577998574e-03,4.229644632112046498e-02,9.704482825753508735e-01
3.660222857734168715e-03,4.250948561803755132e-02,9.772297871454517226e-01
4.106025696079994985e-02,1.092755628665114526e-02,9.731691629642672536e-01
3.931009370061912950e-02,1.564240551462880990e-02,9.690129061290061463e-01
-9.179934719755346306e-03,9.548034631060702340e-03,3.033656849396798583e-01
-9.430311119784302518e-03,9.695591505393313936e-03,3.097815891575519398e-01
-1.211338936843682317e-02,5.661071442108467182e-03,3.062447853180135793e-01
1.645531504343581211e-02,3.820420013607696286e-02,9.527356143675869138e-01
1.808720221749845342e-02,3.712301466603623590e-02,9.458076918303174319e-01
3.733983225835829645e-02,1.969076084742396593e-02,9.668506987174433354e-01
3.955842438653402182e-02,1.427985849156500169e-02,9.632615027875531810e-01
9.700211500254225447e-03,4.060985246657341369e-02,9.562847984828508618e-01
-2.236845034706518714e-02,4.816446554313498149e-03,5.240638459457102050e-01
-2.279108521205772467e-02,-5.054674730969470385e-05,5.220029560925033563e-01
-2.191353073345549130e-02,5.471967421421124883e-03,5.173135045732922821e-01
-3.675240538513549482e-02,4.983922317912701377e-03,8.494730863700785672e-01
-3.510896361880543742e-02,1.190817659614183677e-02,8.491226266419706903e-01
-3.718122149858758829e-02,3.337390479105713844e-03,8.550136756701812724e-01
-2.284440349520636820e-02,3.902539417995140245e-03,5.308026531109943935e-01
-2.030816597686218791e-02,9.425410745292359463e-03,5.127886484091604968e-01
-2.177711562677865642e-02,4.785937621390474322e-03,5.106810256988411068e-01
-9.012291379512668218e-03,-2.379369643189451974e-02,5.827473198768061691e-01
-3.034469836449667918e-03,-2.534862569761864651e-02,5.847241325412427804e-01
-2.277319301005615703e-03,-2.517289340648874024e-02,5.789085868805310398e-01
4.032726545409763552e-02,-5.744781857348111795e-03,9.329710107899119587e-01
2.995879579409721147e-02,-1.033317419709123275e-02,7.258376160500985552e-01
-5.181671012796094586e-03,-2.534204439803196610e-02,5.924371995924079259e-01
1.712425911642253716e-03,-2.564372724673034606e-02,5.886460016832913977e-01
-4.028232206248232722e-02,1.229378304762464118e-02,9.646272574810877964e-01
-3.769400780247757904e-02,1.871153014998974337e-02,9.638539123746842074e-01
-3.897663743445062279e-02,1.643376157491450301e-02,9.688175830807291833e-01
2.504645529836796447e-02,-6.978082004024169054e-03,5.955060753276587571e-01
2.256507034779138901e-02,-1.301954981005949176e-02,5.966820307699804982e-01
2.542727826209778205e-02,-6.498380483137676349e-03,6.010985942520109537e-01
3.546806869284601510e-02,1.993591774998782970e-02,9.318834666658780685e-01
3.521310848634884305e-02,1.990198780586455857e-02,9.264147432999787490e-01
3.782478095822886660e-02,1.436181253131642820e-02,9.266761967070873407e-01
1.455391206525937474e-02,3.566042286905616449e-02,8.821613921194864094e-01
1.121840422640590570e-02,3.650311418149149861e-02,8.746509762814311806e-01
-1.691056530694757740e-02,1.512886166210454866e-02,5.196932912867082699e-01
-1.770437510905620987e-02,1.383067792109936647e-02,5.145618046655963118e-01
-1.778490457011553186e-02,1.324695156353933485e-02,5.079188521270243672e-01
-4.026078005889918016e-02,7.213469161863441184e-03,9.368072830124979378e-01
-3.971591859391414292e-02,8.441161748220319880e-03,9.299626621957813866e-01
-3.771383485400339047e-02,-4.396572685620587714e-03,8.696385723987309913e-01
-3.741224856719934516e-02,-5.046841324367042601e-03,8.646427679843009528e-01
-3.756791895827719246e-02,-4.000617268382743587e-04,8.604955946640915343e-01
-3.744003792182734602e-02,2.006967875378852517e-02,9.729514334270434883e-01
-4.023276967629826201e-02,1.373705242052607189e-02,9.737151106273632672e-01
-8.230321376398624586e-03,-2.974784289034112031e-02,7.069336734608695494e-01
-7.174076900176503367e-03,4.059939911799115286e-02,9.442849468825874615e-01
-3.956411557126050110e-03,4.078275916151644781e-02,9.384639095798237296e-01
-6.282039938372080889e-04,4.115917771506254208e-02,9.428099524967370471e-01
1.285564982709261860e-02,4.173355131112252252e-03,3.095693028072141750e-01
-1.415798980095610282e-02,3.875256088313822067e-02,9.449599745397738726e-01
3.428563910386665109e-02,-1.553238517732316581e-02,8.620948260391393392e-01
3.407265189929346849e-02,-1.673119966407946024e-02,8.694019151563063819e-01
3.565069366688665420e-02,-1.150536533725353243e-02,8.580037296162930094e-01
3.396468987940169659e-02,-1.549248282461238718e-02,8.550246503454268510e-01
3.295226246687910782e-02,-1.690081082285924824e-02,8.482093492253954814e-01
3.097128543151038416e-02,-2.063073824275048901e-02,8.523302945974300382e-01
3.115008966922983361e-02,5.333034138793211684e-03,7.238348522825372999e-01
3.092177059556762073e-02,7.732143331320985753e-03,7.300310522319305440e-01
2.897065230144073647e-02,1.279304403496056043e-02,7.253520470326164649e-01
3.083365035577927127e-02,5.333036589658301553e-03,7.166921919957307541e-01
2.792514338340499822e-02,-2.463816404326751863e-02,8.529470413303334997e-01
-2.418703251117107489e-02,-1.452538093516343070e-03,5.549721857878638920e-01
-1.534669704321434819e-02,3.573501902978337696e-02,8.907511746143819131e-01
-1.736547596910197749e-02,3.505692894281371014e-02,8.960461326034673268e-01
-2.089194267765337454e-02,3.280667758021863639e-02,8.908214500487438015e-01
-1.417846744333965160e-02,3.586540406311668205e-02,8.833124991031475748e-01
-1.033147025011372545e-02,3.739492767557947572e-02,8.885716182725980072e-01
-2.496774905670265561e-03,2.889193971724625734e-02,6.642005390998296788e-01
-6.031293305256845046e-03,2.811985527715525970e-02,6.586984240591886586e-01
-1.327854211894057522e-02,1.143016454551167059e-03,3.052532960679406049e-01
-1.277112524395023277e-02,-3.303939426492751366e-03,3.021367451380957414e-01
-1.289551282275430526e-02,1.206129677569039733e-03,2.966448814509023424e-01
3.414111291339678306e-02,-2.689782614796604188e-02,9.954864587990290836e-01
1.709580922274439932e-02,2.184498962916039608e-02,6.353350430971922425e-01
1.163196248399408703e-02,2.509675498605765456e-02,6.335488177411765509e-01
1.409241040902209363e-02,2.355092099088914454e-02,6.285996394706904189e-01
1.087890565863016811e-03,2.705094203960449288e-05,2.492449221179304439e-02
1.214052167325449039e-03,2.925517811745729021e-05,2.781443821984584328e-02
1.053675148430916007e-03,5.628649371590979883e-05,2.416753732626193349e-02
2.035480747107513977e-02,-1.860605471973539662e-02,6.316223460062846407e-01
2.124137768134438248e-02,-1.710037128486317434e-02,6.245713762679919734e-01
2.463135379774843842e-02,-1.394008659957555324e-02,6.482330548640645729e-01
2.531236814602390653e-02,-1.188310314909325933e-02,6.404558470276365822e-01
2.230266219471143535e-02,-1.711234585955144494e-02,6.438529681067202137e-01
1.878459492968949374e-02,-2.067016283213861730e-02,6.397151849512092703e-01
1.747382212526323725e-02,-2.222504233562907355e-02,6.475275562873474833e-01
1.424238822016638678e-02,3.818203266560096787e-02,9.333708074617039774e-01
9.000129643194113363e-03,3.992593319481101133e-02,9.374000814887947231e-01
8.272387192560848312e-03,2.873964552245058049e-02,6.849717984244066971e-01
1.272129426123034743e-02,2.724467925647977226e-02,6.886777547037804537e-01
1.693545529311413916e-02,2.507829204672889709e-02,6.930917033800811922e-01
1.253937170589239022e-02,2.769356499609655631e-02,6.962780080447189546e-01
-9.225043376272943838e-03,2.702179810903349369e-02,6.539732990132508528e-01
-3.782549178851703914e-03,2.819374943541624531e-02,6.515286749075364092e-01
-1.315394480627904601e-02,2.508984540824545431e-02,6.488384965246926095e-01
3.823905764097687565e-02,1.563975833614579536e-02,9.462408960338738462e-01
3.537396636141876965e-02,2.137774576337744120e-02,9.466560232686023202e-01
3.740329151785607570e-02,1.702585036363419083e-02,9.412544255198018739e-01
4.446862131544645179e-03,-6.906566990023717137e-04,1.030709899298338089e-01
3.366278750690595428e-02,2.436565919945656022e-02,9.517799179313408686e-01
-1.624031524652016709e-02,-4.565322642596910709e-03,3.863818477198299184e-01
-1.361472222228903711e-02,-1.022174292053509674e-02,3.899326159376405032e-01
-1.309009385034358083e-02,-1.043774454897160656e-02,3.834565557888626186e-01
-1.342091968692445299e-02,-9.487283635657543096e-03,3.764376088915871721e-01
-1.250906684851377931e-02,-1.016573801669892231e-02,3.691835389204055629e-01
-2.391837740685344438e-02,3.470862111135050720e-02,9.654357363219389088e-01
-2.812352168886757264e-02,3.129810108396112456e-02,9.637298193447688677e-01
-1.243342683384409883e-02,-1.858355923642411589e-02,5.121124109921523226e-01
-1.240032759060412729e-02,-1.899905206907139335e-02,5.196339497010631359e-01
-8.771575916811597332e-03,-2.075893002116024899e-02,5.161604920179959644e-01
-4.937445815872719586e-03,3.493524171605581763e-02,8.081003807879048040e-01
-1.065653660069740098e-02,3.355095563086903793e-02,8.062738372952286126e-01
1.167223137935472638e-02,-1.054280274516255708e-02,3.602462179365136796e-01
8.023719206510749810e-03,-1.337115578351863975e-02,3.571576780863600087e-01
8.678402687592063139e-03,-1.324467783992753014e-02,3.626731282592610683e-01
7.550420779041146224e-03,-1.424818159921056177e-02,3.693259947727475789e-01
3.118641580362538530e-03,-1.568629995210667899e-02,3.663069987664799299e-01
7.861504804828074039e-03,-1.443067034836181470e-02,3.763803775813360231e-01
2.510282942015975086e-02,-1.528262914093701623e-02,6.731177827149110726e-01
2.517329139179521474e-02,-1.466526654464874423e-02,6.672683552087180781e-01
2.520327253780883792e-02,-1.578217231232644999e-02,6.810864804387052329e-01
2.191576809619289259e-02,-1.976758552711139691e-02,6.759748036212528399e-01
3.548433499954691678e-02,-6.221319625445724186e-03,8.251215759970210728e-01
-1.609432070827318192e-02,-3.250221690257318330e-02,8.306906423762570046e-01
6.150117375429011747e-03,-6.034004558331345497e-03,1.973357852435308757e-01
5.706616154414359196e-03,-6.032739003524096449e-03,1.901969950273116883e-01
-4.063175144242164860e-02,-1.533019569140628424e-02,9.946549578567753791e-01
-4.172778071135395395e-02,-1.110885430433987235e-02,9.890116283561265487e-01
-4.242605726657087961e-02,-9.213370178269668365e-03,9.943654778147255069e-01
-2.579058715187520015e-02,3.101790105087209523e-02,9.239234158588904844e-01
-8.220073016282178346e-03,2.968946547877604134e-02,7.055824439789598612e-01
-2.486579696635181878e-03,3.057643231378132445e-02,7.026273877443540705e-01
-2.982685057213011240e-04,3.095244998455933677e-02,7.089605720440766978e-01
1.191291805924993459e-02,-3.289266513595481140e-02,8.012538048684381131e-01
5.211333589210219094e-03,-3.461938450243977339e-02,8.018476433031004325e-01
3.719117265891672131e-02,-2.240664286325503782e-02,9.944668800357097105e-01
3.612930121842521103e-02,-2.372375607452002419e-02,9.899470115324642272e-01
2.181728782740589498e-02,4.850406849816713342e-03,5.118981325407281346e-01
-3.771477118096918518e-02,-2.152938707181061354e-02,9.946455562761807867e-01
1.889025735768009445e-02,5.971641268964229116e-03,4.537618761878132179e-01
1.856295108212286868e-02,5.971635728175603459e-03,4.466196614765175488e-01
-1.457535232673970969e-02,2.701308275018081059e-02,7.030178425965550870e-01
-2.053225841051497039e-02,2.258786744818187461e-02,6.991411073182681735e-01
-1.683457840326552449e-02,2.526466384431801104e-02,6.953495215404058571e-01
3.002444118654990987e-02,4.571538876764792703e-03,6.955983462870825029e-01
-1.738040376256817440e-02,2.453250994837556653e-02,6.886086643232948168e-01
-1.094489471717696727e-02,2.818586284211473114e-02,6.925250303665954066e-01
2.658668878069232050e-02,3.242318781216538270e-02,9.603522205836919623e-01
2.615702683244758991e-02,3.309137670222717098e-02,9.661016994136190084e-01
2.601120959368657948e-02,-4.621331414112197014e-03,6.050842512555010266e-01
2.412943305116969223e-02,-1.087941280433162017e-02,6.062325022723382695e-01
2.103524414982532384e-02,-1.613678955991415531e-02,6.072208870832851435e-01
2.234810376717893260e-02,-1.458135823844281496e-02,6.111717593825460870e-01
-3.484407777861620731e-02,8.760441059796522656e-03,8.228972939579682899e-01
-3.590328477364309462e-02,3.077857348770956809e-03,8.253365045823151114e-01
-3.549725768465576692e-02,3.986734186383525391e-03,8.181324287785337601e-01
3.073825686603833679e-02,2.835471545660894419e-02,9.578129994298341110e-01
3.473295238387059947e-02,2.364554890372935064e-02,9.623643267127655054e-01
3.394112005767903339e-02,2.441727037760616642e-02,9.576411194932115123e-01
-3.275835952112703814e-02,1.438552346140415002e-02,8.194471211401171962e-01
-3.345179885216848642e-02,1.354974431002602814e-02,8.266382491905398533e-01
-3.150612410127778124e-02,1.773027109461050230e-02,8.280268358651884375e-01
1.796684212470356021e-02,6.619206108039957064e-03,4.385465907613206316e-01
1.763414408505316680e-02,6.619228823392094528e-03,4.314045858685519041e-01
-1.827209479550873442e-02,1.028798142338541340e-02,4.802761862253315805e-01
-1.788257244321507858e-02,1.150573292835941654e-02,4.870313746673976540e-01
2.585115016773156457e-02,-2.610720481742552501e-02,8.414969726420041818e-01
2.630888863011033099e-02,-2.600235774731334340e-02,8.472165195463663423e-01
2.185559020054061996e-02,-2.962672575287654542e-02,8.432224960200007668e-01
1.692824936158461580e-02,-2.519164073644086788e-02,6.951526365770575033e-01
2.211253630549396554e-02,-2.052603272488340638e-02,6.910268686860933096e-01
1.679364285121378447e-02,-2.490954600183500900e-02,6.880711729554606082e-01
1.891834245025035902e-02,-2.407883853584480080e-02,7.013543450181571881e-01
1.297029352048739703e-02,-2.759896736511908283e-02,6.984452564133624142e-01
1.110118561782151049e-02,-3.253571489458371990e-02,7.873730540603040007e-01
1.229693246135116561e-02,-3.242712401729624244e-02,7.943126673382504555e-01
-1.038069068888988061e-02,-3.538025487312245615e-02,8.445004346181090860e-01
3.886510131306194354e-02,1.270415814594069194e-02,9.365068638646197874e-01
3.641582934592913628e-02,1.863304279897072535e-02,9.369020144048151311e-01
4.084675291832737254e-02,-1.405381776820317265e-02,9.893703042360691979e-01
4.025280876702169025e-02,-1.627763462255629734e-02,9.944692628594592465e-01
-1.877494192738606016e-02,2.515072684570001521e-02,7.188490143251221598e-01
-1.597103359836262587e-02,2.729561341924725479e-02,7.243257195947683247e-01
2.070738183592395198e-02,1.874695730398284396e-02,6.397674317290824586e-01
2.242305735754007365e-02,1.629568436769139941e-02,6.348694232273039972e-01
2.538260575995473015e-02,1.092789697831256755e-02,6.329465482468957793e-01
2.299501877752964385e-02,1.497012079686379712e-02,6.284466917968375421e-01
2.141826313876794841e-02,1.689576598384045364e-02,6.248191336503736704e-01
2.189434410892697469e-02,-2.783856107753720013e-02,8.111774578675494674e-01
1.384591870330984832e-02,4.383171469339706798e-03,3.326346420094346557e-01
-2.216070094456165651e-02,-3.701478209908450057e-02,9.881032627444246152e-01
-1.795007491979698500e-02,-3.906730197779796632e-02,9.847179002140136195e-01
-3.789960708213317708e-02,-2.031430761139753696e-02,9.848755837026788029e-01
-3.688185422172286787e-02,-2.255421256889262108e-02,9.901644272391769697e-01
-3.468657496212229630e-02,-2.547883901944489674e-02,9.857483003471546601e-01
-3.913686116943367044e-02,-1.716919403180736797e-02,9.788446477552196212e-01
-4.062724984392952071e-02,-1.387622368799067314e-02,9.832954971209182382e-01
1.686614233432099860e-02,-3.062847398684663547e-02,8.008363692889604035e-01
-1.350046287799435557e-02,-3.954744921134251828e-02,9.571097602447390384e-01
-1.869032564285803139e-02,-3.747118945855898442e-02,9.590685690469943347e-01
-1.299154488237385871e-02,-4.000717452174294697e-02,9.634169579029066011e-01
-7.885956010434904198e-03,3.730783804176872331e-02,8.733704895472153007e-01
-1.171736273570324859e-03,3.799321177145107559e-02,8.706013547422064569e-01
-9.486199644430965902e-03,-1.034237900567527672e-02,3.214311447547800737e-01
-1.270973869290496251e-02,-5.709481008189206883e-03,3.191240355419306951e-01
-5.267374028231978401e-03,-2.771451159902881337e-02,6.461295488643485907e-01
-4.050767039414880470e-03,-2.819620305957683259e-02,6.524295836612893362e-01
4.043146881201272608e-02,5.546365726964893814e-03,9.347054060765205286e-01
3.995508344197868517e-02,7.314367373897971182e-03,9.303296039939701334e-01
-1.799163348750196581e-02,1.194964830180274447e-02,4.946857966656873495e-01
1.647310630543065424e-02,2.081437385694701048e-02,6.079650830288299002e-01
1.929958648744791588e-02,1.846928379908332682e-02,6.118300526121543959e-01
1.251870096291600280e-02,2.367400116434739341e-02,6.133661789852818957e-01
1.278838607640055310e-02,2.295377760665373232e-02,6.018152244389408656e-01
-4.048861888041606349e-03,1.169772982749354463e-02,2.835169479400680426e-01
-8.370704709129496088e-03,8.913851245315749031e-03,2.800686099751562574e-01
-8.555509294865060524e-03,8.257617176961907016e-03,2.723381782006513152e-01
1.707812809784858832e-02,-1.822348898317812521e-02,5.720249308558300605e-01
1.592611380707087410e-02,-1.881391228976118588e-02,5.645694102588504348e-01
1.307568896449277408e-02,-2.142422976768921378e-02,5.748668412416160223e-01
7.710344045690294482e-03,-2.561291829991524729e-02,6.126365506584096066e-01
1.372456698307135750e-02,-2.311225303856166008e-02,6.156555949660844629e-01
1.322200298377352451e-02,-2.307495310956465470e-02,6.091173766610077367e-01
1.227048515677550862e-02,-2.331176383670716112e-02,6.033754099226681378e-01
1.767236471406163564e-02,-1.971749408962620784e-02,6.064491755514943572e-01
1.773762308858051542e-02,-2.043170089359696434e-02,6.197056714230265717e-01
2.181914928647400720e-02,-1.580521745523163699e-02,6.170769963125615210e-01
1.280050508461879483e-02,-2.400916138978383477e-02,6.231730175344889489e-01
-1.882693971159212290e-02,3.663317152325060860e-02,9.433579517447052698e-01
-1.526880901669436415e-02,3.801716632283475700e-02,9.383394798839427287e-01
-2.530087796534670128e-02,-1.035957592909592627e-02,6.261804215450175182e-01
-2.509258990043465934e-02,-1.023051307643351067e-02,6.206461803922448395e-01
-3.738176220697098096e-02,-1.159738448113524674e-02,8.964404723091932148e-01
-3.642196467045619862e-02,-1.500608343369614142e-02,9.022287334224877720e-01
4.067591425945488171e-02,9.833080040597486429e-03,9.584670275640062576e-01
4.138112120909841207e-02,4.861085942232974168e-03,9.543005426436775851e-01
4.106710074554446172e-02,4.861085540038482915e-03,9.471577790135518038e-01
-3.798399288121978579e-02,-8.393757865679935676e-03,8.909649837166679909e-01
-3.873793792570009997e-02,-5.172910612444282970e-03,8.951203104807877731e-01
-3.833991646248086776e-02,-5.186767918781655037e-03,8.861276435730482959e-01
-3.696730024731796627e-02,-1.160759784038437395e-02,8.874485406435638213e-01
3.410363846952639555e-02,7.677142539992695171e-03,8.006485130847376119e-01
3.263896026766043013e-02,1.212447333237761694e-02,7.974670771242376999e-01
3.447846469439379280e-02,4.629530889051297615e-03,7.967736084351476622e-01
1.993895106965325875e-02,1.819226679284701581e-02,6.181981918612641236e-01
1.178656188885302686e-02,1.829535474880834497e-02,4.984624782643236052e-01
1.750974058218181598e-02,2.086157089912097848e-02,6.238054698627121253e-01
1.380971793245456755e-02,-3.023518024170777571e-02,7.613131854811790999e-01
-7.375778210507132927e-03,1.310218531370707130e-02,3.443719310423331015e-01
-1.062485833850804195e-02,1.040244785106412585e-02,3.405648506886064242e-01
-3.297653915268047853e-02,1.701880508454914689e-02,8.499401499690706352e-01
-3.473766451260917182e-02,1.380041959137700593e-02,8.561098265600719515e-01
-6.964326305750051863e-03,1.360395141696786776e-02,3.500376839237996363e-01
2.190224046843857082e-03,-2.680201445592915455e-02,6.159133270512809899e-01
1.623384900783935141e-03,-2.655673525767469900e-02,6.093846150137730566e-01
1.804960536655132210e-03,2.712310923524241177e-02,6.225953541310045303e-01
8.652574760524282121e-03,2.556673785281222619e-02,6.182002257031931070e-01
1.929678195617421776e-03,2.740784157305200044e-02,6.292967189675623407e-01
1.444652094452234144e-02,-9.996618636035516439e-03,4.023731755586104075e-01
1.692196904296514037e-02,-5.106789107931545245e-03,4.048413590782706240e-01
-4.030939352161480582e-02,-1.115132986619143951e-02,9.579140534694789988e-01
-4.088027511067041098e-02,-7.527509609098947431e-03,9.520531664477588363e-01
-4.147163916373951958e-02,-5.410709117927030645e-03,9.579067327841936930e-01
2.413511008609727990e-02,3.557203282674138711e-02,9.845617425046175875e-01
2.205271205056912043e-02,3.715423158936756454e-02,9.895802527293714457e-01
2.102686763974655898e-02,3.801641190786346491e-02,9.950300309276108868e-01
-2.920681804852763054e-03,-2.694036234645761155e-02,6.206512685294934828e-01
3.261592677369474537e-03,-2.704221867392034295e-02,6.238573628896542100e-01
-4.194221531612501996e-02,-2.336977077496331465e-03,9.621247055649196911e-01
2.451028357073185317e-03,-5.277445941196394930e-05,5.615079029657540216e-02
2.614148344855041564e-02,-2.358041809030360023e-02,8.063339782857451565e-01
2.141875788866956509e-02,-2.775007625570897335e-02,8.028839537997934928e-01
3.014922512194759957e-02,-1.857062857126744182e-02,8.110145506830177542e-01
-2.856854969454498266e-02,2.217770273912817586e-02,8.283480260395759132e-01
-2.735558003996909140e-02,2.320137886274438455e-02,8.215500377282253242e-01
-2.486962458449586480e-02,2.615936451075743727e-02,8.266992194615339073e-01
-2.960170279826851783e-02,2.114098716831736696e-02,8.331438404739116566e-01
-2.363224864941732006e-02,-2.306340776309185811e-02,7.563113157213050552e-01
-2.634152985526094087e-02,-2.027827774495067140e-02,7.613856389637667643e-01
-2.244546979062288228e-02,-2.453604805253937343e-02,7.616377738608925974e-01
1.478903140697353756e-02,4.084987374499483848e-02,9.950434475782264920e-01
3.446103933931105034e-02,-2.486640569001518156e-02,9.733160892670845721e-01
-3.375579904530395109e-02,-1.652175649326877160e-02,8.607740956501721552e-01
3.254713976075815363e-02,2.263704222662727208e-02,9.080272846470258674e-01
3.542713493760743515e-02,1.758537403007989428e-02,9.058800543453376930e-01
3.576703874180651999e-02,1.739088609731486573e-02,9.109032232030650489e-01
-1.013879645583734036e-02,-1.399234108877482792e-02,3.957654063513524334e-01
1.969410198595521883e-02,-1.700047359294478908e-02,5.958826316966833181e-01
2.031224077660561192e-02,-1.664406078286613869e-02,6.014634736753721178e-01
1.740273965243128648e-02,-1.908913375458366757e-02,5.916315187522446228e-01
1.421067970660176705e-02,-2.182347427816917068e-02,5.964693974921524422e-01
1.338806949918791046e-02,-2.185017586473099460e-02,5.869223835713655024e-01
2.037530116288414905e-02,1.336560420473952536e-02,5.581155983310750468e-01
2.082201157566823321e-02,1.210675664920567336e-02,5.516573995388497353e-01
2.259405639401990129e-02,8.999851114992477030e-03,5.570319643170745794e-01
1.702951666061652131e-02,1.753312611119380374e-02,5.598155171878946845e-01
1.232069065555297001e-02,2.116486001041749734e-02,5.609088308649800014e-01
-2.871459433613933812e-02,-3.029176918066667917e-02,9.559734348451349728e-01
-3.249093380226839023e-02,-2.643365227030489151e-02,9.593366674818593065e-01
-1.126888935900526023e-02,3.481671388462941052e-02,8.381624891493666407e-01
-1.134925563574760987e-02,3.504470676871290075e-02,8.436974644403372192e-01
-1.648633867987889592e-02,3.285378824721070512e-02,8.419029076686963542e-01
9.500562525551325271e-03,2.633388861435633638e-02,6.411967878075993665e-01
6.024394196910809463e-03,2.704032085569384181e-02,6.345096593259689222e-01
-3.795638038936682379e-04,2.780864541942738855e-02,6.369820210900004609e-01
1.641339905713286394e-03,2.829832770202747594e-02,6.492275653011793102e-01
-1.674111041290233864e-03,2.808802990269334415e-02,6.444633172961093948e-01
-4.219923887480356989e-03,3.617331139927401629e-02,8.341236386326421615e-01
-9.670625617337582497e-03,3.502774958468084926e-02,8.322814435634268149e-01
-1.261630067753602251e-02,2.828283604688350619e-02,7.093107446761807156e-01
-1.782430361015427400e-02,1.276089445260984723e-02,5.020817955568290802e-01
-3.727150733619728762e-02,4.822838074230985372e-03,8.607748938194313970e-01
-3.720948931418433664e-02,1.891970928869669485e-02,9.560783173907618782e-01
-3.522292364848134127e-02,2.274367451585682445e-02,9.603014060060448553e-01
-1.965381953402350890e-02,2.243594739074536784e-02,6.831484759054557987e-01
3.612569387919484232e-02,-2.327974924002404120e-02,9.843324550418470764e-01
3.741087695870209950e-02,-2.061162099083095611e-02,9.782918264472569847e-01
3.975891527294923150e-02,-1.615404762808682337e-02,9.829224030990463268e-01
-3.168929031297917226e-02,2.712778160219327106e-02,9.554268545717072847e-01
-3.115374328021210115e-02,2.739335916312319805e-02,9.501479786238720138e-01
-2.761290794907465471e-02,3.113050943369943119e-02,9.530777554015195108e-01
-3.892213286926538007e-02,-1.560345886015296855e-02,9.604301186484377473e-01
-1.020133960446436422e-02,2.951250915076335593e-02,7.151902141450505734e-01
-1.638721267081903396e-02,2.644965926077236240e-02,7.126440361036943116e-01
3.248971925400350597e-02,-2.146840804721952475e-02,8.919169785738608747e-01
3.560702828055252456e-02,-1.563586707230511103e-02,8.907005574030952832e-01
3.054561793568620620e-02,-2.441622625689505999e-02,8.956476093169133401e-01
3.390736161266526966e-02,-1.985630504091343354e-02,8.999699506928023895e-01
2.058134833968879723e-02,3.722853154856388402e-02,9.743003051388843261e-01
2.507250089615799954e-02,3.426871658578885260e-02,9.725272309073839105e-01
2.504874507041097292e-02,3.459502307236460988e-02,9.782496291631032070e-01
2.624675058490745158e-02,-2.889410606543805354e-02,8.940573059828053060e-01
2.807968282657198611e-02,-2.761857631889782713e-02,9.020869392370494122e-01
1.986098175118892681e-02,-3.364898001278294332e-02,8.949226774843684895e-01
6.001227316881782570e-03,2.517087604552376706e-02,5.926668453785338686e-01
1.163212067683262047e-02,2.301864588776000864e-02,5.907059593103827222e-01
1.110240986443853696e-02,2.353531912353347411e-02,5.960151070141527230e-01
9.815143468023316414e-03,2.349533021435960475e-02,5.832000277224139717e-01
3.011438655898590958e-02,2.978365028746493212e-02,9.700879291812510852e-01
-1.828763990108622089e-02,-6.448128949816778199e-03,4.441300236465101081e-01
-3.075341979573090190e-02,1.714895521078213178e-02,8.064791154142111340e-01
-3.153404832131009167e-02,1.622374992367089236e-02,8.122303914297254179e-01
-3.371920672956599252e-02,1.065525658469377961e-02,8.099386156211861865e-01
-2.911094932295457335e-02,2.054079057853226351e-02,8.160208438345188942e-01
-3.923528827328225804e-02,-1.548472742805420167e-02,9.660895810874216005e-01
-3.605562442466292428e-02,-2.161273413052222300e-02,9.628080333421314974e-01
3.180099091507103404e-02,7.360594143092204569e-03,7.476181212133715670e-01
3.199953606262415789e-02,4.825779954307235324e-03,7.411972992902771118e-01
3.814330896827906880e-02,-1.609550288592917142e-02,9.482206603872899153e-01
-4.212443752801469515e-02,1.896730126808965789e-03,9.657857795821185309e-01
2.286722333109750954e-02,-4.047962370987838107e-03,5.318883152030620121e-01
2.318386111852629647e-02,-4.047961700479376854e-03,5.390309670659462205e-01
3.112430779099650477e-02,2.519184038235278145e-02,9.171096038081647528e-01
2.697666417713371137e-02,2.950609429159576150e-02,9.156781129210734838e-01
2.914967600800908235e-02,2.710029081916251817e-02,9.115955845178905781e-01
-2.762758312215496045e-02,-1.916573126554085155e-02,7.701282109296184730e-01
-2.854295527998741006e-02,-1.730989945525619050e-02,7.645649221029471310e-01
3.895713122210404944e-02,-4.176754144621880847e-03,8.973785799721177847e-01
-1.801582520507947691e-02,3.635717034373168316e-02,9.293437602197263114e-01
-2.302770116607154305e-02,3.361823674968411613e-02,9.332998828818160897e-01
-2.126429108916379901e-02,3.438071588175078269e-02,9.258912591418901883e-01
2.431113010019237894e-02,-1.567768135240395905e-02,6.625567867420755208e-01
2.688748115753973947e-02,-1.058881151875376569e-02,6.618592133779876985e-01
-5.898465183133859945e-03,3.082883542496377138e-02,7.189042836944652404e-01
-1.002018955286025810e-02,2.989725487158486836e-02,7.221953696840758274e-01
-3.294140153552873955e-04,3.124557459392516764e-02,7.156810853708382991e-01
-1.352260427394002173e-04,3.155302244166449666e-02,7.226896650853250614e-01
2.747864820598727373e-02,-4.210017175748628250e-03,6.367083494475878069e-01
1.379648478649633846e-03,1.203946098287689281e-02,2.775536207592665949e-01
1.122465166453007375e-02,-4.496876443555494762e-03,2.769506649815817179e-01
8.956497007604719701e-03,-7.798578855214697257e-03,2.720025110570475912e-01
4.766392949954227631e-03,-1.063778710841442599e-02,2.669846437935374239e-01
1.061385294400041431e-02,-4.742289520064342512e-03,2.662587955863159883e-01
1.027131820084101893e-02,-4.742442793408911846e-03,2.591171549289431053e-01
2.717383991162034343e-02,-2.139064660652522515e-02,7.920787545770471283e-01
2.396918733165228146e-02,-2.492441037575642351e-02,7.920028649585956204e-01
2.556428382111613704e-02,-2.289687071062440626e-02,7.860361766997424615e-01
3.419150217895084581e-02,2.485256451560826849e-02,9.681302177224626604e-01
-7.644266998691568935e-03,-1.215905905563375959e-02,3.289522460012951899e-01
-1.027919135757092255e-02,-1.039276815605804510e-02,3.347958701989165453e-01
-4.313680435319808271e-03,-1.342326630950994859e-02,3.229284073173985803e-01
5.806053533086413376e-04,1.181141422257504618e-02,2.708525063495623719e-01
-2.544756758761613016e-02,3.208514391713885444e-02,9.379462965090101800e-01
-1.868363900998552471e-02,-1.332869543418452665e-02,5.256563832327073582e-01
-1.570720367794782579e-02,-1.652434488480487851e-02,5.221708051685250984e-01
-1.858899083096087271e-02,-1.296676219129694850e-02,5.191064069705590978e-01
-3.436956745795798768e-02,-2.660805011978009671e-02,9.955251517273988604e-01
-4.347203584237573255e-03,1.084956561101942628e-02,2.677010821101451499e-01
-3.125041844004928723e-03,-1.247841355131237839e-02,2.946288724539164461e-01
-3.487245012118674482e-03,-1.201027805254863655e-02,2.864414701993718837e-01
-7.742300995515461436e-03,-1.010013475210574246e-02,2.914777033999499389e-01
2.751578096319596406e-02,-3.031128261948207170e-02,9.376265806660117885e-01
4.201979223208644927e-03,-6.331444896099642063e-04,9.732753344819367047e-02
3.977327298127348448e-03,-1.517866222340712124e-03,9.750402354388106041e-02
-3.050513607223174443e-03,-1.284132097070388515e-02,3.022994755641972286e-01
1.699118917850761870e-03,-1.287083068014122089e-02,2.973481196876908150e-01
1.985582068028070302e-02,1.317266905485114936e-02,5.457505606675220333e-01
2.208722173175852940e-02,8.813268432229091898e-03,5.446663117329755277e-01
-3.197271999193918718e-02,2.035605729534059952e-02,8.681173416813058319e-01
-3.380625449204503752e-02,1.669854724991609238e-02,8.635978082084582175e-01
-3.028185942837617953e-02,2.230962958227299814e-02,8.614710561778354814e-01
3.902106193126278488e-02,6.041456206287357592e-03,9.043775850913623460e-01
3.933660470257441949e-02,6.041457249208778690e-03,9.115202834796393150e-01
-5.595212437258408750e-03,8.591651251038072770e-03,2.348310398208909300e-01
-4.255922682409312569e-02,2.169761403189159228e-03,9.760325282937355462e-01
-4.211027312054618083e-02,4.635697528959351402e-03,9.703103420753212971e-01
-4.192644929009493870e-02,7.450513426274304671e-03,9.753178822318471219e-01
1.749365144609742184e-02,-3.230325421247499246e-02,8.413909784990400986e-01
-4.265722435067010460e-02,-2.810666524538864459e-03,9.791295843761311790e-01
3.648592428913744606e-02,-1.066887286274467370e-02,8.706587196435302545e-01
3.745507049544544859e-02,-5.841202261959467339e-03,8.682315596714541561e-01
3.713941243974631934e-02,-5.841201703394310538e-03,8.610888661947696532e-01
3.062602354254819262e-02,2.642190657866615167e-02,9.264199350586335147e-01
3.401363031500107686e-02,2.146203457556547858e-02,9.211602864120855827e-01
-4.222227329696493642e-02,-7.703988037900767749e-03,9.830150473118075549e-01
-4.130396178987206374e-02,1.009515993616157478e-04,9.460190826582860479e-01
-4.072973701931090207e-02,6.373477059036664234e-03,9.442166413218214815e-01
-2.259695852477228845e-02,3.472330770677556355e-02,9.488714209159910817e-01
-2.356835445515238769e-02,3.372007925957720698e-02,9.422641094361223768e-01
-2.106566768348050456e-02,3.419818674344234088e-02,9.199443146681377526e-01
-2.058030526895662446e-02,3.413939935983713314e-02,9.130095840840150023e-01
-1.560966880285907105e-02,3.677462290978857073e-02,9.150146496678889241e-01
-8.896833537905223660e-03,3.980267632912474346e-02,9.341274005778000822e-01
-1.379187173967118957e-02,3.830649484242224651e-02,9.324964502731569738e-01
3.765873210222291795e-02,-1.645713698957072119e-02,9.412911146038599464e-01
3.700878065422254920e-02,-1.712276893395874369e-02,9.339680040314009002e-01
3.500893343749874459e-02,-1.157247934591301188e-02,8.445086727788017056e-01
-9.356233749695406707e-03,3.864950713721334447e-02,9.107879027056128285e-01
-8.223240724169637167e-03,3.863453708009314397e-02,9.046984908168114181e-01
-2.240686073921792278e-03,3.955677853770500629e-02,9.074515273461295495e-01
1.196345913489671280e-02,4.819372628994037129e-03,2.954059339567383091e-01
1.252737432482882787e-02,4.173392189743528775e-03,3.024271258436427301e-01
-9.891678840012360988e-03,3.882821640909802502e-02,9.177169597588621386e-01
-1.933753291048543850e-03,8.454610202760384427e-03,1.986429146941942614e-01
6.464505369104366593e-03,-1.937472083295637554e-02,4.678032505500815952e-01
5.978093616634793869e-03,-1.923108087621805407e-02,4.612548139564527916e-01
7.853906138985128219e-04,-2.028219643964244284e-02,4.648868254359965202e-01
-5.041716637901377460e-03,-1.951234835075896235e-02,4.615836988115909478e-01
-4.545394447164213987e-03,-1.992673324378803693e-02,4.681203077663765866e-01
8.257885093667405611e-04,2.494902600628307588e-05,1.892229651809824650e-02
9.157033862394237155e-04,4.078035883324408284e-05,2.099384349203742631e-02
2.507365183662449079e-02,2.240550808383924217e-02,7.701575701112027827e-01
2.725743878410230928e-02,1.932624177940952398e-02,7.652982631628809651e-01
-1.950604707855925837e-02,-3.156467860117938284e-02,8.498546471560967097e-01
1.820420291415510497e-02,-5.199327081264966226e-03,4.336173448004227438e-01
1.852829335616760012e-02,-5.199350839269721580e-03,4.407596880239154080e-01
2.507052773621365124e-02,2.287114421327372804e-02,7.772515586134453036e-01
2.153031281384756510e-02,2.592682580208978405e-02,7.718788733827217641e-01
-1.822832381667002788e-02,2.964088878892124496e-02,7.969898558562649171e-01
-1.488032817147545879e-02,3.174836541643784316e-02,8.030645751693531453e-01
-1.948769694095799088e-02,2.920511615634447875e-02,8.041502435138171423e-01
-2.512323940228999505e-02,2.448271337998808583e-02,8.034556117661053598e-01
-2.234129509930915178e-02,2.738601739199693699e-02,8.094877100574084938e-01
2.380955081236908397e-02,-3.345755917207070967e-02,9.405344176311491999e-01
2.012508826477505536e-02,-3.553353498321054627e-02,9.353184704934927041e-01
-3.782786121373005184e-02,1.706493870527037507e-02,9.504812184587589918e-01
-3.837334809097235622e-02,1.509186286108050480e-02,9.444237036078655390e-01
-3.552799538438300431e-02,2.110370721706731484e-02,9.464563457975208038e-01
-3.262040378434370724e-02,2.532488140589087000e-02,9.458562934695241564e-01
5.334525746963291251e-03,3.459372451993839026e-02,8.016916496777640733e-01
9.277563136344075742e-03,3.393746520743880224e-02,8.058170748548943996e-01
-1.460448498505131053e-02,-2.129319216910111057e-02,5.913834824159238668e-01
-1.441069163628326023e-02,-2.104637723838592711e-02,5.842112771999304899e-01
-1.863700053147090974e-02,-1.759752218876407814e-02,5.870743010119159333e-01
-1.711024834039436698e-02,7.041492864579065349e-03,4.237773638456731606e-01
-1.679878970005351663e-02,7.137411594041992435e-03,4.180435917977086135e-01
-1.376269836657897927e-02,-2.117277817548696150e-02,5.783817137937312669e-01
-1.249317755386609129e-02,-2.157677833822066460e-02,5.710514841299817457e-01
2.678866018882222755e-02,1.655260438451710073e-02,7.212399141023163596e-01
2.347124817436385680e-02,2.069624820152402359e-02,7.167210693653623954e-01
2.723320170336526388e-02,1.522233708255713719e-02,7.145706245349445762e-01
1.297450579069307948e-02,1.506144657821879840e-02,4.553099076627274422e-01
1.677471046754211437e-02,1.074499115204447137e-02,4.562656290053329622e-01
-9.218680754399905322e-03,3.486851211705464110e-02,8.260601810333717543e-01
-1.597961897851022869e-02,3.253215541103586517e-02,8.301436120984657663e-01
-3.821949099899683844e-03,3.564310247552280458e-02,8.210410719826536363e-01
2.859499599284903108e-03,-9.935354202127308354e-03,2.367943671058441724e-01
2.876064858053192959e-03,-1.025359285797756981e-02,2.439094200287721115e-01
3.321627487768234049e-02,2.385691266128428523e-02,9.366697027227591787e-01
3.524565984787858368e-03,-9.397287383150742732e-03,2.298739205293006127e-01
-1.023648082303951681e-03,-1.012698845308079680e-02,2.331281021332204939e-01
3.148236812845150306e-02,-5.059559955029969101e-03,7.303172452566110140e-01
3.114526360976420036e-02,-5.417210745003205388e-03,7.240537874047682232e-01
3.082867839918579378e-02,-5.417212812259576682e-03,7.169111333044656531e-01
1.941307163524874603e-03,2.911073960573641942e-02,6.682264698582123241e-01
3.954205388321020871e-03,2.855780976879379943e-02,6.603216537241300976e-01
2.075262193807751992e-03,2.940029179183000635e-02,6.750528393899126733e-01
8.422531792275386384e-03,2.806959898659925484e-02,6.712176722966872733e-01
5.155603021435198156e-03,4.160579024781140001e-02,9.602175347758018509e-01
6.485185051109519476e-03,4.107222037165302736e-02,9.523629488308181790e-01
-2.559468533461290232e-02,2.468048478228017373e-02,8.143614922022212044e-01
-2.579429542978702028e-02,5.157683214372892413e-03,6.024810920866340291e-01
-1.568974819059605619e-02,5.051318887471750556e-03,3.775191073244285600e-01
-2.381895699389942681e-02,-1.593610779264643257e-02,6.563846165707397651e-01
-2.402647445875556384e-02,-1.520732924772049376e-02,6.512625776725931015e-01
-2.461847121774490485e-02,-1.535301937246822193e-02,6.645188543519219282e-01
-2.180666371581573351e-02,-1.893366541189978047e-02,6.614448353079640519e-01
-9.004004992568183374e-03,4.730470737136410579e-03,2.329544451857640253e-01
-3.030162484688993935e-02,2.052082987976759990e-02,8.381942497411748461e-01
-1.344011744799829267e-02,-3.836710755610869134e-02,9.311082710904645676e-01
3.205847531597826039e-02,1.831254494812541503e-02,8.456097356654190822e-01
3.241746813195722082e-02,1.815651215830056328e-02,8.510070231372512950e-01
2.856935617212698689e-02,2.930866359871031612e-02,9.374346087636966640e-01
3.247955847242978145e-02,1.865587582893173113e-02,8.578869539803889444e-01
3.509925565889132626e-02,1.263259082253326109e-02,8.543872370548070139e-01
-9.450710211604398253e-03,-2.506028126409201584e-02,6.134334902773634912e-01
-7.563446504783074426e-03,-2.541385961635012763e-02,6.073040367256017369e-01
3.142293784263237248e-03,3.008307479414985483e-02,6.927642864944343337e-01
-1.124061827446951219e-03,3.005017662328394318e-02,6.887435472413744320e-01
3.804639735681681224e-03,2.979011725077582509e-02,6.878479252442936120e-01
-7.167920914728916244e-03,-3.088561930685709486e-02,7.261976745645494224e-01
-4.014951261116647512e-03,-3.163908794310956590e-02,7.304655828894879299e-01
3.320906772806381246e-02,1.933012559210181558e-02,8.800817539903388331e-01
3.555617749362156160e-02,1.418233913937876588e-02,8.767627570524281211e-01
-1.881806023865917679e-02,3.848513663443138555e-02,9.811864984745948259e-01
-1.426693681790185304e-02,4.026704343146057796e-02,9.784440049077833823e-01
3.623467724300564411e-03,4.125352477682546481e-02,9.484987807442751828e-01
6.844574976502589697e-03,4.058672875656647167e-02,9.427148604332797888e-01
1.309920889355334697e-02,3.903898097734297135e-02,9.431322659974266109e-01
3.999987232752486022e-02,1.032512692626529928e-02,9.461772676450913577e-01
4.074622510311113471e-02,5.546367895020260994e-03,9.418481380838692463e-01
3.411025012276364121e-02,1.825101250342386211e-02,8.860556734016190594e-01
3.012741995160744118e-02,2.414512981143594056e-02,8.842896585758326378e-01
2.718174643475109245e-02,2.771250041149120324e-02,8.890762747701848046e-01
2.594078498574564975e-02,2.852696126803556595e-02,8.831211587998265555e-01
-2.445326871322496542e-02,2.407877601660915814e-02,7.860196621464382583e-01
-2.149331568747001042e-02,2.708881954142930079e-02,7.920090212952407560e-01
-2.538412323230750112e-02,2.348918737306798787e-02,7.921179271261770127e-01
1.890454765279946103e-02,-4.997730064515849835e-03,4.478604141144628681e-01
-2.880390779633588277e-02,1.911357588081502232e-02,7.917530249741718817e-01
-2.643978947035649160e-02,2.267094756952450080e-02,7.977070597385775841e-01
1.047495855188959775e-02,3.783717216681835305e-02,8.992102228157752286e-01
1.661332104283589142e-02,3.539517063153577170e-02,8.955403199992013619e-01
1.588118638009824307e-02,3.613971350419499518e-02,9.041305975415602214e-01
4.345632927059765206e-03,3.925470428238832243e-02,9.045730014610190439e-01
5.152982487954576446e-03,3.877804386476554899e-02,8.959705758566520739e-01
2.206756923666387121e-02,3.220775649975141791e-02,8.942203792091226733e-01
1.710294339556932622e-02,3.485574067330442921e-02,8.892542434308513544e-01
-2.469151937334092620e-02,-1.028517024295120055e-02,6.126300715477649428e-01
-2.874026726319018135e-02,2.951159999300540307e-02,9.434954552299664732e-01
5.845094664710742509e-03,-3.335062393396338171e-02,7.754977073068564097e-01
9.982609496366331645e-03,-3.259703377876202457e-02,7.808199378412398195e-01
1.101982135257327695e-02,-3.197658136050500477e-02,7.746547251564634973e-01
-4.122149514373457668e-02,1.137480723153038581e-02,9.794133015685994037e-01
-4.147410166470674731e-02,1.133952272461191332e-02,9.847782588968266859e-01
-4.146542394683585403e-02,1.229788015891409257e-02,9.906028835327669313e-01
-3.460570816603822375e-02,6.186027098620656105e-03,8.051649202047282960e-01
-3.503093165066347575e-02,5.140465331699895293e-03,8.109325731545227178e-01
5.924270948780593730e-03,-3.390051955840675535e-02,7.882164491253182970e-01
-3.353058645007339633e-02,9.665553221571011877e-03,7.992472857474730574e-01
-1.058397910592749798e-02,-7.458508723507479600e-03,2.965573036774520888e-01
-1.069593501057513121e-02,-6.643664605774388630e-03,2.883886101220404230e-01
-1.052020217747207630e-02,-6.322059913249160855e-03,2.811133721879707226e-01
3.549825456499344778e-02,1.852691163929143930e-02,9.171156597130006860e-01
3.772590507972839458e-02,1.314309603349567840e-02,9.150003849079051399e-01
1.662861340096860596e-02,2.732568766883579359e-02,7.326355730810214517e-01
1.479450060200722047e-02,2.874268036215519087e-02,7.404043585256753213e-01
1.107989199203340651e-02,3.019283130271402382e-02,7.366226554973991369e-01
5.872594003082373844e-03,3.173704891055112443e-02,7.392374867429831742e-01
7.940023414086056289e-03,3.093256368509766582e-02,7.314400876571347521e-01
4.187736241548666721e-02,-5.570867771047170736e-03,9.675988590067460260e-01
-6.615172566702247087e-04,-9.090675741673192797e-03,2.087612463878021074e-01
1.378645445853631749e-03,-9.275945308968582340e-03,2.147877773638617038e-01
4.863173349543861018e-03,-7.826239233622354560e-03,2.110386261164963195e-01
7.185452823290734356e-03,-5.145502318550274415e-03,2.024191810563535643e-01
1.507669175301467896e-03,-8.597951809000891829e-03,1.999301189474976814e-01
-2.210593719386556247e-03,-8.616476994466226030e-03,2.037410645553254240e-01
8.291857129595866724e-03,-3.759701470011809696e-03,2.085252322901296196e-01
4.199991508588088451e-02,-6.706921129038514486e-03,9.741442040929688684e-01
3.183241658004341400e-03,3.235256501060351092e-02,7.445737266001811738e-01
7.826730537552154324e-03,-2.833478231978391049e-02,6.732762809049259722e-01
1.306659116420317603e-02,-2.610693888224110623e-02,6.686597594967020886e-01
7.892837369331920719e-03,-2.795276314035759213e-02,6.652563605138951397e-01
2.637746003675430894e-03,-2.880092204000496078e-02,6.624103256174200816e-01
-1.958096391320447022e-02,-1.131488018020269893e-03,4.492259428612648264e-01
-1.890899284696378330e-02,4.492521705313274986e-03,4.451426597646605532e-01
-1.362067956201135771e-02,-1.892136372741156508e-02,5.339775652850604626e-01
-1.841296844670544178e-02,-1.424254536608331699e-02,5.331647864615784993e-01
-4.809956691663963731e-03,-2.448290496036643893e-02,5.714699805106688846e-01
1.330875788169729379e-03,-2.500382486493302539e-02,5.734924015420502785e-01
7.393692903615780611e-03,-2.397058595094107847e-02,5.745402560031498407e-01
4.913592361003449836e-03,-2.426583241544806938e-02,5.670585732450049710e-01
-2.200369859950707108e-02,-3.973028292612572170e-03,5.121169842580022280e-01
-2.221850347847573529e-02,-4.432172373654389395e-03,5.189136326632159957e-01
-2.071681474757668812e-02,-8.833845088880704771e-03,5.158298355624765241e-01
-2.237997554712909537e-02,-5.090193040831484696e-03,5.256767821014015629e-01
-2.217315015385482729e-02,2.124668846227843624e-04,5.078719468750728661e-01
-2.159895830579684414e-02,-4.375643184459489590e-03,5.047468502441360139e-01
2.020361091427111747e-02,-2.541747246731573123e-02,7.436616016148274166e-01
2.061302448284121208e-02,-2.473956831782799307e-02,7.375378882639798128e-01
2.612337518543829049e-02,2.036030355083510990e-02,7.585859549681187586e-01
2.060903356440054249e-02,2.588934645052369185e-02,7.579002841083012365e-01
2.530912227306662127e-02,2.089452290916146704e-02,7.516947315273582175e-01
2.309800382479822514e-02,2.302663997538241525e-02,7.470083162525346099e-01
-5.362717713572814036e-03,2.556293584671543925e-02,5.982323394081848766e-01
-1.679713766097131096e-04,2.595904048287227608e-02,5.945722237834673018e-01
-1.364080907182588231e-02,-1.448170452295410339e-02,4.556591408674493526e-01
-1.655548537249600105e-02,-1.080838369966226516e-02,4.528377702919156311e-01
-3.770552377450946818e-02,1.587544955382310871e-02,9.370233704323623902e-01
-3.942202919171058223e-02,1.158228045159788444e-02,9.410760121376492426e-01
-3.654493517671878605e-02,1.773945603246336253e-02,9.304175418458695557e-01
1.002544104654449521e-02,-4.580004656153478272e-03,2.524467863480865382e-01
7.200097788367410337e-03,-8.463998468612654244e-03,2.545109034312059149e-01
-1.198010263008892143e-02,2.944107835933572684e-02,7.280011343853005634e-01
-8.104896532114463925e-03,3.090548703160048843e-02,7.317882042499938011e-01
-3.287213990914870931e-02,-2.635468056282203736e-02,9.649926882003323492e-01
-3.262508211212303277e-02,-2.702458804241414728e-02,9.702994071071597837e-01
-2.835923532909139996e-02,-3.126987979558951136e-02,9.668676470573013271e-01
1.253064389683433352e-02,-2.923476220998451336e-02,7.285011901509937937e-01
1.674587656134899835e-02,-2.725560605842883635e-02,7.326672395746189892e-01
1.468765776078279420e-02,-2.783061174589011866e-02,7.207485102607164018e-01
1.009089930917035811e-02,3.445384429973078616e-02,8.222718621012256035e-01
4.780791927407249467e-03,3.583760480357925382e-02,8.280875009505804796e-01
2.867766079350749387e-03,3.579172225882168434e-02,8.223923744097575428e-01
1.430213364507790762e-02,-1.971566765607173782e-02,5.578647272353187692e-01
8.882265877929236553e-03,-2.284817563605559196e-02,5.614617786111131270e-01
2.067079642727376321e-02,-1.252149720020773703e-02,5.535275408797010188e-01
1.861455277744311979e-02,-1.493791785294838921e-02,5.466486230890608145e-01
1.784338995135980807e-02,-1.634283099755608898e-02,5.541928930205474169e-01
1.136451155870009389e-02,-2.120572877237096934e-02,5.510414929071763002e-01
-2.850286634065452018e-02,2.538790842872730089e-02,8.742398464238211320e-01
-3.254182878891073716e-02,2.012449699543438289e-02,8.763394945022237037e-01
-2.376487407230648899e-02,2.963101309846416856e-02,8.699711798696537768e-01
-2.446950516653729688e-02,2.951920183428927147e-02,8.781854364174859207e-01
-3.484295078138206075e-02,-2.115574689846392437e-02,9.336190808222000204e-01
-3.730517357027512276e-02,-1.613021950018999826e-02,9.308795767107670427e-01
-1.386389006660156478e-02,-2.437949256370182914e-04,3.175843793147515859e-01
-1.396961088444404267e-02,-2.714021385477733556e-03,3.259391254132701365e-01
3.310139019667912574e-02,-2.204188567146635191e-02,9.108521911476389343e-01
2.949132233091190936e-02,-2.646195059466898911e-02,9.075132413334142667e-01
3.660676656745392304e-02,-1.580197982433905607e-02,9.132136381777753442e-01
3.582234811774986927e-02,-1.678250906582006916e-02,9.060439108948072917e-01
3.703874856835985552e-02,-1.342718303348541982e-02,9.023496886142389206e-01
-1.426443443305713300e-02,3.555952132233074908e-02,8.775321982137312959e-01
-1.905221041097655138e-02,3.335198366760204480e-02,8.797376406612138489e-01
1.055966018688222520e-02,-1.691666643316579524e-02,4.567449759564800593e-01
1.193118873777556689e-02,1.788798853137011161e-02,4.924753790850984192e-01
-1.308540765362175250e-02,3.564861490088232221e-02,8.697557238171803595e-01
-1.035829408656780380e-02,-2.383535700687221606e-02,5.952417234051177175e-01
1.825308775957215288e-02,2.591998961901381682e-02,7.260967181094175604e-01
2.143297806160631910e-02,2.358538089707062912e-02,7.299235466289205609e-01
2.849560445623749647e-02,-4.798386351150950302e-03,6.618451101030431438e-01
2.806080421165844593e-02,-5.976506361269891092e-03,6.571135286192446578e-01
1.418236154798377564e-02,2.813867135327252286e-02,7.217136814745371831e-01
9.309864777260616273e-03,3.021605094327377977e-02,7.241659684273953346e-01
1.925700322036834680e-02,2.479085878259381509e-02,7.189808493147813451e-01
1.540786931764397648e-02,3.218475135657256070e-02,8.172699849579572184e-01
1.099428615050689582e-02,3.365443121984412062e-02,8.109016877281389757e-01
1.793630484545626416e-02,3.056226470618837038e-02,8.116349507548065167e-01
8.893673250599233582e-03,2.731707090729093915e-02,6.579880679154498369e-01
4.578741956383404650e-03,2.818098116455453397e-02,6.539145708048300643e-01
-4.708652949194187462e-03,-1.899076019968128082e-02,4.481304116360009804e-01
1.859578347082340224e-02,-2.473708830157046387e-02,7.088064927623558553e-01
1.672752449241806869e-02,-2.633712517062686276e-02,7.146027110770585278e-01
2.000670204732016635e-02,-2.419814400232723692e-02,7.191265569956408754e-01
1.528011695087242230e-02,1.491574894442730843e-02,4.890699684782027212e-01
1.628725086788519391e-02,1.331844758511571171e-02,4.818810682405417767e-01
1.816042123294273405e-02,1.115151475606615712e-02,4.881013198983894519e-01
1.700714998985168938e-02,1.196307054660605655e-02,4.762431513759826651e-01
1.899235713175243022e-03,-3.479027168874465614e-02,7.980146874939944013e-01
1.438980160814572543e-02,-4.325139346875509633e-03,3.441462991114482839e-01
1.371893977900635192e-02,-5.222635159814866847e-03,3.362138810540227229e-01
1.164046010571572788e-02,-9.040430675612753583e-03,3.375720560792577207e-01
-2.612583588730945164e-02,2.872230687060188178e-02,8.892828189688880558e-01
-2.441992950966330109e-02,2.988667559825446129e-02,8.839626153148953946e-01
-3.004307340603475096e-02,2.470750946909224671e-02,8.909085760699448908e-01
-2.711417965487340417e-02,2.830406639781611611e-02,8.977279588601914107e-01
3.189357794707036592e-03,3.963156334705240230e-02,9.106465798971264958e-01
9.218042586522756654e-03,1.912738456446098564e-02,4.863096457827098540e-01
-1.840401266665021157e-02,-1.165244837549665041e-02,4.989064931488282895e-01
-1.631212142697265402e-02,-1.412042692517687971e-02,4.941440372555785943e-01
1.115728856561306638e-02,3.155940165876272574e-02,7.666711526364030638e-01
1.635300878207110453e-02,2.897129985042183262e-02,7.619615384513573897e-01
1.691140432750850436e-02,2.902770543265530134e-02,7.694449316633216185e-01
-2.470973877110243036e-02,2.350999176951459879e-02,7.811798913329081051e-01
-2.076542032159744977e-02,2.705132470834216429e-02,7.810744366860570276e-01
1.528994003674764672e-02,2.920778987610566160e-02,7.550872547364323450e-01
3.069646926843677334e-02,-1.826802780392733014e-02,8.181467634629224772e-01
4.225150726505754427e-03,3.244130775385915127e-02,7.493033836962130767e-01
-1.765958918227024128e-03,3.267647654527427309e-02,7.495065173185722074e-01
4.995791828050658717e-03,3.265785437783172429e-02,7.566890409074414903e-01
4.820375696680802464e-03,3.296963859576955425e-02,7.631571424945452486e-01
-8.950048990386259059e-04,3.320076952734331288e-02,7.606988902662095153e-01
2.309342394809636365e-02,-5.626318154422259646e-03,5.443978325236327187e-01
2.161896236016278353e-02,-9.473993997157405256e-03,5.406143105425111894e-01
1.912442631064041956e-02,-1.375455585155809304e-02,5.395436352625521126e-01
1.975073565149657387e-02,-1.240174559409073368e-02,5.341513910860963277e-01
1.179516784703576147e-02,-4.700880717454004355e-03,2.908185408112129999e-01
1.213016907866169489e-02,-4.700976449071082343e-03,2.979604562268974299e-01
1.155984240722009518e-02,-4.497004297031695005e-03,2.840925727485700825e-01
3.482340348921386664e-02,4.766088243681380551e-03,8.050225692623608209e-01
3.513814311668506107e-02,4.766089669705750320e-03,8.121653019883314784e-01
3.297344774479539498e-02,1.225836534271820648e-02,8.057165077025405520e-01
-5.173467183177717088e-03,-1.776266314369134153e-02,4.237363539945150359e-01
-9.473191402934337318e-04,-1.828434275175164214e-02,4.193419925927137082e-01
-2.594202782305192814e-02,2.600144693866129203e-02,8.412463136814634090e-01
-2.161391623128664299e-02,2.935379037272371761e-02,8.349063082110019796e-01
-2.127278318389742504e-02,3.001825722409427050e-02,8.426678117579744498e-01
2.983059930888602024e-02,1.779178963610722128e-02,7.955267574663752450e-01
2.605327344649756641e-02,2.302454876907119100e-02,7.963474609835496931e-01
-3.013466213820269191e-02,2.135599944489802171e-02,8.459451078791552225e-01
3.638689879603504429e-02,6.135503641570098747e-03,8.451616136575732519e-01
3.670311946538392517e-02,6.135501533610368367e-03,8.523042832195789620e-01
3.691161169067197489e-02,6.687324795984977283e-03,8.591774240160309217e-01
3.682476275910759322e-02,-1.681986469223790623e-02,9.272407810475621348e-01
3.909988719516017258e-02,-1.106121480648053490e-02,9.306799783896845257e-01
4.032697676735292822e-03,3.147520539500132247e-02,7.267936135792181229e-01
1.162496277361295578e-02,-1.342434035620128016e-02,4.067290085116377352e-01
1.099017135231210480e-02,-1.353690259036739209e-02,3.993615512301895709e-01
-1.559520328543942272e-03,3.183356725518868280e-02,7.299829673744534508e-01
-3.900956863654954972e-03,-2.038028522606547335e-02,4.752592006418707715e-01
-3.798066308315585851e-03,-2.072606014728571588e-02,4.826095025934714622e-01
-9.438792162748562559e-03,-1.831999679457006064e-02,4.720138125582208910e-01
1.724743447200489249e-02,-5.106815012661411642e-03,4.119836469174372184e-01
1.713487450000341500e-02,-1.228921115808719391e-02,4.829538180727068752e-01
-1.161936882260425526e-02,7.958921463714215341e-03,3.225726551550126553e-01
-1.320175942034577075e-02,4.376726068163186954e-03,3.185535736881855984e-01
-1.036171751321889913e-02,9.156021894436497388e-03,3.167003029366473044e-01
4.369710446169630495e-03,-3.281345426793787906e-02,7.581863058076545592e-01
2.933350692321561124e-03,-3.323930460704734025e-02,7.642640003370340107e-01
8.324439734396718235e-03,-3.226802280962287606e-02,7.632562919512275723e-01
2.400780424090647597e-02,-1.548928134226945988e-02,6.543796616198802596e-01
2.659633485693349217e-02,-1.002628203872654375e-02,6.510035713136306246e-01
2.155534482510169589e-02,-1.911296757639177959e-02,6.598266072183250897e-01
-1.394650748950143800e-02,-1.459685511057788425e-02,4.623913763267185617e-01
-9.675308761292069834e-03,-1.750789010317012687e-02,4.581542165150853108e-01
-3.890823066211318570e-02,-1.040685143568262881e-02,9.224711496668753785e-01
-4.001114849314563876e-02,-5.517959529740663026e-03,9.250796260413596261e-01
-3.887146733893319384e-02,-1.137394526032284997e-02,9.276329305548426385e-01
1.596075576092830255e-04,-3.457255097452270609e-02,7.918500401363792740e-01
-1.668401490592894346e-02,7.644629417032940523e-04,3.825276892355420344e-01
2.085604584693570920e-03,3.434292777203771380e-02,7.880314836257830136e-01
3.112954383319890394e-03,3.399024935209102316e-02,7.817627707910382862e-01
-9.880087248788683302e-03,1.158147694058454585e-03,2.278405884450196428e-01
-9.316057873496090547e-03,-2.796507444134220012e-03,2.227788749777502575e-01
-1.011044765623247792e-02,-1.656242962574057398e-03,2.346538482833789852e-01
-2.752787383806779356e-02,1.683616805770443009e-02,7.390645869845756666e-01
-2.781697794658557696e-02,1.849447950207698532e-02,7.650783505190292821e-01
-2.383220508084043371e-02,2.319678000543147142e-02,7.617231174587172360e-01
-2.461616520321736890e-02,2.275313266472354587e-02,7.677582162508816976e-01
-2.513298024517758231e-02,2.256812491232310092e-02,7.736548092551936984e-01
-2.049973138363903047e-02,2.666433281470419192e-02,7.703383301477212397e-01
-2.818973900037177391e-02,1.900186668984346974e-02,7.786378643057335625e-01
-3.059353770536614794e-02,1.539257406794622765e-02,7.843982586637602283e-01
-3.894639522279150917e-02,-9.203166333291616999e-03,9.165856819966007318e-01
-1.138429163413507209e-02,3.142282023174738925e-02,7.654778799255553823e-01
-1.583638231352664516e-02,2.955114484167678870e-02,7.678950384608957958e-01
-2.933946510157706480e-02,2.683454324501264449e-02,9.106650443281115725e-01
-2.575132107366647632e-02,3.042406089235351330e-02,9.129252527484498225e-01
-2.076727519196800223e-02,3.376723952805296691e-02,9.079562795903066696e-01
7.175820121401613877e-03,-1.173175659818745213e-02,3.149800811633868269e-01
7.259667959783510510e-03,-1.215281298432838858e-02,3.242267618837866849e-01
6.753509821475682171e-03,2.976166013037886970e-02,6.989838657068861982e-01
-2.998985330354518933e-02,1.196243786931096287e-02,7.395083679052495418e-01
3.932643232958082068e-03,-1.802429776185774518e-02,4.225362951117010990e-01
-6.127523807319829215e-03,2.926332000994682700e-02,6.847760323957463591e-01
-8.099757823768824819e-03,2.851514791724131873e-02,6.789410695290850617e-01
-2.487325198477641306e-03,2.949615637297153814e-02,6.779708149630163661e-01
-6.778980979119529800e-03,2.934007782852744717e-02,6.897018453655705539e-01
-1.420397131268124301e-02,2.608551615576856428e-02,6.802869310977576189e-01
1.199041002214102508e-02,-2.046794554355447701e-02,5.433103058309493028e-01
7.653516800194125336e-03,-2.262506985846930024e-02,5.470453551607079579e-01
1.456766189697507839e-02,2.483931098356472258e-02,6.595362470473904448e-01
2.317642244781857250e-02,3.008230361113651413e-02,8.697677594131140166e-01
1.829802196052765853e-02,3.312551798843180184e-02,8.667547349480905217e-01
1.479947044167557665e-02,-5.474872382176696091e-03,3.614142740729921477e-01
1.440783055678316639e-02,-5.818156340365260824e-03,3.558839275931856005e-01
2.945063798385576768e-03,-1.059462430060411492e-02,2.518575635200918095e-01
3.238718095001210696e-03,-1.081280915454643776e-02,2.585247119554212603e-01
6.686337822491141914e-05,-1.154323981505353536e-02,2.643880936847498031e-01
-3.864605333356647965e-02,1.039581698364521432e-02,9.166058497306552866e-01
-3.678330165106251382e-02,1.543210042468186501e-02,9.136165385972508934e-01
8.971992855732672037e-03,-3.760060027447944490e-03,2.228086826262788978e-01
8.632817513304202189e-03,-3.760276566664707242e-03,2.156669183246971155e-01
6.678775100579950261e-03,-7.225887051504924739e-03,2.253659309828457968e-01
-3.443093952997051954e-02,1.985508126231976325e-02,9.103242294210854846e-01
-2.137118463328093951e-02,-1.386002290576991876e-02,5.834069565978621252e-01
-5.809316849445898302e-03,-6.414038625257151120e-03,1.982043407140475777e-01
-1.013618940768667596e-03,-3.427251477513762468e-02,7.853128733054681732e-01
5.299143173441805271e-03,3.346630933651732059e-02,7.760540641811567442e-01
9.663070572177929335e-03,3.264857724671273859e-02,7.798402661233573285e-01
-7.308702491360882791e-03,-5.324646612590075608e-03,2.071100701958259738e-01
9.870672375709590649e-03,-2.337943078645242020e-02,5.812450262261159573e-01
-5.911346444096746838e-03,-2.261170925808326376e-02,5.352984925153575491e-01
-5.218675850345777176e-04,-2.347514591197830819e-02,5.378020802397569522e-01
-1.409231516508997230e-02,5.210270265763199127e-03,3.441211794422602277e-01
-1.378549100373853767e-02,5.202667790984654740e-03,3.374771066375555351e-01
-1.259690531234983028e-02,6.918039479735145665e-03,3.291624876901488306e-01
-1.449477195837006564e-02,1.012586535305742223e-03,3.327939561962896531e-01
-2.129728463042315778e-02,-2.096179314920889811e-02,6.844245709677490019e-01
-1.973200898741940892e-02,-2.194772549872140224e-02,6.759734472710664521e-01
-4.551700896589019711e-03,-2.257813490872254830e-02,5.275280468515041177e-01
-1.000010694597007997e-02,-2.093885138041589461e-02,5.314649080204351117e-01
-1.244623714612098052e-02,-1.931029783805073355e-02,5.261869951566630066e-01
2.263784881338366112e-02,2.601511014831239810e-02,7.898506111084004910e-01
1.904001825578278614e-02,2.847343803273293811e-02,7.845196588220544331e-01
2.482756909818924565e-02,2.358526650202295849e-02,7.843237198153713008e-01
1.103026012037667050e-02,-3.435999046629020781e-02,8.265294612047275891e-01
3.803920312777351459e-03,-2.208739137012257284e-02,5.133319283890727114e-01
3.785039555991941747e-03,-2.175530769425672653e-02,5.057636544941446211e-01
-3.986874805295180318e-04,-2.222251107079672994e-02,5.090610891422999718e-01
8.238095634072220910e-03,-2.039002002838066069e-02,5.036845482793246287e-01
4.195660625928637408e-03,-2.139568556582100226e-02,4.993750651686763020e-01
-1.152028033599758992e-02,-2.650541607240834707e-02,6.619362358134511792e-01
-8.864754814417953946e-03,-2.727495274374344691e-02,6.568658306969760163e-01
3.168341594537418121e-02,2.299360380209924601e-02,8.966303997248331603e-01
2.682182905051824773e-02,2.843885623168404542e-02,8.953524189654232801e-01
1.534924480166253123e-02,-9.812868682218185354e-03,4.172584018532843331e-01
1.758666492371858264e-02,-5.115814101806376475e-03,4.194969171296297206e-01
1.791119347013684152e-02,-5.115842765813223385e-03,4.266392426063881360e-01
1.275230109597821513e-03,-3.367279252646969423e-02,7.717866105693007572e-01
1.824744883556290087e-04,-3.396625228593064261e-02,7.779663050554198600e-01
-7.982483445294450905e-03,-3.009833219819977104e-02,7.131975317202525755e-01
-1.321535738624717536e-02,-2.805940834818058255e-02,7.103772150984287714e-01
-7.631398018610358221e-03,-3.049151326916048690e-02,7.199111562268856179e-01
-1.519805233172586215e-02,6.236349406467703001e-04,3.483855596158093038e-01
-1.518147659415105752e-02,-2.939509553912102689e-03,3.541709831240769102e-01
-1.449515669186010082e-02,-4.399010941165915241e-03,3.469454548783527659e-01
-1.397810111853973851e-02,-7.098912779914080123e-03,3.590722265074992592e-01
1.167527759167290118e-02,1.974503960896427726e-02,5.253799799419646144e-01
2.232880584296375454e-02,-2.242546543571257572e-02,7.248153706535845897e-01
2.184240448627986289e-02,-2.321977573392422847e-02,7.301412308751560332e-01
3.369844737582648048e-02,1.161106596890401285e-02,8.163520909607211440e-01
3.157042120617288561e-02,1.664909132411840006e-02,8.174699292933705896e-01
3.226463147776555129e-02,1.460610044969084219e-02,8.111764321847916293e-01
-3.328562755866720096e-02,2.061046872387092832e-02,8.966829837209965293e-01
-3.378047383865961234e-02,2.035125127434312536e-02,9.032607013397402351e-01
6.452148299076237081e-04,-1.416030752676985215e-02,3.246608656854421682e-01
-3.585462319190575731e-02,1.155304955729667682e-02,8.627842579240467824e-01
-3.706664986183841326e-02,7.940993779923357157e-03,8.682297363582468508e-01
2.055283915353274538e-02,4.779563554659975629e-03,4.832984482845991137e-01
2.030651115963928374e-02,6.795810524242778747e-03,4.904494915226778051e-01
2.023254199539493980e-02,4.779553769352935279e-03,4.761559497289692966e-01
-1.299030373516243952e-02,4.021874321026610438e-02,9.680181868437253145e-01
-1.862120816516071864e-02,3.794229050912269890e-02,9.680375617135095201e-01
3.435264485975186247e-03,2.519216690984159637e-02,5.823353064037173343e-01
4.275827270303984222e-04,2.572367730625771398e-02,5.892504608994014736e-01
-2.316867146189874327e-02,3.553913187161068798e-02,9.716751412800913590e-01
2.305157839498930133e-02,5.108905429001345255e-03,5.407792854776873881e-01
2.273205872011824918e-02,5.108895766219198782e-03,5.336367546599717349e-01
2.124280083396752269e-02,9.319379253928283813e-03,5.313019116263072439e-01
2.254648189079533002e-02,4.412066796655897578e-03,5.261938528257718017e-01
-1.615985808150005587e-02,3.018849897588721590e-02,7.842613486642668885e-01
9.932235100173618728e-03,-8.777223461664400081e-03,3.035841600544305074e-01
-2.121622170235131291e-02,2.930753741517697075e-02,8.286795750768330970e-01
1.931747259055856605e-02,-1.264589737108870633e-02,5.288158899944169766e-01
1.693592397524898083e-02,-1.547146983546816498e-02,5.253865717607599795e-01
-8.775001658421066955e-03,-5.620089635111146821e-03,2.386678551707452078e-01
-1.041508559820202538e-02,-2.171140386605094515e-03,2.436726639350798307e-01
1.684989028032032529e-02,2.942113185128415742e-02,7.765429758761975831e-01
1.572925572460676449e-02,1.006275191423255597e-02,4.276743680244131651e-01
1.331893170716323509e-02,1.257864583816116835e-02,4.195931547888218094e-01
1.814524593589192727e-02,3.836128788012697043e-03,4.247804715865705072e-01
7.565343271045206659e-03,-1.627940357292061158e-02,4.111550635762050709e-01
2.883578895855316501e-03,-1.757495412956518177e-02,4.079147397681824327e-01
3.088043720530616026e-03,-1.786736674256479696e-02,4.152970038774449479e-01
1.393054047313619682e-02,-1.685607917237316386e-02,5.008479918944597209e-01
1.362941889761444016e-02,-1.745511431390203705e-02,5.072251159868497172e-01
1.086027860004095714e-02,2.073642753060003091e-02,5.361365366149685174e-01
1.987413822206949426e-02,-5.749726529930525819e-03,4.738593289173562151e-01
2.019857025904660264e-02,-5.749710510005011203e-03,4.810016588044664365e-01
3.355502624825950492e-02,1.420669013627843570e-02,8.345806048414878830e-01
3.224962657563563290e-02,1.641737446443419790e-02,8.288405988614977460e-01
3.430921023756567517e-02,1.144592476023203846e-02,8.283855697374348237e-01
-3.814007666869163871e-02,1.352609694767148950e-02,9.268587522710706184e-01
2.783397130429903291e-02,5.032480533271309689e-03,6.478389172067395840e-01
2.725927515976108578e-02,6.353801897769941788e-03,6.410758988711403594e-01
2.693897223880368369e-02,6.353790645592375351e-03,6.339334005682818463e-01
-3.914360670038652401e-02,9.607185608239860244e-03,9.231439236894093403e-01
3.045616443410172763e-02,-5.812141257798223576e-03,7.101493169232268032e-01
1.263506947047293889e-02,1.290015996413727307e-02,4.135757416686285382e-01
-3.901088401935361161e-02,1.746364302295355230e-03,8.943909772644328404e-01
-3.925614478217615694e-02,-1.566546556410760172e-03,8.998291574031255236e-01
-3.907012295135658259e-02,-5.834404569462933038e-03,9.047755024035184501e-01
-2.044058602033211117e-03,-1.583797515391851748e-02,3.657578848702663921e-01
-7.754677421112453686e-03,-1.396253286575950200e-02,3.658064400767871982e-01
-2.303052584344010556e-03,-2.902172436640651498e-02,6.667964481982242564e-01
-2.340822242025268531e-03,-2.933231336006024773e-02,6.739563120409646224e-01
-2.031633149393471255e-03,-2.871323743522354033e-02,6.592854133856484999e-01
2.779410202433043806e-02,-4.210024931830231611e-03,6.438510515869450002e-01
2.848942120366957167e-02,2.170342781543086949e-02,8.202893059466693781e-01
3.504098178446526241e-02,7.000839265798929761e-03,8.184314282385340977e-01
3.071325407211578096e-02,1.883878062630244335e-02,8.252362544054057114e-01
-2.073950950652983169e-02,-1.027666755897553748e-02,5.301304755935833946e-01
2.939122568794691470e-02,2.130756211716029400e-02,8.314591679184843986e-01
2.536247038408407511e-02,1.607116870952897056e-02,6.876995745301830443e-01
2.086736939283626718e-02,2.174799075275738597e-02,6.903204842355216142e-01
-1.568556541956116560e-02,-2.446299952067744476e-02,6.655801591729599842e-01
2.085673507002435551e-04,-3.207823869916816284e-02,7.347279877638511758e-01
-3.761765151746325475e-02,2.166597088768950491e-02,9.942719576907326218e-01
-4.055819406983816877e-02,1.547792688239535072e-02,9.942802216826130968e-01
-3.345254282893923847e-02,2.743768386795940317e-02,9.909417109869292917e-01
-3.197320204178302760e-02,2.943747409663792849e-02,9.954184488849808776e-01
-2.987789783133877261e-02,3.101596644247479537e-02,9.863731940783684315e-01
-2.695016668310666608e-02,3.409665201295133258e-02,9.954296824845676461e-01
3.323380724207661285e-02,1.564172971881314447e-02,8.412730029852732994e-01
3.514440260741579641e-02,1.061056136166468877e-02,8.408249803351671714e-01
-1.904608395327605716e-02,3.447507170612733318e-02,9.020955275556373776e-01
-2.435010882630034637e-02,3.095207580433292915e-02,9.020010011508048375e-01
-1.939727003730785590e-02,-2.191140832527460613e-02,6.702488307449110394e-01
-1.333204248380351169e-02,3.705882421627699347e-02,9.020420050270785417e-01
2.967071315768318382e-02,2.151304880265913350e-02,8.394042554468367223e-01
1.780290459296609423e-02,-2.289732306742466375e-02,6.643003420030423323e-01
1.777667421282978083e-02,-2.335904994873898646e-02,6.723163710385020586e-01
4.095932941459152002e-03,2.944603909779606316e-02,6.809185436810707426e-01
3.013959340221818856e-02,5.632200971272585330e-03,7.022597721169061558e-01
2.876177240020626191e-02,1.006121617743867443e-02,6.978952963088712602e-01
3.338384268326866165e-03,-9.082157737411999943e-03,2.216232532963345603e-01
6.654806779283408726e-03,2.744803032401601367e-02,6.468766349676778882e-01
2.257463439126147081e-02,-4.347778514322483967e-03,5.265462105588283315e-01
2.161220877496269552e-02,-8.256920085378621765e-03,5.298964716044991530e-01
-1.700092795461338345e-03,-1.373900843398297850e-02,3.170750418135660498e-01
1.633581846217905045e-02,-2.951959337487788590e-02,7.727315575950394200e-01
5.441040126513424155e-03,3.320367913094705165e-02,7.706323178383173156e-01
3.042312119085600897e-02,1.315737927128856830e-02,7.591770631956148430e-01
-4.926864421142373128e-03,-2.115254892644413340e-02,4.974412727135896217e-01
5.423040904632221628e-04,-2.155348200288855973e-02,4.938121328856466263e-01
-3.987655386303738669e-03,-2.100793026274461531e-02,4.897522043683005255e-01
-4.709617293409324758e-03,-2.154200941097796085e-02,5.050468123865781145e-01
-9.021284201990073179e-03,-1.992887051396549300e-02,5.010344372302718563e-01
-1.917590819477706099e-02,-6.651809349987391345e-03,4.648742389298541333e-01
-1.909932387178282787e-02,-5.904925671138722826e-03,4.578761878967069765e-01
-1.870832940904677832e-02,-6.109078228782096991e-03,4.507577591124347083e-01
2.065791069882774028e-02,9.066266477094873932e-03,5.167053275153816738e-01
1.865072755638540192e-02,1.309686273488686395e-02,5.219734761841486881e-01
2.687121719107339948e-02,1.392514602318505913e-02,6.931831378884684147e-01
1.637824079276343700e-02,1.606484113869205074e-02,5.254534612220591594e-01
1.303410159419976164e-02,1.915611503983135830e-02,5.306780966508880537e-01
1.959488617923705461e-02,1.208581224224070799e-02,5.272974235857486036e-01
-1.354564410112277240e-02,1.298455882289233435e-03,3.116683804691769422e-01
2.810947751031530814e-02,-4.210020781840764087e-03,6.509937571467588890e-01
-6.032089927591476747e-03,-9.653397926629062736e-03,2.607150838039470897e-01
-5.744407155720999449e-03,-9.372851274696621104e-03,2.517837048398771649e-01
-9.226032889841456058e-03,-6.357694963182020792e-03,2.566243701513580833e-01
-1.255700543106185764e-02,-2.895806020306760861e-02,7.229205018267718108e-01
2.355535274716241342e-02,3.861565899906485664e-03,5.467078145846462345e-01
-5.798368972046235963e-03,-8.928740305388293760e-03,2.438401251864648900e-01
-5.677794339904275629e-03,-8.536283210861535242e-03,2.348116112390854215e-01
-1.636385686465291261e-03,-1.070397013806325716e-02,2.480095360878691313e-01
-4.030279197853531281e-02,-5.988331264614321642e-05,9.230867173742258736e-01
-2.342195020648132984e-03,-9.288121644697463694e-03,2.193925880916065274e-01
2.720946245790029777e-02,1.720203780491514831e-02,7.372967072777203423e-01
2.965458823407943548e-02,1.232916068551540359e-02,7.355649789896401280e-01
2.322045117683255860e-02,2.244813603637249924e-02,7.397271550428340392e-01
2.460065488325214461e-02,2.053722908210059428e-02,7.339826055076569267e-01
3.168411806220235855e-02,4.825777137478598662e-03,7.340545955901618402e-01
-1.709878333372753800e-02,-1.112181005615565065e-02,4.671823897416009230e-01
5.992018438534732830e-03,-1.167068781289773947e-02,3.004754412345175818e-01
-3.981633082034662791e-02,5.213389559938957744e-03,9.197279711688667314e-01
-3.808142463073221212e-02,8.162407922166438692e-03,8.920185476775921440e-01
-3.626344040233882293e-02,1.389674315017064635e-02,8.894675448708448950e-01
-3.248391595751674854e-02,2.118368957797964539e-02,8.882272520608991417e-01
1.599776443217898123e-02,-1.733225957130874600e-02,5.402258353852200656e-01
-3.846603000831611691e-02,4.591185962021147871e-03,8.872702542308446017e-01
2.222863164550768766e-02,4.412061276995379866e-03,5.190512521672415724e-01
-1.925272428843047886e-03,2.421053478697352337e-02,5.562629520945626682e-01
2.747989793696251244e-03,2.423800999275022364e-02,5.586981853925814256e-01
-1.860840680909565253e-02,-1.184468354440067379e-02,5.052185123258784438e-01
-2.036030797106072598e-02,-8.198988378935232954e-03,5.027183762290766689e-01
1.575519099087322947e-02,1.731590132793191239e-02,5.361959271394756144e-01
1.471513877507403881e-02,-4.325088988493628467e-03,3.512885930044335470e-01
1.191223906625389455e-02,-9.578982952336730083e-03,3.501043814844657098e-01
1.215500707231309888e-02,2.428556703363136948e-02,6.220103440617861246e-01
6.746585818543438147e-03,3.388172540610894651e-02,7.912539114278089869e-01
1.208834145549025386e-02,3.220157507741791547e-02,7.877927993383458949e-01
1.411956958286939880e-02,3.109183254226776522e-02,7.821105394634262353e-01
3.886320246964630135e-03,-6.331315290520291754e-04,9.018484009360810960e-02
-1.079955308113359977e-02,-1.865784739330826267e-03,2.510147163236721712e-01
6.784536957778063322e-03,2.431442113988199413e-02,5.781651832293309701e-01
-1.113781471580628513e-02,-2.181146478073874018e-03,2.599434278665716525e-01
-4.629917849057386785e-03,-2.223280721486140671e-02,5.201393498483138922e-01
-4.690945182392334926e-03,-2.188412412688354319e-02,5.126146488615305197e-01
-5.079748991572503175e-03,-8.554311302890992008e-03,2.278666750532547802e-01
-6.674189633674079865e-03,-6.975150554222196188e-03,2.211103624761189546e-01
-1.108436933603403410e-02,-1.035511415110606202e-02,3.474219889934198058e-01
-1.012671815030960140e-02,-1.177096407316166778e-02,3.556402547097992084e-01
-9.242504067916004762e-03,-2.289831351058809264e-02,5.655684306632929870e-01
3.627742844373528334e-03,2.473223152858981810e-02,5.725225803695268567e-01
9.985774542675456000e-03,2.295702036524386452e-02,5.733908540958729816e-01
-1.218985282364071047e-02,-2.116833930615612258e-02,5.594762687234213772e-01
2.689279418112339518e-02,2.457314206707525775e-02,8.343580211732684049e-01
7.655568867597638445e-03,-1.322587503304785070e-02,3.500093359132347981e-01
2.502189585094686738e-02,2.673794427833756440e-02,8.387323093946696950e-01
2.049909216974716425e-02,3.045990645845399886e-02,8.409203160234575147e-01
1.394541720852363401e-02,2.557410953546346288e-02,6.671681500109425400e-01
-3.462467452283153960e-03,-1.163422952059887765e-02,2.780181082770810108e-01
9.369629843553720777e-03,4.239043652455401490e-02,9.943344958522620791e-01
-1.291057133177836956e-02,-7.463234654433548165e-03,3.415524554770504873e-01
2.341427339971408755e-02,-5.626302620829017227e-03,5.515403085103595116e-01
-1.387078751823816666e-02,-4.544568206240384711e-03,3.343101333294806743e-01
2.002728164296003685e-02,3.584918207060310003e-02,9.405212796131312558e-01
-1.304960019605844700e-02,-1.656421711593674545e-02,4.829737596329666260e-01
-1.322775142511896894e-02,-1.682093225897485222e-02,4.901176622876802780e-01
-9.035601495091237848e-03,-1.921320725798441806e-02,4.862882213001527565e-01
1.345927492681277607e-02,3.434339084447316642e-02,8.448418261375867377e-01
1.371917349818892358e-02,3.465952953103351025e-02,8.537603138276812498e-01
7.501717759873983808e-03,3.636917853115004956e-02,8.505266126765590462e-01
-1.548980094248809773e-02,-8.448121149613250017e-03,4.041101113790460664e-01
-1.478884864545849422e-02,-9.174931858736514942e-03,3.986106890131316249e-01
-2.929432350335213486e-02,2.299398181282470005e-02,8.529555989460867460e-01
-2.677681800072569465e-02,2.616750618380473195e-02,8.575117095171190806e-01
-2.135727603195404500e-02,3.025447484455109914e-02,8.482023851871561826e-01
-1.750952022252947465e-02,3.288050832454973704e-02,8.532109580386374459e-01
-2.222808082579280295e-02,2.993544918063300794e-02,8.539814784504841105e-01
-2.343873430251867604e-02,2.947308170820595388e-02,8.624831951051292744e-01
-3.148058313100893235e-02,1.411771809884159942e-02,7.902088156391069429e-01
-1.155001546450247669e-02,-1.697239579574416147e-03,2.673797395334234772e-01
-1.092546972273803971e-02,-4.683745602076579140e-03,2.722595586921137123e-01
2.802406011529578675e-02,2.946348360131260599e-02,9.313260296574734642e-01
2.637102667206459722e-02,3.065125858480300530e-02,9.260971846844444633e-01
1.989296097791435800e-04,4.204160002820360453e-02,9.629217297144900822e-01
-4.097952301920722296e-02,-5.610074466603663310e-03,9.473397912655490138e-01
-1.285640018295858104e-02,-1.750353134968521407e-02,4.974182385844301280e-01
-1.269881292226108724e-02,-1.802559951615883074e-02,5.050174288272354373e-01
-1.584472575728614746e-02,-1.555346927905410480e-02,5.085284545737193129e-01
-3.170413355543456185e-02,-2.892810738086183317e-02,9.829925504118345314e-01
-3.832780974249579142e-02,-2.467924842411878348e-03,8.796690989120109494e-01
-3.855267824727971748e-02,8.586091022470292893e-04,8.832204611623644119e-01
2.815082490524311448e-02,5.032484484721311095e-03,6.549815599007116074e-01
9.353923479378651023e-04,2.124236098433056330e-02,4.870015227466697461e-01
5.170717534253497366e-03,2.048321753564150485e-02,4.838598795269569153e-01
1.002937470786269313e-03,2.098038208509355601e-02,4.810784882215441982e-01
6.477767604123362173e-03,3.483303863423928282e-02,8.114859578533830664e-01
2.378358370609120684e-02,2.995263852287664147e-02,8.759962486378446433e-01
-3.927200785757025553e-02,-1.618373788028225693e-02,9.728585651943959522e-01
-3.614969728404792554e-02,-2.243523047869524709e-02,9.744577047050886343e-01
-1.878339251046882291e-02,3.283850024764697895e-02,8.664718615624124043e-01
-1.272602602659108142e-02,3.543143282477150685e-02,8.622707041314898735e-01
-1.173112605911857433e-02,3.546740519442778683e-02,8.556192499562060849e-01
-5.615320297757118474e-03,3.708016272384075801e-02,8.589584782720781631e-01
-4.367677262887318616e-05,3.511987999941049848e-02,8.043781196448026583e-01
-1.861488695506156963e-04,3.536944635918175955e-02,8.101047263058177572e-01
5.875125185731079527e-04,3.490872999421514716e-02,7.996545934277723422e-01
-3.800378934045989254e-02,-1.111967051689693141e-02,9.069240680325383330e-01
-3.884842915678198699e-02,-8.557683416551603930e-03,9.111077612840363660e-01
1.779352055223834897e-02,-2.378246322449648759e-02,6.802900065091100901e-01
1.188125973314124381e-02,-2.742129075592064646e-02,6.844707158781969669e-01
3.416378179566528089e-02,4.629530531557836566e-03,7.896308732707855160e-01
-7.940655450964949000e-03,-4.942141941262562406e-03,2.142191235996404874e-01
1.172450600421879457e-02,2.181681637076107738e-02,5.672729255266811821e-01
9.817664953134838668e-03,3.132172077647918385e-02,7.518007926494251203e-01
-1.343201682191920389e-03,2.484605491836743701e-02,5.698991858754955953e-01
-3.973820253666098673e-02,-3.865014330904610086e-03,9.144493185022337656e-01
-2.135910794971210627e-02,-4.169194529222873188e-03,4.984364984788764441e-01
4.610645276064829004e-03,-3.550072173606635267e-02,8.199289894749965946e-01
6.462981500906917094e-03,-3.539479216209866219e-02,8.240778161103404775e-01
-3.219019993095135340e-02,1.307977137302604106e-02,7.958158444108415219e-01
-3.158176958538480572e-02,1.499727529280484722e-02,8.007565353000272168e-01
6.260765217172210503e-03,-1.614242090552732087e-02,3.965560201314556332e-01
2.387131681791733115e-02,3.861566661210132523e-03,5.538504950313946074e-01
2.388196105307874642e-02,5.298507273340790150e-03,5.602872675148766746e-01
-4.151951537032057965e-02,7.180580047061803882e-03,9.650699098417807598e-01
-4.079437041116227430e-02,9.640551652613345984e-03,9.600806369357756109e-01
-3.165648648088205397e-02,2.374988495186057189e-02,9.064192840731755130e-01
-2.855094412681710367e-02,2.722750914069889394e-02,9.036090420560728420e-01
-1.349505561109810153e-02,-1.584786946748130421e-02,4.767458783249454712e-01
-2.865929183084459791e-02,2.020118548613844545e-02,8.030841815617623114e-01
2.056288594089992344e-03,2.458591873339322637e-02,5.650761980037961596e-01
7.611433635580019084e-03,2.329758745841834996e-02,5.613579321422411672e-01
-1.711009946078544466e-02,2.999465159999761474e-02,7.909047414605313575e-01
1.748285576257560883e-02,-2.269362121304427035e-02,6.561242037969622354e-01
-6.208404919977357148e-03,3.849512711599020059e-02,8.930762667505618424e-01
-9.178606437486024365e-04,3.909964780611165786e-02,8.957758826106586580e-01
-6.369018264044444023e-03,3.871650817589155497e-02,8.986721972988869211e-01
5.699516735438160632e-04,3.765294323422820055e-02,8.624929777234682238e-01
1.619265119122833933e-03,3.733243465578083703e-02,8.558572683870390163e-01
1.346206592227174384e-03,3.695375492917452737e-02,8.469415717630290885e-01
6.495653970136191536e-03,-1.177749857749299696e-02,3.080560665931307840e-01
3.378470400932722523e-02,5.216820287487481354e-03,7.829676419097093554e-01
-3.472623362828666099e-02,-1.709904608158905465e-02,8.865528666635553723e-01
2.535738102910081119e-03,-1.338117591907734064e-02,3.119336781051664231e-01
-4.682375884464165874e-03,-1.929956870308650180e-02,4.548563261227997478e-01
2.487638344487746078e-04,-1.971647601803164576e-02,4.516174863702182019e-01
6.923335014613425566e-04,3.670254311277412751e-02,8.407759877979813501e-01
-5.224227593177040163e-03,3.657265501317311790e-02,8.461543934954698365e-01
3.675049612434197477e-02,1.241563659279966252e-02,8.884615388929020252e-01
3.802550841361568984e-02,6.556669532296621923e-03,8.837794802081414547e-01
3.770901341937377138e-02,6.556666507336403847e-03,8.766368223221578937e-01
2.357789271696225306e-03,3.637700091512057615e-02,8.349185544846449147e-01
8.703621457413386608e-03,-1.231391268986770267e-02,3.453728913576696313e-01
3.722850051578447533e-02,6.687321671806982851e-03,8.663200652742718555e-01
3.722501512641852861e-02,7.881895572345420931e-03,8.714953605888682286e-01
1.587367001539435191e-02,3.704598065074395791e-02,9.231036110690284957e-01
1.201199409945895302e-02,3.831081159497055910e-02,9.195815624536129995e-01
3.535894207419298246e-02,7.000841074979826002e-03,8.255740243042405391e-01
-3.386458602847251115e-02,1.848471553797821632e-02,8.836505747098314378e-01
1.958847540589440245e-02,1.270452406745888052e-02,5.347493665664105889e-01
-3.613459138389127356e-02,1.274498350132841420e-02,8.775888828558880972e-01
-3.797903661924671020e-02,2.341532964567838264e-03,8.715146132800205558e-01
-3.806831604349013298e-02,-3.153864497203995570e-03,8.748949282638118774e-01
1.604000854417163714e-03,3.555486912826034268e-02,8.151686456830313787e-01
-3.702205005906803598e-02,9.158274543188500358e-03,8.735035520047897961e-01
1.813556437603455751e-02,1.507659051418451177e-02,5.401610571580987008e-01
-1.395305074928536969e-02,-1.502456661786812434e-02,4.696250704738900161e-01
-4.586152723982344151e-03,-1.081790637044869469e-02,2.691167063215942901e-01
-8.828266373446361920e-03,-8.100639728583457211e-03,2.744236737713637297e-01
-3.225619688909423660e-02,-2.786609877963350593e-02,9.762974746558802375e-01
3.467899358836295381e-02,1.778287309600390040e-02,8.926191818722643001e-01
2.171669038936321211e-02,-2.713085620131589978e-02,7.959505055553042219e-01
3.832577976096216213e-03,-2.333993408274179573e-02,5.417315183155897440e-01
2.574134733718192597e-02,1.860706687908701348e-02,7.274749021320406905e-01
2.914560023989639856e-02,1.079383048728326834e-02,7.118513877057246475e-01
3.045679052486682456e-02,5.632197424401116925e-03,7.094024003555698954e-01
-1.072666574214462334e-02,3.552109949128258448e-02,8.498531222680019148e-01
-1.948111990281761394e-02,-2.152133771550766156e-02,6.648730821721061668e-01
3.702935424612747994e-02,-1.255143356969219519e-02,8.955084008385865157e-01
2.017029457696420738e-03,-2.949353562156263597e-02,6.770908820060530520e-01
7.489626303281803413e-03,-2.874927891690614440e-02,6.804444472580027936e-01
-1.077516735190398728e-02,4.120627130913463027e-02,9.755124937805546015e-01
-7.048901781482274503e-03,4.218992668351185388e-02,9.797022275689357684e-01
-5.721120183152141568e-03,4.193143956069143169e-02,9.692858534015204031e-01
-1.751847320304350530e-02,-2.539556061164021175e-02,7.066215917696528903e-01
-1.732258786469466003e-02,-2.585912656238920776e-02,7.128800161360036025e-01
-2.414270557114603019e-02,-3.411039248926780315e-02,9.571442539600527599e-01
-2.371888559818865691e-02,-3.473996187770582444e-02,9.634431572523199927e-01
-2.468391270172036554e-03,-1.331553802747210621e-02,3.101718790174725626e-01
-2.230960767815717404e-03,-2.629978404848114237e-02,6.045274508452975759e-01
3.386235815745701917e-03,-2.603007804966668212e-02,6.012103459156931118e-01
-2.603777745793999648e-02,3.422587047185361026e-02,9.849620680632972247e-01
-2.417434236927977140e-02,3.580391751753069646e-02,9.894637033257424052e-01
3.971737822163953074e-02,7.286666799730046745e-03,9.248600782097715634e-01
3.940027772489431562e-02,7.286667001095478019e-03,9.177174459182797506e-01
8.714081241997200097e-04,4.289820946870325641e-02,9.827332239017483317e-01
-5.120763540029469457e-03,4.263294325868890317e-02,9.834734163983903654e-01
-2.689396268705950433e-03,-2.961692929996570176e-02,6.811301671034972749e-01
-6.292965657099010811e-03,3.272934959209092970e-02,7.633559943089157640e-01
-6.118695627687308763e-03,3.247493606379199538e-02,7.568853883401123195e-01
4.139394248112697287e-03,-2.268268979301905214e-02,5.280989525026791309e-01
4.060830724194784518e-03,-2.236903050069396007e-02,5.207088723376581685e-01
-2.993405517521625578e-04,-2.287720725661792492e-02,5.240190438830737429e-01
4.130964508209735569e-03,-2.300553767833966173e-02,5.353407374881808956e-01
8.343647783496803069e-03,-2.168043969821334058e-02,5.320668097552098130e-01
1.181503916650012039e-02,-1.368617015109326908e-02,4.141127514106984209e-01
1.980281247203354716e-02,2.573499389057891384e-02,7.437347808538001814e-01
1.458687020927453351e-02,2.920470282871535234e-02,7.476918213498440213e-01
2.927528440385972468e-03,-2.736707916260120929e-02,6.303852970872426686e-01
7.935514290401186888e-03,-2.614047781217353206e-02,6.256950624390023030e-01
1.852484028978282002e-02,3.613032729653303798e-02,9.299521861139514733e-01
1.939859286021296605e-02,3.589065893346264635e-02,9.344188443899614782e-01
2.396869818971401542e-02,3.316072781599733316e-02,9.371341954121102935e-01
-6.553939706998113644e-03,3.215170512848879864e-02,7.515389203812049557e-01
8.100236958564899573e-03,-2.109017764240366313e-02,5.174474308034636705e-01
-3.776097305112331021e-02,7.290868834916925355e-03,8.808419755466780909e-01
1.279254418013006829e-02,-1.960606309366108579e-02,5.361863464906633236e-01
1.278161470743641517e-02,-1.923480772982866932e-02,5.289468345832074592e-01
1.317406742813558712e-02,-1.855560663984990796e-02,5.212137165981802767e-01
-1.850642262212694872e-02,-1.256281296714399295e-02,5.123035043400688826e-01
1.348670216594009125e-02,3.502374797839891141e-02,8.595945414103105531e-01
3.212100148562122004e-02,7.360600261295914722e-03,7.547606316774084778e-01
-1.181419467425945391e-02,3.862472722232360156e-02,9.251093590858171511e-01
-5.849940874101977085e-03,-2.549486629300239116e-02,5.991031499278941519e-01
5.616658692551133696e-03,-2.533106450010853133e-02,5.942676189044989732e-01
9.311791861784084884e-03,-2.444718464667762145e-02,5.991750725288673696e-01
7.717234008451717524e-03,-2.442092725214829035e-02,5.865946297109846386e-01
-8.832937600837875020e-03,-2.554976045897864798e-02,6.191693373433529990e-01
3.914862240803976962e-02,-5.094697089749680372e-03,9.042117073212728728e-01
3.946309012204378408e-02,-5.094697584468273720e-03,9.113544517185528937e-01
3.827333479059369381e-02,-9.207594029021036811e-03,9.016139218625591756e-01
-7.809469350313250069e-03,-2.624212069401899231e-02,6.270935190887291233e-01
-1.135836394363254689e-02,-2.514077832791128744e-02,6.318580513956915112e-01
4.112353544550529684e-03,4.997747127055660564e-03,1.482369643203017007e-01
-3.548520818996044913e-03,5.543518041009652154e-03,1.507523556520501684e-01
1.249608489038015304e-03,6.210945163404693256e-03,1.451046392423733233e-01
-1.662092367831665210e-02,-2.666025278082919531e-02,7.195662510808110701e-01
4.147611018334036725e-02,-1.109507971600197547e-02,9.833609803237796099e-01
4.231569368028210293e-02,-6.706920090378134559e-03,9.812868924455417918e-01
3.684122069110192660e-02,-1.611176094747161086e-02,9.209661892745525380e-01
3.861977055966642203e-02,-1.042576191290119775e-02,9.162030670662277831e-01
3.976095589948894227e-02,-5.422107159579127485e-03,9.191041287089358747e-01
4.007567799261932406e-02,-5.422108227595006345e-03,9.262468621886718045e-01
-3.221795724037466307e-02,2.739240263417800844e-02,9.685721878802352469e-01
-2.979330637271717513e-02,3.043612626448465724e-02,9.754957857094092022e-01
-3.374736797397571292e-02,2.594565017619898314e-02,9.749747512896944635e-01
-3.226108565075289786e-02,2.697725000872116391e-02,9.631978835783130410e-01
1.293942814208336872e-02,-1.832695977527806774e-02,5.138342551002597069e-01
3.179818719359230744e-02,-5.059556880321780525e-03,7.374599318999307540e-01
1.283510783328342154e-03,3.463231361952957138e-02,7.937549510929355900e-01
-4.105838682159758043e-03,3.453133996094309016e-02,7.964688064883174157e-01
-9.240842328233000655e-03,3.364479452426240996e-02,7.991298630389975788e-01
-8.566775535209894196e-03,3.355655608235098147e-02,7.932219492284885431e-01
-1.252811681830752998e-02,3.210248669283201350e-02,7.892743162924755751e-01
2.757457836762690438e-03,-1.730437411831446670e-02,4.013357616369196967e-01
5.269208142902269930e-03,-1.909849421307506512e-02,4.537703808706836095e-01
6.057771134336193200e-03,3.738995590539120895e-02,8.675374967093045786e-01
1.286743115037988425e-02,3.557992386119017414e-02,8.665683708921915196e-01
2.015837745883990173e-02,3.275117700678677191e-02,8.808276593727731862e-01
-4.000985157368749934e-02,7.555360141020734700e-04,9.165396335599570454e-01
-2.511149931898134721e-02,3.453878521765990639e-02,9.780511527878531508e-01
3.752960210140730141e-02,1.192407093235330409e-02,9.019125114296637769e-01
3.510325659753159994e-02,1.756160735826708952e-02,8.989979410200170662e-01
-1.098403243392479314e-02,-1.135979680211682795e-02,3.619185980321183993e-01
-3.966215076245591803e-02,1.273115732114192371e-02,9.540644764165450153e-01
7.518166862302865135e-03,3.922951198702193804e-02,9.148549110639621063e-01
1.248661259719555106e-02,-3.109040751397803767e-02,7.673714926101857792e-01
2.544250786209933599e-02,-1.595198422804466193e-02,6.877947813777215424e-01
-2.334504754662978729e-02,-3.527089163408767686e-02,9.687580893366248835e-01
-6.110293188357557997e-03,2.978769606561148045e-02,6.964562173588240146e-01
2.091092468540334606e-02,3.450860578043900978e-02,9.241635750086061307e-01
2.406449078413403289e-02,3.211915106607196591e-02,9.192201904582159022e-01
1.869744611908747854e-03,3.049922584972237019e-02,6.998585484825852188e-01
1.411218590069255110e-02,3.725961421211979735e-02,9.125455311188254148e-01
-5.367445609318687721e-03,-3.528477984366794589e-03,1.471192661951060132e-01
-6.529248770628272650e-03,1.816126865157508181e-04,1.496022222216500941e-01
1.075751041517360087e-03,1.373821532703939491e-05,2.464075877344761023e-02
1.214513948214190290e-03,4.289039573199803103e-05,2.783428312675406691e-02
7.638514184420791249e-04,1.373820226113909601e-05,1.749790319108731826e-02
6.858261362072780440e-04,1.121359970009803968e-05,1.571010056963067364e-02
5.792854268027261902e-03,-1.159020665691814144e-03,1.353077425438750925e-01
5.619829253056444519e-03,-2.078376280379244830e-03,1.372356645640712136e-01
5.768423937201639165e-03,-1.917270760071895612e-03,1.392252104387395328e-01
5.991845158898514122e-03,-6.677572975976669382e-04,1.380854105872580673e-01
4.762212598698902996e-03,-6.906529844104197574e-04,1.102136965549743303e-01
4.812598339301637530e-03,-9.111982340373354092e-04,1.121849372759901042e-01
5.830106506381583847e-04,6.129752953170405313e-06,1.335387728501698408e-02
6.063331801605799896e-03,-1.957638984892002415e-03,1.459319365445630179e-01
3.687403075844986663e-03,-1.794502590729733695e-03,9.392549413799901326e-02
3.715357040435191948e-03,-1.203280571726512201e-03,8.944723090033633583e-02
3.207940280088067159e-03,-5.740609172184236303e-03,1.506181201126383096e-01
4.101014495346480028e-03,-1.918668136799272974e-03,1.037002158431541698e-01
4.657496205934048145e-03,-1.511545909197151366e-03,1.121513978389058752e-01
6.390233221290909579e-03,-1.957614272472201801e-03,1.530741676995616973e-01
3.861333049718268778e-03,1.442201820019231606e-04,8.850073210121571499e-02
3.740928502826657617e-03,1.321969007728989582e-04,8.573483097710872525e-02
4.583006642450988821e-03,5.001633403369475962e-03,1.553751456875950288e-01
1.475793918429643952e-03,-2.288484136230395412e-05,3.380530159845441390e-02
-2.212775071833181922e-02,-2.212775071833174984e-02,1.000000000000000000e+00
2.212775071833174637e-02,2.212775071833177065e-02,1.000000000000000000e+00
2.212775071833165269e-02,-2.212775071833186433e-02,1.000000000000000000e+00
-2.212775071833177412e-02,2.212775071833176371e-02,1.000000000000000000e+00
3.090809191706237261e-02,-4.895360839783277282e-03,1.000000000000000000e+00
-4.895360839783369222e-03,-3.090809191706245240e-02,1.000000000000000000e+00
-3.090809191706243853e-02,4.895360839783264272e-03,1.000000000000000000e+00
-4.895360839783276415e-03,3.090809191706243159e-02,1.000000000000000000e+00
3.090809191706234485e-02,-1.574845942705642085e-02,1.000000000000000000e+00
2.025788926472960397e-02,-1.032191013341982044e-02,1.000000000000000000e+00
2.021226523727746860e-02,2.932006514593161507e-03,1.000000000000000000e+00
8.405108260750497259e-03,-3.735674174303871276e-03,1.000000000000000000e+00
8.491551379178639836e-03,9.899173922319249447e-03,1.000000000000000000e+00
-3.381471518897435913e-03,3.156749236733989977e-03,1.000000000000000000e+00
-3.459929120908314219e-03,-1.050161486262997379e-02,1.000000000000000000e+00
-1.525054422707927161e-02,-3.604478760883782999e-03,1.000000000000000000e+00
9.508428323971513871e-03,-1.807545626067492972e-02,1.000000000000000000e+00
-3.286745361306859202e-03,1.681501019562534754e-02,1.000000000000000000e+00
-1.516386301478729257e-02,1.006792436296685515e-02,1.000000000000000000e+00
-2.825745791840549720e-02,-8.893206205496387989e-03,1.000000000000000000e+00
8.573001356646658619e-03,2.352556283799088488e-02,1.000000000000000000e+00
3.144147611495094058e-02,7.054912442616186746e-03,1.000000000000000000e+00
1.277329191077036970e-02,-2.958346199521388539e-02,1.000000000000000000e+00
-1.381440948510156627e-02,-1.467597747922087630e-02,1.000000000000000000e+00
5.567073420123182410e-03,3.401848889539244025e-02,1.000000000000000000e+00
-3.090809191706243159e-02,1.574845942705636187e-02,1.000000000000000000e+00
-1.574845942705637575e-02,3.090809191706243159e-02,1.000000000000000000e+00
-1.574845942705643820e-02,-3.090809191706242812e-02,1.000000000000000000e+00
-8.593586624978943878e-04,-2.093826817380145533e-02,1.000000000000000000e+00
1.589507911230182008e-02,3.119584925163907882e-02,1.000000000000000000e+00
1.816470150148659368e-02,1.282976909533144194e-02,1.000000000000000000e+00
-1.211759136644426776e-02,2.156252804726314920e-02,1.000000000000000000e+00
4.273245943972803738e-03,-3.470459549957832096e-02,1.000000000000000000e+00
3.058835848735306021e-02,1.694172083160995490e-02,1.000000000000000000e+00
-1.520720362093328296e-02,3.231722801041535861e-03,1.000000000000000000e+00
-2.303597746592486728e-02,7.481642601375059279e-03,1.000000000000000000e+00
-2.307931807207085420e-02,6.454410394497404196e-04,1.000000000000000000e+00
-1.478143445607900223e-02,-2.279203469814165134e-02,1.000000000000000000e+00
-1.032191013341990371e-02,-3.090809191706243853e-02,1.000000000000000000e+00
-9.354885162442467747e-03,-2.279203469814166522e-02,1.000000000000000000e+00
-2.877359751140631805e-03,-2.592318004543195387e-02,1.000000000000000000e+00
-7.336884073799730330e-03,-1.780712282651116668e-02,1.000000000000000000e+00
-2.519260431836865821e-02,-1.551047846191406891e-02,1.000000000000000000e+00
-3.178995136091306017e-02,-1.727823227415168847e-02,1.000000000000000000e+00
-2.872509776087622119e-02,-2.389550453056937113e-02,1.000000000000000000e+00
-3.489074108956828624e-02,-1.119258977733046841e-02,1.000000000000000000e+00
-2.958277491773396786e-02,-1.998922682856562293e-03,1.000000000000000000e+00
-2.175400107274238354e-02,-6.248842483190085277e-03,1.000000000000000000e+00
-3.595920041345877782e-02,-4.446603102748191393e-03,1.000000000000000000e+00
-3.728451741278725196e-02,2.447680419891634738e-03,1.000000000000000000e+00
-2.303597746592486034e-02,1.290819189501160938e-02,1.000000000000000000e+00
-3.090809191706243506e-02,1.032191013341981350e-02,1.000000000000000000e+00
-2.651792131769710459e-02,1.893810507269406279e-02,1.000000000000000000e+00
-1.864580686655953334e-02,1.609783754064931030e-02,1.000000000000000000e+00
2.643127997669899275e-03,2.017028651680811621e-02,1.000000000000000000e+00
1.838820258431690668e-03,2.721682737752665823e-02,1.000000000000000000e+00
-4.091053100545067808e-03,2.386155105634388957e-02,1.000000000000000000e+00
3.024249601531599392e-03,-1.428853556165245176e-02,1.000000000000000000e+00
8.956768292361005565e-03,-1.090556521748940050e-02,1.000000000000000000e+00
2.472589569921091954e-03,-7.118644518466922533e-03,1.000000000000000000e+00
-1.893810507269412871e-02,-2.651792131769709071e-02,1.000000000000000000e+00
-1.797108010171669101e-02,-1.840186409877631393e-02,1.000000000000000000e+00
1.706943640737454675e-03,-2.782143183668988815e-02,1.000000000000000000e+00
8.523268927371586284e-03,-3.214402874739610144e-02,1.000000000000000000e+00
5.956966624136237655e-03,-2.526086508450767210e-02,1.000000000000000000e+00
-2.103593370175353000e-02,-1.178459184235863128e-02,1.000000000000000000e+00
4.324534830736809742e-03,-1.950686221723819253e-02,1.000000000000000000e+00
1.114086011737094178e-02,-2.382945912794440929e-02,1.000000000000000000e+00
-1.453247685609041981e-02,-9.140228120052329430e-03,1.000000000000000000e+00
1.488315879435055805e-02,-1.419868319704737508e-02,1.000000000000000000e+00
1.433149876274004975e-02,-7.028792153861845859e-03,1.000000000000000000e+00
-9.272667266842364239e-03,6.612336799850421915e-03,1.000000000000000000e+00
-9.316007872988352895e-03,-2.238647620748965110e-04,1.000000000000000000e+00
3.728451741278721726e-02,-2.447680419891638641e-03,1.000000000000000000e+00
3.621605808889670486e-02,-9.193667094473965962e-03,1.000000000000000000e+00
-3.621605808889675343e-02,9.193667094473920859e-03,1.000000000000000000e+00
-2.872509776087619343e-02,2.389550453056938847e-02,1.000000000000000000e+00
-2.389550453056940582e-02,2.872509776087617955e-02,1.000000000000000000e+00
-9.193667094473936471e-03,3.621605808889674649e-02,1.000000000000000000e+00
-2.447680419891651218e-03,3.728451741278724502e-02,1.000000000000000000e+00
2.389550453056937807e-02,2.872509776087619343e-02,1.000000000000000000e+00
2.872509776087616568e-02,2.389550453056940582e-02,1.000000000000000000e+00
-2.447680419891766143e-03,-3.728451741278725196e-02,1.000000000000000000e+00
-9.193667094474028412e-03,-3.621605808889674649e-02,1.000000000000000000e+00
2.872509776087606506e-02,-2.389550453056952725e-02,1.000000000000000000e+00
2.389550453056925663e-02,-2.872509776087629058e-02,1.000000000000000000e+00
-2.389550453056945439e-02,-2.872509776087614833e-02,1.000000000000000000e+00
-9.355236673993792482e-03,-7.053046811756879045e-03,1.000000000000000000e+00
-3.420700319902875066e-03,-3.672432812947991690e-03,1.000000000000000000e+00
-9.225304188047074583e-03,1.344146727929610222e-02,1.000000000000000000e+00
-3.334108440102147557e-03,9.985879716179668977e-03,1.000000000000000000e+00
2.511818370926530673e-03,-2.894624687849404326e-04,1.000000000000000000e+00
2.602403008935889883e-03,1.335709205897229850e-02,1.000000000000000000e+00
2.555039930140601961e-03,6.527961579526619929e-03,1.000000000000000000e+00
8.448329819964569415e-03,3.081749874007689086e-03,1.000000000000000000e+00
8.532276367912650095e-03,1.671236838015506543e-02,1.000000000000000000e+00
1.435190830822805422e-02,6.415590218456205043e-03,1.000000000000000000e+00
1.430868674901398380e-02,-4.018338298553548842e-04,1.000000000000000000e+00
2.023507725100353455e-02,-3.694951809413329902e-03,1.000000000000000000e+00
3.755120951173149951e-02,3.527456221308093373e-03,1.000000000000000000e+00
3.117478401600665833e-02,1.079775801416454732e-03,1.000000000000000000e+00
3.648275018784100099e-02,1.027344289589038340e-02,1.000000000000000000e+00
1.921827512678861427e-02,-3.245295339931730111e-02,1.000000000000000000e+00
1.313263262996737513e-02,-3.555374312797251329e-02,1.000000000000000000e+00
1.745052131455101033e-02,-2.585560635677287486e-02,1.000000000000000000e+00
7.070037388384920948e-03,2.877202586669166257e-02,1.000000000000000000e+00
3.358562901699529979e-04,3.246329040622743245e-02,1.000000000000000000e+00
1.332812644033261676e-02,1.136447150882534569e-02,1.000000000000000000e+00
1.336885142906662702e-02,1.817766596666116341e-02,1.000000000000000000e+00
2.014622610990916829e-02,1.747875990683160630e-02,1.000000000000000000e+00
1.535037603748920162e-02,2.282665677816132777e-02,1.000000000000000000e+00
-2.159643891703104304e-03,-1.571994151821571456e-02,1.000000000000000000e+00
3.101491730115200213e-02,1.199831663711307082e-02,1.000000000000000000e+00
2.437652999441982521e-02,1.488574496347069842e-02,1.000000000000000000e+00
2.480308880821876713e-02,9.942340768973814344e-03,1.000000000000000000e+00
1.581808952115158415e-02,-2.010160348950339876e-02,1.000000000000000000e+00
2.119281999153063006e-02,-1.622483042587584412e-02,1.000000000000000000e+00
2.556017857716991887e-02,-9.816771625950574537e-04,1.000000000000000000e+00
2.558299059089598829e-02,-7.608635486601548863e-03,1.000000000000000000e+00
-3.110574479052823083e-04,-3.280634370832039015e-02,1.000000000000000000e+00
1.918848336938203114e-02,7.880887804962301291e-03,1.000000000000000000e+00
2.582687067611420459e-02,4.993459478604673693e-03,1.000000000000000000e+00
-8.637169303004940679e-03,-1.258879617092542591e-02,1.000000000000000000e+00
-8.506476103113771656e-03,2.623530998216279039e-02,1.000000000000000000e+00
-7.702168363875563917e-03,1.918876912144424837e-02,1.000000000000000000e+00
-1.364072719061578016e-02,1.581522620511500304e-02,1.000000000000000000e+00
-1.712267104238802268e-02,2.184513938279745646e-02,1.000000000000000000e+00
2.783536710061577761e-03,3.883971590195224588e-02,1.000000000000000000e+00
9.529523384643863448e-03,3.777125657806175429e-02,1.000000000000000000e+00
3.621605808889669098e-02,-1.462021638811053861e-02,1.000000000000000000e+00
3.311526836024140941e-02,-2.070585888493180551e-02,1.000000000000000000e+00
3.090809191706235873e-02,-1.032191013341984820e-02,1.000000000000000000e+00
2.651792131769700051e-02,-1.893810507269414259e-02,1.000000000000000000e+00
-1.462021638811048657e-02,3.621605808889674649e-02,1.000000000000000000e+00
-1.032191013341982565e-02,3.090809191706243159e-02,1.000000000000000000e+00
-3.621605808889674649e-02,1.462021638811046922e-02,1.000000000000000000e+00
-3.311526836024152043e-02,2.070585888493168755e-02,1.000000000000000000e+00
-1.893810507269407667e-02,2.651792131769709765e-02,1.000000000000000000e+00
-2.070585888493170490e-02,3.311526836024151349e-02,1.000000000000000000e+00
-1.462021638811056290e-02,-3.621605808889673261e-02,1.000000000000000000e+00
-2.070585888493176735e-02,-3.311526836024148573e-02,1.000000000000000000e+00
2.077916872755441319e-02,3.325914702752984925e-02,1.000000000000000000e+00
1.901141491531678496e-02,2.666179998498542647e-02,1.000000000000000000e+00
1.223404023447424022e-02,2.736070604481498358e-02,1.000000000000000000e+00
3.295540164538682260e-02,2.130248958720849795e-02,1.000000000000000000e+00
3.605619137404206254e-02,1.521684709038726921e-02,1.000000000000000000e+00
8.882609646568591713e-03,-3.811430988015472587e-02,1.000000000000000000e+00
2.136622971986320337e-03,-3.918276920404518970e-02,1.000000000000000000e+00
1.469352623073318272e-02,3.635993675618507531e-02,1.000000000000000000e+00
2.635805460284240329e-02,1.953473577497086278e-02,1.000000000000000000e+00
2.558299059089597441e-02,-1.303518478023812065e-02,1.000000000000000000e+00
-1.393302539675032176e-02,2.623530998216279039e-02,1.000000000000000000e+00
1.073107626621250081e-02,3.260716907351576127e-02,1.000000000000000000e+00
2.242273371173233998e-02,-1.590290727252716878e-03,8.507035716631435873e-01
-1.060757242124366626e-03,-6.007586749182201175e-03,8.571836207417581344e-01
2.121404374576253346e-02,4.539859495441694003e-03,8.371207656626740157e-01
-4.721711274475823977e-03,-8.202844010848251647e-05,8.341372671028118857e-01
2.747313566114806976e-04,-8.779396095929757268e-03,8.786521444681996140e-01
2.166001600551599113e-02,-4.510144686443198943e-03,9.804883271346992446e-01
2.015449810390798277e-02,-2.799769403169191737e-03,9.660689161453424045e-01
-2.300806876359923290e-03,-5.325678029221438993e-03,9.774754557034323055e-01
-3.260369029550571566e-03,1.997373161823108242e-02,9.809756058918205346e-01
5.256894508557280509e-04,-2.084355056046922720e-03,9.596880018967512971e-01
-3.068392102093628771e-03,-1.121600430248404770e-03,9.412232527686689165e-01
1.750996174299505187e-02,1.652227071900568434e-03,9.408852938055495274e-01
3.037946199097352543e-02,1.437862765825478548e-02,9.860672823995372260e-01
5.664658315925018284e-03,1.812277263515699524e-02,9.653888704028869006e-01
-3.074215938443663424e-03,2.141910390680575038e-02,9.382989227144779010e-01
-2.791040967819026150e-03,1.896598247924859842e-02,9.221246761475163645e-01
3.505692417729489377e-03,-7.709442158861547559e-03,9.180866543425346693e-01
-2.028588672855840061e-02,-8.781678316670303922e-03,8.281722531977185886e-01
-3.445622151932390027e-03,-2.844665575749462990e-03,8.079784118516678548e-01
-3.484489102165376213e-04,-6.265140149119673846e-03,7.894602380560111765e-01
-8.492880064657679778e-03,-2.359441897226179780e-02,8.381320598293049429e-01
4.473937861018425707e-03,-2.423210958058318043e-02,8.390414434515166553e-01
5.031950973746078873e-03,-6.623346545026371698e-03,8.430798034346169700e-01
-4.417093370203752610e-03,-2.766935040533757655e-03,7.689695522580582976e-01
-1.297985656811240056e-02,-1.314858852156338895e-02,7.743715809983841014e-01
3.646486569422784964e-03,-2.267695540175562827e-03,7.488961855837316106e-01
-2.670813206164563899e-03,-5.327157464809943906e-03,7.216772585731004996e-01
-2.050117322180388876e-02,4.635506715552519322e-03,7.796539139541467378e-01
-6.693637376709175683e-03,1.359537446884221366e-02,6.593871516709832736e-01
1.448449210442270092e-04,-2.663691600098658414e-03,6.644478426011324323e-01
-6.628000948875560801e-03,2.776756529386941851e-03,6.820936108237883877e-01
-1.786503546857236681e-04,3.523304448264207543e-03,7.066386325528671852e-01
-9.337329436956335812e-03,-1.302662847109031796e-02,7.313777928960775165e-01
-2.122084153320263206e-02,-1.355088786981559082e-03,7.335236380488940888e-01
-9.607425577640042735e-03,-2.586783930475540852e-02,8.489303252020166113e-01
7.478446171051395842e-03,-2.170218472671506249e-02,8.501299185646156165e-01
-6.212653285238885735e-03,-1.398612404657672767e-02,8.499985911275379502e-01
-8.796773379804822060e-03,-2.564045238884345851e-02,8.630946692910145268e-01
-3.484388188117997030e-03,-1.151969168410287535e-02,8.974693846985883905e-01
-1.213548868492962202e-04,1.464647831493540511e-02,8.961776074035638917e-01
1.692360579157119876e-02,-4.994732673342962975e-03,8.049489680119159551e-01
1.888432583114190572e-02,-1.651568750500342388e-03,9.198849708041986206e-01
-1.905566436614215473e-02,-1.290038172820315819e-02,8.818499315597465582e-01
8.960964222567023487e-04,1.297455901987470787e-02,8.783430224637495121e-01
-6.515216553102803031e-03,1.467987257694542899e-02,7.276184344190553821e-01
1.794138520374039675e-02,-1.190331310905467545e-02,7.762834969254226447e-01
1.759998193883841044e-02,5.200828765541524491e-03,7.729924404877616118e-01
-1.148452393282201577e-02,-2.140083816440760400e-02,7.840829384944881797e-01
8.136589785650507820e-03,-2.006379240064413289e-02,7.971350420444086593e-01
-1.039918221595238952e-02,-2.138020001362020417e-02,7.951904234429022500e-01
-6.791141021001008762e-03,-2.162896990721631038e-02,8.053887383202776862e-01
2.699926719255260968e-02,-1.017826461212747134e-02,9.247551243979237334e-01
2.576620022065567728e-02,-1.344220164397726472e-02,9.130814846939511176e-01
-8.158443724165230851e-03,-9.299673209772889651e-03,5.847772594588419581e-01
-1.072857599607773479e-02,-2.146736208369436419e-02,9.324111783269817266e-01
-3.092860163884024113e-02,-1.049435279278634024e-02,9.765720038949309290e-01
-2.800837059822976031e-03,1.955586904324178518e-03,6.482307368091744237e-01
5.789520338582116593e-03,1.012985293799682600e-03,5.750538403363991691e-01
-8.844209117027553024e-03,3.851203773419427118e-03,5.742769244235473858e-01
-5.045592058048110375e-03,-1.046152503579012363e-02,5.744243565232668436e-01
-1.226549839892351196e-02,6.446554050951758610e-03,5.873257736022375886e-01
-1.917478698367574782e-04,-7.374643184009340054e-03,6.097474182155382394e-01
1.660348027444723609e-02,2.867914134856857505e-03,6.255111096286335437e-01
2.149417319201665788e-03,4.472293587404785851e-03,6.251007733804370137e-01
-8.779548435882099378e-03,-2.287960527108057196e-02,8.158221547796193907e-01
8.035867153789885697e-03,-2.469095916523200013e-02,8.171034626418239855e-01
-7.691961109098537260e-03,1.273584308199622638e-03,6.212011324475416041e-01
1.973627726461098242e-03,-1.757321185242574158e-04,4.672936878916992276e-01
1.552674318074652449e-02,7.955366188970167812e-03,7.858086689893539756e-01
-1.456906098944869658e-03,-3.619762318181688463e-04,5.004334095304794339e-01
-1.878761607481842580e-02,-1.178416266081769824e-02,8.163079586916653918e-01
-9.460489430080619433e-03,1.625465937711686928e-03,5.482699695399304574e-01
2.380929823644539409e-02,-1.511783563719483123e-02,9.571307523582875953e-01
2.555693372872269720e-02,-1.197836167559680060e-02,9.440010288332789656e-01
-5.673045633248783963e-03,2.371857116513211711e-02,8.167307756498278781e-01
-1.141351275846191719e-02,9.177577940241920043e-03,8.164018327342185133e-01
-3.126682767156555021e-02,3.231590450618621740e-03,9.887559602643931633e-01
-1.869479247356806498e-02,2.205627978499848790e-03,9.877004627200050013e-01
-3.014091699440698408e-02,4.715533578545602969e-03,9.781203505900333273e-01
1.790941867851352301e-02,-1.265948440221325785e-02,8.392050008907154801e-01
8.313053694537848176e-03,-2.605463355187176075e-02,8.280648155154543000e-01
1.803055979948145482e-02,-7.803449956385500805e-03,8.232062181583511551e-01
-9.947854543889446399e-03,-2.087461248067874406e-02,8.292714707236904514e-01
2.271508696066283704e-04,-1.248778881644070290e-02,8.271216201569919768e-01
-1.202455056445040672e-02,-1.408810808001056611e-02,6.868931066291904530e-01
-1.890379180452751023e-02,-8.696703705667845410e-03,8.045219608353485485e-01
-1.731917329112290724e-02,6.560654812423341239e-03,6.886846390657774819e-01
-1.158263181477300376e-02,2.714662172185350331e-02,9.346228458813465867e-01
-1.705694620372511655e-02,1.295025592151614023e-02,9.342669000214074426e-01
-1.852845932714374672e-02,4.865823969932939544e-03,7.039975044055052367e-01
1.292760259553370379e-02,-9.631041408937663154e-03,7.024399827441900612e-01
1.110496587080684987e-02,9.708622109457961877e-03,6.916147224871943555e-01
-7.626865525004183390e-03,-1.384975261978030336e-02,6.556871613566574997e-01
-2.307648584368421352e-02,-9.222141180059241494e-03,8.401524754426351604e-01
-2.392191015077801963e-02,2.117932356878758637e-03,8.404379261997927397e-01
-2.180624626641418373e-02,-1.255349785535657230e-02,8.506496718470859530e-01
-6.443682881948254067e-03,3.460019249526507905e-03,6.365006195950223544e-01
7.051117825751702234e-03,-2.401374136221058955e-02,8.631418070076977145e-01
-7.433013962693889483e-03,1.614761299915892095e-02,7.685705210812123767e-01
-2.044326038972819892e-02,3.241895960933906403e-04,7.437818154165750650e-01
-2.074095833775869979e-02,-1.773357480536369522e-03,7.542688702074419327e-01
-7.461478348920327214e-03,1.852040562007684858e-03,5.600705983810633226e-01
6.898259651363103546e-03,2.027353817062682584e-02,8.603955551394051326e-01
1.415542184162924336e-02,-2.404974477098968319e-02,9.200257961429061382e-01
-1.176360841176056146e-02,2.813055184945888534e-02,9.878502909391503328e-01
-3.987015302798439104e-03,1.464972414685863054e-02,7.409706744856887628e-01
-7.887743947343740791e-03,2.476990488590461933e-02,9.550194697305611768e-01
1.202333990892161817e-04,2.233614073889080009e-02,7.829851420386103600e-01
2.455377874180222908e-02,3.074303169940544728e-03,8.835987699687710695e-01
1.869072660936408952e-03,-3.361618533047833202e-02,9.861022157153147560e-01
-2.276635844569696934e-02,1.310145904506083113e-02,8.409359622617771368e-01
-2.127482777365418548e-02,2.477937938489371134e-02,9.577835894393632588e-01
1.673427958213066086e-02,-7.116965579898584283e-03,6.721334566474005401e-01
1.126512213441348449e-03,-1.309069768585298214e-02,6.730352909317700583e-01
1.140751701188078178e-02,7.532480732083169511e-03,6.801129638295257962e-01
1.588657556524143699e-02,-1.046572918881842965e-02,6.866009237199203197e-01
3.505031821819891251e-03,-1.239326389477142173e-02,6.871599897856470740e-01
3.908602767706612427e-03,4.145670526442087576e-03,5.475466318948358779e-01
3.442083469681033077e-03,2.867680122766522524e-02,9.873305979046934633e-01
-2.300060069051787504e-02,8.332424254443996856e-03,9.038885741988481604e-01
1.687505669890535312e-02,-4.989812944751348921e-03,7.397565378793691249e-01
-1.988408182228403043e-02,-3.044583322610797897e-03,7.662813528483708447e-01
-1.881755611110022888e-02,-9.104155694166365942e-03,8.660636716277367864e-01
-2.892759633833601879e-02,-9.949067696745658371e-03,9.662148666503690420e-01
-2.640476410274889343e-02,1.907412317864144984e-03,9.571735203743090281e-01
-7.418191237533571132e-03,-2.255046345451687875e-02,9.470791135610904243e-01
-1.945882224949496003e-02,-2.052260990215059450e-02,9.568409596450474508e-01
-6.777239650890881130e-03,-9.217310344173266969e-04,5.157310517555778739e-01
2.960577882850393486e-02,4.697307589014989085e-03,9.362056102424720638e-01
1.546888927345048403e-02,-8.191703893437297934e-03,7.226459122140648228e-01
-6.646434328919327214e-03,1.771614649343246188e-03,5.314121317768986108e-01
-1.480411320811550815e-02,1.597509912792670003e-02,8.044991996150698821e-01
-2.113085161479604651e-02,1.309603836627667300e-02,8.251471186743225550e-01
-8.998072704035778649e-03,-1.107930896702828336e-02,8.380557701812950677e-01
1.837799198424027239e-02,1.716265204727274174e-02,9.310455313305759928e-01
-2.200235507421576323e-02,-2.353113518587465064e-02,9.855821664692522299e-01
-9.021531369935468711e-03,2.075993605495681654e-02,8.726056893043577789e-01
-4.979059098926508567e-03,2.080012003671258963e-02,8.364948250508918992e-01
-3.057091221331553060e-02,4.580303118729898287e-03,9.665158540960575584e-01
3.916384333478449900e-03,2.688860900284622754e-02,9.148012988796577760e-01
1.934953724122095986e-02,1.518930537044418418e-02,9.138432147347889112e-01
1.566310970493867832e-02,2.393790154011279578e-02,9.031457096960294750e-01
2.901254834402635166e-02,2.869698032548005911e-03,9.148303315394950008e-01
2.527741152685279713e-02,2.972368489117777502e-03,8.968690261190105373e-01
-1.632956851262794620e-02,5.072954669520803560e-03,9.760865052180346391e-01
1.467945543594957776e-02,-1.509398067406734871e-02,8.718984399786137152e-01
2.730263412068332715e-02,2.071724269146254377e-03,8.709666600515143520e-01
2.416339957951589568e-02,6.956448728980798094e-04,8.612621322889780773e-01
-3.008874749385330449e-02,-1.324640419224209359e-03,9.452907261855902910e-01
-1.256230229889751006e-02,2.722113610410884302e-02,9.147387259733132936e-01
8.160258469559806063e-03,1.524888492100779161e-02,8.051980087612325976e-01
9.086958289841648093e-03,1.382178087023512580e-02,8.202693248567126671e-01
2.975841811587334566e-03,2.519405247104246695e-02,7.969197349117868034e-01
2.202334781760282439e-02,1.269381853419577870e-02,9.518211026286431675e-01
1.039835023701798575e-02,1.705027186311022097e-02,8.857590749234599548e-01
-1.935080424642273561e-02,-2.235540425603250309e-02,9.718327510745996545e-01
-9.932125028098329200e-03,2.344254338596173451e-02,8.818035309520846354e-01
-2.293693173292461057e-02,1.164111858832059254e-02,8.828381704482445302e-01
2.897345981652586430e-02,-1.271745703980948182e-02,9.344197900088896391e-01
1.677244631610457556e-03,-2.335445632564327190e-02,7.648410425080032216e-01
3.489222884144308704e-03,-2.239214425248856749e-02,7.513213439759237611e-01
-1.821625363021633264e-03,-5.111015370722726391e-04,4.494724155056177839e-01
2.426185977241546513e-02,5.218616365455104253e-03,8.183740765213990409e-01
6.712640637548839863e-03,-1.974583566535779988e-02,7.852222770291458209e-01
1.307223546860064936e-02,-2.383716438501629065e-02,9.352246951001099706e-01
5.198440352948969015e-03,-2.280632566572014797e-02,7.733040273751471405e-01
6.870652865514971855e-03,-8.014171960284856679e-04,5.302465657402293253e-01
-3.191177877925974182e-02,9.210117145004423269e-04,9.233337240951703384e-01
-1.867066686589997915e-02,4.568448164721521272e-03,9.249855317314488179e-01
-3.992302190777314609e-03,4.933449333647211762e-03,9.284639327858549285e-01
-2.796830311587336637e-02,-2.280059427051960713e-03,9.339358449410464225e-01
-2.089442445571949945e-03,-2.324268305694172226e-02,9.698404693024150758e-01
2.392373829284540933e-03,1.425681695983130673e-02,5.846683381770171328e-01
-4.762966324037074667e-05,1.465847875005417454e-03,4.840447791930323485e-01
-2.064840191493818450e-02,-1.550531981840392280e-02,9.089552851287342472e-01
-5.250479691823645850e-03,-2.157176425170252015e-02,9.108379420944177074e-01
4.132598349372899015e-03,-1.158078284962497928e-02,8.154189410699785867e-01
5.741314439002644099e-03,-2.283462509144755861e-02,8.067507667889819434e-01
-9.877486132598551488e-03,1.669486604040487654e-02,7.934815439047189223e-01
-2.118614136840717838e-02,1.161446621603859320e-03,7.940834993317683610e-01
1.274541389188918114e-02,3.501820979586694853e-03,5.949005505102410440e-01
-9.832129392833807366e-03,2.790431885507919929e-02,9.023620250508882501e-01
-4.317240024166293932e-03,2.507097686410258292e-02,8.489206098823404156e-01
-8.710904908559625320e-03,6.117348568655836712e-03,8.511298106713581779e-01
-9.677441303761151817e-03,2.134480276108788321e-02,8.574671250476082474e-01
1.736846775264050402e-02,-1.736676709638332664e-02,8.927570977333092461e-01
7.892504274666324246e-03,2.822800528347094856e-02,9.337558216678886192e-01
1.700771374887513968e-02,2.598481902020153417e-02,9.464343817353344512e-01
-1.816047661869479033e-03,-8.155148199733548361e-03,5.954756144311018629e-01
2.727143542511182780e-02,8.259097092706854746e-04,9.064752009312241343e-01
3.116423174735777693e-02,-1.372488132965176549e-02,9.867785852950673453e-01
2.920707550612563000e-02,5.015528779658929431e-03,9.236254895771262019e-01
1.138705233320636868e-02,2.058301203046932273e-02,8.699259017059448595e-01
-2.812938505973346191e-03,1.722883472590242687e-02,7.543927873509187476e-01
1.546946222772733678e-02,-5.447498105885047529e-03,7.588789832167175398e-01
5.937492692533344850e-03,-1.228677518276964468e-02,9.833221754610764753e-01
-2.013701811656614868e-02,-1.072719341642209244e-02,9.863257708574844074e-01
1.490130291337288075e-02,-1.431312523185695150e-02,9.862675603202600838e-01
-1.013112568304362117e-02,2.378634931766075451e-03,9.880751673381252820e-01
-8.870887956275014946e-03,1.385071666439492873e-02,9.903829820305259934e-01
4.994382464425396913e-03,3.226105677600529451e-03,9.841720781047953448e-01
4.093065943570385785e-03,1.245076526032544949e-02,9.890993927333964209e-01
1.535114711539089898e-02,3.768250586757876559e-03,9.883104757622087622e-01
1.510211725633029897e-02,2.677566592098913970e-02,9.837659009548136435e-01
1.969457870180348763e-03,-2.361133988314353255e-02,9.840542694856185824e-01
1.819894900250922792e-02,-2.495539584360502092e-02,9.820319182760249843e-01
2.800617903332980677e-02,-3.715921504428568373e-05,9.880168697598586958e-01
-7.739530355166434998e-03,-2.274987491316732974e-02,9.880847833048957973e-01
-1.034632191333178727e-02,-8.971793938495450232e-03,9.864319809887469592e-01
1.976866740192707861e-02,1.332133217487290952e-02,9.842226094453474516e-01
-2.042033680502948478e-02,1.633590163787154714e-02,9.834349668662014654e-01
3.285638671274984657e-02,-1.129319016426049219e-02,9.476358950949039794e-01
3.243609024577057132e-02,-1.167719618388811040e-02,9.407033850183904589e-01
3.046341378182370815e-02,-1.662013749753805947e-02,9.446038228897688516e-01
-1.369924369296647527e-03,-1.306069568308851521e-02,7.669052973830308151e-01
3.906734913726082024e-04,-1.278663035312695324e-02,7.711367898166027190e-01
3.437842492279713502e-03,-2.308039099568170993e-02,7.690725349415752365e-01
8.573353429668896519e-03,-1.440097721576415885e-02,7.618600128623603807e-01
1.033395129033815377e-02,-1.412691188580259688e-02,7.660915052959322846e-01
5.526184428761791653e-03,-4.107216573209402158e-03,7.639242677373878632e-01
7.823940683551430450e-03,2.045562512207740186e-02,7.459948121247101938e-01
1.104270233112953671e-02,1.697714842544082239e-02,7.419992426572237232e-01
1.162974072954208252e-02,1.826670371496271969e-02,7.487102990898387711e-01
-3.399976904385892430e-03,1.593927943638052958e-02,7.476817309183036997e-01
8.410979081963976256e-03,2.174518041159929915e-02,7.527058685573251307e-01
-1.119289984179536179e-02,3.484843582182892141e-02,9.852349259634145540e-01
-9.286239348223536763e-03,3.541096374145542153e-02,9.890008151179154883e-01
-1.579757753026565792e-02,3.322155057098059860e-02,9.879702620878290098e-01
6.574573365135842791e-03,-3.078874615423968231e-02,8.673780677525757543e-01
4.993880200038327069e-04,-3.065369295728717636e-02,8.642409737691488791e-01
5.457607839492528180e-03,-3.070804190613699719e-02,8.621779098173895095e-01
-2.568178763375374499e-02,1.172736948283475099e-02,9.515371578124767193e-01
-2.877563171510572754e-02,2.200480487555241810e-02,9.490862908556397803e-01
-3.318259157520528357e-02,8.952794973493459485e-03,9.428398592287532409e-01
-3.239288493056166618e-02,1.080175950855242172e-02,9.489093083737019096e-01
-2.798592507046210667e-02,2.385376941061138206e-02,9.551557400005883380e-01
2.307308289188291991e-02,-1.833148055202718160e-02,8.728313849973489136e-01
2.029915793509259186e-02,-2.114239260716396437e-02,8.661388843461957920e-01
1.795155887257988622e-02,-2.336484442251655913e-02,8.722136315703652443e-01
2.668009804495035525e-03,-1.266766422913568821e-02,3.566492322977906637e-01
9.191287942191093616e-03,1.657385425275194682e-02,5.757659184049515044e-01
7.629926827790666291e-03,1.801008457430916532e-02,5.818688252779256054e-01
1.230087482292707007e-02,1.323487929499167493e-02,5.825919184587201594e-01
7.600118171973248900e-05,-3.434168277982650275e-04,4.583830516986585057e-01
-9.508433614199859538e-03,5.191331523417426139e-03,4.578461522617388590e-01
-7.610807069458493460e-03,5.359016232691433262e-03,4.667567884547795254e-01
-7.854130913551313556e-04,9.812891873151581221e-03,4.640156868696677095e-01
-2.683039636096497000e-03,9.645207163877574097e-03,4.551050506766269876e-01
-1.965928419751411613e-03,9.807949986932443590e-03,4.701728477697755260e-01
-5.140191187140654219e-03,-1.037072367437864157e-02,5.045352991494483907e-01
-7.800357963113660822e-03,-1.065060107567821976e-02,5.121841202619976663e-01
-4.117072874917875394e-03,-6.418536331177477445e-04,5.080822306430285984e-01
-8.745906689031706163e-03,-7.634132616967587333e-03,5.009359793268517436e-01
-1.140607346500471103e-02,-7.914010018267166394e-03,5.085848004394010191e-01
-3.574518964185565556e-02,-2.907566915338694914e-03,9.777045102705523849e-01
-3.634026066798509702e-02,4.859392881125785754e-03,9.795766089307851310e-01
-3.626605476997354915e-02,2.021118526897350536e-03,9.745803719090431194e-01
-1.706845042366993831e-02,2.342871689362479269e-05,6.137705777360522585e-01
-1.331834380403904700e-02,-4.300685029210856228e-03,6.080437206200505207e-01
-3.941854489467647681e-03,-3.050529437904858816e-03,6.154742753315398662e-01
-1.460592903403429808e-02,-7.140305105404206633e-03,6.146774763020472765e-01
-1.085582241440340850e-02,-1.146441885150868874e-02,6.089506191860456497e-01
-3.651918228758359308e-02,-6.285688344782923778e-05,9.834352733666740232e-01
-2.513970294263148664e-02,-1.642487852440942253e-02,9.742023774847652362e-01
-2.646547835652800218e-02,-1.701274398933049631e-02,9.810770851820915794e-01
-2.067657966031925115e-02,-2.294326972095357686e-02,9.787074587719259977e-01
-1.974391118149444041e-02,-1.654129883622729863e-02,9.790792609660420309e-01
-2.106968659539095595e-02,-1.712916430114837241e-02,9.859539686633682631e-01
-2.553280987770319491e-02,-1.061077310460421634e-02,9.814488873762077237e-01
-2.386896647153413653e-02,-8.928169408911119931e-03,7.244287755075737856e-01
-2.548083720315848233e-02,-6.254678181311965936e-03,7.305163822234511661e-01
-1.792721042341098928e-02,-1.476393925096549861e-02,7.233558529311654439e-01
-1.953908115503533161e-02,-1.209044802336634548e-02,7.294434596470429355e-01
-1.527908548507948480e-02,-7.190858629035938414e-03,7.324507154724857472e-01
9.609181560137368405e-03,-7.101844823934366432e-03,5.474440315284798686e-01
6.124022259648448374e-03,-8.937389916524315220e-03,5.434272283451129226e-01
1.027666187355100874e-02,-6.062508411384061671e-03,5.403297569234880582e-01
2.212902564169696301e-02,2.894165806651502124e-02,9.801354721239368128e-01
1.782330563699668219e-02,3.215483810127073294e-02,9.818948381281163984e-01
2.130555523843849497e-02,3.003314248037642492e-02,9.864412323665116000e-01
-2.850933225026678654e-03,1.115318282416353710e-02,4.893134814439710212e-01
-7.299161143246351603e-03,8.812973325074057937e-03,4.910505382501695326e-01
-7.522678810926202364e-04,5.519358215936243312e-04,4.922390943617558912e-01
-8.003799361098601350e-03,7.899061271662264488e-03,4.992448534188930198e-01
-3.555571442878927967e-03,1.023927077075174365e-02,4.975077966126945084e-01
-2.480144219531525002e-02,3.550494409141556531e-03,9.938502313600025007e-01
-1.692932774417767877e-02,6.136776170733351972e-03,9.938502313600025007e-01
-1.697266835032366916e-02,-6.994253911919671041e-04,9.938502313600025007e-01
1.380887841512266033e-02,-2.816737654402938842e-02,8.252741585872105379e-01
8.958541132579897134e-03,-3.026754550507186614e-02,8.239297218538199630e-01
1.037654575263322748e-02,-3.012145108245641717e-02,8.306657300252552334e-01
-2.832518707500637778e-02,-1.068080579188247434e-02,8.822245150693728277e-01
-2.794706641119688861e-02,-1.134816663937697132e-02,8.774555695812038536e-01
-2.612007666561640129e-02,-1.616761468242815941e-02,8.813274549499638955e-01
-3.490574283142557337e-03,1.059773997959009666e-02,5.050670728791275543e-01
-1.321065996052130445e-02,6.071345210885859683e-05,8.901537775734165159e-01
-1.802871537483646727e-03,1.563393315416264882e-03,8.968234960510761411e-01
-1.152914330988695328e-02,1.314379845162799883e-02,8.895078889259042665e-01
-2.296876621172124280e-02,9.986771421382295566e-03,8.933633723235463453e-01
-1.156097778868358551e-02,1.148945128468970012e-02,9.000330908012059705e-01
-1.324249443931793668e-02,-1.593633714829439246e-03,9.006789794487182199e-01
-1.447613184817790784e-03,-6.002252005468805551e-03,2.947632675545846515e-01
1.021389719896734390e-03,-9.753503056643787056e-03,2.978276378552527359e-01
-5.385398503265778451e-03,-7.894029932106593622e-03,2.916020008575761491e-01
3.328314202138634575e-02,4.129548546353379126e-04,9.032376004656121893e-01
3.272255591619044335e-02,-3.739904619678683859e-03,9.006259668622398351e-01
3.281323292733417246e-02,-4.639619009624437740e-03,9.074635592547575236e-01
1.558588983936388776e-02,3.345300740282140806e-02,9.869274515153085847e-01
-2.659403940646188139e-02,4.724676111125224176e-04,8.101109929381939967e-01
-2.704924398277118100e-02,-4.071472120171162543e-03,8.053564018679901793e-01
-1.884570393967296975e-02,-1.024043318324277183e-02,8.104149597635069702e-01
-2.699115611791663705e-02,-5.615201597746088957e-03,8.112494007961486009e-01
-2.653595154160733743e-02,-1.071261866462403997e-03,8.160039918663524183e-01
-2.117070028752596634e-03,1.862424222406877748e-03,2.659386946413927477e-01
6.364110842257948361e-03,8.688326837072608833e-04,2.637511523280986481e-01
-1.023762364587479240e-03,-7.633369142822145695e-03,2.633683522304907099e-01
-6.994655484794823005e-03,1.892772719408471627e-03,2.627439085464852164e-01
1.486525386215721990e-03,8.991811807088547631e-04,2.605563662331911168e-01
-1.916588698868965102e-02,1.886481765320492665e-02,9.460252447303854062e-01
-2.666669093014119307e-02,1.609024314386363341e-02,9.373279461466619278e-01
-2.357284684878921052e-02,5.812807751145965436e-03,9.397788131034988668e-01
2.183306835440278898e-02,3.406718614126858294e-03,7.271096128850115248e-01
1.617197298617791684e-02,-6.590758419094323861e-03,7.312012250467170293e-01
2.253615206713022179e-02,5.007664088469832367e-03,7.356649257176637313e-01
1.276321711459526415e-02,4.838991828440535742e-03,7.266252860645293632e-01
7.102121746370394610e-03,-5.158485204780646413e-03,7.307168982262348678e-01
6.399038033642960067e-03,-6.759430679123620486e-03,7.221615853935826612e-01
4.031602911317632917e-04,1.463288772797539938e-02,9.945496963666982104e-01
3.557972123364749363e-04,7.803757248529719949e-03,9.945496963666982104e-01
-6.126179737586225429e-03,8.503732950564458701e-03,9.951914910152630522e-01
-2.388911006352314580e-03,1.315074096236018911e-02,9.897411873819612627e-01
-6.078816658790937508e-03,1.533286343001013727e-02,9.951914910152630522e-01
2.976769800901857624e-02,2.274313893514784413e-02,9.812861628462985486e-01
2.274078962365191220e-02,2.057714678962196259e-02,9.849165916771753793e-01
1.743539232912869053e-02,2.004849904793102461e-02,9.839942552000805476e-01
2.507406469645030028e-02,1.384997991656384750e-02,9.851449459224423943e-01
2.446230071449535109e-02,2.221449119345690615e-02,9.803638263692037169e-01
-2.581344396938457797e-02,2.617606842331775263e-02,9.484894416271856254e-01
-2.370450318442004350e-02,2.026150669162896448e-02,9.367310969182076619e-01
1.183755930648847793e-02,2.515061437949001055e-02,9.918829504774068218e-01
1.179683431775446940e-02,1.833741992165419457e-02,9.918829504774068218e-01
6.007542413163846282e-03,2.610118203282805333e-02,9.936652989523466761e-01
5.966817424429836023e-03,1.928798757499223734e-02,9.936652989523466761e-01
9.272100363005665591e-03,2.772623357432718247e-02,9.855482494297536089e-01
7.766905418708693748e-05,2.274590571164528813e-02,9.936652989523466761e-01
2.483309751942289895e-02,-2.273651950743742212e-03,9.842525984472789702e-01
2.388742321762844095e-02,6.642086479914311586e-03,9.861197396026031292e-01
2.071434170372153660e-02,4.405593744214855723e-03,9.823554682900232926e-01
1.850558156045344418e-02,-3.709470498426611917e-04,9.843994014484540589e-01
1.755990725865898966e-02,8.544791380815392606e-03,9.862665426037781069e-01
2.167866307436035200e-02,1.865545685856795539e-03,9.881636727610336735e-01
1.778170617633418465e-02,3.350128550675519033e-03,9.941552378811043811e-01
2.410922213530363595e-02,1.447423649774438013e-03,9.940084348799294034e-01
1.999046631960227360e-02,8.126669344733035080e-03,9.921113047226737258e-01
3.359500589930428799e-02,4.129548546353378584e-04,9.103804576084693068e-01
-1.316507030355787596e-02,1.202868252591983954e-02,4.754736068402222182e-01
2.401840822376177798e-02,2.720060666652556261e-02,9.550539412794676331e-01
1.951553078323898377e-02,1.933931877719865730e-02,9.491277421819888094e-01
2.652622525812561860e-02,2.055510642352268574e-02,9.577473017261219912e-01
1.834688050728671554e-02,2.326958347400329141e-02,9.645311856132439132e-01
1.384400306676392134e-02,1.540829558467638610e-02,9.586049865157650895e-01
1.133618603240007898e-02,2.205379582767926644e-02,9.559116260691107314e-01
2.919282051215166610e-02,7.170734221605249564e-03,9.870420760796979609e-01
2.529586361412549528e-02,8.655317086423973058e-03,9.930336411997686685e-01
-1.417683060348143981e-02,5.072531545840577513e-03,5.321484208068885113e-01
-1.516237463295234261e-02,2.510423750253368887e-04,5.372568194186306823e-01
-1.278324798561754350e-02,8.047943545300592985e-03,5.374690438021896277e-01
1.861493398733102267e-02,2.445170831966045344e-02,9.918829504774068218e-01
1.663340937890844806e-02,1.980271750816028908e-02,9.918829504774068218e-01
-1.109142122185590232e-02,-3.008145661482779232e-02,9.283491383224520277e-01
-7.371820103704134104e-03,-3.096040960618025306e-02,9.317500391363532364e-01
-1.306130663162545155e-02,-2.970743652358585896e-02,9.351724195693836839e-01
-9.225514157345366534e-03,2.045000420463138208e-03,4.725944469621459199e-01
1.413010939055285922e-02,1.161025304859607948e-02,9.921113047226737258e-01
1.896668445170683615e-02,1.307555063510217573e-02,9.921113047226737258e-01
7.050834601990148449e-03,-6.271214672711755006e-03,2.876951824191803508e-01
5.334626666424182630e-03,-1.811679050640338344e-03,2.902860191381995691e-01
5.969372319372815219e-04,2.612874998427373602e-03,2.852304475846295095e-01
-1.119270703628684298e-03,7.072410620498790698e-03,2.878212843036487278e-01
-4.826783282790283666e-03,-3.658339674284377934e-03,2.872113442895245505e-01
1.089642643902961547e-02,1.426519959654004750e-02,6.022265705299389982e-01
3.884931674569955772e-03,1.472749451313324319e-02,6.000754670699457449e-01
9.082777522108918811e-03,1.452075233428008413e-02,5.964416691145255633e-01
-9.666003631850805453e-03,-2.616252255669957328e-03,2.997426010936685703e-01
-1.016987038645311182e-02,-4.633657075450619937e-03,3.199173608428634852e-01
-9.412858833204629933e-03,-3.174015511676313815e-03,3.140206758547581245e-01
-1.718884191804187153e-02,1.643098101104587677e-02,8.500665808738545604e-01
-2.053104464223248771e-02,1.245637610318247115e-02,8.540346665360396550e-01
-2.755877141080115972e-02,1.594843134138496793e-02,8.489377423312491899e-01
-1.573863167712829733e-02,9.609403806858334354e-03,8.460328864665676019e-01
-2.421656868661054354e-02,1.992303624924837355e-02,8.449696566690640953e-01
-1.031724818401778820e-02,2.099063425692690790e-02,9.891166364848381631e-01
-1.049423966135964136e-02,1.770662235582903810e-02,9.951914910152630522e-01
-1.194059988910241461e-02,2.484653994836101554e-02,9.939251454695752219e-01
-1.609197260839502486e-02,2.223322674366521451e-02,9.856426289026758436e-01
-1.626896408573687627e-02,1.894921484256734817e-02,9.917174834331007327e-01
-1.464561238065224986e-02,1.509330915113323707e-02,9.869089744483636739e-01
-8.854488806297702852e-03,-2.480980199186223322e-03,8.445927904263266228e-01
-6.859891989255801313e-03,-5.580668703568382807e-03,8.360965186420534767e-01
-6.716308091517724649e-03,3.017660064273677226e-03,8.426335388870850318e-01
-7.461779096899255961e-03,-3.934387738960445913e-03,8.505642008994480641e-01
-5.467182279857355290e-03,-7.034076243342604964e-03,8.420679291151749180e-01
-7.605362994637331758e-03,-1.253271650680250551e-02,8.440271806544165090e-01
1.553082961543949918e-02,1.048459152176245239e-02,8.608288437141915495e-01
1.741433026494390232e-02,2.287510349860357589e-02,8.631286210850104279e-01
2.604690022902030055e-02,1.308615684973920418e-02,8.635619096597968447e-01
2.651149380219527257e-02,1.217160146045966236e-02,8.579079828772850913e-01
1.787892383811887781e-02,2.196054810932403581e-02,8.574746943024985635e-01
2.738937428234101273e-02,-5.286251805714629187e-03,9.139559081167230037e-01
2.651881782288375428e-02,-6.308145967353289731e-03,9.097783428125876259e-01
2.814199188456908973e-02,1.847803870909345801e-03,9.106527662353596231e-01
3.368378938679143786e-02,-3.617724847985777197e-03,9.116411245588929013e-01
3.206061532510609546e-02,-1.177367468624841360e-02,9.107667011361209042e-01
2.019974760572985570e-02,2.283036775497197801e-02,8.741264635477002942e-01
1.965872660586553619e-02,2.302984042852482607e-02,8.678937943682802914e-01
1.455519392676761503e-02,2.718176424658651225e-02,8.718248735272882133e-01
-2.044437946056580635e-02,1.257632033394959561e-02,6.977504059895678346e-01
-1.441763172908589949e-02,1.680224683066595601e-02,7.016360700345891654e-01
-1.852360556989061935e-02,1.477535434267886194e-02,7.053942250520478519e-01
1.885888457839852983e-02,-3.110236783461021309e-02,9.726078196852536717e-01
2.362550126225305275e-02,-2.785261248691000419e-02,9.754690162923256302e-01
1.974199462791097898e-02,-3.098955645225679595e-02,9.800808864690742084e-01
-1.092876234982693290e-02,9.615407014628521778e-03,5.308860061497225891e-01
-1.348400816165896618e-02,5.919570860100782997e-03,5.254194662936511051e-01
-6.229441810539361815e-03,7.592315570166499605e-03,4.750176920443336392e-01
-9.643554234401517655e-03,-2.101277201541061537e-03,2.840233320780137793e-01
1.457785901821501660e-03,9.226081264202441734e-03,4.485747978102046507e-01
7.109500388906224433e-03,5.434646299911037419e-03,4.499674227508574376e-01
8.756967533945404433e-03,-2.555507685361387048e-04,4.461647791813798669e-01
1.203637879878853914e-02,9.481632032738575994e-03,4.452671614859667337e-01
1.943273809474516198e-03,-1.047321751628712237e-02,3.132751329434454446e-01
-9.984848113765102534e-04,-1.492714945082906051e-03,3.119154915878378231e-01
-1.393295535338233936e-03,-6.077069643094049414e-03,3.109577604468340417e-01
-2.477378487167413226e-02,-1.092362516068740193e-02,9.510658429153189264e-01
-1.126360717579429419e-02,-1.082210516619949887e-02,9.490321062068581837e-01
-1.657856979797346642e-02,-1.223120424736307173e-03,9.432569894771296592e-01
-1.478152902149878871e-02,-1.704497737635566040e-03,9.524893640411707940e-01
-1.271351325618950414e-03,-1.602977743147663853e-03,9.504556273327100513e-01
-9.466566399319616479e-03,-1.130348247909875904e-02,9.582644807708993184e-01
4.559984900765699442e-03,2.537736195305307502e-02,9.507269257329478140e-01
-5.480979942893701891e-03,2.309450439635518659e-02,9.466591962225194834e-01
6.966748905215738343e-03,2.370196146350364227e-02,9.423666522249061206e-01
1.295221188740677430e-03,1.977093827098137108e-02,9.518438965586824008e-01
-1.111542815709361254e-03,2.144633876053080729e-02,9.602041700667240942e-01
-2.630079038317901380e-02,-4.279810367323658681e-03,7.354797366472571873e-01
-2.437579258757964495e-02,-9.070827938621562475e-03,7.360261196541559858e-01
6.393495777778136942e-03,-2.514337156622747232e-02,8.335531294834854776e-01
1.119167826976597349e-02,-1.844579699139822088e-02,8.391232221711160122e-01
1.311123618652568559e-02,-1.935705897704250930e-02,8.336349082030849456e-01
4.270102282072238409e-03,-1.927121118415623183e-02,8.275932178362230829e-01
9.068284774060075826e-03,-1.257363660932698038e-02,8.331633105238537285e-01
2.350544365312527174e-03,-1.835994919851194340e-02,8.330815318042543716e-01
1.469877520413744379e-02,-2.692477370754117055e-02,8.862996243072827074e-01
1.064709842089271198e-02,-2.789876150414043882e-02,8.887732957214696805e-01
1.676937477731079568e-02,-2.633446756895201774e-02,8.910481056036831937e-01
5.791055364213205416e-03,-3.103708755496920046e-02,8.282193360810066185e-01
-3.691302460980021988e-02,-7.667800069113800410e-03,9.826611000191228795e-01
-3.613903196407228235e-02,-1.051251010100466565e-02,9.769303369230012413e-01
-3.528949549406997649e-02,-1.381457890145733683e-02,9.829430384886458372e-01
1.866763146759446365e-02,-1.904178474628625758e-02,8.228448599086588544e-01
1.367028514474867909e-02,-2.748553935070950638e-02,8.197934821503953806e-01
1.303321347663567026e-02,-1.624720456080875133e-02,8.201548404000875703e-01
2.230614141694755442e-02,-1.571759514108312175e-02,8.189179647925607375e-01
1.730879509410176986e-02,-2.416134974550637055e-02,8.158665870342971527e-01
-5.211923280877821252e-03,-2.833878395935157668e-02,8.246832173319996739e-01
-8.296805698657389733e-03,-2.821808084883446754e-02,8.289327994699289270e-01
3.918530838335826036e-03,-3.092879449494808503e-02,8.240798897278815982e-01
8.336484205562571213e-04,-3.080809138443097589e-02,8.283294718658109623e-01
-8.174004246757991116e-04,-2.346462301627525240e-02,8.286681431195723757e-01
2.081289252700557410e-02,7.621276476335456934e-03,6.324349029376534759e-01
1.788957573385352093e-02,1.130680855002014554e-02,6.279631208840839030e-01
1.571414379819123866e-02,1.328397611040327449e-02,6.328898023425821862e-01
-2.653020068693644207e-02,7.505454003083542047e-03,7.811651699991480902e-01
-2.449054091565715241e-02,1.129575068266716262e-02,7.753870268420702816e-01
-2.699476083477098109e-02,4.355588609423959728e-03,7.761613731845249387e-01
-2.675665154428009257e-02,4.558390014820125217e-04,7.374812698167791947e-01
-2.636786097254287600e-02,1.295478193019487410e-03,7.426103585006197383e-01
-2.083205096146541549e-02,-5.154495954440841939e-04,7.386527267327345214e-01
-2.592378395660489138e-02,3.960533836798016752e-03,7.332298420130508587e-01
-2.553499338486767134e-02,4.800173028335491532e-03,7.383589306968914023e-01
1.108157907442717735e-02,-9.692116403005240910e-03,8.193125796141649264e-01
6.084232751581392790e-03,-1.813587100742848970e-02,8.162612018559012306e-01
1.052810207047204932e-02,-8.287757761483971128e-03,8.101839545409472709e-01
1.247973647268054223e-02,-1.484284591928748155e-02,8.110262153268699148e-01
1.747708279552632679e-02,-6.399091314864231890e-03,8.140775930851336106e-01
9.722914168507183069e-03,4.955207876294461140e-03,4.646822066577429577e-01
8.378888736695391456e-03,7.077269178218707768e-03,4.694354470024120207e-01
1.127832183452265671e-02,-8.786605926213122866e-05,4.693611296601348792e-01
9.557974398575060440e-03,-3.857596823030304961e-03,7.538875844002246307e-01
9.479342555935823394e-03,-1.391982117918680664e-02,7.551001635963205949e-01
3.567854726783547051e-03,-1.232991989633206581e-02,7.501087647798276858e-01
1.026077163416406861e-02,-3.628754242463456091e-03,7.443263617315503122e-01
1.018213979152483156e-02,-1.369097859861995864e-02,7.455389409276464985e-01
1.617225946331634495e-02,-5.218655525318197791e-03,7.493177605480433323e-01
7.122795382764050831e-03,-1.938940922407047379e-02,6.668384191035501285e-01
1.118711294952082907e-02,-1.600619607930559712e-02,6.623424995092180856e-01
8.930395897786004220e-03,-1.010383163287578365e-02,6.725843737895853547e-01
1.899099663386548398e-02,-1.301933002632839863e-02,6.618915823670332710e-01
1.492667906710870573e-02,-1.640254317109327356e-02,6.663875019613653139e-01
-1.899503269377266629e-02,-3.040542094762434949e-02,9.753075633468692995e-01
-1.354516730079458574e-02,-2.255263958459991641e-02,9.799587671897477259e-01
-1.318939574814451815e-02,-3.060265627619176282e-02,9.834335794620174820e-01
-1.036435179334727584e-02,-3.084906034807895908e-02,9.743114224607770657e-01
-4.914486400369192688e-03,-2.299627898505452600e-02,9.789626263036554921e-01
-1.072012334599734343e-02,-2.279904365648711267e-02,9.708366101885073096e-01
1.182760481635449987e-03,2.067147404271307137e-02,8.712657955051512637e-01
6.141574377731535625e-03,1.677878552517201444e-02,8.741344620848472413e-01
-4.062717473839383073e-03,1.686724753741576308e-02,8.754743558840536455e-01
-1.061635859286182582e-03,2.051673711279182119e-02,8.665006222218814003e-01
3.897178036809903056e-03,1.662404859525076772e-02,8.693692888015773779e-01
9.142655992284736549e-03,2.042827510054807255e-02,8.651607284226749961e-01
-2.650441175953757375e-02,-6.935438388255935364e-04,7.307942467949253285e-01
-2.610305600837949103e-02,-2.662309685054187278e-03,7.245015099757601273e-01
-5.686561638697367263e-03,-8.280696406565760809e-03,3.078828675892885114e-01
-1.646803237322818584e-03,2.834186205794869337e-02,7.867751347260399930e-01
3.825974496524754253e-03,2.789809474267855582e-02,7.842606982902273760e-01
-2.189990310737593374e-04,2.977081792402452853e-02,7.937424311626282147e-01
5.253778702773813716e-03,2.932705060875438752e-02,7.912279947268154867e-01
1.548037605338275320e-03,2.376509660496663179e-02,7.899524384751985817e-01
-1.790838227965866475e-02,-1.910355633254776433e-02,9.927910832346260595e-01
-2.206505289627379296e-02,-2.282944295210320024e-02,9.927910832346260595e-01
-1.697571380083385748e-02,-1.270158544782148437e-02,9.931628854287422037e-01
-2.113238441744898222e-02,-1.642747206737692200e-02,9.931628854287422037e-01
-2.459405925293958045e-02,2.987121480875576038e-03,7.033389497906314958e-01
-2.475686490535004836e-02,4.481466934030619263e-04,7.097384431540656458e-01
-2.443283659180937872e-02,5.766000641071127898e-03,7.077054514288136922e-01
2.315772017630619850e-03,-1.274198079031220107e-02,6.800976403587085661e-01
8.259147410951961366e-03,-1.945867051657101943e-02,6.819190217608943616e-01
7.069887606762689097e-03,-1.980738741211179876e-02,6.748566723339558537e-01
1.487377129110734574e-02,-1.682052135913459853e-02,6.744057551917710391e-01
1.011965570197527649e-02,-9.755114737335002575e-03,6.796467232165237515e-01
-1.721966558315824597e-02,-1.626987511868953351e-02,7.297925743505059293e-01
1.089270128511217808e-02,1.881664194678977359e-02,8.778424883147024627e-01
7.365229056628799786e-03,2.751753767484267643e-02,8.806969311326064975e-01
7.859580104722992122e-03,2.928390775852222905e-02,8.727803445238488944e-01
7.274636525540197421e-04,2.201277770821552862e-02,8.758647163290147475e-01
-2.800008575929357688e-03,3.071367343626843494e-02,8.787191591469187824e-01
2.331126044598282737e-04,2.024640762453597947e-02,8.837813029377723506e-01
4.046448324374938600e-03,-8.717886686179938602e-03,4.493631480889179741e-01
-7.730225037023705573e-04,-1.026046892552599440e-02,4.539082385302586342e-01
-7.998391954882795325e-04,-9.967095106786071773e-03,4.471816639360421952e-01
3.446556235876155339e-02,1.434849016273997968e-03,9.145580229126047955e-01
7.171300476641920621e-03,-8.011224678536758848e-03,9.916610877305382932e-01
5.465937578479370881e-03,-4.530334752584557617e-03,9.837471267829358545e-01
6.699745362587947520e-03,-2.547842483516709125e-04,9.920860390523976724e-01
1.165320558706168901e-02,-9.024399703080412255e-03,9.931337801601300974e-01
9.947842688899139266e-03,-5.543509777128211025e-03,9.852198192125276588e-01
1.041939780295311237e-02,-1.329995020731329809e-02,9.847948678906682796e-01
-2.104390551076344099e-03,2.862244960609534958e-03,1.891505978081098882e-01
8.025393717357113404e-05,-8.844798909166274453e-04,1.861033027089566416e-01
1.660032239143369864e-02,6.039962035491742640e-03,7.506738080060111340e-01
2.251181022058597325e-02,4.450060752637000072e-03,7.556652068225040431e-01
2.321460745617498142e-02,4.678903333203849810e-03,7.461039841538299466e-01
3.284238829707621099e-02,-6.721100821988637564e-03,9.136835994898329094e-01
-2.410556035296385763e-02,7.674006530222343171e-03,7.124942496245223467e-01
-2.545175145599330030e-02,4.563550151765093967e-03,7.272573164462168283e-01
-1.987465043017318939e-02,1.755367591475690339e-03,7.187605712271996072e-01
-1.252183794012327531e-02,9.772848273439185135e-03,7.158079694122803094e-01
-1.386802904315271798e-02,6.662391894981935063e-03,7.305710362339747910e-01
-1.809893896594338622e-02,1.258103083372858789e-02,7.243047146312974194e-01
5.412890985492712671e-03,-1.287457559710034234e-02,7.114492237206866410e-01
-1.463653019726110591e-03,-1.367245142125365041e-02,7.082170859320993106e-01
2.607347569333613117e-03,-1.334619697204639764e-02,7.048150055408465287e-01
-8.486081678049275934e-03,2.257128058894000353e-02,7.326457453472572379e-01
-6.111414553286851140e-03,2.292783672378518808e-02,7.267647860702663998e-01
-1.949907608827672811e-03,2.331177636263599001e-02,7.308485855952042698e-01
-5.369054632623740560e-04,2.280978541166647083e-02,7.235649377137738369e-01
-3.346933453894263173e-03,9.101588512604818701e-03,7.171285334859612837e-01
2.631377635946165802e-03,1.723150134732585881e-02,7.130750367806797385e-01
7.560722666847824111e-03,1.535689639374064261e-02,7.106135779241506967e-01
4.392439567639284254e-03,2.093518045808125116e-02,7.211034788572447951e-01
1.533697865656914391e-02,1.199085124347477535e-03,4.365331197972317501e-01
6.260069768811649810e-03,5.948020120267769745e-03,4.419067209320361456e-01
7.255283524735860190e-03,-5.260036532992564198e-03,4.440988143708133329e-01
4.619025990087910656e-03,3.339332293815881758e-02,9.183547206162376852e-01
2.586448484330806669e-04,3.331462139874542816e-02,9.141674056051350972e-01
6.803256954890969828e-03,3.266078278033687082e-02,9.113043351585414786e-01
6.299600916026425537e-03,-3.738721684936162359e-02,9.801449411671332435e-01
4.320343362772246197e-03,-3.220046571259332219e-02,9.720140679606834588e-01
-1.101848923177704961e-04,-2.842943419371002714e-02,9.779713425088649714e-01
1.919265265558378966e-03,-2.861376260681093228e-02,9.850782426004667247e-01
-5.999228769580059080e-05,-2.342701147004262741e-02,9.769473693940168291e-01
6.349793520648395334e-03,-3.238479412569422733e-02,9.791209680522852121e-01
-2.894060418925931827e-02,-2.344011991336910142e-02,9.830163172344896783e-01
-2.435003565129589820e-02,-2.863968574479802340e-02,9.855829781819822610e-01
-2.501993601947291243e-02,-2.769966197187339468e-02,9.788805183537714338e-01
-3.503847846380552661e-02,4.719634476236338021e-03,9.468858785824545432e-01
-2.824675579830109723e-02,2.913859493199678127e-04,9.512321232799496595e-01
-3.319648676825331934e-02,6.335660844780515409e-03,9.528272756768139118e-01
-3.055089323500945891e-02,1.241778587709659910e-02,9.548507054680612782e-01
3.232465855202674987e-02,-1.209410073521075338e-02,9.185178821407569139e-01
-5.373815563084463273e-03,-1.382267008136993901e-02,7.923253307494566577e-01
-1.579266179217978308e-02,-1.010937669600817275e-02,7.946369613873353055e-01
-1.076729513931185857e-02,-2.551846763757907154e-03,7.917718686938897132e-01
-5.916486421519276395e-03,-1.383298915676363892e-02,7.867715882752497336e-01
-1.633533265061459794e-02,-1.011969577140187267e-02,7.890832189131282703e-01
-1.094185307438720264e-02,-2.139051908901390409e-02,7.896366809686952148e-01
-5.178491825846807083e-03,-2.195853969279481024e-02,6.855778153757681181e-01
2.586299367288341904e-03,-2.111111760017523806e-02,6.857112569539964841e-01
-4.259759371315258170e-03,-1.324068598739099392e-02,6.870265482074187080e-01
-8.915802003673051895e-03,-2.191871609013965397e-02,6.905621981102649798e-01
-1.151010810537902041e-03,-2.107129399752008178e-02,6.906956396884933458e-01
-4.814657858953181983e-03,-3.226988659337896859e-02,9.656674012793886597e-01
-6.438454688062460879e-03,-3.217765093451185193e-02,9.716746774989146740e-01
-1.015158621311149784e-02,-3.062662167197977708e-02,9.676062465245803823e-01
-3.500826131481681036e-02,-9.510829401190421320e-03,9.649870626197334378e-01
-3.266564464965610731e-02,-1.572998380854241998e-02,9.673403369135921137e-01
-3.231685399841104089e-02,-1.583138516315073588e-02,9.616825998375311269e-01
-4.254083415592986974e-04,-3.241288386304536084e-02,9.613360554957732784e-01
-3.089782737540109400e-03,-3.206677406183294082e-02,9.499553776251110637e-01
-4.753816841552760755e-03,-2.289657325572930224e-02,9.584597914317527501e-01
-7.479032254933992360e-03,-3.192377679216654163e-02,9.542867234087263340e-01
1.526333224699188279e-02,-3.016148244998706485e-02,9.307940395998510752e-01
1.391053826632842640e-02,-3.101319732980837435e-02,9.364331300381376622e-01
1.906975815573835886e-02,-2.797431129374946396e-02,9.341292630336921476e-01
1.090572204441263814e-02,-2.817181940123319323e-02,8.956276877174833562e-01
-1.300699280078647727e-02,8.314357051376652583e-03,4.427123821476845467e-01
-4.284548723625952564e-03,8.803860743691313551e-03,4.461518170031735231e-01
-1.054406944018215775e-02,-1.000605229386932740e-03,4.460329806501287520e-01
-1.518454388900508656e-02,6.927985406638275355e-03,4.382092538026037820e-01
-6.462099811844563592e-03,7.417489098952935456e-03,4.416486886580928140e-01
-2.473298312007993216e-02,-1.534185215863077302e-02,8.622868324481236524e-01
-2.742134580484820866e-02,-1.007896788000209494e-02,8.645713037603726114e-01
-2.706090017432863370e-02,-1.032930721960805334e-02,8.584342422322396304e-01
-6.402081466731095183e-03,-1.601390858904663123e-02,5.986942890768580661e-01
-5.769835830532428489e-03,-1.597101773953258155e-02,5.920233143451250069e-01
-1.139504271724869119e-03,-1.709394098999352310e-02,5.959087618695062538e-01
-2.850988804026608273e-02,2.366803290965709128e-02,9.629293561824977532e-01
-2.592286999348485804e-02,1.467984125181180481e-02,9.621497217677104086e-01
-3.315793026009675182e-02,1.356849477657518302e-02,9.672954885108449030e-01
-3.490908122150952753e-02,9.625095516131335766e-03,9.630839249013266601e-01
-3.026103900167885150e-02,1.972463364921324402e-02,9.587177925729795103e-01
-1.028741454928863361e-02,1.341257542841500783e-02,6.309556373243419003e-01
-5.472243454069230899e-03,1.533791682906651514e-02,6.341558028879403786e-01
-7.067821995523395663e-03,2.366801778863065163e-03,6.288508760212819793e-01
-6.096382567644372495e-03,1.424469935840307240e-02,6.265060593142000034e-01
-1.091155366286377520e-02,1.231935795775156509e-02,6.233058937506015251e-01
-2.147132781373294139e-03,3.966156418465646878e-03,6.308006964877297396e-01
-1.175693353494270971e-03,1.584405399800565412e-02,6.284558797806476527e-01
-2.771271894948435736e-03,2.872938947802204136e-03,6.231509529139893644e-01
-4.622259970885615049e-03,2.707803076925343212e-03,6.423656782020983336e-01
-1.559975424073887368e-02,8.298829844685174859e-03,6.391991054767137692e-01
-1.377833132967623553e-02,7.546613672084010599e-03,6.450641640837897484e-01
-9.042930214981618683e-03,1.269270412343261739e-02,6.444793006126625645e-01
-1.086435312604425683e-02,1.344492029603378339e-02,6.386142420055864743e-01
5.598428152685857792e-03,1.475043590044909300e-02,6.173266819650370385e-01
9.788347246824540600e-04,-1.451174798302277101e-03,6.174240957979876265e-01
4.427845558166646281e-03,8.826967514742030049e-03,6.096500043825876514e-01
1.100075370504299647e-02,3.535270674698765252e-03,6.081224919583696487e-01
1.217133629956220799e-02,9.458739060405828639e-03,6.157991695408189248e-01
6.836965871669150457e-04,2.903243529763949518e-03,3.134733743924321692e-01
4.222732744222535035e-03,6.160325429162682304e-03,3.106324236752192602e-01
2.540551345679109736e-03,1.764366954315826734e-03,3.090745408706249142e-01
2.399577464828345913e-04,4.974187515269226298e-03,5.911131620562393163e-01
-1.399216449820217707e-02,1.369186805462702453e-02,5.934851692370275433e-01
-1.486708352795830523e-03,1.221950151894449221e-02,5.972725576910291601e-01
7.568893860586860603e-03,8.879318969709001225e-03,5.897844443436290884e-01
-6.663228384098151061e-03,1.759699950906679772e-02,5.921564515244173155e-01
-4.936562284819485946e-03,1.035168550539153354e-02,5.859970558896273607e-01
-1.793389473839024362e-02,8.840222805310282012e-03,5.930082820650335318e-01
-1.892210088347838493e-02,7.612460028546767093e-04,5.919655188425281267e-01
-7.040773030396495387e-03,-8.542970743908948755e-04,5.914006940166697257e-01
-1.369737551495137096e-02,-6.539605122487976777e-03,5.960404392569602638e-01
-1.270916936986322618e-02,1.539371679967628526e-03,5.970832024794656689e-01
-3.395392363385260626e-02,-1.301400560781236157e-02,9.946570365411804282e-01
-3.557745274958284964e-02,-6.867226775468825151e-03,9.943750980716574706e-01
7.657161450130899570e-03,7.985158648822822738e-03,3.614895110411738832e-01
-6.317445597474902544e-03,-2.682898341511489107e-02,9.940423916524478987e-01
-1.077696992013400107e-02,-1.871292619619410388e-02,9.940423916524478987e-01
-1.174399489111143703e-02,-2.682898341511488066e-02,9.940423916524478987e-01
-3.454516596084600266e-02,1.109932683656328009e-02,9.779786472027736099e-01
-3.565395125323078673e-02,7.293654273359020425e-03,9.738648679188319779e-01
-1.269083495506144639e-02,-6.129219145588537740e-04,9.940375836690626965e-01
-1.279843307020553031e-02,-6.288136349689616399e-03,9.932159904943734796e-01
-1.023872379818770509e-02,-3.296579503364687608e-03,9.872535741634360651e-01
-6.795527401975967260e-03,-4.061489965431949387e-03,9.940375836690626965e-01
-6.903125517120051180e-03,-9.736704400562712011e-03,9.932159904943734796e-01
-1.487094271469109955e-02,-2.314050504952099019e-02,9.868334748870739581e-01
-2.032080810766918183e-02,-3.099328641254542327e-02,9.821822710441956428e-01
-1.918073108500787521e-04,1.143793721248214171e-02,3.569563774334738593e-01
2.408236165932438159e-03,5.701577067546165917e-03,3.582491160994064616e-01
3.475788197292924847e-02,-6.358728519904746114e-03,9.314956092901591767e-01
3.414435328967215660e-02,-1.204674386599445188e-02,9.359127656061958511e-01
3.507404147891828722e-02,2.348653794507489772e-03,9.323885194069504445e-01
3.446051279566119535e-02,-3.339361551582215558e-03,9.368056757229870080e-01
2.928961932251489958e-02,-4.010074725397246367e-03,9.353127001256809070e-01
-1.786380653481254785e-02,8.759352043118831185e-03,9.296262158764281303e-01
-2.529122282257986049e-02,2.744729939610981908e-03,9.241596279133095226e-01
-2.448436249149242919e-02,6.935633818008291387e-03,9.288003120582888350e-01
-2.723141775757080899e-02,1.379700078192558008e-02,9.271571406960019690e-01
-3.465883404533812162e-02,7.782378678417732100e-03,9.216905527328833614e-01
-2.803827808865824028e-02,9.606096903528271030e-03,9.225164565510226566e-01
4.878366816291105322e-04,-3.797426502492753583e-03,7.352867220784160551e-01
-1.702643666878270699e-04,6.191014303341534075e-03,7.449334300347101312e-01
-3.328914254481501502e-03,4.661283341024342886e-03,7.313239665293946867e-01
-6.004071321560449856e-03,-9.176892967950130500e-03,7.265275257345890081e-01
-6.662172369877387458e-03,8.115478378841562909e-04,7.361742336908831952e-01
-2.845421433766775424e-03,-7.647162005632940178e-03,7.401369892399045636e-01
-2.528110638650877748e-02,1.783539048765617197e-02,9.307332110173827111e-01
-2.471452999557267535e-02,1.812340736036302524e-02,9.238731566613388457e-01
-2.132676597040170791e-02,2.189587252715681498e-02,9.261215190718976586e-01
-2.152075691367429100e-02,2.207227185130700847e-02,9.320687975235069089e-01
-1.431978900924905929e-02,2.004843882168482264e-02,9.344448729513770147e-01
-1.878359971919823720e-02,2.917045475147568914e-02,9.322467704534764810e-01
-2.096734598994398971e-02,2.735968959179764515e-02,9.369090698481772339e-01
-2.902852530486333543e-02,-1.802349923138085036e-03,9.396132855633183567e-01
-3.340167216655366700e-02,5.057239373032894336e-03,9.338038925604321694e-01
-3.446189435554364300e-02,5.534948876946770013e-03,9.394813331827041036e-01
-3.212236938621532145e-02,8.475085469579583808e-03,9.371624186064813067e-01
2.291558079194351560e-02,-9.091742386596088354e-03,7.273720063708138950e-01
2.361866450467094841e-02,-7.490796912253112547e-03,7.359273192034661015e-01
2.028111474020334246e-02,-1.409948004653913643e-02,7.288491888602314228e-01
2.098419845293077873e-02,-1.249853457219616236e-02,7.374045016928836294e-01
-2.584795644292311664e-02,-1.704886327893994843e-02,8.472682035432234082e-01
-2.265752603965774659e-02,-2.070520011110252995e-02,8.515725839019868681e-01
-2.206141605275699358e-02,-2.081561980289693345e-02,8.450867324846735862e-01
1.330498003763391779e-02,-1.936226125872717030e-02,6.894335714899226808e-01
1.182549355278005206e-02,-1.894491736878678445e-02,6.973531010020574961e-01
1.440708908038756952e-02,-1.004838529887804727e-02,6.945204532320552460e-01
9.695803693530664555e-03,-1.142949654179492569e-02,6.868804567527837523e-01
8.216317208676797088e-03,-1.101215265185454331e-02,6.947999862649185676e-01
7.114208165923145352e-03,-2.032602861170366287e-02,6.897131045227860024e-01
-2.466337763285733967e-03,-3.152139741945343687e-02,8.621543409590479712e-01
-8.728277770265599131e-04,-2.482709687552702577e-02,8.631182381493560651e-01
7.852251317935891352e-04,-3.044242251296083723e-02,8.584537168570166576e-01
-7.138720470984672578e-03,-3.125577802627726998e-02,8.584301479986751193e-01
-7.495849106700563924e-03,2.378676816097515662e-02,7.516437347061998286e-01
-1.203457609015102028e-02,2.115684548606565352e-02,7.537312051569341476e-01
-1.262161448856356609e-02,1.986729019654375622e-02,7.470201487243190996e-01
-8.082887505113111465e-03,2.249721287145325932e-02,7.449326782735847807e-01
1.323666079956081765e-02,-1.873207976795109725e-02,7.194528635512855708e-01
6.722611588829717488e-03,-1.985182742062409703e-02,7.229374895756804920e-01
1.093463841278195792e-02,-1.974760910318157370e-02,7.272235981228716284e-01
-1.267336866614481722e-02,2.454030957511435431e-03,3.623600162168948424e-01
-7.424443381946355808e-03,4.737612538788092686e-03,3.656004111586622640e-01
-7.987675457417011890e-03,9.876656101350727440e-03,3.678191945432849330e-01
2.638273370660414174e-02,-1.181023312805236716e-02,9.189183045459374810e-01
3.294119203797521434e-02,-1.046213221928585756e-02,9.243547019927432773e-01
3.345892178302468239e-02,-5.089132306063740875e-03,9.195204193418191618e-01
2.400164080936378203e-02,-2.326196164469110025e-02,9.252985843734682359e-01
2.346004762284948503e-02,-2.315567145170440572e-02,9.328980338520701521e-01
1.361382865511494636e-02,-2.394345457800298865e-02,9.276252456215080544e-01
1.961135134225265586e-02,-2.808060148673616196e-02,9.265298135550901204e-01
-1.885123727408491087e-02,-2.138919380808412124e-02,7.948537797472126076e-01
-2.424471685031230617e-02,-1.011837049047209156e-02,7.943003176916456631e-01
-1.939390813251972226e-02,-2.139951288347782116e-02,7.893000372730055725e-01
2.987146883388584404e-02,1.554012863530769561e-02,9.564570685636648584e-01
2.893704397703842496e-02,7.793334666625211481e-03,9.635809753220145879e-01
2.108892296075540185e-02,4.947024565513293698e-03,9.589450093869927860e-01
2.559180040127819952e-02,1.280831245484019901e-02,9.648712084844717207e-01
-1.375603391940846860e-02,2.951932188326066020e-02,9.939251454695752219e-01
-8.329484625771918505e-03,2.951932188326066020e-02,9.939251454695752219e-01
2.583233757877383130e-03,-2.287330028906591969e-02,7.580811932419635468e-01
1.640941678081550559e-02,-1.666974783786940792e-02,7.556062496022784014e-01
1.041929710902399393e-02,-2.514207091117116877e-02,7.518274299818814566e-01
9.513307982757067058e-03,-2.562322694774852097e-02,7.585872792479212423e-01
1.278469315282517501e-03,2.920381057832733759e-02,8.166475473196991297e-01
-5.375777628529653657e-03,2.944312988217637206e-02,8.152792554076959686e-01
-4.816302111909764178e-04,2.930541051246685416e-02,8.115710686448014410e-01
-3.187539687909745744e-03,-1.834669473238291146e-03,3.594957699170130416e-01
2.061385596288715667e-03,4.489121080383656759e-04,3.627361648587804632e-01
-5.084186790022303740e-03,-1.078379265081919058e-02,3.625004110779514455e-01
-1.471869102729002343e-02,8.714960772704874806e-03,6.208368189122891456e-01
-1.231681523726161839e-02,1.094380633081694712e-02,6.161659690394530875e-01
-2.358159266830426801e-02,-1.081703490600490793e-02,7.611774561669701900e-01
-1.957452899680110076e-02,-1.493941779206383290e-02,7.614371877677650335e-01
-2.260057920614801791e-02,-1.247238526434445681e-02,7.664919291689986647e-01
3.006328393274808677e-02,-5.423234097328265974e-03,8.631682157256667098e-01
2.532131186096492695e-02,-1.331804687081097893e-02,8.684863695704845288e-01
1.942142750773273585e-02,-7.199167900584634017e-03,8.665802861337958962e-01
2.815889363052857808e-02,-9.310731564670916838e-03,8.601996165962851881e-01
2.341692155874541825e-02,-1.720554433815362980e-02,8.655177704411030071e-01
-2.059210936374344936e-02,-7.245839422214894136e-04,7.490253428120084989e-01
-8.398386910152707413e-03,-9.717529720410860664e-04,7.463390005001533378e-01
-8.547235884167957848e-03,-2.020526510355966174e-03,7.515825278955867716e-01
-2.219882527583262252e-02,-1.213701704753225585e-02,7.510203498565575231e-01
-1.000510282224188058e-02,-1.238418607735185251e-02,7.483340075447024731e-01
-2.204997630181737209e-02,-1.108824350921737596e-02,7.457768224611240893e-01
-2.383979593820154119e-02,1.334339585137892838e-02,9.574785549068360879e-01
-2.848783815803221375e-02,3.243857718297021853e-03,9.618446872351833488e-01
-1.037005289341193758e-02,1.001509247651057033e-02,9.612811953885980198e-01
-1.245312694869525616e-02,1.135153787694344676e-02,9.659523622494722295e-01
-7.805084728864583599e-03,2.145107601002535502e-02,9.615862299211250797e-01
-1.489535113862189633e-02,-2.538845448737733768e-02,7.884271308711862103e-01
-1.316563417232200460e-02,-2.605498098379037397e-02,7.826625055321374536e-01
-1.817337215077679050e-02,-2.237576905814310513e-02,7.826472435929228144e-01
2.078156435288285378e-02,-1.052361659196521596e-02,7.042506850068597224e-01
2.174513131574606559e-02,-4.815520704468835046e-03,7.012199913720948974e-01
2.049831737978367874e-02,-1.038669691362841679e-02,6.970635490592127503e-01
-2.636836265082074388e-02,-5.370981777643465613e-03,7.695540558793000363e-01
-2.668621513501105019e-02,5.155435903423011192e-04,7.694750926316370476e-01
-2.655813685413363490e-02,-2.390064240957281809e-03,7.642304797429601004e-01
1.453694837761828826e-02,-3.019238224450765395e-02,9.098247994054032839e-01
1.422566468839208016e-02,-3.061461116768247892e-02,9.161784233963730095e-01
1.874842404966933079e-02,-2.784465832039144384e-02,9.102750488296650344e-01
2.823941486091426437e-02,1.307603140847454250e-02,8.935618053728341392e-01
1.783788088193539317e-02,1.001132017611399902e-02,8.913140505212352460e-01
2.079988421599685694e-02,2.011498309547076618e-02,8.880068297750588480e-01
2.787759846838898034e-02,1.312699874888592633e-02,8.869266772977144608e-01
1.747606448941010915e-02,1.006228751652538285e-02,8.846789224461155676e-01
2.491559513432751310e-02,3.023335829529160898e-03,8.902338980438908589e-01
2.720089206224939743e-02,9.136735756574506165e-03,8.298788236354577297e-01
2.616508116636025172e-02,1.177076337140700937e-02,8.360873273459947796e-01
2.434776823177322441e-02,1.400965710045273468e-02,8.324975902070191891e-01
1.290957820991650053e-02,7.661501615993901969e-03,9.657288932741145970e-01
3.095173883390373113e-03,8.019208789555035827e-03,9.625384361498190433e-01
1.034009377738185492e-02,-2.442062229608057446e-03,9.628784590210468508e-01
1.257444028416668941e-02,2.131681372156688566e-04,9.751204971250688747e-01
2.760035957640562428e-03,5.708753107768033651e-04,9.719300400007733209e-01
5.329520390175207165e-03,1.067443915637876148e-02,9.747804742538410672e-01
-2.962051031537540902e-02,-6.145750784514819598e-03,8.357171996171022244e-01
-2.876826535461006473e-02,-1.072577061597848949e-02,8.388227393608825855e-01
-2.822521075781250083e-02,-5.925519352820350812e-03,8.297270884946439384e-01
-2.737296579704715654e-02,-1.050553918428401984e-02,8.328326282384242996e-01
-2.168118628612130533e-02,-9.001909748364771841e-03,8.341623643201768745e-01
-4.367433939970821223e-03,-1.654572796790269862e-02,9.041536633965030489e-01
-1.206639505152809141e-02,-1.351250575125339908e-02,9.032123349136613744e-01
-1.294944080338091517e-02,-1.853854203505322235e-02,9.098966136115760328e-01
-1.412554019117076044e-02,-6.619669998629261649e-03,9.073632581466328784e-01
-2.182450130272802977e-02,-3.586447781979962973e-03,9.064219296637912038e-01
2.820668068954629033e-03,5.488557647242831190e-03,8.141238683541902610e-01
2.182623507682912058e-03,6.869876215063321773e-03,8.272032959797622764e-01
-4.083666713204106569e-03,-1.463347007928972841e-03,8.210578394772398703e-01
-1.609235641162880910e-03,-7.666227196095083164e-03,8.175500160043298603e-01
-2.247280202434597668e-03,-6.284908628274592582e-03,8.306294436299019868e-01
4.657054579724138367e-03,6.669960268972114498e-04,8.236954725068523775e-01
-2.293179317612192847e-02,-9.307598792143224539e-03,9.570072400096782950e-01
-2.766618022054245785e-02,-4.020827689440756476e-03,9.616941935123390905e-01
-2.419320929391548941e-02,-1.523583879944812730e-02,9.615279131477082464e-01
-1.420095344374014586e-02,-6.016711376396290112e-03,9.629514342735601140e-01
-1.293953732594658318e-02,-8.847136909138886805e-05,9.584307611355301626e-01
1.667440903112855574e-02,9.520198617845115896e-03,8.193217006890558540e-01
6.609778319607273120e-03,1.120499010305073262e-03,8.178441329633456824e-01
1.419722906089418250e-02,-3.181083242084937514e-03,8.168965087956887583e-01
2.114620978594845824e-02,-1.292416795465198276e-03,8.207901473398750980e-01
1.355875904466155232e-02,3.009165456924812500e-03,8.217377715075319111e-01
2.357318158813708018e-03,6.202109672629164093e-03,8.065882103064502262e-01
-3.321927369277851046e-03,1.561199202446724582e-02,8.048486041881512953e-01
-9.124867680023948657e-03,6.565216776088618304e-03,8.062388057333689240e-01
-7.429567455197154044e-03,3.166456182246228310e-03,8.121901222929431841e-01
-1.310881298328871181e-02,1.257633853408431091e-02,8.104505161746442532e-01
-1.626627144451055565e-03,1.221323143062485669e-02,8.107999207477255554e-01
1.538351073824874640e-02,2.153116647717210480e-02,8.269949972826959872e-01
2.144705346620918995e-02,1.689020578977538586e-02,8.354207176856767170e-01
1.515050101780208991e-02,9.180820182838410337e-03,8.286950452596932859e-01
1.828422550381278433e-02,1.865061778784945015e-02,8.240718698040385704e-01
-2.770756931159614952e-02,1.136883864708478076e-02,8.204235718576808889e-01
-2.586629579299405679e-02,1.597424195630657573e-02,8.241857053438592651e-01
-2.825412456659843682e-02,1.048431312739443733e-02,8.276214366339241790e-01
5.935119135698334498e-03,7.294434771320449165e-03,3.422269160089627116e-01
4.494990226955007662e-03,1.147866070394357868e-02,3.391760528771967653e-01
-1.389743200140267781e-03,3.744401013009911357e-03,3.389499815073379052e-01
-8.983961295759857954e-03,6.854609851707235343e-03,3.413706177909242578e-01
5.038570860305905535e-05,-4.398249196132175080e-04,3.420008446391037960e-01
3.097212887245619217e-02,-1.399884701584601073e-03,9.616058866440998498e-01
3.128399275037413441e-02,-1.399884701584601073e-03,9.687487437869569673e-01
3.055053111432567275e-02,3.605408184649733921e-03,9.657599039072521929e-01
9.474565939579579835e-03,1.705646122050076541e-02,9.450600126715604787e-01
-1.274263243793967741e-03,9.667374425379413397e-03,9.489934623056146545e-01
1.127451863422927573e-02,5.304731739074428423e-03,9.557545522626972323e-01
-3.662449907222995859e-03,9.316892075830215600e-03,3.141163560198235727e-01
1.103295730894696472e-02,8.037969829352563031e-03,5.251947979191491367e-01
7.287587665179333374e-03,1.052448431966885277e-02,5.304510816184186961e-01
6.399260502319224775e-03,1.046377555224237144e-02,5.230545864713220805e-01
-1.165583693159666541e-02,1.353042215581041173e-02,6.784523628625803715e-01
-1.586805618158391648e-02,9.128345581929117256e-03,6.788376777508717819e-01
-1.168865514551347372e-02,1.893973112553804655e-02,6.670991332861777590e-01
-1.590087439550072132e-02,1.453765455165675208e-02,6.674844481744692803e-01
-6.660819162792368242e-03,8.186065499114577107e-03,6.707403812473857752e-01
3.104693687091724524e-02,8.747161845775916142e-03,8.713003623693224009e-01
3.126379020992239161e-02,7.616783961391099776e-03,8.661153852301461953e-01
3.267501361333621096e-02,1.035862134573122635e-03,8.711976157400429521e-01
-3.589291534555910049e-03,-2.094429623077668362e-02,6.489821234418902129e-01
-8.435046234462412890e-03,-2.006510174042083761e-02,6.468765392315893870e-01
-9.197447037115624030e-03,-2.005434701930855490e-02,6.528597243955663876e-01
1.617676782726831103e-02,1.236682562659101488e-02,6.213566422053549143e-01
1.939836777718499314e-02,8.656549334131864032e-03,6.160043376649172453e-01
1.994242636520243001e-02,8.307194406680866450e-03,6.223776739919251177e-01
-3.037120496883178103e-02,6.367644496956625585e-03,8.745442787308004284e-01
-3.052481372603033441e-02,7.613777093711064474e-03,8.798093776721748194e-01
-2.843057128544055484e-02,-5.903105661305249781e-03,8.740501592865514979e-01
-2.858418004263910822e-02,-4.656973064550810892e-03,8.793152582279257778e-01
-2.099629804953338091e-02,-6.296315699412828246e-04,8.823440510039954887e-01
1.960275275364647962e-02,-2.166542468222525109e-02,8.611394539556449512e-01
1.648498912999365323e-02,-2.560227295123558566e-02,8.617605678607378472e-01
1.086528663085064086e-02,-1.955386101813896826e-02,8.675201234931557703e-01
1.797041553750429801e-02,1.182865760020493373e-02,8.767623358373579645e-01
2.678311081002778676e-02,1.407601332470759074e-02,8.809628976791133992e-01
1.970539655763566683e-02,2.106399767129242886e-02,8.820430501564577863e-01
-9.472963623962611657e-03,-1.597696072385351371e-02,8.336636204524927596e-01
-8.745476384346730081e-03,-1.733686396964503884e-02,8.380939150052999498e-01
-9.220367304273563089e-03,-2.223451572647026919e-02,8.337017652764977527e-01
-4.860351837141408879e-03,-1.668120064855972348e-02,8.281965454403412696e-01
-4.132864597525525568e-03,-1.804110389435124862e-02,8.326268399931484598e-01
-4.385460917214575004e-03,-1.178354889173449313e-02,8.325886951691434668e-01
2.273795175908899929e-02,4.879237930448398694e-03,8.277474210920365838e-01
2.587167624509969371e-02,1.434903553545944024e-02,8.231242456363816462e-01
1.073606307186219209e-02,-2.933581226237316070e-02,8.614566978647862916e-01
4.535621625209870084e-03,-2.899811101629555521e-02,8.078435498630762712e-01
1.210176618877661881e-03,-2.883107975650985727e-02,8.040253471665923524e-01
-1.730606104791956781e-03,-2.839528342417993456e-02,8.071625356287241981e-01
-5.056051111124164332e-03,-2.822825216439423662e-02,8.033443329322402793e-01
-5.249132909991823318e-04,-2.223179749933193450e-02,8.060697525546298703e-01
3.342579765174256978e-02,7.405996764256760068e-03,9.118128141420414057e-01
3.329647076296955721e-02,8.601158706034200963e-03,9.180186506140279867e-01
-4.203753211635687451e-03,9.110294731797061868e-03,3.007227677503829799e-01
-1.415663288985412674e-02,-1.951786599217061532e-02,6.846485122377437005e-01
-1.379818682610226693e-02,-1.945066075885858864e-02,6.789255911241770525e-01
-9.506472632477015391e-03,-2.142732979201174282e-02,6.824594508631057765e-01
3.178691613043994890e-02,7.496946288076056057e-03,8.764302279390534522e-01
3.041248844099940160e-02,7.998235738473202100e-03,8.827462828976818665e-01
3.130058592389566019e-02,1.537151584970267810e-03,8.775136706986713664e-01
2.592820643124277985e-02,2.573013719543399552e-03,8.772827150101427662e-01
3.034769579156400970e-02,-6.833234102207132177e-03,8.965653132694038074e-01
2.132293963974665058e-02,-7.197199303632774783e-03,8.948130619261598362e-01
2.639322390445786315e-02,-1.700280189495768229e-02,8.945093490765532174e-01
3.134470774069352678e-02,-7.906463492130677215e-03,9.013684006755106060e-01
2.231995158887616765e-02,-8.270428693556319821e-03,8.996161493322667457e-01
2.627442347598231420e-02,1.899139099194231597e-03,9.016721135251173358e-01
1.078885754365634109e-02,2.589778748279738564e-03,8.661469975590094794e-01
2.573301685009961315e-02,1.383684571022167093e-03,8.661143961702462146e-01
2.099104477831645332e-02,-6.511128202460547167e-03,8.714325500150640336e-01
1.710044688602321492e-02,1.117263121988654011e-02,8.656811075954597978e-01
-1.526459044453533018e-02,2.006108660793671887e-03,6.425293583111398865e-01
-1.553654442413898197e-02,1.848434335796154916e-03,6.484993799094371791e-01
1.934484322694484879e-02,1.132736814980778856e-02,8.704462808787296613e-01
2.815753849946833753e-02,1.357472387431044557e-02,8.746468427204849849e-01
-2.893180906908844434e-03,-2.061605413025698746e-02,6.683707653796195913e-01
-2.930941243531138239e-03,-2.092862459493294996e-02,6.755305430143956347e-01
-7.222655437156388913e-03,-1.895195556177979926e-02,6.719966832754669106e-01
-3.241578013915666964e-03,5.653246464414171842e-05,6.732707267124604655e-01
-1.248163324662402048e-02,6.408121517186317340e-03,6.700147936395438597e-01
-3.274396227832474405e-03,5.465841434371777191e-03,6.619174971360578530e-01
1.243606418155511050e-03,1.948372804306995609e-02,8.109643922055302934e-01
-1.023857942068214649e-02,1.984683514652940683e-02,8.106149876324488801e-01
-8.543279195855350144e-03,1.644807455268701771e-02,8.165663041920232512e-01
9.578422534492724016e-03,2.864696045704125810e-02,8.646849159731070378e-01
1.512559481164896594e-02,2.651900748892939419e-02,8.648561501039708777e-01
1.288119847072733380e-02,2.636427055900814401e-02,8.600909768207010142e-01
7.334026193571091881e-03,2.849222352712000791e-02,8.599197426898371743e-01
-1.170210107825882251e-02,2.435221077765919659e-02,7.946971900372410413e-01
-1.069860740633050283e-02,2.443260020312749969e-02,7.880592579655836261e-01
-1.516403326861848200e-02,2.212439823332810335e-02,7.896997972022370416e-01
-1.291588356732364332e-03,2.010499250325555043e-02,5.949593609033336783e-01
-5.242727242856888223e-03,1.613098706983159131e-02,7.029566341082702507e-01
-3.133793337601151197e-03,1.700159026268188017e-02,7.092680754275353383e-01
-9.348701083661609817e-03,1.410409458184449551e-02,7.067147891257288261e-01
-1.992861435884722698e-02,-2.006376866517335308e-02,8.125976873675795353e-01
-1.998670222370176747e-02,-1.852003918759842493e-02,8.067046884394211137e-01
-1.384167012020480481e-02,-1.578815448837420782e-02,8.101720578074840251e-01
-1.492458053937906204e-02,-2.561148997030478908e-02,8.123547854115564792e-01
-1.378358225535026259e-02,-1.733188396594913597e-02,8.160650567356424467e-01
-1.250379900151711229e-02,-4.431853378389393090e-03,8.311547601502652372e-01
-1.002936792947588598e-02,-1.063473356655550428e-02,8.276469366773553382e-01
-1.186575444024539489e-02,-5.813171946209883673e-03,8.180753325246932217e-01
-8.991318505991580112e-05,-2.482452626206677754e-02,8.330984376723795659e-01
-7.569318459041506422e-03,-2.957798409462599615e-02,8.333630940227362283e-01
-1.085909496203454113e-03,-2.989682939878668747e-02,8.338177858338420290e-01
-2.009471101819627036e-03,-2.391326427642248911e-02,8.385867516404108546e-01
1.291467808921140450e-02,-2.695721230919476824e-02,8.382736122757250552e-01
1.341332363623266855e-02,-2.689955397277424276e-02,8.439904394534682996e-01
1.963241849795895402e-02,-2.117089972000980522e-02,8.383553909953244121e-01
2.013106404498021806e-02,-2.111324138358927974e-02,8.440722181730677676e-01
-5.251115927950621501e-03,1.466479836190202890e-02,7.342945544523720169e-01
-7.221981052897094404e-03,2.255620637389660343e-02,7.393218653805738727e-01
-1.224511984113428598e-02,1.988125393664664370e-02,7.417514410949808124e-01
-1.350922046628646837e-02,1.989632815169004032e-02,7.350753210616640665e-01
-2.244136605504919862e-02,-1.088781951770790776e-02,8.454010736448605012e-01
-2.930661295189011459e-02,-5.567050462618311317e-03,8.471473539318866708e-01
-2.994173274052512948e-02,-3.901372124969645482e-03,8.418987557296613300e-01
-2.919036504062062429e-02,-1.038829996255449112e-02,8.454786441396888730e-01
-2.855524525198560939e-02,-1.205397830020315739e-02,8.507272423419142138e-01
2.900699067003992271e-02,2.269929747720842664e-03,8.399889542599084935e-01
2.809119337609378153e-02,8.320659014913319926e-03,8.423156858394361679e-01
2.823880553069411936e-02,6.821173180753000928e-03,8.356313575735077048e-01
1.317180674700965150e-02,-1.692904175412862991e-02,8.256355168369027275e-01
9.128855334544041730e-03,-1.014561938641310099e-02,8.251639191576716215e-01
4.131509011698257169e-03,-1.858937399083634978e-02,8.221125413994079256e-01
8.174460424163866937e-03,-2.537279635855187870e-02,8.225841390786391427e-01
8.456987835873515380e-03,-2.921018909681212875e-02,8.361540439932864111e-01
8.912838725226929909e-03,-2.931949780295069891e-02,8.421716523784590347e-01
4.444844192845734052e-03,-5.170155781085509702e-03,2.414597937517007908e-01
2.467442125749095411e-03,-1.132772483747357915e-03,2.398144718887124105e-01
6.755174929602197377e-03,2.639840814686071277e-04,2.365914550540579309e-01
4.981974057072572487e-03,-2.830022996975736435e-02,7.774874377894958055e-01
6.058253436461754314e-03,-2.783784773826544420e-02,7.713151334161327810e-01
1.007613670460337334e-02,-2.670168638572392728e-02,7.766548582944095003e-01
1.084101544112614328e-02,1.484250684931822176e-02,7.295958739875068044e-01
5.179920072901274611e-03,4.845029816097039602e-03,7.336874861492121980e-01
-4.593014879633683031e-03,4.676357556067742977e-03,7.246478464960779409e-01
1.267557803147245990e-02,-2.507466063453603344e-02,7.955169925137309805e-01
1.513839985919364362e-02,-2.314127131274157367e-02,7.915543187545575066e-01
1.196360345742162462e-02,-2.491568226689286347e-02,7.895606100060995614e-01
1.442642528514281007e-02,-2.298229294509840370e-02,7.855979362469260874e-01
7.424615211599674275e-03,-1.990481403300096638e-02,7.911786595367772401e-01
-1.736276751336669061e-02,-1.625417772627003529e-02,6.782335292736582089e-01
2.990717092753050060e-02,2.609308182727547790e-03,8.163298954035567156e-01
2.959530704961255837e-02,2.609308182727547790e-03,8.091870382606995982e-01
2.917293033199255814e-02,7.332006832965143328e-03,8.142235782105877728e-01
2.367461958925741461e-02,-8.264170867159437509e-03,7.430433550758795969e-01
2.465445000118571955e-02,-2.494906472375678363e-03,7.413068403682558927e-01
2.558431850558836457e-02,-2.610513965411472015e-02,9.808874290288411846e-01
8.064554727639805000e-04,3.191427457167259930e-03,9.920860390523976724e-01
4.543724203997891349e-03,7.838435468962989469e-03,9.866357354190958828e-01
-1.938252745924809017e-03,8.538411170997729088e-03,9.872775300676606136e-01
3.576837062730526401e-02,1.310935892645055320e-02,9.834777349225845011e-01
3.644813117354094023e-02,1.125021070843023989e-02,9.887350834681620793e-01
3.504609941441065579e-02,1.581446801167323696e-02,9.888716810336235508e-01
3.283076176304537686e-02,1.949566781829473877e-02,9.856788452695848246e-01
3.365124132088661429e-02,1.767708528905647877e-02,9.793387371570245747e-01
2.368047834143065678e-03,2.889310689929175391e-02,8.677643500591569747e-01
-1.798590312068991739e-02,2.561267373341402816e-03,6.781606666871324851e-01
-1.459948018573002139e-02,-1.589566914013971002e-04,6.693377825758044519e-01
-7.269869776131610353e-03,-2.099558159722064721e-02,6.596967005920633120e-01
-1.159934430637915570e-02,-1.933148302874345900e-02,6.633226184879106313e-01
-3.250176655781417470e-03,-1.347022515281664362e-02,6.643612261442137790e-01
-2.122308782771623395e-02,-3.232816411039191040e-02,9.927918949473562016e-01
-2.441273347335392446e-02,-2.793799351102657300e-02,9.927918949473562016e-01
-3.282600716622620374e-02,8.288650115698459331e-03,9.584127580404524505e-01
-1.837495265882871376e-02,1.070442815369617579e-02,9.797607360421181077e-01
-1.323034709783578455e-02,3.725794800643439722e-03,9.820808362780799605e-01
-1.527573124403655211e-02,9.357268284818811080e-03,9.857550671021633182e-01
-1.955756463929877315e-02,9.270764808185697967e-03,9.855677147931032334e-01
-1.441295907830584394e-02,2.292131455132961904e-03,9.878878150290650861e-01
-1.751218049309800559e-02,3.639291324010326175e-03,9.818934839690198757e-01
1.143664887608919489e-02,-2.558542950886425263e-02,7.693826629703889308e-01
1.657215981347837791e-02,-1.690601572894670154e-02,7.621701408911740749e-01
9.676051015419939380e-03,-2.585949483882581459e-02,7.651511705368170269e-01
-1.260022823445148057e-02,9.461835666957865709e-03,9.832347436242803163e-01
-9.501006819659318925e-03,8.114675798080502739e-03,9.892290746843256377e-01
-7.525176886533710766e-03,2.247278102254211818e-02,9.939251454695752219e-01
-4.160762471039764626e-03,2.840367653856205529e-02,9.875904444219218981e-01
3.767574706625709431e-03,2.056378324399533650e-02,9.882149953190448866e-01
-3.835271234095087838e-03,2.029065855489216655e-02,9.884748418362734323e-01
-6.065628492912793039e-03,1.691222414131300644e-02,9.856792939611732640e-01
-7.511988720655566297e-03,2.405214173384498388e-02,9.844129484154854337e-01
4.163484570099071098e-04,1.621224843927826509e-02,9.850374993126085332e-01
-9.210392020961759643e-03,4.479214260915491928e-03,3.088623526409338682e-01
-2.347612519598678282e-02,-3.343789113498269600e-03,9.938502313600025007e-01
-2.498081007256680586e-02,2.718609214559235265e-03,9.882282114921990823e-01
-2.325868594932241004e-02,-1.864441551325806291e-04,9.943779801321965817e-01
-2.976214279498552370e-02,-2.830807877438883124e-03,9.943779801321965817e-01
1.930511802230027579e-02,3.087705919384580583e-02,9.517513129575120301e-01
2.372736007902949418e-02,2.713874118608291391e-02,9.491934519030759132e-01
3.121416853061836916e-02,1.117466316373029282e-02,9.516521392234332799e-01
2.920029203970624793e-02,1.638480064229920138e-02,9.517277186165740144e-01
2.539888505028774918e-02,2.086886324386125202e-02,9.739480551344741333e-01
1.996158275291753242e-02,5.260781385851859109e-03,9.751457627953449281e-01
2.853875937735384644e-02,9.087886758344489516e-03,9.693395540299272195e-01
2.834584402636339262e-02,1.714843754736554080e-02,9.784164006799297431e-01
2.643067587922113756e-02,-2.293383238370490934e-02,9.630184333334570468e-01
2.166405919536661118e-02,-2.618358773140511825e-02,9.601572367263849772e-01
1.983665912909790552e-02,-2.002455461439229742e-02,9.646263186199124373e-01
2.198189817017668843e-02,-8.958802520182012133e-03,9.615998342518150555e-01
2.460327581295243191e-02,-1.677479926669208851e-02,9.674875152269843959e-01
-5.879274030911586964e-03,3.300312788002569830e-02,9.518195345988674783e-01
-9.158674994967379648e-03,3.223108116629249537e-02,9.474908717660022184e-01
-7.726717964626218446e-03,3.419148629800013856e-02,9.416212226742601832e-01
-1.100611892868201200e-02,3.341943958426693562e-02,9.372925598413949233e-01
-9.735187881058371406e-03,2.595826330387906306e-02,9.448211578059538818e-01
3.456981024449994576e-03,2.765290089503672812e-03,8.916142298110241171e-01
5.138497675084344879e-03,1.584837508902281478e-02,8.909683411635118677e-01
6.942039782261253712e-03,-1.444322939024310012e-02,8.951132412159488183e-01
8.623556432895604015e-03,-1.360144390723960761e-03,8.944673525684365689e-01
1.388340899482924488e-02,-1.582476166365528319e-04,8.892580863283845449e-01
2.232526302589879150e-02,-7.546885197238803120e-03,9.164832277490748691e-01
2.394843708758413042e-02,6.090646410238317616e-04,9.173576511718468662e-01
2.307788062812686503e-02,-4.128295206148284565e-04,9.131800858677113775e-01
-1.708601335559796833e-02,2.758324833394836147e-03,6.366642997040639074e-01
-9.263498642859703189e-03,-3.193124686262465567e-02,9.807968345001549793e-01
-7.885661452723475434e-03,-3.253789368199609677e-02,9.874036110465187477e-01
2.731485200709174443e-02,-1.588251407553380873e-02,9.801156334581784257e-01
2.873094743077611590e-02,-1.343973312409370464e-02,9.736928347841522502e-01
2.535603476375643608e-02,-1.762998690832909277e-02,9.746972207216628714e-01
2.337620878897705978e-02,-8.703109060241340234e-03,7.629723089833337912e-01
2.426351664351465709e-02,-2.723749052942527667e-03,7.580109201797872176e-01
2.457538052143260626e-02,-2.723749052942528101e-03,7.651537773226444461e-01
-4.459197134808281539e-03,-3.736440207128015334e-02,9.798055507053644586e-01
-2.935228847115012914e-03,-2.818303012182283088e-02,9.870934995101052767e-01
-3.081359944672053784e-03,-3.797104889065159444e-02,9.864123272517282270e-01
4.783651695540268485e-03,-1.568662268711099733e-02,5.938660290387947072e-01
1.010884013956765345e-02,-1.079618837902563203e-02,5.932860929650644044e-01
6.728446551290294571e-03,-1.422090228909172333e-02,5.885369767612185221e-01
1.947098981849819388e-02,1.750910489793344174e-03,5.974502752551201779e-01
1.738957091644698430e-02,-4.967703789365510852e-03,5.929985610046339950e-01
1.915912594058025165e-02,1.750910489793344391e-03,5.903074181122629494e-01
2.147373833198143456e-02,7.157379879635831360e-03,7.413921743540639042e-01
2.386142797415365460e-02,2.276776490615123067e-03,7.396628357243389962e-01
2.164712378258722841e-02,1.419725819135254051e-02,7.877524254987827712e-01
2.399781511826618377e-02,9.133085775929996458e-03,7.830324053792867556e-01
2.446887748218585373e-02,8.565779765307014737e-03,7.896915368064666430e-01
4.449188657586420834e-03,-2.130448114356421271e-02,6.950756841572365285e-01
9.160474044443325803e-03,-1.992336990064733429e-02,7.027156806365080222e-01
1.663190733567083751e-03,-4.434979723253606662e-03,6.968993111692571851e-01
6.374476120423989804e-03,-3.053868480336727805e-03,7.045393076485286787e-01
-1.941590529506710683e-02,-4.260782718961121825e-03,9.870131167887447043e-01
-1.513407189980488579e-02,-4.174279242328008711e-03,9.872004690978049002e-01
-1.823329331459704744e-02,-2.827119373450644440e-03,9.812061380377594677e-01
4.167740317247193866e-04,7.480569592863432239e-03,7.516444864673251791e-01
6.328261860876995513e-03,5.890668310008689672e-03,7.566358852838181992e-01
1.337060985373563111e-02,1.578822716853073641e-02,7.534221088896047025e-01
7.722960508252428927e-03,-1.518111572172228807e-02,9.916610877305382932e-01
1.220486561867219731e-02,-1.619429074626594148e-02,9.931337801601300974e-01
-9.205912836864236018e-03,-1.269581194861540453e-02,4.146684529823777554e-01
-4.423010562726066922e-03,-1.201687304260600810e-02,4.178814953918130737e-01
8.140974389929479804e-03,-8.951169885805985993e-03,4.131991043731203517e-01
1.292387666406764890e-02,-8.272230979796589556e-03,4.164121467825557255e-01
7.412176924469614930e-04,-3.744642062809422443e-03,4.157550628949708837e-01
2.363950241054034451e-02,-4.095851946718652437e-03,7.256086703927465686e-01
2.252769884189599614e-02,1.159835838635454169e-03,7.208921061359638838e-01
6.888590796396264898e-03,-2.376279212833978111e-02,8.119271147154030199e-01
5.682897982603490883e-03,-2.992627805318777770e-02,8.130198977894973478e-01
1.227457826377805448e-02,-2.792716764512103225e-02,8.124388295616975508e-01
1.112730190638443369e-02,-2.699900060822880976e-02,8.072624816352765853e-01
-1.184035291729002883e-02,1.815481662805131652e-02,9.822052863790109445e-01
-9.794968771089259535e-03,1.252334314387594343e-02,9.785310555549275868e-01
8.819947862205915895e-03,-2.958570831175198410e-02,8.184490454170048057e-01
9.318672165906455307e-03,8.534444008164327258e-03,3.959319053237910779e-01
-1.213406181689254994e-02,2.057912599699115302e-02,7.288837244715546948e-01
-6.615612014723048183e-03,3.382247632486191230e-02,9.079477686907503342e-01
-2.957872529677678733e-03,2.739646392896271515e-02,9.085816619652730131e-01
-5.456267423772199511e-03,3.362209654758420430e-02,9.018665063389561531e-01
1.417989439383929122e-03,3.311424162146771322e-02,9.080861432533409161e-01
-2.613393440746578089e-02,-5.308673831470900675e-03,7.521136099603928926e-01
-2.667327379917593111e-02,1.040198515327489439e-03,7.531288678499451494e-01
-2.698657511187096958e-02,-1.754451319920067622e-03,7.582242384224956444e-01
5.920874113389863920e-03,2.337469876961011106e-02,9.823707534233170335e-01
1.038338778612765863e-02,2.244921927807306747e-02,9.745773856788502165e-01
1.202144643187223359e-03,1.904825212669403883e-02,9.731822381473537176e-01
9.085722006523075552e-05,2.432526642294815383e-02,9.841531018982569989e-01
4.553370892803025247e-03,2.339978693141111024e-02,9.763597341537901819e-01
6.601460806230400116e-03,-2.699624010700983623e-02,7.542553398563356382e-01
4.093273092442547244e-03,-2.731918494248777515e-02,7.488381408303721454e-01
1.197797385530685512e-03,-2.776124006462450666e-02,7.552720479176368018e-01
-2.849629202074236041e-03,-2.430923462580546549e-04,2.417602781766535203e-01
-6.466147590492602945e-03,1.889395888235041818e-03,2.455754893987835141e-01
-5.986622649952116036e-03,-4.134369750500057651e-03,2.398936650509235768e-01
-1.002209592723347833e-03,-7.187905887018959661e-03,2.477669480556832227e-01
-3.605658344263170528e-02,2.662378821776432893e-03,9.248023789038206655e-01
-3.566256330212058678e-02,3.470848892644729303e-03,9.182597110271514262e-01
9.979994307408063259e-03,1.793713069745209512e-02,6.790788871678510308e-01
9.828718736871099038e-03,1.902520138613949044e-02,6.848297664966853660e-01
1.125624144134381582e-02,8.620551420770564827e-03,6.858638431583601314e-01
1.424668364864289938e-02,1.605280069183181307e-02,6.828036116630729069e-01
1.409540807810593516e-02,1.714087138051920839e-02,6.885544909919072420e-01
-1.805497060684428494e-03,5.073169327923602104e-03,2.396456922933770384e-01
-1.698889846099014070e-03,-2.737613185284092608e-03,2.366706482162690972e-01
-2.585150908815973814e-02,-7.001850164117941894e-03,7.583687023939333915e-01
1.583303409917280122e-03,3.371366884373609273e-03,2.119585632243334572e-01
5.559235214308446901e-03,4.341375450208247166e-03,2.086047031817460928e-01
1.367222878102887160e-02,-3.506071875010689093e-02,9.933151997146169032e-01
1.843903611027163103e-02,-3.270992638809661762e-02,9.945950491990642739e-01
-2.197045742911717114e-02,3.186124979426854797e-02,9.954312533209577207e-01
-1.779000303791356680e-02,3.461032060478237693e-02,9.940451166182538989e-01
-1.201737548553115376e-02,1.195932051368089194e-02,9.951914910152630522e-01
-3.684213447289565180e-02,5.934658289694706365e-03,9.963354038077740782e-01
-3.684213447289565180e-02,1.136120758333125647e-02,9.963354038077740782e-01
-1.264749434891545773e-02,6.223279647366465085e-03,9.940375836690626965e-01
-1.779209990990839041e-02,1.320191300041920202e-02,9.917174834331007327e-01
1.548612045663979794e-02,-2.726942891940945315e-02,9.910159591380125477e-01
1.638505732689830158e-02,-3.274668567430245869e-02,9.843311588526293399e-01
7.321182285853389433e-03,-3.159982366284611044e-02,9.930511078576573780e-01
8.220119156111890465e-03,-3.707708041773911944e-02,9.863663075722742812e-01
1.003401083172281855e-02,-2.928579058704167820e-02,9.840670669956699257e-01
2.115186465614105754e-02,-3.039589331229218538e-02,9.856110083370767105e-01
3.027974367377094661e-02,3.427869195047807821e-03,9.587760459817828984e-01
-2.808264255595373238e-02,1.944629403614600571e-02,9.757550448959169120e-01
-2.594308500197683998e-02,2.272610285615900283e-02,9.826624923885549645e-01
-2.968487586615724955e-02,1.690951086622625305e-02,9.806359553408576790e-01
-1.249644158170325030e-02,-3.120631989971657527e-02,9.893694980933044336e-01
2.662137907162720560e-03,1.692795815198982340e-02,7.063549781464040223e-01
8.301673222282354714e-03,1.455111570409942275e-02,7.036640094082737829e-01
3.336148280694560542e-02,-5.989180837798405502e-03,9.434290858452110129e-01
3.298096148617830903e-02,-1.161426941165996825e-03,9.477421023257511790e-01
3.367334668486354765e-02,-5.989180837798405502e-03,9.505719429880681304e-01
-2.304798133727324616e-03,7.728589854417600158e-03,2.822483471258491194e-01
-8.059988759549507192e-03,4.362737251684341983e-03,2.772271797922529202e-01
-2.620719066125320150e-03,3.844773077075304153e-03,2.793669496634200167e-01
-4.751508428109724527e-03,-4.096614579826782232e-03,2.710695129059282893e-01
-5.110637778566571796e-03,-7.166602457908687746e-03,2.759066539472649349e-01
-1.258104020476938411e-03,-2.619816483945052940e-04,2.741500192094024069e-01
-1.416541461601730084e-02,2.399232732142010660e-02,8.002060178924165212e-01
-1.865910722399368588e-02,2.128557186431837001e-02,8.013003667778941796e-01
-1.619579368623520754e-02,2.164545532055745652e-02,7.957915389227188108e-01
-1.234079967035702982e-02,1.633498258416579002e-02,7.989903717598944022e-01
6.019317317110357227e-04,4.815960363722558354e-05,1.665006494174846585e-01
3.080247802802226972e-02,1.184258546344382421e-02,9.463465274668914073e-01
2.816944712699281927e-02,1.767009909476558588e-02,9.467508140094762492e-01
2.761651749960401456e-02,1.377419654786329190e-02,8.684141735410649821e-01
-1.441063583556298142e-02,6.856143400379684574e-03,6.511028223582995267e-01
1.218509880366515363e-02,7.195206647877776598e-03,5.305071150055481466e-01
2.581456332305338136e-02,8.695563061605383892e-03,9.440133564355576157e-01
3.459369353347282322e-02,7.844329990853429399e-03,9.385387812738057445e-01
3.196066263244337624e-02,1.367184362217518934e-02,9.389430678163905863e-01
4.181165672947249716e-03,-7.799458230035435577e-04,2.762897890805694479e-01
3.538590535683622945e-02,2.348653794507489338e-03,9.395313765498074510e-01
3.500538403606892612e-02,7.176407691139898015e-03,9.438443930303477281e-01
2.758135627861331429e-02,-3.640527043290905755e-03,9.401033195378755147e-01
2.575553458105347276e-02,1.899700076326263365e-02,9.084248194840460755e-01
2.391232081291233200e-02,2.337129884809693858e-02,9.030760669646662464e-01
1.750632347307981909e-02,1.956360345527849084e-02,9.084944622154091931e-01
2.613981926839016243e-02,1.882842656062850076e-02,9.134457502669024453e-01
2.429660550024902166e-02,2.320272464546280916e-02,9.080969977475226163e-01
-2.728608643010187879e-02,-6.778148180017605322e-03,8.184567304999454951e-01
2.794058141876328699e-02,1.009969550333424809e-02,8.098726793207495778e-01
2.059273278199333368e-02,1.119418460560706388e-04,8.116615222666574425e-01
2.427145442834115208e-02,4.993020983935213611e-03,8.031601250660080904e-01
2.592618005919042345e-02,-2.497366336671485824e-03,8.024744840059579998e-01
-1.416556910770248520e-02,-2.592718531141575272e-02,8.271723135334407839e-01
-1.933458520003696057e-02,-1.988071822941153352e-02,8.266227047704548525e-01
-1.511687063622392350e-02,-1.482814539867452486e-02,8.287218619607045200e-01
-9.363701489885772888e-03,-2.187710887587965974e-02,8.225468127516548655e-01
-1.453271758222024999e-02,-1.583064179387543707e-02,8.219972039886689341e-01
-1.358141605369881169e-02,-2.692968170661666841e-02,8.204476555614051980e-01
-1.497521825483029943e-02,1.812539803814394723e-02,7.567151081711938065e-01
-1.434461381851129085e-02,2.061623462269390056e-02,7.608200720220810176e-01
-5.122976234333618054e-03,1.668822386253067391e-02,7.614816542160656176e-01
-1.728525598319056999e-02,1.758478717477219427e-02,7.638039750363405656e-01
-8.564774640196878841e-03,-1.065220538143823829e-02,5.510228788814273138e-01
-1.035654798277949734e-02,-9.527771147170766008e-03,5.437594064748110245e-01
-1.408912465731052693e-02,-6.708560624233071180e-03,5.491313815352152350e-01
1.511363670365877118e-04,-1.145507837185857740e-02,6.268436592119985828e-01
-1.019446227482623908e-03,-1.737854675756564035e-02,6.191669816295491957e-01
-4.769552847113513704e-03,-1.305443301146115911e-02,6.248938387455509336e-01
1.234859197836242657e-02,7.249706696323564639e-03,3.817118926385597577e-01
5.116128790053494149e-03,7.640476351102427725e-03,3.835158100038614237e-01
3.815660690974477520e-03,1.221542464063479078e-02,3.844934256764847014e-01
-1.340194862402241567e-02,1.840730476570439506e-02,8.209389471620751610e-01
-2.230706754070894277e-02,2.005764930995759115e-02,8.225293741714612139e-01
-1.457816454993531019e-02,2.536891570938531321e-02,8.183212026592139310e-01
-1.744839811254187550e-02,1.809841909694021381e-02,8.181567312014091931e-01
-1.627218218662898272e-02,1.113680815325929566e-02,8.207744757042705341e-01
8.269736613886528170e-03,-6.007372001909967382e-03,4.867977351522704277e-01
8.785598675087021373e-03,-4.793105606068416569e-03,4.802025765900078680e-01
1.057955701758986691e-02,7.329239375027061252e-04,4.848795324536585571e-01
-1.962785394122791571e-02,-3.159695003607023572e-02,9.881181896754827054e-01
1.018678267765555853e-02,-1.809881159090871066e-04,5.002167047652392728e-01
9.874918799737616298e-03,-1.809881159090870253e-04,4.930738476223820999e-01
7.947597743948906640e-03,6.271095270848642093e-03,4.978563416619423143e-01
8.652235961801157255e-03,7.185007324260435542e-03,4.896620264932187716e-01
7.565098396034277556e-03,-6.921284055321760831e-03,4.949920503209939149e-01
2.961133565302482423e-02,-7.951453636263629927e-04,8.467803572601433348e-01
2.181838872874743845e-02,1.474784384094488671e-03,8.439121686629087460e-01
2.869553835907868305e-02,5.255583903566113727e-03,8.491070888396710092e-01
2.357707007614150835e-02,9.774224188350286516e-03,7.627219354580261346e-01
1.958229419323976456e-02,1.534733760374838371e-02,7.688876801728412591e-01
2.441746649517101408e-02,8.571629394748776082e-03,7.694489271126916385e-01
2.491588487586014061e-02,3.977683094485079569e-03,7.857614773518197815e-01
2.503443449731212675e-02,7.755817064215676099e-03,7.766242911284906292e-01
1.656336255979246747e-02,6.578097477255845718e-03,7.794005547385578492e-01
2.595250425490608359e-02,2.600414382770757909e-03,7.793533631010236551e-01
2.159170314169513074e-03,2.391959753543516573e-02,7.713607124681012284e-01
7.065796242473615027e-03,2.082072972055708238e-02,7.666767204695665860e-01
1.563780785301465640e-03,2.378367347306191426e-02,7.638811346146464620e-01
-1.372871968281931011e-02,-9.181156569347603130e-03,6.296629680061873735e-01
-1.505511588346166753e-02,-7.110972442731196448e-03,6.226912215025046660e-01
-1.053986156637783111e-02,-1.126887281819623221e-02,6.234302051556456226e-01
7.540877375869121935e-03,3.436092365775716972e-03,3.934319435069439930e-01
1.407425039637049888e-02,-5.234033528562507046e-04,3.913347967129182647e-01
4.944805218128870035e-03,-2.684782928270720848e-02,7.415613140038010975e-01
9.391242941752590140e-03,-2.542826468387769656e-02,7.457009555299118908e-01
-2.978666904153150913e-02,7.260427987590390396e-03,8.422904991392322627e-01
-3.036444489407203254e-02,1.768664643499354584e-03,8.420414811082400641e-01
-2.334413429823749275e-02,7.609695700969794883e-03,8.406869442307849383e-01
-2.956466089156815913e-02,1.080224798968277763e-02,8.481259267250086387e-01
-3.014243674410868254e-02,5.310484645591741389e-03,8.478769086940164401e-01
9.610999457595640477e-03,-4.923649974636701634e-03,4.601063513803768656e-01
7.713372912854274399e-03,-5.091334683910708758e-03,4.511957151873361438e-01
9.068831411863346667e-03,-2.555507685361387590e-04,4.533076363242369844e-01
1.096645795660471275e-02,-8.786605926213114735e-05,4.622182725172777062e-01
1.026769313967192294e-02,7.329239375027062336e-04,4.777366753108014397e-01
9.629990316103637137e-04,6.450578782405799651e-04,4.756692335423657880e-01
9.796227369937755142e-03,-5.613895602833254492e-03,4.718270309393413076e-01
2.335220663961547899e-02,3.247465959035489638e-03,7.623921984771695470e-01
1.172942062641902684e-03,-3.319888802061265499e-03,2.684922329861779700e-01
3.282817720781910226e-04,1.799046099166984195e-03,2.703690519380066437e-01
2.532877649907019565e-02,2.600414382770758343e-03,7.650676488153091981e-01
1.653472208328287535e-02,-1.233346701717615186e-04,7.659357118522396313e-01
1.760327416967293404e-02,1.460343661411447544e-02,7.008283008524461843e-01
1.990219771155458603e-02,1.039147929194349403e-02,6.980897214288506181e-01
1.426038959880829814e-02,7.298820461346616426e-03,7.056016764616870329e-01
5.463157758060562842e-03,6.615963278861084276e-03,6.991266775200307704e-01
1.196146605692664788e-02,1.151077778351759957e-02,7.083402558852825992e-01
1.644760912999908634e-02,-2.125018010739119015e-02,7.781445930695471969e-01
2.174954382555944338e-02,-1.699488212262859066e-02,7.749726315298302026e-01
2.004079756823858721e-02,-1.906103166694684409e-02,7.811285461950645548e-01
1.201628423317027683e-02,3.879035026014936161e-05,6.970273526156922639e-01
2.081351607391801126e-02,7.216475327456815109e-04,7.035023515573484154e-01
-2.618552339269215185e-02,4.161379705003097340e-03,7.573635146953965336e-01
-2.031252008002136511e-02,-2.408970401573583709e-03,7.602751115279063887e-01
-2.575708513495481716e-02,3.525766783965883153e-03,7.633697560158609896e-01
2.564064037698814136e-02,2.600414382770757909e-03,7.722105059581664266e-01
-2.558437024350278949e-02,4.845623971771370261e-03,8.615015970142290147e-01
-2.696372835662063511e-02,2.711369756894498398e-03,8.681635697565488474e-01
-2.759025972426978890e-02,-3.005593799308209010e-04,8.606897814079884634e-01
-1.385198922522572207e-02,3.201519204345265601e-02,9.282848759832732499e-01
-9.467177582675219069e-03,3.350226028884508572e-02,9.314589213149616631e-01
-1.572608635956993656e-02,3.144746888893293346e-02,9.356837343277240038e-01
-6.053827995483262135e-03,8.616985410531196460e-03,3.277577353176277519e-01
-1.397566281865585819e-03,5.866537893204078202e-03,3.245339688733389627e-01
-5.080040878106479967e-03,3.224564382895258978e-03,3.292902585638292079e-01
-4.237791644888036502e-04,4.741168655681398530e-04,3.260664921195404187e-01
-1.127866485587144391e-02,3.679973377525719291e-02,9.950756696483402663e-01
-5.326052366087645831e-03,2.225934560092235337e-02,8.266128003503598887e-01
1.706956328296432065e-03,1.877017601768362146e-02,8.185000502532702171e-01
2.053949595457569763e-03,1.731095045347385772e-02,8.283820749538022277e-01
-8.196285928694212880e-03,1.498884898847725397e-02,8.264483288925552618e-01
-1.163277234310134550e-03,1.149967940523852206e-02,8.183355787954655902e-01
5.255396760637737544e-03,3.452746863258181198e-02,9.353836326001905288e-01
2.010850080093445555e-03,3.473217807880886465e-02,9.411877105675312549e-01
-1.845063770053339755e-03,2.768731350266222593e-02,9.341893337746176584e-01
-4.482171284081926457e-03,3.398677685177309282e-02,9.358171447069194571e-01
3.487468981772913479e-02,2.507764389829459945e-03,9.260984590742775691e-01
2.940642716731478243e-02,4.856418184336959258e-03,9.299155499097990774e-01
2.810317134933911984e-02,-2.581367916234270955e-03,9.241903069875250232e-01
2.830252301052827227e-02,-2.740478511556241129e-03,9.304803673201978986e-01
3.377078566094262463e-02,-5.089132306063740875e-03,9.266632764846762793e-01
-3.655480408320926564e-03,-1.441938168612353494e-03,2.262087384900512421e-01
-4.877098001206797533e-03,-5.059823751778456079e-03,2.210690246206920562e-01
4.881981444901047074e-03,-1.102999541494817035e-02,6.286604017173278436e-01
5.854313443260871462e-04,-1.153613258388730932e-02,6.343603248246204585e-01
-4.145413733538372107e-03,-1.196121554079771637e-02,6.325435823192913087e-01
-1.174373900370791722e-02,-1.390475458674390874e-02,5.771632915234052863e-01
-6.670177880593420455e-03,-1.712283740663167464e-02,5.756743728182251996e-01
-6.602017891106671046e-03,-9.880599122781507510e-03,5.796008079910544009e-01
-8.226603713651980260e-03,-1.654191149362305505e-02,5.808508242860127568e-01
-1.330016483676647876e-02,-1.332382867373529262e-02,5.823397429911928436e-01
1.691822280539120177e-02,-2.179581810155848537e-02,7.975866844022696522e-01
1.831597287198141050e-02,-1.959861116888091809e-02,7.916313481844919897e-01
1.743249549765579776e-02,-8.449022891198820079e-03,7.906162324686692999e-01
2.270948087494175510e-02,-1.206408130523033140e-02,7.955383111682456931e-01
2.321837058102635409e-02,-1.551837152308618850e-02,7.812055756249989269e-01
2.527611311102852948e-02,-1.183096576918391506e-02,7.851327998440535971e-01
2.476722340494393049e-02,-8.376675551328059688e-03,7.994655353873002523e-01
9.949402411402130664e-03,1.151828103605733768e-02,5.572050652638609325e-01
1.311414182065266318e-02,7.247226237280201405e-03,5.555141740239650794e-01
1.094795861066787807e-02,1.011855185761746483e-02,5.501596379666727765e-01
3.604607759164430662e-03,1.001200103907552708e-02,4.726157382664308293e-01
3.115897645695169926e-03,9.911732414984043144e-03,4.678091086962379297e-01
9.562338057391536923e-04,-1.683151784217236380e-02,5.646042704223104280e-01
5.433331218616515093e-03,-9.527920061056257758e-03,5.511654081080948897e-01
-5.684946451707489738e-04,-3.157927254674018028e-03,5.609854942090513052e-01
3.719641402670031093e-04,-4.724269870995220083e-03,5.747390984298330618e-01
4.849061553144364510e-03,2.579327910120885088e-03,5.613002361156175235e-01
6.373790004054267176e-03,-1.109426267737746025e-02,5.649190123288765353e-01
2.131173080835154637e-02,-1.426128823790789868e-02,8.014936473860232446e-01
1.088986119683988188e-02,9.951938419736135188e-03,5.709586694846424670e-01
4.090947083933328329e-03,7.634901126815495098e-03,5.798610892567082065e-01
4.670577968831862367e-03,1.902525231170291639e-02,5.761988658564618504e-01
6.369151223480650631e-03,1.240333647868710476e-02,5.713916169361529240e-01
1.198724607420383406e-02,-4.952832974564426449e-03,5.543047038599580034e-01
-3.225917643871506046e-03,9.054010366625366707e-03,5.794726313002822593e-01
-1.527344389222718216e-03,2.432094533609555076e-03,5.746653823799732219e-01
-9.084395844696191782e-03,1.350599879038477495e-02,5.730620046046775995e-01
-1.767531116891356974e-03,1.208688955057490334e-02,5.734504625611034356e-01
-3.466104371540144804e-03,1.870880538359071671e-02,5.782577114814124730e-01
-3.402908936746164292e-02,-4.395005757163094814e-03,9.320860537015820402e-01
-3.401090344593565851e-02,-5.871153682433422755e-03,9.382817441524722302e-01
-3.276080435365290311e-02,-9.238476349218618239e-03,9.353191429877110163e-01
9.150369432306860659e-03,-1.333721283406107995e-02,6.109741318355559336e-01
8.320290372414423236e-03,-1.374381512450886973e-02,6.052231132841434658e-01
3.485909927011195380e-03,-1.642481954992305523e-02,6.079252617150456839e-01
1.641811326863993736e-03,1.051325637509974674e-02,5.010992232786568579e-01
6.276833011026211953e-03,-1.936411102211322600e-03,6.023239843628895862e-01
1.746933458590596566e-02,8.973502756496783139e-03,6.006990581057209955e-01
3.065779918247074111e-03,-1.060916618226380795e-02,7.270118525550711697e-01
3.768863630974508654e-03,-9.008220707920833875e-03,7.355671653877233762e-01
-4.208983018597256022e-03,1.650493499358553912e-02,6.878791563803114961e-01
-9.843077215023372795e-04,1.687820895302417218e-02,7.001516672448508949e-01
-3.403325651780642058e-03,3.150030488825574480e-03,6.943661216883277865e-01
2.238482460965644533e-03,6.242689319422452081e-03,6.868541666554913716e-01
4.657500391243949746e-03,1.997086778362104978e-02,6.926397122120144800e-01
-1.564712609347775410e-02,6.253737933934214351e-03,6.099459614876856506e-01
-8.566708617630728814e-03,6.619692584712465883e-03,6.104391119234513496e-01
-1.189701947384686452e-02,1.929624187829732680e-03,6.042191043716839127e-01
-9.554569189720928807e-03,1.839688413510373946e-02,6.911746705013060987e-01
-8.748911822904315710e-03,5.041979630343773958e-03,6.976616358093223891e-01
-1.197358711999923359e-02,4.668705670905141762e-03,6.853891249447829903e-01
-2.631534243311948323e-02,-1.107683783438661099e-02,8.135053541159944501e-01
-2.626012862985045021e-02,-1.215471934231074011e-02,8.202266526189222473e-01
-2.381767932193335630e-02,-1.639342375737536800e-02,8.167960910201517155e-01
2.083381295338264036e-02,4.854311054728977469e-03,6.958073612435969890e-01
2.052194907546469466e-02,4.854311054728977469e-03,6.886645041007397605e-01
1.994978254283453697e-02,9.373196462076582164e-03,6.914209800026720476e-01
2.461217027698358803e-02,-1.193101656182615419e-02,7.716745658376863437e-01
2.503693364255897558e-02,-1.152700647125691133e-02,7.776462775447605669e-01
-1.658916704848673040e-02,2.293332697085019231e-02,8.127771547349897929e-01
-2.115470083592009207e-02,1.906159095224748551e-02,8.066613667176107949e-01
-1.945940061109329572e-02,1.566283035840509291e-02,8.126126832771851660e-01
1.441854677855118963e-02,-4.387591978267022658e-03,5.327411827526433719e-01
1.406123491500977166e-02,-4.669568612880273251e-03,5.274019985452857995e-01
1.497428991572136506e-02,-4.007085980142456529e-04,5.294089971558284535e-01
2.949745418081664051e-03,1.612927936521929215e-02,6.336403462932043151e-01
5.201792913233735383e-03,1.528336252566820340e-02,6.259745583267368740e-01
3.779937567961844363e-03,-3.024695730162820298e-02,8.185992132910664409e-01
-7.594163020809424625e-04,-2.945704988837378677e-02,8.154588402551230519e-01
-9.167124096916935000e-03,-2.855137294129807268e-02,8.148181863240206990e-01
-3.718406410461068401e-04,-2.378528221815628604e-02,8.164628087107217436e-01
-4.627770226874147741e-03,-2.934128035455248890e-02,8.179585593599640880e-01
-8.581573982456607713e-03,-2.757899431870772244e-02,7.920939135907257844e-01
-2.566255570599215372e-05,-2.676181214457652030e-02,7.871098403838475699e-01
-1.843270789201774829e-03,-2.056301783948900203e-02,7.902063502360240355e-01
-1.131296215150940851e-03,-2.072199620713216853e-02,7.961627327436554546e-01
6.863120183448418246e-04,-2.692079051221968680e-02,7.930662228914789891e-01
-1.346804682493295876e-03,1.562314219628015491e-02,6.393402694004970410e-01
4.190562219993492279e-03,1.358002866773810012e-02,6.383845573257765915e-01
8.487112320568451773e-03,1.408616583667723909e-02,6.326846342184839767e-01
1.193086667274873176e-02,1.288604871759917864e-02,9.866610010893719362e-01
4.878862129747701601e-03,1.528676894774122150e-02,9.772441315681417162e-01
1.271666285892604845e-02,1.572205240501495238e-02,9.748057399241172316e-01
1.238152493317623733e-02,8.273718926236718618e-03,9.841973437750713982e-01
-2.598508543345053046e-02,-4.259900293156020784e-03,7.468700825649594588e-01
-2.591199981144179723e-02,-3.440171175786183901e-03,7.406088253310976199e-01
-2.700926395672043762e-02,-1.065347717023704469e-02,8.261587998719488457e-01
-2.803522175697186619e-02,-5.276906007943908163e-03,8.243888777529722045e-01
4.746182285693431417e-04,1.487092602367898891e-02,6.452053280075731312e-01
6.011985131056132164e-03,1.282781249513693586e-02,6.442496159328525707e-01
1.483423600597111661e-02,-2.786847429483905667e-02,8.327852983076937665e-01
8.830557129679367234e-03,-1.587959346492561624e-02,9.190562252427203482e-01
1.713422922775754281e-03,-2.275855342734202369e-02,9.262184872349439324e-01
-3.611441789174122709e-03,-1.458840212127795674e-02,9.252489163347581425e-01
-8.723936370470782367e-04,-1.464060320528203299e-02,9.144622982184762439e-01
-7.989527843950690322e-03,-2.151956316769844391e-02,9.216245602106997170e-01
4.452471074902798753e-03,-2.281075451134609994e-02,9.154318691186619228e-01
-9.202099478722431530e-03,-2.575414584679943525e-02,8.560124972465155135e-01
-1.278153875944170251e-03,-2.494079033348299904e-02,8.560360661048571629e-01
-7.910039431439464669e-03,-1.992698167566606809e-02,8.494644581647772252e-01
4.192322702564082494e-04,-1.899993270439365861e-02,8.565701990676177768e-01
-7.504713332521853464e-03,-1.981328821771009135e-02,8.565466302092762385e-01
-4.918547263856177902e-03,1.465225669802644112e-02,6.475114890651556543e-01
-6.739970174918816920e-03,1.540447287062760712e-02,6.416464304580796751e-01
-5.903511557464034311e-04,-1.030473529580154882e-02,8.465391972810774046e-01
-7.352766674948283190e-03,-1.879027150941926100e-02,8.440653254784213910e-01
-1.730464545455800453e-03,-1.510888275864408561e-02,8.406059316319609565e-01
6.255198572398737791e-03,-1.416276563587071796e-02,8.466048609996162932e-01
-5.072169468031419680e-04,-2.264830184948843014e-02,8.441309891969602797e-01
6.328964429062550537e-04,-1.784415438664589681e-02,8.500642548460768388e-01
1.528615379363931076e-02,-4.007085980142457613e-04,5.365518542986855710e-01
1.408678194365521261e-02,4.586456842836774371e-03,5.344985616303034037e-01
2.179874609489763828e-03,-1.203428583303284109e-02,8.212702806134852818e-01
5.504385452323417964e-03,-2.906523130251108256e-02,8.441917631125345212e-01
5.833384447211494885e-03,-2.929084177447028800e-02,8.501195234812799484e-01
1.042676372793458189e-03,-2.902884568766013126e-02,8.459599502552084260e-01
-2.637343029797402372e-02,-9.533108356811686307e-03,8.076123551878360285e-01
-2.628044053548346526e-02,-8.710998923801293453e-03,8.004392417425298945e-01
-2.475577065165081997e-02,-9.630184567457436909e-03,7.699258877640128285e-01
-2.542307083042240345e-02,-7.637463085155156081e-03,7.643749437143978476e-01
-2.506431635141074740e-02,-5.790139548375777649e-03,7.766121683169007195e-01
-2.019262752204396133e-02,7.954616964708607126e-04,7.729676334012587358e-01
-2.667690835058067478e-02,-1.530936758561806787e-03,7.762403364321879273e-01
-1.373126817669889296e-02,2.670852333392211009e-02,8.657954046982128116e-01
-1.407337464741633196e-02,2.688942160552601837e-02,8.732821708835200036e-01
-7.836244017427853453e-03,2.898156891153550255e-02,8.691042438583633789e-01
2.136203037062048976e-02,2.422310536114075444e-02,9.224360786097884901e-01
2.423129864200963129e-02,2.146957243519807476e-02,9.175128385028220590e-01
2.087625774213014429e-02,2.520977869955503409e-02,9.310372369076820309e-01
2.374552601351928582e-02,2.245624577361235441e-02,9.261139968007155998e-01
1.886376461273061439e-02,1.617597870885846209e-02,9.224443730326824520e-01
2.203057875753824252e-02,2.315547195416377269e-02,9.120126512671169472e-01
6.210417252394094534e-04,3.146227002920690304e-03,3.854770748931515278e-01
-6.794263738396071756e-04,7.721175292453053354e-03,3.864546905657748610e-01
3.821686179710977356e-03,5.633679030599260916e-03,2.734495582414807613e-01
-1.014947504703187647e-02,-2.191367795575656363e-02,7.400869969902790224e-01
-1.415757292044298940e-02,-1.950720918968979270e-02,7.342052064993904725e-01
-1.649701082543144140e-02,-1.776365254280922942e-02,7.395748112008753150e-01
-2.000296725453843544e-02,-1.430380487102661871e-02,7.554309464473005775e-01
-7.809244800947691759e-03,-1.455097390084621536e-02,7.527446041354455275e-01
-1.843403653945649423e-02,-1.490659778067594116e-02,7.349531970777476442e-01
-2.401003092604160269e-02,-1.018142198496769374e-02,7.551712148465057339e-01
-1.489029491334226823e-02,-6.351219437498463634e-03,7.375798041563262908e-01
-1.188929872115941644e-02,1.173400399400681415e-02,5.694813660201789585e-01
-1.603908397154695312e-02,6.426191803091085321e-03,5.724807032005951868e-01
-1.325720669418462873e-02,1.088309549791707971e-02,5.753036259531503216e-01
-2.358917862488097740e-03,-2.114749995954239015e-02,6.552942535866599361e-01
-2.398700201584242492e-02,-8.231188747084087695e-03,7.411552083379964184e-01
3.037521139397106763e-03,-3.095869596296413340e-02,9.501116099099268242e-01
5.701895535377917573e-03,-3.130480576417655342e-02,9.614922877805891499e-01
1.865126587638658850e-02,-2.724238205430310616e-02,9.551374293085254097e-01
1.085992789543672142e-02,-1.918025934706827501e-02,9.634856108303513356e-01
8.195553499455911911e-03,-1.883414954585585499e-02,9.521049329596890098e-01
-2.953425666637150143e-02,-2.616767059100027701e-03,9.721676086202011291e-01
-3.565939444193806651e-02,-5.311182110748279700e-03,9.686276299392109213e-01
-3.648105237942782242e-02,1.953503296989498195e-03,9.687781236620551795e-01
-2.974925427582577470e-02,-2.684382289007880042e-03,9.663653603732133002e-01
-3.035591460386125734e-02,4.647918348637750628e-03,9.723181023430453873e-01
1.446705856033237737e-02,1.188470193797735303e-02,5.945044831216487191e-01
9.290538529030056836e-03,1.726219992809965853e-02,5.893883769550367635e-01
3.906257490806598273e-03,1.989825032440238964e-02,5.913255629479134967e-01
4.821524570810272955e-03,2.795453272099202718e-02,8.879699399676749261e-01
-4.383279911233676422e-04,2.675263594690462099e-02,8.931792062077268390e-01
1.082622672212315423e-02,2.713556349703055356e-02,8.881865396559502912e-01
5.566374160189513365e-03,2.593366672294314390e-02,8.933958058960023152e-01
2.427830637367329319e-02,1.010241707505155767e-02,9.187343521559575565e-01
2.846496521156686305e-02,1.476096237498229075e-02,9.175250922116748864e-01
3.339373434401919638e-02,9.674074079589662506e-03,9.224162296328435318e-01
2.910981192507599083e-02,3.942613406103467888e-03,9.192279105583105459e-01
2.418104279262365403e-02,9.029501701496094393e-03,9.143367731371419005e-01
-2.919097750815696779e-02,-5.055733847509489426e-03,8.389654647394613196e-01
-3.004322246892231207e-02,-4.757140160458193153e-04,8.358599249956810695e-01
3.383743301471300174e-02,9.544141157182191651e-03,9.341755188879445893e-01
3.363808135352384932e-02,9.703251752504162692e-03,9.278854585552716028e-01
-1.940481324795884782e-02,-2.143900707909154879e-02,9.643368553598234971e-01
-1.077413234753345564e-02,-2.188264647954615838e-02,9.633407144737312633e-01
-1.878226711353689002e-02,-3.018298227152516749e-02,9.686023874106726161e-01
-1.883627611507300223e-02,-2.926658509458421320e-02,9.611064916958965698e-01
-1.343850674351426515e-02,-2.153653667833373836e-02,9.519600366030689376e-01
-5.243291669813600168e-03,-1.183603194238264100e-02,9.441511831648796704e-01
-3.446250893338921595e-03,-1.231740925528190117e-02,9.533835577289209162e-01
3.458172914848340468e-02,5.901465489801017289e-03,9.844525286027452360e-01
3.552169709300299211e-02,-1.857960752214811380e-05,9.868655777370722859e-01
3.526148969471908090e-02,4.042317271780703977e-03,9.897098771483228141e-01
-2.814250641616471843e-02,1.415035331234558783e-02,8.419404147859765875e-01
-2.907187798204889650e-02,1.048702346678651726e-02,8.355158584276514144e-01
-3.681027248244006424e-03,1.134277491492884787e-02,9.573537358136562370e-01
-3.082100103437417429e-02,-1.821058075556764022e-02,9.955260392119968937e-01
-1.133148452833864644e-02,4.750948749184366951e-03,9.267247322586518177e-01
-2.083563377820892709e-02,6.450436209582759498e-03,9.144370529651484336e-01
-1.349645144064759439e-02,6.632936794045604309e-03,9.161762534923515444e-01
-1.232035205285774912e-02,-5.285935242378355520e-03,9.187096089572945878e-01
-1.965953439041908182e-02,-5.468435826841200331e-03,9.169704084300915881e-01
3.456282593981119255e-02,2.507764389829459945e-03,9.189556019314204516e-01
3.308898454290090142e-03,4.927063434827453313e-03,2.431576272820953344e-01
7.269627083126367845e-04,-9.853007312869864129e-03,4.850890882602073573e-01
2.232449046038736257e-05,-1.076691936628165758e-02,4.932834034289309000e-01
-5.336738309477498041e-03,-9.917337835355470588e-03,4.969326810965040142e-01
-4.632100091625248293e-03,-9.003425781943677139e-03,4.887383659277804715e-01
1.253009778861085416e-02,-1.252926253699354793e-02,8.010420050281623627e-01
3.214343289886859023e-02,-3.858379676648602055e-03,8.736054561627537574e-01
3.076900520942804293e-02,-3.357090226251456880e-03,8.799215111213821716e-01
1.157705645712456960e-02,-3.531995119569344976e-02,9.821160351887191498e-01
9.449001816890848643e-03,3.384773364140224172e-02,9.513729136729074387e-01
-2.998727031218591590e-03,3.324027657425378951e-02,9.556654576705208015e-01
3.777474100415787947e-03,2.991671044887997399e-02,9.608501580066836079e-01
2.171188688769516706e-02,1.433957067428425500e-03,6.198984119571735452e-01
8.205866202305239429e-03,-2.253364524576241274e-03,6.176292639220859471e-01
1.331427281555317040e-02,-3.687321592004673496e-03,6.120165662506259485e-01
-7.024528659159619617e-03,-1.051728091497005843e-02,3.764409611071667383e-01
-8.307956390470263783e-03,-5.925246560745624745e-03,4.854477601484739058e-01
-9.012594608322514397e-03,-6.839158614157418194e-03,4.936420753171974485e-01
-2.757253021789628916e-02,-1.378784657353117685e-02,8.870796887898362293e-01
6.425099162600533820e-04,2.721333656627196798e-02,8.834494326945024900e-01
-9.522727716298104092e-03,3.040947232769772302e-02,8.814716607088148859e-01
6.742966921802017941e-03,6.562639799959889449e-03,9.920860390523976724e-01
-2.103107482891090202e-02,2.233001287220790637e-02,8.783984114554633793e-01
-2.539842209323995431e-02,1.860259300615770689e-02,8.744299416528424906e-01
-2.603832273521247687e-02,1.842371444203137060e-02,8.826482537404876094e-01
-1.177494930265061447e-03,-8.391191458709958140e-03,3.655668556863785335e-01
-6.378767708032599161e-03,-1.133935229607362094e-02,3.691738379687282134e-01
-2.584358223829751749e-02,9.783746044245084442e-03,9.860954635652973144e-01
-2.379819809209674647e-02,4.152272560069713084e-03,9.824212327412138457e-01
2.751766461290853713e-02,-2.510950865052578862e-02,9.954879095916655540e-01
3.190783521227388148e-02,-2.191986300488806688e-02,9.954879095916655540e-01
1.785997594272745181e-02,3.184902651076830515e-02,9.761713845714470317e-01
-2.902341616753282769e-02,1.308400689813797764e-02,8.765508191668027749e-01
3.079353246483454778e-02,3.478224364490352968e-04,8.592024947159176973e-01
2.975076213952219592e-02,-5.386471142761677794e-03,8.560976483438739182e-01
-1.435268028018708494e-02,-2.537813541198363776e-02,7.939808733453932454e-01
1.864520617777195091e-02,2.838592585158746656e-02,9.018239105151051316e-01
2.018736498939710175e-02,2.752977003899807762e-02,9.066638987477371181e-01
1.634177430182360983e-03,-1.035902735209145303e-02,4.693619058781008935e-01
6.585180658790383730e-03,-8.535736658635859758e-03,4.657652120512497662e-01
6.158769969820284546e-03,-9.149417973921424377e-03,4.726164986629520781e-01
9.850044034644990509e-03,1.766491415439381402e-02,6.722517505477354494e-01
2.356939817585803048e-03,1.056392760046269072e-02,6.697500577502545349e-01
7.994668403500109106e-04,2.069636102277333523e-02,6.618888444684642991e-01
6.151096606848083931e-03,1.792073070105279151e-02,6.646939278426285957e-01
1.520167380114306396e-02,1.488928383267327030e-02,6.750568339218998570e-01
8.195121366686812514e-03,2.496896745626517311e-02,8.108811638754014339e-01
6.435021840213318162e-03,2.507056739040468968e-02,8.058046852005037453e-01
2.807322900422844908e-03,1.681392874239509214e-03,2.937811304977077098e-01
-1.184708627588981246e-03,-1.621622691174100673e-03,2.979135757565081200e-01
-8.142975008553503605e-03,4.438014360918634063e-03,2.925457855341999647e-01
-2.448684530340467652e-02,1.917488606694630129e-02,8.372129266437966510e-01
-2.756411506200553280e-02,1.484109257967450649e-02,8.368838893292206427e-01
-2.750744367717106176e-03,-5.156970578233019929e-03,6.775644508777791675e-01
-1.109991201831484441e-02,-1.101822845415983618e-02,6.765258432214760198e-01
-6.808197824689592864e-03,-1.299489748731298688e-02,6.800597029604047439e-01
-1.032183340347507701e-02,2.134448129895894636e-02,7.230630538596436452e-01
-1.251698418287014967e-02,1.968237864618510580e-02,7.172046900588229246e-01
-1.468540130076158474e-02,1.810711622625353623e-02,7.234250446320740213e-01
1.092129135485367733e-02,2.381762374777278424e-02,8.052238939844386101e-01
2.067691673916141615e-02,-1.328063596678537295e-02,7.435218714052751476e-01
1.711221401640451723e-02,-1.644090525730255992e-02,7.460450269336041940e-01
1.608415984913311170e-02,-1.672709903000908771e-02,7.399185524816346282e-01
1.184350082515316441e-02,1.160212555498897971e-02,7.955033388752932311e-01
2.824628524073986499e-03,1.232511611468752218e-02,7.896451064470364489e-01
-8.586138315193727125e-04,1.597187548070633234e-02,7.993397763329757044e-01
5.568050140573569881e-03,2.022146869602512928e-02,8.010588718365097005e-01
-3.450822160505608461e-03,2.094445925572367001e-02,7.952006394082529184e-01
9.251292496166929960e-03,1.657470933000631738e-02,7.913642019505704450e-01
2.939389355126850040e-02,-2.053168776357063366e-02,9.383244305546363240e-01
2.102284764256325683e-02,-1.827731071241288710e-02,9.348222425544998604e-01
2.144328137730589293e-02,-2.609154143617403721e-02,9.387268831002464342e-01
2.768563050736691511e-02,-2.016214008146429565e-02,9.431150499668309317e-01
1.931458459866167154e-02,-1.790776303030654562e-02,9.396128619666944681e-01
2.726519677262428248e-02,-1.234790935770314207e-02,9.392104094210842469e-01
2.100230222878200076e-03,-2.360507600391365673e-02,8.817208190889148645e-01
-2.298692662114932075e-03,-2.367151207207162864e-02,8.844628223040469361e-01
-3.985504149938283100e-03,-2.311185256117708267e-02,8.784081188252688133e-01
-1.858960877592565064e-02,2.899405542732549565e-02,9.262994920018672307e-01
-3.636705263681626072e-03,-9.996855397879464422e-03,8.535911059346480423e-01
2.995180291813667912e-03,-1.501066405569639536e-02,8.601627138747278689e-01
7.264781998401548604e-03,-2.285796304446282429e-02,8.566358627861566655e-01
3.208844464463514717e-03,-1.385488573794863183e-02,8.536567696531869309e-01
2.629405623474928566e-02,-1.216775469192478767e-02,8.386446151294919549e-01
2.662377168902101132e-02,-1.206403578031734619e-02,8.450690826447426751e-01
2.381463173914320774e-02,-1.727916550070199286e-02,8.423660371341052944e-01
-1.997803192146926227e-02,3.047247976046677659e-02,9.893563987905328316e-01
-2.516010307475486860e-02,2.747107919490321404e-02,9.954312533209577207e-01
-1.694567956504616779e-02,2.512915128389532626e-02,9.939251454695752219e-01
-5.234691095226175553e-03,2.921052220410411474e-02,8.095519081202626754e-01
-1.348601910830724698e-03,2.445631181808729376e-02,8.068252552808072853e-01
3.842813511227082847e-03,3.004315116542202735e-02,8.016655482757808482e-01
-9.102473728081162882e-04,2.994826285705928792e-02,7.996463877512420826e-01
-3.402543794412496436e-02,8.566198877481227131e-03,9.152602217150340724e-01
-2.745618973488880843e-02,4.626717984472219700e-03,9.136111491470092494e-01
-2.956984889975402750e-02,1.227190514745300429e-02,9.055376467668729834e-01
-3.120697425774964992e-02,7.176555162616506459e-03,9.085371360789903372e-01
-7.360439093427524268e-03,-8.266956375023577080e-03,9.304375555564183831e-01
-1.469962143098885697e-02,-8.449456959486421892e-03,9.286983550292152723e-01
-1.568848895550795791e-02,-1.848634095104914263e-02,9.206832317278579314e-01
-8.941033861680304506e-03,-1.654328024455225046e-02,5.866741368589950545e-01
-1.349524749633652931e-02,-1.357333658274720301e-02,5.895118193964701270e-01
-1.094269837799360760e-02,2.757984210657919016e-02,8.134746554403182728e-01
-1.995923384480723789e-02,6.559378527294873820e-04,8.207275386829939734e-01
-2.845770420009068741e-02,5.661952333529580300e-03,8.228763104912741877e-01
2.122482195743685338e-03,-1.258921547604219954e-02,3.834980994598952697e-01
-1.545784140959537145e-03,-7.717526360518929540e-03,3.798903671168711860e-01
2.623517711339333480e-02,2.049324094308003705e-02,9.518868123497302713e-01
-2.160091810358691009e-02,-1.715370465607360395e-02,7.841856871548329444e-01
-2.234858442123210248e-02,-1.302757983465149816e-02,7.793300084067809053e-01
-1.223219025046720816e-02,-1.727471334298549821e-02,7.792272597464361406e-01
-1.892103846842198289e-02,-1.824964423672099587e-02,7.777915648448707753e-01
-1.655811569527067262e-02,-2.736237083580194546e-02,8.507129105794521973e-01
-1.570683592202711323e-02,-1.921066858005598954e-02,8.497899985245512822e-01
-1.596200570836992655e-02,-2.747279052759635243e-02,8.442270591621389153e-01
-2.619682385958847781e-02,-1.701148184540412014e-02,8.928877927875638054e-01
-2.420561200678660041e-02,-1.923041146109031110e-02,8.866791189053708777e-01
1.119863628752507979e-03,3.031648142812310570e-02,9.710935961945196260e-01
-1.167489244316404634e-03,2.967296779461899708e-02,9.635839814201858644e-01
-6.064979114794852300e-03,2.838006640089796306e-02,9.698363119080257722e-01
1.142761482947522375e-02,3.739931605791318309e-03,9.159649345386617902e-01
9.614091177185831935e-03,1.491789184268979551e-02,9.050104110691763459e-01
1.692168765440096477e-03,3.468518078036928777e-03,9.071321308730493360e-01
3.573257249552316134e-04,5.628270160193525433e-03,9.201056652450254614e-01
-1.456197927334161287e-03,1.680623039709200350e-02,9.091511417755401281e-01
8.279248136700965988e-03,1.707764392484639043e-02,9.179839454411526933e-01
2.855071375135869241e-02,-6.633157854444517512e-03,8.443939005157059530e-01
2.888042920563041807e-02,-6.529438942837076029e-03,8.508183680309566732e-01
2.016607619512292976e-02,-7.124887564732987691e-03,8.449542862769294782e-01
1.614347133312391686e-02,-2.685089340720447915e-02,8.961904502006048379e-01
9.014701001962598451e-03,-8.091806186038890888e-03,3.722057949940969501e-01
-9.294956140302264649e-03,4.770195012331990975e-03,4.486221059982251624e-01
-5.565803401651170032e-03,8.475145897794604186e-03,4.513492666165937472e-01
-3.089958536336634073e-02,3.229442126437893912e-03,8.967786939567469195e-01
-3.070267555596103981e-02,-5.173050121468156931e-05,9.022361935511574726e-01
-3.094545588044683715e-02,6.841895409008767574e-03,9.015081318631781304e-01
-4.252549155928255983e-03,2.481287554735559300e-02,7.678695050304253922e-01
-2.761482877536280273e-02,-2.285225444844802764e-02,9.761416095371634460e-01
-3.340372747157155375e-02,-1.692172871682494709e-02,9.785112359473291388e-01
-2.369416060557640036e-02,-2.711179650695232091e-02,9.720058106564452016e-01
-2.948305930178515138e-02,-2.118127077532924035e-02,9.743754370666108944e-01
-1.351093156422978128e-03,-7.237058398455211740e-03,3.939326181855040687e-01
-9.336945283569366913e-03,-1.078684064274986962e-02,3.959112637379003652e-01
5.922935456183737318e-03,-1.374648552907188105e-02,3.969787219187013161e-01
1.731082884272230199e-04,3.089298348235361424e-04,3.961491462952537179e-01
-7.812743838719165765e-03,-3.240852409471120868e-03,3.981277918476500144e-01
9.376448796824450940e-03,3.670103861130821678e-03,6.253059415045352232e-01
9.545257094997266697e-03,-8.521667613277220804e-03,6.261570227556214618e-01
1.677228857262005185e-02,-9.323857339551185411e-03,6.263621908797197824e-01
1.991965486433553562e-02,-6.170821508510353562e-03,6.307870198176691590e-01
1.269262338671275046e-02,-5.368631782236388955e-03,6.305818516935708384e-01
2.052891281339169760e-02,-4.470929084282974052e-03,6.237507676693020420e-01
8.374674500478055186e-03,-1.444513599898428376e-02,6.184803451731721857e-01
1.213129874124970094e-02,-9.592207743716073265e-03,6.158689219627544453e-01
3.711398850381835562e-03,-1.695346380065523503e-02,6.209837241348783454e-01
1.969298905844291819e-02,-1.874288249709592583e-02,8.303559996291423051e-01
-7.327508862722762958e-03,-1.168247275522133963e-02,8.158634498808219337e-01
-9.280232602605898579e-03,-1.213597573862919970e-02,8.217147894243286288e-01
-4.276198783137735368e-03,-1.768369704376063917e-02,8.214718874683056837e-01
-2.323475043254600182e-03,-1.723019406035277562e-02,8.156205479247989887e-01
-1.445254575816173545e-02,-2.507673067615445381e-02,7.770342011674182814e-01
-7.944207452084312698e-03,-2.745947348192263882e-02,7.791858909970768021e-01
1.530571265670343031e-02,-1.748598273180384383e-02,7.136389352348699866e-01
1.860420251623774029e-02,-1.523694280997038922e-02,7.178247145311338340e-01
-2.583649206293013416e-03,9.289262431335225736e-03,6.074989009225942871e-01
1.254563172450724740e-02,-3.394812998221208907e-03,5.467718436814750227e-01
-1.559546805352847107e-03,1.324169119309287664e-02,3.749539852048611177e-01
-7.594269735090281893e-03,3.532037103527405075e-02,9.823243064626513421e-01
-1.477911247863764217e-02,3.338395600804890812e-02,9.810670221761574883e-01
1.031325196887414482e-02,1.957655064735806111e-03,3.787956650709333184e-01
4.834507450674062345e-03,-8.420994897153227798e-04,3.753462590612288707e-01
2.413203414902970537e-02,-5.179534674232053396e-03,9.940084348799294034e-01
2.958520539034379185e-02,-6.881020272348025921e-03,9.873977275274630205e-01
2.571106050604369045e-02,-1.202339573153579297e-02,9.933892926475336171e-01
1.757959608905124149e-02,-1.231751768263838684e-02,9.931337801601300974e-01
2.303276733036532797e-02,-1.401900328075435936e-02,9.865230728076637146e-01
2.145374097335134289e-02,-7.175142223450618924e-03,9.871422150400593898e-01
1.402665677341142711e-02,-5.868356859456495475e-03,5.381218106041718574e-01
5.389627816610792141e-03,1.672126665206801008e-03,5.388965988175326016e-01
1.175768692245518846e-02,-8.536052272619349540e-03,5.316797238461847819e-01
-2.433048865239126161e-04,-1.387996412607167898e-03,9.232752935641947989e-01
-4.621390941300479796e-03,-8.319157459027653329e-03,9.196509374401362624e-01
7.678617525221823059e-03,1.006137735204569797e-02,9.211535737603219198e-01
1.094184220098488175e-02,4.726604944205597091e-03,9.245660928365553310e-01
7.192844896731479323e-03,1.104805069045997762e-02,9.297547320582154606e-01
3.497307365129555257e-02,-1.635371526946410858e-02,9.878632574894536944e-01
3.206695987801264081e-02,-2.048988239713809417e-02,9.832607625383624761e-01
3.203590512742159752e-02,-2.090807395618573747e-02,9.888772022391991712e-01
-1.489706585479959322e-02,-2.855353238509571526e-02,8.647611394869091361e-01
-7.424557582774429440e-03,-3.146704847060360910e-02,8.642174049108073408e-01
-8.521256518146433367e-03,-3.154238070763393242e-02,8.706293812366763252e-01
-1.839476967406773224e-03,-2.529989881852674934e-04,8.471048070529876295e-01
6.251569418601454070e-03,5.328604032048765357e-03,8.441252881670160413e-01
1.312299735975430703e-02,-1.041743524792338848e-03,8.401002845486454929e-01
1.551198496351274478e-04,-3.352687492567426979e-03,8.386085352687144834e-01
8.246166235643354742e-03,2.228915527666605872e-03,8.356290163827428952e-01
-1.349372237642419356e-03,-3.160210166755611505e-02,8.673544988942341050e-01
-1.826440214831349593e-02,1.314086282951467712e-04,5.804054574058121752e-01
-1.794442451538545702e-02,-1.743180711259254174e-03,5.871363488027077082e-01
-1.866422086306818162e-02,5.660423147006980737e-03,5.860583745650028709e-01
-7.565269099616732731e-03,-1.053891806929023803e-02,5.569231933019938019e-01
-1.184916535756057494e-02,-8.365996704575082848e-03,5.626444004216726302e-01
-1.064122221212446609e-02,-1.452277950347398774e-02,5.698212794927743907e-01
-6.253535203484218361e-03,-4.304742236891219605e-03,5.672474774521650831e-01
-6.357325954180623878e-03,-1.669570086818914292e-02,5.641000723730955624e-01
6.649810879318207579e-03,1.701408893158770294e-02,6.570712119448465227e-01
3.203675170117813858e-02,-2.255072343221604676e-03,9.759584492816353318e-01
2.090725705471198695e-02,-3.654957044806195557e-03,9.732786216400208801e-01
3.130329006512967693e-02,2.750220543012730102e-03,9.729696094019306685e-01
3.484500373614783653e-02,-1.736550431816643453e-02,9.944739648419199662e-01
3.103616183221006089e-02,-1.473667037835409317e-02,9.933892926475336171e-01
2.664599123284471655e-02,-1.792631602399181318e-02,9.933892926475336171e-01
-2.999788600922347406e-02,1.128438183076812054e-02,8.838785592233449062e-01
1.298831733327501965e-02,1.251765580477217678e-02,5.892877620909197089e-01
2.114341596758368032e-03,5.797788049842459053e-03,4.267540986991956720e-01
1.384265948756402409e-03,-4.997470111110467565e-03,4.297782817986008363e-01
-1.521322512956179221e-02,8.003179387319966920e-04,4.279609519263687378e-01
-7.284729032967716435e-03,-3.514408749869912807e-03,4.257550468391342324e-01
-8.014804680969682057e-03,-1.430966691082283943e-02,4.287792299385393413e-01
9.312762045350477316e-03,-9.312196799712376197e-03,4.275723767113662754e-01
-1.007358499059993369e-02,2.109864341547702370e-03,4.414784330621508990e-01
-9.124244840891419100e-03,-2.758931339410142236e-02,7.865401711165187493e-01
-5.287655044776414827e-03,-5.319439649767011488e-03,3.216516231449156882e-01
7.183419233910620823e-03,-2.340105688542223547e-03,3.217311875428933710e-01
-2.133140396346794310e-03,-8.677865415047548298e-04,3.198177805365985948e-01
1.756948366564034698e-03,1.031819100146633486e-02,3.227001262650219249e-01
-1.683393407502739494e-03,3.568408843055859148e-02,9.887409686006869425e-01
-5.852115562234893806e-03,3.679973377525719291e-02,9.950756696483402663e-01
-7.266386850511216688e-04,2.979244657236383015e-02,9.936652989523466761e-01
6.199490973050883133e-04,8.800969470612951887e-04,4.248534139672548449e-01
7.818369545897197598e-03,-1.422988790249354180e-02,4.256716919794254483e-01
-2.971532041050086587e-02,-1.399384815402897678e-02,9.322529007823849856e-01
-1.934843955597555232e-02,-1.187371075537316245e-02,9.331735116340140745e-01
-2.109545685060305181e-02,-2.358749948235017851e-02,9.314905674753526377e-01
-2.414094079375508212e-02,-1.883212767753981998e-02,9.345568096806786684e-01
1.075405587990299790e-02,3.437205288774466613e-04,3.546408053949881012e-01
1.149843221814236469e-02,1.592521414311575886e-03,3.500239173228751333e-01
5.219588028644702761e-03,3.484690176387028604e-03,3.492169298878473604e-01
4.475211690405335105e-03,2.235889290952899379e-03,3.538338179599603284e-01
-1.580855664723436471e-02,-2.810512399246884591e-02,9.304518533663589386e-01
-1.991299911356868985e-02,-2.452040878011237102e-02,9.252754796512587809e-01
-2.260993225186791467e-02,-2.203333703685362785e-02,9.384312877794718233e-01
-1.127002627713007653e-02,-1.221003670615301677e-02,8.896596581291674743e-01
-1.985203314054016788e-02,-1.420285077330354050e-02,8.954026083442403472e-01
-2.102813252833001662e-02,-2.283978736879580668e-03,8.928692528792974148e-01
-5.142399490977864022e-03,-1.106016272440240450e-02,5.462328026908505052e-01
-2.775943331187003503e-03,2.885568232076887035e-03,5.479083007173831676e-01
1.542146607915751907e-03,-9.800060430037203091e-03,5.458711338683032155e-01
-1.880228541303262477e-03,-9.392103087073036885e-03,5.506612100588801351e-01
-3.251265666886789252e-02,-9.171795805296437121e-03,9.294962794091825575e-01
-3.573437966020061307e-02,-1.142627121592733504e-03,9.161543982772391015e-01
-3.010269122803983441e-02,-9.355792888044917044e-03,9.089651787940210559e-01
-2.628009034709896316e-02,-7.292154051951740129e-03,9.161445046119522928e-01
-3.466977557685811673e-02,-6.415611903934797557e-03,9.183030054056896541e-01
-2.903808714469733460e-02,-1.462877767038698110e-02,9.111137859224716085e-01
9.597591599950341945e-03,1.961321559065729372e-02,9.864326468441050322e-01
5.695471679963474976e-03,-2.747739614358718843e-02,7.610151891223753129e-01
4.297655575792498801e-03,-2.811191306822700617e-02,7.670836409825607660e-01
2.918082592637600463e-04,-2.824239610120185887e-02,7.620318971836765876e-01
5.501909121979516037e-04,1.123353972535109588e-02,3.692311414637998723e-01
2.620646745935688998e-03,5.991984496769308527e-03,3.718135211377291416e-01
7.605047308552628088e-03,-1.141093377775960309e-02,5.347771952678096463e-01
-2.418746768854143636e-02,1.233292477669200443e-02,7.829054308438412324e-01
-2.687268476023808861e-02,5.768423956109211721e-03,7.883799626879588462e-01
-2.452995176184308290e-02,1.059589472971767497e-02,7.901202235326520995e-01
-2.084365729510553183e-02,2.898476668578189430e-03,7.868687066429576049e-01
-2.786383854388119891e-02,-5.747542009409696562e-03,9.250211228043837552e-01
-2.506650228551417225e-02,-1.056959435814223622e-02,9.277777441775862943e-01
-2.331948499088667276e-02,1.144194368834780279e-03,9.294606883362476202e-01
-3.070387233298626714e-02,3.973562014582112355e-03,9.834381554272132453e-01
-3.690321600656437662e-02,4.117421317162295140e-03,9.848944137679651600e-01
-3.510812129942528226e-02,1.035735527259978861e-02,9.832964520399534170e-01
3.325655115889378233e-03,-1.200109237368237290e-02,5.308276266997837833e-01
3.023171656819931621e-03,-1.227360429127249096e-02,5.372211007909999392e-01
1.585175193322525605e-03,-3.249050955210167069e-02,9.666831423507589172e-01
-9.747454136394193697e-03,3.114910477912246484e-04,9.109876142706914148e-01
1.598237076734964832e-02,3.566309906814637415e-02,9.950445010379016519e-01
2.170203616642425726e-02,3.224323414570139795e-02,9.945582818891047783e-01
6.762145916768321635e-03,-7.335124074794216117e-03,7.726265245917405267e-01
6.591444284317328484e-03,1.216946862503883418e-03,7.709809963729099547e-01
1.777068357128940360e-02,-3.351242171756575478e-03,7.746379687065920727e-01
1.670542371573386503e-02,-8.675405607469861488e-03,7.675812400710700922e-01
-1.048402827890905931e-03,-1.602885257590399432e-02,4.197505338826768573e-01
1.892641934939706672e-02,-1.534729307797025148e-02,6.852735798595516181e-01
1.907252287450739159e-02,-1.564431136051682575e-02,6.923542226526726573e-01
-2.284115597117976348e-02,2.173820625156791531e-02,8.894846286960116366e-01
-2.693256591319655863e-02,1.791741618748675380e-02,8.910990081281855435e-01
-1.102041765533395487e-02,1.230783880409765108e-02,8.805905964559970212e-01
3.873707677037030710e-04,1.381051866740505563e-02,8.872603149336566464e-01
-4.518014302920813317e-03,1.820855120291822032e-02,8.800732767079171293e-01
-5.026739957473812595e-03,1.904451085044856981e-02,8.889905691778242636e-01
-1.643452838051146989e-02,1.754183098714116179e-02,8.823208507001645273e-01
-1.628875480113435928e-02,2.986980638494721868e-02,8.992465559973334965e-01
-1.440532932886917292e-02,3.079409990129548108e-02,8.939393566027322713e-01
-1.068618534572100473e-02,3.264193121023086647e-02,8.991835035814466082e-01
1.029628226450572583e-03,-1.661127584314424366e-02,5.882169525755380768e-01
-4.987245693017354833e-03,-8.727410704753219006e-03,5.901264369449719105e-01
-2.141569804697303001e-03,-1.718353834816391257e-02,5.828677750894081244e-01
2.427208174623005782e-02,1.360419837679311371e-02,9.930336411997686685e-01
-2.127404376168062772e-02,1.923182617810165543e-02,9.917174834331007327e-01
-1.247234507553442867e-02,1.886008040371037892e-02,9.446431848759843097e-01
-8.265628376434694738e-03,5.432950432734609189e-03,9.469774509590793699e-01
-1.714625402504631885e-02,1.333865860188438238e-02,9.560964950524351025e-01
-2.173085515323700673e-02,7.428834119690142825e-03,9.457202101978582354e-01
6.292308661374512377e-03,1.117496959132234860e-02,9.945496963666982104e-01
6.135309160928569330e-03,-3.193470777190145909e-02,9.165336499522438451e-01
-3.567641605797875707e-03,-3.069571751225787931e-02,9.119397229279995187e-01
4.522713921665635559e-03,-2.937562090803889567e-02,9.115844963721289052e-01
-3.519821940665530946e-02,1.115977300764126913e-02,9.942826521548731034e-01
-3.519821940665530946e-02,1.658632230127781576e-02,9.942826521548731034e-01
1.406084287867342270e-02,2.541539416290696310e-02,8.797414601360458164e-01
1.644937702411892327e-02,2.431049381594140371e-02,8.868491480505319435e-01
8.350502043864668072e-03,2.502033606041083325e-02,8.351077473797856587e-01
1.153143847748096598e-02,2.234579745946687485e-02,8.401296680632422964e-01
7.148592704576049901e-03,2.620857786958414107e-02,8.423090310701855099e-01
5.935793995061065635e-03,2.701386140530110530e-02,7.785680229468001645e-01
-4.759254750367028258e-04,2.790713941722153257e-02,7.750768155091243283e-01
-3.656390281802336488e-03,1.924187686902486052e-02,7.757778315599113128e-01
-9.923993585772072218e-03,1.595811920038237020e-02,9.281957880844619035e-01
-1.480962425131131244e-02,2.008569601281249076e-02,9.245028129973603681e-01
-7.676671633358268104e-03,2.309355929167872246e-02,9.184317010604148290e-01
-1.073085391685950352e-02,1.176721532198505941e-02,9.235551039394825912e-01
-1.561648458239874374e-02,1.589479213441518171e-02,9.198621288523810557e-01
1.033459533822674026e-02,3.039707740819078824e-02,9.918829504774068218e-01
1.549859818431605953e-02,2.898575758631410926e-02,9.918829504774068218e-01
1.081836792126032905e-02,3.707441889002305313e-02,9.950445010379016519e-01
2.601973899824475828e-02,4.934241485905793700e-03,9.832778047671182353e-01
2.486623201010798243e-02,-2.974935533958811360e-03,7.760007493259299949e-01
3.371365935527161680e-03,5.212661521469734091e-03,2.585373898460212594e-01
1.397778519536677696e-03,2.020751324143002861e-02,6.554867686746375099e-01
-3.585168838477592601e-03,2.112265490381806318e-02,6.578346902273231045e-01
1.127190166863079913e-03,2.841329117257738318e-02,8.390520820569471461e-01
-5.425013635311678496e-03,2.850104267120648349e-02,8.382444223738081401e-01
-3.769714080779555318e-03,2.843591246276146178e-02,8.323756446997830905e-01
2.541768964070445676e-03,2.293001433393380278e-02,7.426905624507140757e-01
7.989922907412546141e-03,1.992658010941075059e-02,7.387107816476399247e-01
-2.873020739377318139e-02,-1.066813349253825996e-02,8.912168722316067271e-01
-2.952657616817119454e-02,-1.197060253763864227e-02,9.047695490161005161e-01
1.020298041092654838e-02,-3.197611950108859152e-02,9.225439784982888414e-01
-1.233916104891724999e-02,-3.006118456308583264e-02,8.530326141364004133e-01
-7.544046569902283783e-03,-3.136947148423324672e-02,8.513479759541761061e-01
-1.193383494999963879e-02,-2.994749110512985937e-02,8.601147861808994266e-01
-3.399590846715656867e-03,2.352296084845208191e-02,7.428779380145069666e-01
-1.069974594394417812e-02,1.084107830641324339e-03,7.200811353008806925e-01
-9.353554840914735449e-03,4.194564209098573110e-03,7.053180684791862110e-01
-1.573439742941420624e-02,-2.486178734157460518e-02,8.020389197431979644e-01
-1.363323169868075604e-03,-2.843628256254047276e-02,7.695649430038343786e-01
-2.301972147150942172e-02,9.420572658430118040e-03,7.053712390427235857e-01
-2.069202268778205789e-02,1.320009192274729237e-02,7.116145796252990596e-01
-4.574527930127122131e-03,-2.740829551079536353e-02,7.634559489387815479e-01
3.063587279098455712e-02,1.502269358063945855e-02,9.276435914123091209e-01
1.911693153618143279e-02,6.768868309971920461e-03,9.168640927694937659e-01
2.404570066863376959e-02,1.681980014579293522e-03,9.217552301906624113e-01
-1.401937482023105259e-02,1.655778236852270199e-02,6.609384973355113546e-01
-7.871661475945500308e-03,-2.605353975677228776e-02,7.674132531741757468e-01
3.972746908011801255e-04,-2.816221723257891080e-02,7.737964354374062825e-01
-6.111063615276243928e-03,-2.577947442681072579e-02,7.716447456077477618e-01
2.065878870383239252e-02,-1.320919129249165450e-02,7.235296418644165950e-01
2.250903149884367696e-02,-9.432075863685412953e-03,7.211116638096721765e-01
3.557710647639936163e-02,1.215261040385393759e-02,9.958380398338548822e-01
3.697913823552964607e-02,7.588353100610940524e-03,9.957014422683935218e-01
2.380163661291727351e-06,2.649895508468778221e-02,9.443876456992248425e-01
2.409144168111330628e-03,2.482355459513834947e-02,9.360273721911832601e-01
-3.472510026461548497e-03,3.132772739047626209e-02,9.434592610908258958e-01
-1.720555628726016476e-03,-3.288930079417839297e-02,9.722824667266849463e-01
1.111073385987046760e-02,7.165112861069117441e-03,6.437947165279238604e-01
9.289310948807829454e-03,7.917329033670282568e-03,6.379296579208477702e-01
-1.282621520575116456e-02,3.112484660440886092e-02,9.524963137806230495e-01
3.894070437716984964e-03,-1.316446627488190337e-02,7.932976400502098624e-01
-3.569794965608773327e-03,-1.394705502816799211e-02,7.974244881881444869e-01
6.727243823247495286e-04,-2.084638115393021990e-02,8.012618901823431727e-01
2.345483816859058896e-03,-1.145422898819679729e-02,8.025567269480382571e-01
-5.118381586466699829e-03,-1.223681774148288603e-02,8.066835750859727705e-01
-1.897035531074463743e-03,-4.554902862434568635e-03,7.987193249538395712e-01
-1.073618316335326478e-02,3.041104347567213234e-02,8.889042565320448563e-01
-9.882127210466069150e-03,2.567343112052046517e-02,8.920827780014863873e-01
-1.445532714650143470e-02,2.856321216673674696e-02,8.836601095533305195e-01
-2.831151715791958845e-02,-4.004992644286853656e-03,8.661570293205466120e-01
-2.087724392201242146e-02,1.268481447077113300e-03,8.744509210379907138e-01
-1.893661023862119180e-02,-1.100226871118476293e-02,8.739568015937416723e-01
2.215539078663741890e-02,-8.955779120182239678e-03,6.752023394642878706e-01
2.302474205320865358e-02,-3.558482789949295611e-03,6.717810140379857353e-01
2.212777038971453294e-02,-8.291325622427502332e-03,6.693576434996233449e-01
1.068098823480398592e-02,-3.798938738217458918e-03,8.539435962024508608e-01
-4.885831075341995865e-03,5.488090973681776855e-05,8.541567157065581561e-01
6.855914401586357329e-03,2.263528920701560025e-03,8.509166911672508826e-01
1.372734234273920856e-02,-4.106818636139544614e-03,8.468916875488803342e-01
1.985596865810856232e-03,-6.315466647104286436e-03,8.501317120881874967e-01
-9.271412377244374337e-03,-8.941775895048062472e-03,8.723579080479682002e-01
-9.390466504765337258e-03,-1.083988891206645773e-02,8.802510380139730861e-01
-1.380716474545252634e-02,-1.737230404150491223e-02,8.645791704593757121e-01
-1.392621887297348926e-02,-1.927041705852330922e-02,8.724723004253804870e-01
-4.261021011596670925e-03,-1.720992424238660876e-02,8.708734068796071259e-01
-6.695747356297096151e-03,1.117618327499857872e-02,9.845253866149729083e-01
8.670067174374126735e-04,1.159991864791580507e-02,9.825738419983078842e-01
-2.568371609309112128e-03,2.802370304683302234e-03,9.861236227214602579e-01
8.576205630515375961e-06,3.559349572437722070e-02,9.820644599454229073e-01
3.110164443512135335e-02,-8.878710117931346707e-03,9.786971411590558168e-01
2.797818847997211172e-02,-1.258454548245670213e-02,9.664831292894738857e-01
3.034888548431734917e-02,-8.023522476294342454e-03,9.714874356643774522e-01
-7.943690375950784172e-03,3.299653391999280566e-02,9.583992810840229470e-01
1.978285369641613958e-02,1.750910489793344174e-03,6.045931323979774064e-01
-3.448439450056108024e-02,-7.571260234520235492e-03,9.241952189862445710e-01
-2.885270606840030158e-02,-1.578442600097241730e-02,9.170059995030264144e-01
-3.053475931662361087e-02,-2.889409607120368637e-03,9.773461772424820726e-01
2.555326375499732475e-02,-2.652333121316236692e-02,9.865038687296779907e-01
2.522133103004187832e-02,2.109625521444636470e-02,9.313536122890340163e-01
2.379253374518295119e-02,1.108909041346583559e-02,9.273355104538510973e-01
2.822353959258117051e-02,1.577681338631106711e-02,9.315954794319964982e-01
-2.932628453131344570e-03,2.019254319302717440e-02,9.302117994309970772e-01
-7.186836391296014953e-03,2.305630210055105087e-02,9.283737610144314756e-01
-7.328423876608333373e-03,2.428286281432962684e-02,9.364608842979122993e-01
2.550731653423649048e-03,2.359699388135977349e-02,9.279402489077024363e-01
-1.224498168879431179e-02,-2.217303866593684294e-02,8.950358516149736765e-01
-2.003061977780638825e-02,-2.286338368798698437e-02,8.872261250455526493e-01
-8.809650957245142994e-03,-2.380271114585518627e-02,8.925562084976761401e-01
-1.659528904625721946e-02,-2.449305616790532769e-02,8.847464819282552240e-01
-2.110331774043076175e-02,-2.177213992601354647e-02,8.807452480146416018e-01
-1.365070201131510057e-02,-2.517234537731378313e-02,8.800070123710423964e-01
3.905904779671634085e-03,4.491872385944058882e-03,7.973291234086219426e-01
-5.112967521407544257e-03,5.214862945642601347e-03,7.914708909803650494e-01
7.589147135264993731e-03,8.451130199252469832e-04,7.876344535226825760e-01
2.175266441299242987e-02,-1.431323649956185197e-02,8.097893397193431930e-01
1.671844758266870928e-02,-1.807905439917651541e-02,8.063615822467435912e-01
-1.119028291874157345e-02,-2.712212879608944666e-02,7.981819785160526592e-01
2.587019245281628639e-04,-3.807605193094669438e-02,9.804133399331348420e-01
-1.502626904794087011e-02,-4.821421756644979524e-03,5.429512585187485918e-01
8.714688854357938511e-03,-3.024601144127856203e-02,9.665120951984487174e-01
-3.342650043985286729e-03,3.124196091966015276e-02,9.788869639389864430e-01
-1.052749278753264787e-02,2.930554589243501012e-02,9.776296796524925892e-01
3.037996150152134922e-02,-6.921810584934923877e-03,9.649352360068979007e-01
1.363359030582521683e-02,2.694603600132353810e-02,9.612285572912881992e-01
7.027269149094732270e-03,2.968662124281221115e-02,9.647617567024874274e-01
1.314124647252480974e-02,2.752257986785223293e-02,9.669828692954837157e-01
1.733355917727934931e-02,-1.595661156772057096e-02,7.077217497961963977e-01
1.759303638965352759e-02,-1.522696747057644337e-02,7.002737521648075836e-01
7.875170180550573537e-03,-7.508033557952932015e-03,5.090474233827669837e-01
1.049864655557350077e-02,-1.809881159090871608e-04,5.073595619080963903e-01
8.349589137195266575e-03,-6.415668268465350016e-03,5.024516295708005842e-01
9.375833970833885589e-03,2.136134058392883533e-02,7.595878536044198270e-01
1.775282260964944001e-02,4.842405917943424110e-04,9.771896959537755833e-01
1.267661964062108404e-02,3.118542904897015494e-02,9.054765405667273281e-01
1.345860645608350052e-02,3.057937833553184270e-02,8.968798570422350513e-01
2.519208939572376016e-02,2.569418694966191241e-02,9.845281545472230889e-01
3.293521001123514425e-02,2.077721440497232175e-02,9.926452040698162671e-01
3.515054766260042318e-02,1.709601459835081994e-02,9.958380398338548822e-01
-2.994004094756655410e-02,-6.795238562757591931e-04,9.286347845181084359e-01
2.797919258307651758e-02,1.574763571339657039e-02,9.261262505095684272e-01
1.608350911888957804e-02,3.201098772238041013e-02,9.421336553336536745e-01
1.400350085225936583e-02,3.295346743979216814e-02,9.474357254220702185e-01
2.078322590514890614e-02,2.952182438691658417e-02,9.448370691257887977e-01
2.481837196943922214e-02,2.770918487904774213e-02,9.945582818891047783e-01
3.279952893872489783e-02,-7.558917818597420818e-03,9.571368047505723897e-01
3.220736156779005488e-02,-1.308084370194774471e-02,9.604661541133705516e-01
3.198256896661118981e-02,-1.286292714505950750e-02,9.542007568574082388e-01
2.468311598258404738e-02,-1.354809865639581591e-02,9.505658905957832250e-01
1.265313339439172631e-03,2.943200967636000129e-02,9.220164092501670350e-01
6.607085960681847829e-03,3.406302107847117289e-02,9.278319820103531068e-01
2.703904620444453656e-04,3.404295206965381182e-02,9.310254092082326238e-01
-5.071382159198230266e-03,2.941194066754263328e-02,9.252098364480465520e-01
-1.349934776091468724e-02,-3.090985001598340123e-02,9.591676464507048472e-01
1.992948250401260779e-02,-1.473277026502410950e-02,9.812601227053621145e-01
1.655012595794105520e-02,-1.963426053773098534e-02,9.841497392981425341e-01
1.828065945944443507e-02,-9.411634959150075655e-03,9.833779437274796642e-01
1.752790050864043089e-02,-8.556447317513071402e-03,9.761682382328011887e-01
1.917672355320860361e-02,-1.387758262338710698e-02,9.740504172106836389e-01
1.379875434902466842e-02,-8.398459934606422247e-03,9.819052512978878600e-01
1.304599539822066424e-02,-7.543272292969417994e-03,9.746955458032093844e-01
1.470191361859930594e-02,-2.679036986358794559e-02,8.560406212315588848e-01
1.669865330264350134e-02,-2.444649463348782040e-02,8.552546236391966872e-01
1.491557779124915231e-02,-2.563459154584018379e-02,8.495346770100178357e-01
-5.651305968250971284e-03,-1.825152242360333216e-02,7.696063117531937170e-01
-3.890708107581715772e-03,-1.797745709364177019e-02,7.738378041867656210e-01
-1.520021207580692785e-02,-2.095060585473234455e-02,7.721785224193662422e-01
-2.645172682137949052e-02,-5.872562263067873482e-03,7.891859675734729240e-01
-1.708299896825979033e-02,-5.993570949979765139e-03,7.842275401650762312e-01
4.936956394187771990e-03,-1.720770397053626721e-02,8.110848539294802650e-01
-1.329271335814054874e-03,-1.660487637842064657e-02,8.104038396951280809e-01
3.434880987202544936e-04,-7.212724212687221352e-03,8.116986764608231653e-01
1.147846143535127036e-03,-1.283964533359851015e-02,8.073645893203249546e-01
4.504578444902107744e-03,3.134764506152883101e-02,9.936652989523466761e-01
5.363056947455912930e-03,3.843804619280168089e-02,9.943434219297624388e-01
4.300561972234838264e-03,3.576720235893807165e-02,9.880087208821091149e-01
1.318398175026835178e-04,3.688284770363667309e-02,9.943434219297624388e-01
4.157822205231967091e-03,-7.297163844454441876e-03,3.864143270275217645e-01
-1.206178547709752837e-02,-4.150936841533748103e-03,3.861771162063883378e-01
-1.414298284248872301e-03,-2.145824628667067791e-03,3.825608473255250885e-01
2.625360635465263590e-02,1.825318918829327980e-02,9.930336411997686685e-01
-6.341019540327569835e-03,1.518525194884523533e-02,4.284637393289636442e-01
1.025647153799062392e-02,9.387463899002771936e-03,4.302810692011956872e-01
9.291117704792182727e-03,1.313928840508602966e-02,4.265079075943760678e-01
1.148987763559926843e-03,9.549612555925717644e-03,4.229809370923760525e-01
2.641212387643688403e-02,-9.117513008047481785e-03,9.836334562148832950e-01
3.585375230604224278e-02,-1.348607843953562868e-02,9.818422702392398671e-01
3.427472594902825770e-02,-6.642217382231889976e-03,9.824614124716355423e-01
2.389758031502610489e-03,5.154618630735055898e-03,6.811032873266571475e-01
-1.561484563527834775e-03,-4.808253682692239725e-03,6.846268003047177864e-01
7.456274416850336081e-03,-2.430391581344126112e-03,6.836364768075864351e-01
7.304998846313370126e-03,-1.342320892656729929e-03,6.893873561364207703e-01
-1.042481106601021376e-02,-8.148167167835772620e-04,7.845570760050789572e-01
-1.674051489495814379e-02,-4.256540903005434813e-03,7.770127474762653641e-01
-6.664152739164468792e-03,-9.706864335341531397e-03,7.819159095271976945e-01
-2.689048376238668998e-03,1.397631519684740253e-02,4.158633879652339216e-01
3.723934563381355728e-02,3.527456221308088169e-03,9.928571428571428825e-01
2.972382757414037541e-02,3.508876613785950633e-03,9.940084348799294034e-01
-1.914846657906220384e-02,-1.752438786382075342e-02,7.705370432440052930e-01
-8.698474969158076150e-03,-7.957761781048573735e-03,7.716705666282211995e-01
-1.184103477076096055e-02,-1.480059365102531256e-02,7.627812874726087600e-01
-1.612241636971528322e-02,-1.999142039154012951e-02,7.654823018427716619e-01
-8.793865769853855680e-03,-2.509435429358006925e-02,7.607170325975812775e-01
-6.864947422299277728e-03,2.047215048028545870e-02,6.530896964960601903e-01
-1.263596023572810534e-02,1.755182211575141357e-02,6.551685495336507792e-01
-9.026926739387411761e-03,2.006650080848286846e-02,6.602743767800941521e-01
2.332763853262240228e-02,-4.095851946718652437e-03,7.184658132498893401e-01
-1.245913329600382112e-02,9.342858375093808336e-04,7.743117331061024622e-01
-1.215058759624389195e-02,-2.905759181572277992e-03,7.676254525532145712e-01
-1.643196919519821636e-02,-8.096585922087094073e-03,7.703264669233774731e-01
7.645119459382379926e-03,-2.334199722586545196e-03,7.146422723834660040e-01
-1.424731780425143824e-03,-9.019265082728681812e-04,7.141579455629838424e-01
6.314641241108404253e-03,1.093166543720356688e-02,7.181328909342673539e-01
1.538449248091592822e-02,9.499392222889889437e-03,7.186172177547495155e-01
-5.851439716387429792e-04,-1.776446426117252869e-02,5.776913236216205672e-01
-3.776983758447836469e-03,1.880969191360370996e-02,5.831171231154617107e-01
-1.677928737110144595e-03,1.971081916891632632e-02,5.879414925011978710e-01
1.315445875522530065e-03,1.973136742308947977e-02,5.810023093366626368e-01
-2.076846960666459130e-02,-2.512410285982362781e-02,9.187239067672352544e-01
-1.354673161372023371e-02,-2.893296784225699025e-02,9.232297990840316881e-01
-1.850664457315046030e-02,-2.595194670961176869e-02,9.115018524849080039e-01
1.083767770876938041e-02,-4.444096343405277982e-04,3.271356770819821569e-01
-4.313867927399632658e-03,-1.071186067740294984e-02,3.231841463911171441e-01
-6.596094525408730674e-04,-8.816164623201254089e-03,3.285886359302059301e-01
-9.067430887216672980e-03,2.906816866219526577e-02,8.768727398849514021e-01
-2.344711746847927443e-03,2.937236977076597422e-02,8.741202383230554096e-01
-1.983060865144849888e-03,-8.851327756027326660e-03,8.405677868079559634e-01
2.629550921676353757e-03,-9.555567680733536434e-03,8.351007117958044734e-01
2.870490612672448733e-02,2.337022934833322962e-02,9.926452040698162671e-01
2.894422760576011167e-02,2.383462334900925128e-02,9.875919230888734468e-01
-2.331526665752376576e-02,-3.688455643980905266e-03,7.030341965727543441e-01
-2.252277536850469386e-02,-5.817713030453869859e-03,7.096657086858793040e-01
-2.423122722661887052e-02,-1.575609075347757584e-02,8.286687589666938969e-01
-2.456681464880334370e-02,-1.489218158530166911e-02,8.227282382731783139e-01
3.091046905296223474e-02,1.071677005043548611e-02,9.930336411997686685e-01
-5.589931570714734392e-03,-1.562365608118452751e-02,6.058301909690763098e-01
-1.003897765853118242e-03,-7.764895691871444641e-03,6.026115163233201066e-01
-1.166797231041977016e-02,-1.185467135937079246e-02,6.018147172938274059e-01
1.394348133502864087e-02,1.764377453469629861e-02,6.961520543754373680e-01
9.547970489890207635e-03,1.942075996726582571e-02,6.917568591975364889e-01
-1.413049370005540865e-02,-4.690937537072960815e-03,6.009078187278322769e-01
-1.465148701023994901e-02,-1.503845185964402392e-02,7.998561921391253993e-01
-2.004496658646734430e-02,-3.767628542031992937e-03,7.993027300835584548e-01
-2.310354206837247210e-02,-1.504744565410794446e-02,7.995195484434357569e-01
-1.795646128610215234e-02,1.705180382447036430e-02,7.698453304056031010e-01
-1.367631358027084770e-02,2.146405239008728275e-02,7.665081643531497235e-01
-2.414846177395655463e-02,2.806029416415962638e-02,9.527929316256208425e-01
-1.604828415753258193e-03,-1.014954389001631631e-02,8.880607645833940023e-01
5.336540796814732979e-03,4.135437883590231851e-03,8.822056096958297289e-01
8.821599554625992115e-03,-1.307308159615654108e-02,8.857046211007544301e-01
1.098341433066771580e-02,-8.103883787570584363e-03,3.875288577078092600e-01
9.682946231588700908e-03,-3.528935498038221312e-03,3.885064733804325376e-01
2.857354106152950463e-03,-2.722215554922078826e-03,3.873919427001450422e-01
2.945713547519608969e-02,-2.466260027413781381e-03,9.940084348799294034e-01
6.235487353316264544e-04,-9.538237355326615111e-03,4.777374515287674539e-01
-3.440473914731018677e-03,-9.564663086872021019e-03,4.732190918342746300e-01
-4.451102609581753314e-03,-8.743873090107183096e-03,4.815946374849411904e-01
-1.110094453699276944e-02,-1.423299574848766510e-03,4.596560842219010734e-01
-1.085492441341369754e-02,-6.417765638383240556e-04,4.526655349581641397e-01
-1.058035895364307401e-02,-6.214553603495438783e-03,3.571035860926962124e-01
-1.810234967470569778e-03,7.133052681109687716e-03,3.680330181138953272e-01
8.281439214309372146e-03,6.352480676897195172e-03,3.008084982529207752e-01
2.017771006734668179e-03,-2.076797249257873040e-02,6.639683183742162154e-01
9.966331590259797785e-03,2.404937667826454947e-03,3.446222123109746183e-01
5.465843488242033352e-03,-7.719174546313017915e-04,3.445500618642051149e-01
9.286123714989175798e-03,-7.320693853082156644e-03,3.441016483991811148e-01
-1.108867941784002185e-02,1.232112351352150116e-03,3.307216323218088450e-01
-9.203317992251403359e-03,-1.255614865574758736e-03,4.685667204149417397e-01
-1.208036569921667677e-02,-1.182388570885816240e-02,9.932159904943734796e-01
-5.599729738037374609e-03,-1.662574488789865176e-02,9.940423916524478987e-01
-9.042926134249111569e-03,-1.586083442583138825e-02,9.872583821468213783e-01
5.776180966462504326e-03,2.434394565992255548e-03,6.722804032153291143e-01
8.439562251587444733e-03,-4.890328589998621349e-03,6.682906496242664307e-01
1.407089829700572045e-02,2.077575760922926139e-04,6.761232102384631126e-01
6.267014612661065548e-03,-2.779108476884906316e-03,6.765741273806479272e-01
6.356785672427877698e-04,-7.877194642975820713e-03,6.687415667664512453e-01
-1.983973644255538488e-02,1.342373575519479473e-02,6.900939733197040127e-01
-2.315116501357909057e-02,7.717552946253074947e-03,6.914645953490818897e-01
-2.287262496531336509e-02,7.829703717893928688e-03,6.861439258196384561e-01
-1.635703599400608124e-02,1.267603718263870215e-02,6.566810297892040627e-01
-1.680122899036329623e-02,1.218830032336231176e-02,6.616637798485549560e-01
2.709536585436652517e-03,1.012369711373825587e-02,3.059457044958666105e-01
1.580492543350617979e-02,-3.026777264297376285e-02,9.231945901212492700e-01
5.148141274969549909e-03,-8.328627977156586454e-03,4.809920443136186385e-01
-3.405248374955998497e-02,3.183539155019031452e-03,9.588557844817566789e-01
-3.396895274525899011e-02,1.002464000765678105e-04,9.546209352848922247e-01
-3.582991925230656627e-02,-2.246143993452642991e-03,9.651375563425776960e-01
-1.540473295187874334e-02,-2.633608036134954533e-02,8.388279264757830811e-01
-1.110365098383271111e-02,-2.871772559631292562e-02,8.372245677279182008e-01
-1.183254184212256463e-02,-2.866555631073951227e-02,8.426866780810036150e-01
2.617855590324757488e-03,-2.471045614213726593e-04,3.033185797336379608e-01
6.233366967701044897e-03,-2.636213553742996867e-03,3.049662194442213092e-01
-1.752714757680023591e-03,-4.392598091558855278e-04,3.059996480130793284e-01
1.052663307106017909e-02,-4.325867902712846047e-04,3.080411123017667840e-01
-1.098933037342471851e-02,1.851259790569163496e-02,6.500575080435668784e-01
3.048391023916329282e-02,1.566017424493237192e-02,9.930336411997686685e-01
4.485448946476098403e-03,1.952149572611595885e-02,5.860099773044824545e-01
-4.747237218266075857e-03,7.775480686583196091e-03,6.538089442400788487e-01
1.203894966278049386e-02,-7.727754040058090398e-03,5.239540014876419294e-01
5.215003404577568669e-03,-7.787910959252511076e-03,5.166962444953162592e-01
4.670660731204536245e-05,-8.615741152229062366e-04,5.229888087479035441e-01
1.466242603780342282e-02,-4.007085980142455987e-04,5.222661400129713360e-01
7.838479779600495898e-03,-4.608655172086661132e-04,5.150083830206455549e-01
2.967250918147669794e-02,9.248451296173061317e-03,8.776164173279508152e-01
-1.656940218353298785e-02,1.779680192095572586e-04,5.456857383001466610e-01
-8.053461879499974191e-03,1.698540293527466558e-03,5.398410506584145896e-01
-1.361924149736022313e-02,-4.748347400829199677e-03,5.345223396372327240e-01
1.816483736457734019e-02,7.140157814649871273e-03,5.944038682575316646e-01
2.006142609078490416e-02,-2.739584606247901649e-02,9.208533326522330142e-01
-1.550823216542696927e-02,2.370810608797647989e-02,8.073588674229392748e-01
-1.238981459861374611e-02,-2.980226647698631937e-02,8.480858107673594493e-01
-2.419319410372046397e-02,-1.390267755850713161e-02,8.046059038652095818e-01
3.472967008299439676e-03,2.746359079723148522e-02,8.322391982822460177e-01
1.050597570268351801e-02,2.397442121399275330e-02,8.241264481851564572e-01
5.048569992192572823e-04,-2.727722675213989367e-02,9.930511078576573780e-01
3.071159302454606454e-03,-3.416039041502832996e-02,9.930511078576573780e-01
-1.387270877231173982e-02,1.695078954088671125e-02,8.387153936563345180e-01
-2.194860503024650966e-02,1.309874870566875293e-02,8.330415404680497904e-01
-1.305495535686127667e-02,1.694807920149463132e-02,8.308209718626071716e-01
-4.850385186701166272e-03,1.035904579830205369e-02,8.353160460768518369e-01
-1.292628144463593524e-02,6.507004963084095372e-03,8.296421928885672203e-01
-1.374403486008639666e-02,6.509715302476174435e-03,8.375366146822944557e-01
9.164579063468056286e-04,9.365157345621570248e-03,3.353396151347319831e-01
-2.836889899229430231e-02,-1.509031561863155915e-02,9.006323655743300183e-01
-2.699319263398649096e-02,-1.831395089050450245e-02,9.064404695720575944e-01
-4.037516778194372331e-04,-3.027431797889278825e-02,9.046681098980375868e-01
-1.045738410931625756e-02,-1.073677209565777370e-03,4.845463123228330171e-01
-1.009541363441061358e-02,-3.266963765012942649e-03,4.902258842168519259e-01
-1.513144089423480027e-03,-3.226213862377039221e-02,9.930511078576573780e-01
-1.613222019149462838e-02,-2.497617711555801673e-02,8.343976319229757799e-01
-1.906221113428439515e-02,-2.180255783548179505e-02,8.292183677296798283e-01
-2.252638088278703307e-02,7.606985361577715821e-03,8.327925224370575918e-01
-1.432181071262692180e-02,1.017951958385137972e-03,8.372875966513022572e-01
1.978523587099475373e-02,5.653273612666846401e-03,7.163438957158814180e-01
2.208415941287640225e-02,1.441316290495864121e-03,7.136053162922857407e-01
-1.425388431171725756e-02,2.134457990862728693e-02,7.724008693602779640e-01
-2.133363940664215891e-03,-4.332168606476804497e-03,3.551785847738904156e-01
-1.117116951142747491e-03,-9.234624151491073463e-03,3.537529179523677403e-01
-1.774687120326484679e-02,6.534148979312752459e-03,6.595642310909831663e-01
-1.463238005391722697e-02,-1.497575026508402040e-04,5.154885349235787118e-01
-1.381451082572382472e-02,-5.094660233678477597e-03,5.191805850355271090e-01
-1.367710218857855729e-02,-4.659874860398582723e-03,5.123804181618158982e-01
-1.580047104482174697e-02,7.142551970537352113e-04,6.539860236600787413e-01
-1.821348527741235152e-02,-7.188414564998506055e-03,6.577142359338202793e-01
-1.432763005438814422e-02,-1.595384055157683147e-03,6.620945765560577456e-01
-3.741010301979978258e-03,-8.256722109939480456e-03,6.600675019788949660e-01
-7.160251450856679536e-03,-1.271890754690448502e-04,6.575371565138203866e-01
1.981641692629632773e-02,-2.050964636447748929e-02,8.546335097341040132e-01
2.523233488281038939e-02,1.115059207748421953e-02,8.472340413693681960e-01
2.462798989982548786e-02,1.421566718883142573e-02,8.404426383691333546e-01
1.621105912098763646e-02,1.023375064323144706e-02,8.117860426413158192e-01
1.254193213056550155e-02,5.127076123832414317e-03,8.050734883865742209e-01
1.988978076733545486e-02,1.511482978111059090e-02,8.032846454406663561e-01
2.871947172386939140e-02,1.288853232259943096e-02,8.999377251761568886e-01
2.343226394995720496e-02,2.355879793397205185e-02,8.967001471613436081e-01
2.047026061589573773e-02,1.345513501461528642e-02,9.000073679075200062e-01
-5.213851292413579711e-03,-5.947082857728062423e-03,6.519589490829159617e-01
-1.327996069389374579e-03,-3.540523478872399481e-04,6.563392897051534280e-01
-7.212799394340984119e-03,1.168067101108502190e-02,3.885518373598005337e-01
-3.676018914348426047e-03,1.237280163709888851e-03,3.894890894941707149e-01
-8.067612016468869718e-03,4.547774750066718892e-03,8.252695499185151995e-01
-1.584969974351015803e-02,1.979498117858080608e-04,8.222870429659685509e-01
-2.070836917167722530e-02,2.157180024803184541e-03,8.266596859360205718e-01
1.300528204070642430e-02,4.413524098446081415e-03,8.126091464343143667e-01
-6.860071708599854712e-03,-2.810386721759618178e-02,7.982451754935524502e-01
-1.133110018815656518e-02,1.430861246195417637e-03,8.807451574582221276e-01
-2.648307623155813154e-02,-1.538318494129128217e-02,8.420196053409980674e-01
-2.269653584139200847e-02,-1.914994146524826718e-02,8.398381342824481344e-01
-2.349919799723111657e-02,-3.552104411590241428e-03,8.402952008212138946e-01
-3.143041789936523375e-03,-2.210358191506387598e-02,7.786934829348176601e-01
2.794636876837378742e-02,-3.568082743097311747e-03,8.376024975154712227e-01
1.956173121213802824e-02,-4.059812453385781492e-03,8.381628832766947479e-01
-2.976557114602146250e-03,1.062873998369728151e-02,4.785483934204420864e-01
-7.240070505390096452e-03,8.413105566931337528e-03,4.833932376950001997e-01
-1.659526074449404901e-03,1.117717838357699944e-02,4.841510527951818355e-01
8.054753278468638339e-03,-2.409903945027336986e-02,9.759361937892200300e-01
6.405930233900465620e-03,-1.877790414439933775e-02,9.780540148113375798e-01
9.032527829168015762e-03,-1.302122623005545765e-02,9.679546927238786846e-01
9.755872946039254381e-03,3.440357505615945083e-02,9.887097999902484391e-01
3.103616183221007477e-02,-9.310121084717522255e-03,9.933892926475336171e-01
2.468159037493350416e-02,-1.934013858662839147e-02,9.844052517855461648e-01
2.593979064313696025e-03,1.083279103584036500e-02,4.809912839170973897e-01
9.661387224412251382e-03,-3.186982930810189352e-02,9.301434279768907576e-01
8.765754853413111614e-03,-3.233243132314921053e-02,9.379469132206081916e-01
-9.394463219667045437e-03,2.365338298439383785e-02,7.640752705358222485e-01
-7.084425491306773140e-03,2.419399384776559081e-02,7.569864036706754895e-01
-1.136627585191057714e-02,2.200466325345903570e-02,7.594192974880028535e-01
3.052512455110907574e-02,-5.825162106118302562e-03,8.910048243274246715e-01
3.172554396706092628e-02,-2.666675229755137953e-03,8.958228794561331476e-01
7.668823488109224548e-05,2.933541109502823922e-03,8.874148759358817529e-01
5.854138894340914960e-04,2.097581461972475303e-03,8.784975834659745075e-01
1.308725207972085552e-02,2.594528693654125917e-02,8.542593961144420156e-01
1.796998923899748718e-02,-1.023146717929937846e-02,8.312056095245332621e-01
2.992319953094276994e-02,-7.951453636263629927e-04,8.539232144030004523e-01
2.882384000544689628e-02,5.785776463191613823e-03,8.559838410359608130e-01
9.069371245594563466e-03,-1.726441256505684141e-02,9.455400711971846395e-01
2.827022115533539114e-03,-2.319381391976658296e-02,9.411519043306002530e-01
5.001921683253510512e-03,-1.247938240763234695e-02,9.382239739343893881e-01
1.124427081331453443e-02,-6.549981052922602791e-03,9.426121408009739966e-01
-1.514956316553593176e-02,-1.807395841380918591e-02,8.443908658381954480e-01
-9.050152821148861257e-03,-2.473112913850860489e-02,8.435311925156607771e-01
1.378868273864740368e-02,-3.353835913391751446e-03,8.748094022598569275e-01
1.241425504920685464e-02,-2.852546462994606270e-03,8.811254572184853417e-01
7.477093396280528985e-03,-1.193668838499855299e-02,8.752752922234066091e-01
1.961661708887590255e-02,-6.009838752063401991e-03,8.777486049736924478e-01
-1.931050326300865622e-02,-2.872246576421634903e-02,9.548032686795981938e-01
4.002131297306933330e-03,-3.033019372944514153e-02,8.386475255559850961e-01
-4.595777822230268789e-04,-3.029380811459419023e-02,8.404157126986588899e-01
5.976192016034911209e-03,-2.296714715364912146e-02,8.445856810080660804e-01
-8.352373069728857846e-03,-3.013365769883187203e-02,9.175625202061701291e-01
-1.080768346159318924e-02,-2.898516892626106650e-02,9.124431809677497895e-01
2.096112324722136655e-02,-7.146231963221390954e-03,8.881779338510401578e-01
1.602396159429504002e-02,-1.623037388522533681e-02,8.823277688559614251e-01
1.413739006748094933e-02,-2.782472476658817695e-02,8.678353150849071884e-01
-8.172920389476388825e-03,-2.792605525936594363e-02,8.096014780943499023e-01
-1.393037683193851586e-02,-2.498617228837266002e-02,8.071380771818856825e-01
-7.785344728441554070e-03,-2.225428758914844291e-02,8.106054465499485939e-01
-1.615278959635306488e-02,-2.724867737784597219e-02,8.577950826239510995e-01
-2.768635723896905459e-02,1.581449152682695355e-02,9.086839937500592601e-01
-2.445211207485538385e-02,1.916809124047922155e-02,9.058815529968042846e-01
-1.923296287904520049e-02,2.861244716531164550e-02,9.113066288840367957e-01
-1.778145149470769168e-02,1.777678017927641907e-02,9.093136500860807825e-01
-2.246720804315887124e-02,2.525884745165937750e-02,9.141090696372917712e-01
4.752944417382252290e-03,-1.542772806280477693e-02,8.410606234430668682e-01
-8.604596568540321538e-03,-5.066258151730288622e-03,4.792288155930776172e-01
-2.804419167531051194e-02,-5.498907795310123241e-03,8.604035366669063878e-01
-9.220536637966791904e-03,-8.352983614459399617e-03,4.246282802476864515e-01
-1.990745722044729576e-02,-2.028538403775716897e-02,8.662456406552703214e-01
-2.116318096200076743e-02,-1.898052903050742590e-02,8.592795837923122848e-01
-2.892711720117847884e-02,-7.386960864885683611e-03,8.857593726371961740e-01
-8.044984251063194355e-03,-2.967647088445441936e-02,9.055394288417768500e-01
-2.794599371047954556e-02,1.267239704731694394e-02,9.339694201006127905e-01
-6.941999783503254376e-03,-6.200308733510986187e-03,3.713926213533508269e-01
-1.740727005735716662e-03,-3.252147896147323386e-03,3.677856390710011469e-01
-1.341858291518652907e-02,3.566509767838140551e-03,3.760486872507989853e-01
7.863875091051932692e-03,9.276822878484976276e-04,2.811476807365745900e-01
-9.476828199016899823e-03,2.210123972045927726e-02,8.772046101282211517e-01
1.908175675807927130e-02,2.775430865444269285e-02,8.955424654368167037e-01
-1.452867147649776307e-02,2.823072527102847562e-02,8.778810917073833764e-01
-1.953591938279933965e-02,2.432442684085193985e-02,8.821309339924077175e-01
-2.992851898790709324e-03,-1.311300982600226671e-02,7.004349610721034569e-01
-6.101600459568065453e-03,-5.282401815873178849e-03,6.967658695910288191e-01
-1.273282008940733109e-02,-2.086822462035346076e-02,6.955046351527025550e-01
-6.809869984524989824e-03,-1.206251835621607177e-02,7.053773981145408101e-01
9.272411984872171165e-03,8.009887599744972692e-05,2.934472858352080715e-01
4.605121974620364662e-03,6.060829620313472679e-03,2.957818242386612839e-01
6.130904466085385085e-04,2.757814054899862793e-03,2.999142694974617496e-01
-1.597923155143004051e-02,1.620052732163870454e-02,8.777219298763011546e-01
1.403506931774503932e-02,-1.820565148955402557e-02,7.035359704999326613e-01
-2.425525370732544220e-02,9.314601474133545837e-04,6.970674947074314565e-01
-2.375580803158951204e-02,6.870137525007874099e-03,6.991210280189457116e-01
1.349577071802414430e-02,-3.785535396802338845e-04,6.891078231035573376e-01
2.197780386463754621e-02,-1.080404080356880091e-02,6.891440195470778241e-01
1.958699901742025351e-02,-7.168651544306051462e-04,6.916509189307148420e-01
1.863115890769109079e-02,7.755541648386200110e-03,9.254652510673873067e-01
-1.117470697822994970e-02,-5.770684640708654417e-03,8.062501863435082017e-01
-1.111661911337540748e-02,-7.314414118283580832e-03,8.121431852716666233e-01
-6.112585293907244269e-03,-1.286213542341501682e-02,8.119002833156436783e-01
5.739074199372508345e-03,-2.676998496957619031e-02,7.834465626164950347e-01
1.154374833101115549e-03,-2.663197223239773676e-02,7.797555602644057338e-01
5.955540495248904873e-03,-2.127608066553897392e-02,7.792631522021464807e-01
-1.044222356558114836e-02,2.907727435822498804e-02,8.481792058560506664e-01
-4.446446915459966245e-03,3.100074402750038760e-02,8.506179715941661890e-01
-5.094104097931571179e-03,3.063647108490148013e-02,8.444573147895323428e-01
-1.792381630913332524e-02,5.713239391178140392e-03,6.963410717356413038e-01
-9.626120357372024497e-03,-7.480921927393759628e-03,7.969910994456799180e-01
-1.231588176016978377e-02,-8.416094770728018348e-04,8.010309555917181079e-01
-1.767211011564263565e-02,2.404470810726189872e-02,8.532352380619796506e-01
-9.194173106160389436e-03,1.373107566487185953e-02,8.542984678594831571e-01
-2.101431283983324835e-02,2.007010319939849657e-02,8.572033237241647452e-01
-1.284746641276425863e-02,-1.516283680644207876e-02,8.049553495778131174e-01
-1.466449270557926635e-02,-7.821745421571281096e-03,6.758337813709571762e-01
-1.741736292650721690e-02,-3.120019647768272966e-03,6.801698955681003689e-01
-2.011563773429463770e-02,-1.155245195246702716e-02,6.825696434708012905e-01
-9.326275756662984195e-03,-5.655675775311811912e-03,6.844933587264894204e-01
1.419824593449209305e-02,-8.911372651187479677e-03,7.125429474791273865e-01
2.205699519366401129e-02,-4.815520704468835046e-03,7.083628485149520149e-01
1.929857956624588672e-02,-1.321056038505818639e-02,6.700684843117086231e-01
6.915951814912496901e-04,-2.580235106755208573e-03,2.291073129555495358e-01
-2.955165603005963787e-03,2.258183407236277231e-03,2.298297672041000883e-01
1.498962648232717455e-03,3.493274846983699961e-03,2.273966242210636590e-01
-8.673357931020331604e-04,-6.353634322624751064e-03,2.316298041583103040e-01
8.596211037761307405e-03,1.119419514932868537e-02,6.514930045139420978e-01
5.993892183540648622e-03,1.116622059881428736e-02,5.364532706970611686e-01
2.072240755085050408e-04,1.090331666080972782e-02,5.343780957899482154e-01
1.935027135784167518e-02,-1.367291127351032837e-02,6.780398463232917283e-01
5.475476095045912067e-03,7.067925665007615890e-04,2.166205358507745093e-01
-2.432153041447690164e-04,4.104660045461776263e-05,2.216686508634104769e-01
3.873818513661737503e-03,2.432428433643366722e-02,7.567922677494995920e-01
6.938952112326575959e-03,-2.144920874604584748e-02,8.019429044166952458e-01
2.407814292201593959e-03,-2.744566341110814614e-02,7.992174847943056548e-01
-1.457193051015716161e-02,-4.256497263732140872e-03,6.487406167512574928e-01
2.205220769184124477e-02,-9.803947834215034213e-03,7.143536497417971587e-01
-1.312802744064713555e-02,-2.719907494973666448e-02,9.017201303128883350e-01
-1.471623997876521546e-02,-2.639057624575766314e-02,9.075573812643303873e-01
-1.127372130469509598e-02,-8.889924441126214119e-03,5.222268358558912471e-01
-1.374910816473804906e-02,-3.747987391798191046e-03,5.270211250461873664e-01
-6.711836989905104606e-03,4.249418074629597456e-04,5.235715917662382424e-01
-1.120831864370932032e-02,-7.543251599245928002e-03,5.300673758665515045e-01
2.657065266400292919e-02,-1.599472989886885355e-02,8.889488601345740815e-01
6.409024204634921132e-03,-2.840273921302084031e-02,8.007572073664239731e-01
-2.031190118875720457e-02,-1.082882677476146999e-02,8.583566717374113697e-01
-2.908460480192676459e-02,-2.025230460525924078e-03,8.529827815176630468e-01
-1.376423050982992710e-02,-1.493403562755264615e-03,8.585967411495474266e-01
-2.253693412299948712e-02,7.310192751480280859e-03,8.532228509297992147e-01
-1.525857558748690453e-02,-3.218074643350367792e-03,8.508897412592220100e-01
3.659802773958904798e-02,-6.902940438012558286e-03,9.949107367345313424e-01
3.404509619476172450e-02,-2.865235523392657170e-03,9.237898845823444560e-01
-5.194271040554396951e-03,1.281185592311443085e-02,5.491655073075202287e-01
1.490275058339218979e-03,1.407195821747963226e-02,5.488038384849729390e-01
-1.273800973395674673e-03,1.337686052204501569e-02,5.430281288672516027e-01
-7.958347072289290169e-03,1.211675822767981428e-02,5.433897976897987814e-01
-1.713168464454505741e-02,-1.602247161085387436e-03,6.191842754751075706e-01
-3.786719656002944696e-03,5.874204544576935687e-03,2.348706112620588815e-01
4.512867134636468908e-03,1.363976446004957523e-02,5.451033037743644449e-01
-2.418199521589722151e-02,7.455705663585505093e-03,7.687007462891823906e-01
-1.396709359224888869e-02,1.039155985735571927e-02,7.741122175176795572e-01
-1.365854789248895952e-02,6.551514838274061746e-03,7.674259369647915552e-01
-2.964965383458942338e-02,4.995260122695481010e-03,8.352668403966592159e-01
-7.664211949464150297e-03,-2.233676496611933932e-02,7.345425716464168975e-01
-3.853034003904838231e-04,-2.517315290354660458e-03,7.589328689208949541e-01
-4.639352430297219530e-04,-1.257953964651116301e-02,7.601454481169910293e-01
1.842095890826444399e-02,1.010681156360576129e-02,7.381037133444801057e-01
6.725822282260363744e-03,1.994165432445415068e-02,7.320346616143231788e-01
-1.338198784148659538e-02,4.058767288891877018e-03,6.641941253136295353e-01
1.121092682978223204e-04,4.850987266573802601e-04,5.308293487585640236e-01
-1.368915780606357394e-03,2.958642587892666882e-03,5.394793818358671889e-01
-6.551319521708644927e-03,1.218983258349559499e-02,5.349608788082829136e-01
-7.343350079254215394e-03,-1.496811498062223383e-02,6.119740133802420434e-01
-1.024466502972417453e-02,1.154203204218043691e-02,5.504332862735961118e-01
-2.819041876471101507e-02,8.576030434646900397e-04,8.001371711162001965e-01
-2.742161531742329933e-02,-3.781923760165441847e-03,7.952200109907396897e-01
1.152590438178516946e-02,3.313258085401511732e-02,9.357943752999308140e-01
1.060544554399748922e-02,3.326795991768050076e-02,9.313326963935144587e-01
-3.086775088456970850e-02,4.883789293376191755e-03,8.862534920814451045e-01
-2.764405805441497860e-02,1.521826111301484950e-02,8.698888464244829422e-01
-1.032404946518865330e-02,-1.300107407772753063e-02,5.948609968826001904e-01
-1.518932967720122013e-02,1.066518637797869706e-02,7.865677289294328300e-01
-1.553181375050286493e-02,8.928156331004367605e-03,7.937825216182436971e-01
1.467566826493566304e-02,1.844620541862646707e-02,7.735716721713757904e-01
5.083483988072260915e-03,1.067422088235022229e-02,7.707814807844870497e-01
8.860107668963813909e-03,1.376848475221616186e-02,7.779887912631859859e-01
-7.500259501552261100e-03,-3.111167297668030601e-02,8.453601535739088124e-01
-2.709551427134224404e-03,-3.137366906349046275e-02,8.495197267999803348e-01
-1.183113822344859442e-02,-2.735782235052140049e-02,8.327942731751110106e-01
1.760399829793057522e-02,-1.943963280123774812e-02,7.856749656768605705e-01
1.181812321456001888e-02,-1.237028416935038143e-02,7.950856225205309435e-01
6.738991819819404802e-03,-3.919699124546213199e-03,8.064636899317918495e-01
-1.698494474274776442e-02,-1.215916702578438181e-02,6.524688290249990308e-01
-1.688968569765430042e-02,-1.294820430417229634e-02,6.575853244457016133e-01
-2.997700213027945388e-03,-1.228941029612327755e-02,6.393888525610725848e-01
3.352265166508379673e-03,-1.068331943692814312e-02,6.399724989619426374e-01
1.949200950151248196e-02,-1.631055964191362347e-03,6.791920930553505542e-01
2.067322464600165888e-02,3.766240366041581286e-03,6.829136247719055364e-01
2.036136076808371664e-02,3.766240366041581286e-03,6.757707676290483079e-01
1.402014173469041600e-02,3.928640444829273846e-03,5.270502270729988670e-01
-3.672001883885881411e-03,-8.267668852805564600e-03,5.433977376522638458e-01
-4.017417831182460222e-03,-8.916950072634113877e-03,4.660891019130970481e-01
-1.425721989208520932e-02,-1.663766530238389857e-02,6.545021561113127939e-01
4.209011050744037793e-03,7.977812910158144089e-03,5.179370409268233555e-01
6.677685837666163041e-03,4.273072064109619678e-03,5.126442329296518885e-01
3.761049537184238314e-03,7.992652922455850684e-03,5.114462560270860436e-01
4.825201036820533050e-03,-4.935213015596055623e-03,2.273835428404159531e-01
2.695572976964722561e-02,-2.199900767402469121e-02,9.562894056163516732e-01
6.440217050860624556e-03,9.059894462288249975e-03,4.834612652497451979e-01
2.529007616089812630e-03,1.111587351955665645e-02,4.869133928536411027e-01
1.844076685252302172e-02,-1.947750001110556267e-02,9.461777237291988385e-01
1.004244325762682945e-03,1.079709553153460760e-02,5.275698334960114977e-01
8.507670549694638928e-03,-6.763041615756658353e-03,3.165672780500919381e-01
2.564116086830349472e-02,1.102863366038426413e-02,8.526287025643677353e-01
7.434699248568983447e-03,-6.599585238318571301e-03,3.025100814807167859e-01
8.288963943165070236e-03,-1.577330327193891824e-02,9.266556747213223755e-01
1.171829736261457283e-03,-2.265226323435532568e-02,9.338179367135458486e-01
-1.367339789347421812e-03,8.944688281092079418e-03,9.703318038942858603e-01
-1.502261138122990176e-02,1.247974031341487784e-03,9.631019279964043722e-01
2.315758452469976469e-02,-2.492846307616409379e-02,9.525846084016849069e-01
-3.665989709219017595e-02,-5.583824658768620636e-03,9.738061985614918648e-01
-6.661554142265470324e-03,6.925100232327706558e-03,8.007299778781933330e-01
-1.369617189077213318e-02,-1.674282503333756472e-02,6.469059824607453768e-01
-2.697505537857652902e-02,-2.156096094608174474e-02,9.506461784385047409e-01
-3.229001800075570472e-02,-1.196197620461855043e-02,9.448710617087761054e-01
-1.875346936569343911e-02,-1.193755193687054406e-02,9.461849198733403021e-01
-2.095473987259583587e-02,-2.257488772226488513e-02,9.457652553965262276e-01
2.403140227083841451e-02,-2.335872609536508021e-02,9.460197466391806476e-01
1.778905314077739233e-02,-2.928812745007482524e-02,9.416315797725960390e-01
2.016334986042044031e-02,-2.354157328096844262e-02,9.910159591380125477e-01
1.922841913361941768e-02,-1.763865298851242241e-02,9.910159591380125477e-01
-9.101716845830404995e-03,1.519518138750299181e-02,6.839349734319131180e-01
-1.700142310272034080e-02,1.542237129732861034e-02,6.817478769835749741e-01
-1.444730301695407865e-02,1.708713052902119042e-02,6.872304875529077206e-01
1.328273449246421614e-02,-3.160204642821383414e-02,9.441844006794366528e-01
-7.593967873689587769e-03,-5.887048148495126546e-03,4.708532699424110568e-01
-1.396319480171615696e-02,7.500045971320291015e-03,5.585972214110014322e-01
-1.599999021016608458e-02,1.666615483470117003e-03,5.615588247382998777e-01
-1.534771858749334021e-02,5.426610197385214190e-03,5.653775401793532662e-01
1.350163209586908997e-02,4.333228983304040355e-03,5.199019899219776697e-01
-1.776437790606857393e-03,2.998855544224886434e-03,5.538086151379495448e-01
-8.359790051691053103e-04,1.432512927903683729e-03,5.675622193587313014e-01
-2.345024036297174014e-02,4.826628894125351357e-03,9.713011796570460987e-01
-2.262858242548198423e-02,-2.438056513612427405e-03,9.711506859342018405e-01
-7.901939530886109564e-03,1.494299806736940420e-03,9.678872535573930236e-01
9.007126933647590511e-03,5.602331009185044543e-03,4.588780589438981039e-01
-1.006266915290937244e-02,5.914327745633867622e-03,9.377450763950381241e-01
-9.374730624215981377e-04,-1.112681610009736907e-02,5.009630877239081848e-01
3.581016188763394472e-03,-1.014531710692417703e-02,4.988669893589773308e-01
3.197821162780036409e-03,-1.060085728951909272e-02,5.052512426014481584e-01
-3.613555780484330182e-02,4.519984555451907887e-03,9.635269513426308885e-01
1.463594631919258246e-02,-1.057582190141940701e-02,9.155840695182428934e-01
1.025786026441601571e-02,-1.750698294783989417e-02,9.119597133941843570e-01
1.996081103114245858e-02,-1.874597320748347395e-02,9.165536404184286834e-01
-1.769378117182271101e-02,-7.165836088652937502e-03,9.931628854287422037e-01
-2.419723801748582120e-02,-9.810199810959239347e-03,9.931628854287422037e-01
-2.500198078118461703e-02,-2.053288050619069341e-02,9.002317956898646667e-01
-2.082698855220440487e-02,-2.416585273308736667e-02,9.007788018300465493e-01
-1.907944401798790379e-02,2.903131261845316724e-02,9.163574320478505841e-01
-3.374684519702324942e-02,-3.582589393885519426e-03,9.604663894817033754e-01
5.944074869116304678e-03,-8.550201976905931478e-03,4.582737842819586405e-01
2.869512679212198047e-02,2.269929747720842664e-03,8.328460971170512650e-01
-5.754299271454466590e-03,1.208361145422047478e-02,5.281526165143461959e-01
-9.462740730237440695e-03,1.043495095975274962e-02,5.257217073854595357e-01
-2.431807003926036298e-02,1.762206057142247026e-02,8.169853262472371869e-01
8.154672073319116365e-03,2.973106923114372802e-02,9.715506846975094923e-01
-3.537758728390687224e-02,1.032788781305894743e-02,9.886606322870696850e-01
-3.702150235014720764e-02,5.102773095112385533e-03,9.907133839399706599e-01
9.294171131130853948e-04,2.096857756583161633e-02,6.687159810885797695e-01
-5.599358054336505373e-03,2.129655529734639924e-02,6.657559851100525172e-01
-1.781410550365029877e-02,-1.098615535405298230e-02,6.617305433097520062e-01
-1.496785133513260820e-02,1.218077063668324481e-02,5.818280505424954230e-01
-1.110591987255186291e-02,1.490456045916393676e-02,5.844458408280719386e-01
-1.529896822167208480e-02,1.222277708412783728e-02,5.878765076974932224e-01
2.307511849180550814e-02,1.672117587036341113e-02,8.182101208499132916e-01
2.872480007557585979e-02,9.476114191581211724e-03,8.205054790648202978e-01
-1.119793333710580353e-02,1.073442238830094389e-02,5.623782029989370379e-01
-5.190428839174685005e-03,1.311785970897538442e-02,5.612685859949122502e-01
-9.245159489144028422e-03,1.165531935432843717e-02,5.563336006941626000e-01
1.548766775051859876e-02,2.102275812275342104e-02,8.191577450175701047e-01
-1.265171320612170844e-02,-4.684897238313936660e-03,3.714259846704648926e-01
1.889207079172937342e-02,-2.800497821637888251e-03,6.025519789302610230e-01
1.791438219066274901e-02,-4.546256721110426835e-03,5.985843494916285312e-01
-4.075458066181772421e-03,2.453507520003124151e-02,7.613999251757284092e-01
-1.765420337821500991e-03,2.507568606340299447e-02,7.543110583105816502e-01
4.031427148467220910e-03,-1.655855934048192785e-02,6.144588978698922732e-01
-2.090514584343955949e-03,-1.691368598745066412e-02,6.112327052227666258e-01
-5.680497766373692435e-03,-2.226928970945060704e-02,7.273034299166868388e-01
-1.468470942421452440e-03,-2.216507139200808371e-02,7.315895384638779753e-01
1.874735086675195089e-02,1.166684285302914056e-02,6.859225954684005089e-01
1.976665478029893813e-02,7.173022803048173350e-03,9.463531982170962920e-01
9.017825596925389472e-03,-2.160639920731771430e-04,9.502866478511504678e-01
1.883222992345151559e-02,-5.737711656343116515e-04,9.534771049754460215e-01
1.625208634242484088e-02,-1.165866596697911345e-03,4.228975822326672684e-01
1.065211480574617363e-05,-9.614566921482211453e-03,9.077780195205615854e-01
2.746106513541284478e-03,-1.976893669103413353e-02,6.581643543159938492e-01
6.810424080298064023e-03,-1.638572354626925687e-02,6.536684347216618063e-01
-1.457489753563441515e-02,-3.518879518106148192e-03,6.429527029619792611e-01
-1.519116998439727639e-03,-2.285711518126406355e-02,8.112864607843006670e-01
-2.724809812232502088e-03,-2.902060110611206362e-02,8.123792438583949949e-01
-1.858544987316697317e-02,-2.138196040148523241e-02,8.206905575174281431e-01
-1.953675140168841320e-02,-1.028292048874400108e-02,8.222401059446919902e-01
1.441816084474749349e-02,-1.331845800049332677e-03,6.607953498719945085e-01
1.352075671974240986e-02,-5.494627673101123641e-03,6.546601743455251476e-01
1.410629696682954952e-02,-1.331845800049332677e-03,6.536524927291373910e-01
-9.386262321265883071e-03,-2.724651374288750150e-02,8.032811359547403773e-01
3.163290120333180078e-02,-4.735194399204178256e-03,8.680204796069348472e-01
-5.914135698264086360e-03,2.058457579948458349e-02,8.007094672634282873e-01
-9.800224882659537215e-03,2.533878618550140793e-02,8.034361201028836774e-01
4.773952334283681175e-03,1.065019298121940711e-03,2.318163740227397740e-01
-2.026539142395281166e-04,-3.651057974710797405e-05,1.794290005823081513e-01
-5.881794223228297910e-03,1.411744131468125468e-02,5.683717490161541708e-01
-8.152843732973940119e-03,2.851622167713555988e-03,5.671737614023053542e-01
1.435070504576536682e-03,1.269833207487138307e-02,5.687602069725801179e-01
-2.413920029237937720e-02,-1.615223597638908160e-02,9.690238088624842927e-01
-9.412557397783504268e-03,-1.221987965603971334e-02,9.657603764856754758e-01
-2.586577758191977577e-03,6.088678980749142634e-03,2.536623096840724956e-01
-7.818764973581110011e-04,-1.266351905649432293e-02,9.647642355995831309e-01
-1.784018637952534264e-02,-8.641224793255849329e-03,9.739596281463172023e-01
-1.831002770465415402e-03,1.176906266841936527e-02,3.454800055184141794e-01
8.853235833873200622e-03,1.167578884588761461e-02,5.445923192501971322e-01
6.087456294187929863e-03,1.346167924508497558e-02,5.512670978959097745e-01
-1.621087481093435451e-02,-7.741705002067177793e-03,5.791312003341143599e-01
-1.021197106154437054e-02,-1.426559579410565520e-03,5.860515165305397733e-01
-1.589089717800631560e-02,-9.616294341621579173e-03,5.858620917310100040e-01
-3.134650878926079597e-03,-3.114753017248825251e-02,9.365401548340441806e-01
4.528585628635057973e-03,-3.214531075684121803e-02,9.331567975229173584e-01
-7.342724931492031204e-06,-4.184511983620458871e-04,1.721298651406946156e-01
-1.207246705683525691e-02,2.718387891298117143e-02,9.246807859273299401e-01
-9.957012824737472220e-03,3.353951747997275384e-02,9.215168613609450166e-01
-1.434182446728797522e-02,3.205244923458033107e-02,9.183428160292566034e-01
-1.410560937811720580e-02,-6.797408410854431648e-03,4.218228620650119609e-01
1.458099704243187231e-03,3.054871958627237982e-02,8.452649744726714598e-01
1.260575689475103289e-02,7.060000704072061373e-03,5.431485947076066800e-01
1.380512874473513105e-02,2.072835263221040752e-03,5.452018873759889583e-01
1.335350069616995233e-02,5.884347285003651597e-03,5.490660678727607991e-01
1.382288532186190869e-02,-5.713789753125211868e-03,5.755283002821002247e-01
1.536931528600877193e-02,5.064926468998382642e-04,5.732412058824849499e-01
1.568117916392671590e-02,5.064926468998381557e-04,5.803840630253420674e-01
1.263345597639594677e-02,9.777934521620857897e-04,6.455439398331583867e-01
1.196326782686481759e-02,5.931369432938118219e-03,6.505450772080216826e-01
1.343610881729842034e-02,3.621730180726699753e-03,6.586536301040006869e-01
-3.136411795283248084e-03,-1.757238860942733280e-02,5.702310526868485940e-01
2.853160356145300735e-03,-1.640801037303160625e-02,5.712851518775721171e-01
6.444020698053457008e-03,4.829955601053641245e-03,7.403636061825289438e-01
-2.286407820859610168e-02,-5.217782749238906830e-03,8.455437990234393464e-01
-1.631640752966882074e-02,4.117640462767297241e-03,8.457838684355754033e-01
-1.506728171800845312e-02,-5.934095844848984516e-03,8.452182586636654005e-01
-1.400944977582653517e-02,-1.326981095096664912e-02,8.503241314873120071e-01
-1.263220904361212100e-02,-6.507343963958026750e-03,4.349453368875667025e-01
-1.310269349319434506e-02,-9.617813534892662511e-03,4.394998844755445555e-01
-1.603727927385999522e-02,-1.015072507354376243e-02,8.391041228119651141e-01
-1.645999142740689827e-02,-4.480688305074762359e-03,8.392468481905439592e-01
-1.464456956446155006e-02,-1.160413261331798458e-02,8.450755332850865553e-01
3.125973741138301978e-03,2.892281636144124896e-02,8.223571735817140071e-01
8.796468146761928994e-03,-9.084226629087175514e-03,7.828718674907169106e-01
8.287578440677330002e-03,-5.629936411231318411e-03,7.972046030339635658e-01
1.673406419224346062e-02,-1.973973460042253818e-03,7.810460829573883101e-01
1.622517448615886163e-02,1.480316757813602419e-03,7.953788185006349654e-01
-8.947662942073553172e-03,-5.740886299688432656e-03,4.475980474898444417e-01
-4.380249416033821230e-03,-9.128309842578001543e-03,4.429393193310335874e-01
-7.925876774540199440e-03,-1.519687986940223244e-02,4.453072959202688530e-01
6.259297987860495266e-03,1.294640442935533070e-02,4.083551170074814496e-01
-1.171233479720562229e-02,-1.898009655050560823e-02,6.579447628569440321e-01
-1.315858507693987156e-03,-3.958477917528190754e-03,4.237266473758070640e-01
-1.128315765818153037e-02,-8.840155271285326383e-03,6.431777701870038388e-01
-9.209505479099948724e-03,-9.084864193710458918e-03,9.729634872602248574e-01
-6.942986745061079622e-03,-2.997496281043349892e-02,8.399610208875529782e-01
2.969417293933867413e-02,6.928744263267012926e-03,8.612631213488780579e-01
1.411699262265307675e-02,2.072835263221040752e-03,5.523447445188460758e-01
2.065962998972022124e-02,-6.732804282647131613e-03,9.490080230819185614e-01
2.291632302702410751e-02,-1.212008551499526264e-03,9.544759274934653259e-01
2.669247500534240730e-02,2.303030088530207825e-02,9.490343581699196562e-01
2.566163009262897865e-02,2.431559933776846275e-02,9.440574535628218911e-01
2.916006777446196463e-02,1.638268413980544652e-02,9.224039759239907044e-01
1.891895894143626536e-02,1.733409856835440438e-02,8.087572908325536547e-01
1.614791648535654836e-02,2.033950883047806746e-02,8.041043021480089870e-01
1.502431784037767948e-02,2.173631014813975568e-02,8.116220869698300699e-01
1.385368866324037176e-02,-2.151542605213997705e-02,9.910159591380125477e-01
1.008420343634478834e-02,-2.428336786337427500e-02,9.830430938808217833e-01
8.435380391776613890e-03,-1.896223255750024289e-02,9.851609149029393331e-01
5.738943097075931317e-03,-2.084339807190923113e-02,9.920271347428093467e-01
-2.406663221157456789e-02,-2.559350045356102721e-02,9.591989033584575886e-01
-7.713489083354950135e-03,-1.373845251890263609e-02,6.677029591101479866e-01
2.406879209953159335e-02,-1.901626120171493427e-03,7.898953858760192626e-01
2.510541147857753633e-02,-3.278894831885815087e-03,7.834872716252230251e-01
3.149573211087323531e-03,4.305602205937463650e-04,3.906036201744582659e-01
-1.221513784626331901e-02,7.486956871476010619e-03,7.423762449511319694e-01
-8.595161618476699142e-03,-2.150458496041825901e-02,8.002895808815899681e-01
1.232701292064461787e-02,-1.582457438720623680e-02,7.807528869772841773e-01
1.083323684690330919e-02,-2.517144138554275323e-02,7.826139831214088405e-01
-1.611415061938614030e-02,1.683207887471029757e-02,7.298336429764002986e-01
-2.346696310943605784e-02,8.814598192746804506e-03,7.327862447913197075e-01
1.839873635172688216e-03,-5.077872440140619899e-04,1.933511617761403678e-01
-6.703241312414938945e-03,2.717284812690215837e-02,7.894489891041867047e-01
-5.699747640486620137e-03,2.725323755237046147e-02,7.828110570325292894e-01
-4.878626366754667924e-03,1.951550338964783832e-02,7.882333429716645856e-01
-6.008801707799439314e-04,2.699317627751230547e-02,8.987742975152940295e-01
1.485945326724014831e-02,8.518438581923724190e-03,7.459619982062452026e-01
1.133246011528692143e-02,-1.391467888239526079e-02,8.058498674004489493e-01
1.163772212550939246e-02,-1.814666362883859962e-02,7.357789109555237239e-01
1.750817373054415829e-02,-1.547177110340303488e-02,7.325076102903846920e-01
-1.162809944785077321e-02,8.776512160997907916e-03,7.490873013837469063e-01
-1.177694842186602364e-02,7.727738622683028892e-03,7.543308287791803401e-01
-1.741681439341866838e-03,-2.057990769939217063e-02,6.825928924413340315e-01
-1.226759840160237917e-02,2.237655550156239515e-02,9.693795976655918967e-01
-1.953472215958445418e-02,3.170836977576632632e-02,9.660336714262639513e-01
-2.466099515670325953e-02,2.823006123666156261e-02,9.634448688972239161e-01
-1.565376578465145496e-02,2.582723735333024989e-02,9.750408771234524430e-01
-2.848652638445019203e-03,-4.806043890094952031e-03,2.033390393321158063e-01
3.314212156177963331e-06,-5.952174752449780181e-04,2.008497658398972763e-01
3.186380130565732213e-03,-2.317157352109926877e-02,8.751332364828267041e-01
6.151907006122931017e-03,-2.263108820731438847e-02,8.792471476747278913e-01
-2.241520109032248478e-02,-2.335735402910836533e-02,9.066160527814886017e-01
-2.487291207299891643e-02,-2.153938764746714946e-02,9.135475330521349857e-01
2.146776288379894509e-02,-9.404122591413257778e-03,6.646362572423583082e-01
-9.422822104971218318e-03,2.391699429139251473e-02,7.699731330693906362e-01
7.291352125114043334e-03,3.163888789010099734e-02,9.022583486615267656e-01
9.789747019208563245e-03,2.541325527147951166e-02,9.089735042878436255e-01
-1.194582736968359885e-02,-3.341123125895751386e-03,7.276004483109972387e-01
-1.682804184486045782e-02,-4.648344023968379798e-03,7.185783202378632772e-01
-1.558196041912103709e-02,-2.231130674313040740e-04,7.110590072277467311e-01
2.161129447813071175e-02,2.495302730666150003e-03,6.695945932442369797e-01
2.271287817529071135e-02,-3.558482789949295611e-03,6.646381568951285068e-01
-1.574766917760293816e-02,-1.870568061512486654e-02,6.913813855941587372e-01
-1.867911814288206185e-02,-1.505360825273392017e-02,6.866989436008050784e-01
1.397039563099070503e-03,-2.145983449571601739e-02,6.786489075270578653e-01
1.444991928266273380e-02,-1.849490316359451991e-02,6.816394887280310400e-01
-1.654989640613860336e-02,3.156465555616848329e-03,5.501203687836676570e-01
-8.460983889500473323e-03,1.738753249859685893e-03,5.541702839604969455e-01
-1.555039086555845725e-02,3.269752867764846860e-03,5.560206832042340341e-01
-1.532163534601915789e-02,-2.823619067774858944e-03,5.590560640960104966e-01
-1.632114088659930573e-02,-2.936906379922858343e-03,5.531557496754440084e-01
-9.241818363903012493e-04,-1.096912323789952029e-02,5.269652174664538613e-01
-7.748128094593227308e-03,-1.102928015709393923e-02,5.197074604741280801e-01
3.245659222717783583e-03,-1.167737732952000597e-02,5.234379896806043986e-01
-3.578287035485142910e-03,-1.173753424871442491e-02,5.161802326882787284e-01
1.287340154352175844e-02,3.405751587405980024e-02,9.807391999734728083e-01
7.043384650197125063e-03,3.500808352739784302e-02,9.825215484484126627e-01
1.013057886555947078e-02,3.481663470560002888e-02,9.862263724071692605e-01
-7.682725433607450784e-03,-9.682607315213653115e-03,5.275480004847885596e-01
-1.419027553619818874e-02,7.974869189484812271e-03,5.458979626837054955e-01
1.405460060609041613e-02,5.680883620958998917e-03,5.692677782447467250e-01
1.399944807757585834e-02,6.612963461975861559e-03,5.777846695384112330e-01
-1.471781929873756684e-03,2.069081980593800649e-02,6.507835354384774451e-01
7.220784820450711766e-03,2.653133208260818323e-04,9.410542732871092220e-01
9.477477857754598028e-03,5.786109051973686856e-03,9.465221776986560975e-01
-2.992809898858812823e-02,-1.022171024476599931e-02,9.713934352726499855e-01
-3.513852931382017292e-02,-1.023986755298432472e-02,9.717517683007202978e-01
-2.552139032666010665e-02,1.393250348196571446e-02,9.192324725163595334e-01
-3.391671579298170380e-03,1.194971590644790596e-02,9.252943044666857020e-01
-7.787467002775159616e-03,1.604003552775035840e-02,9.315433893336007021e-01
-3.533259064610489233e-03,1.317627662022648194e-02,9.333814277501664147e-01
-2.787724860369946572e-02,-2.193315208818584494e-02,9.701492791257073645e-01
-2.752845795245440277e-02,-2.203455344279415737e-02,9.644915420496464886e-01
-1.382925096420049155e-02,3.194119968096860440e-02,9.114106596968867269e-01
2.819188794094254144e-03,-5.374066310569823590e-03,2.998283315962063655e-01
-4.873228714921145135e-03,-1.116267838851470184e-02,3.490638794334852690e-01
-2.323524275351746687e-02,4.894244124033202831e-03,9.771034279040340387e-01
-8.773157067732774428e-03,8.688999916593149672e-03,3.542881717548658216e-01
-1.459395230801510332e-02,-1.091420374782531115e-02,7.185055857696769355e-01
-1.465812168452877012e-02,-1.871964598979372618e-02,7.269472723962948635e-01
-1.132486356913288417e-02,-1.486991048665353872e-02,7.220970052348063550e-01
-7.161938499210369728e-03,-2.465043460065459782e-02,8.988551501438621916e-01
4.792940740333871772e-04,-2.524828169509296671e-02,8.979838312001229284e-01
-4.178252434479671346e-03,-2.504165986615818768e-02,8.938714424192413244e-01
9.665515572664408472e-03,1.500441172543849622e-02,8.474471608734754913e-01
-9.063226285982608869e-04,1.319544336964133084e-02,8.557626829053817108e-01
1.747009785262577247e-02,2.208250652642398948e-02,8.520800331074989131e-01
1.466049668154772133e-02,9.341623721687054155e-03,8.555495634012744155e-01
8.142139094669490623e-03,1.826879784903741311e-02,7.255105524772842429e-01
3.260224481414714017e-03,2.185463239134093072e-02,7.282300417879485899e-01
2.976271354402058866e-02,7.160551615759705620e-03,8.262580130028702730e-01
-2.481277665531119413e-03,-3.001134842528445021e-02,8.381928337448791844e-01
-2.696440039199319086e-02,1.626306902054845682e-02,9.016242100034872475e-01
-2.912199639471520912e-02,1.255608826733485561e-02,8.989576099224165784e-01
-2.909016191591857689e-02,1.421043543427315432e-02,8.884324080471148743e-01
-3.600082719915483065e-02,-2.794470186386893186e-03,9.267849932786440537e-01
-3.591053546396788532e-02,-1.800882747216534050e-03,9.216288665586491735e-01
-1.876867687865822407e-02,2.345443509254135223e-02,8.617444189525244047e-01
-1.289582082916845146e-02,1.364920336684629851e-02,9.130066251731823179e-01
-4.976742139841551678e-03,2.127539858500730047e-02,8.992698162272261264e-01
-1.646636285930810212e-02,1.588748382020286481e-02,8.928460525754664534e-01
-1.641636504167584207e-02,1.811837155476159894e-02,9.031252996248682052e-01
-2.210389843966820839e-02,-3.331872979895772642e-03,8.343050896987556087e-01
-1.381298871107547975e-02,1.764966225191115859e-02,6.939796373647253436e-01
-1.492605028683679017e-02,-8.224983347102846195e-04,5.222459049297334399e-01
-3.127879061582967968e-02,2.563079148379043652e-03,9.064318233290780125e-01
-1.052462419725121515e-02,8.941852627581675997e-03,9.313654164036311300e-01
2.113725895146408365e-02,6.159063840458552791e-03,6.260244631009717065e-01
5.626716828297118750e-04,2.292729574104741125e-02,9.184629875135870147e-01
1.163296078734970401e-02,2.103895718664520673e-02,9.143222568072233436e-01
1.897514723314576738e-03,2.076754365889081633e-02,9.054894531416108894e-01
2.019111862444757793e-02,2.962086218601943030e-02,9.387316621100612046e-01
2.453619191235931196e-02,2.550733870091076091e-02,9.390480374914131900e-01
-4.395914022971774554e-03,2.504463921233860205e-02,7.732925920784186058e-01
1.238781785812515315e-03,-1.139419502269981010e-02,9.916610877305382932e-01
-3.476016357030027593e-02,1.103171160665542688e-02,9.721763989557856700e-01
-3.586894886268506000e-02,7.226039043451168084e-03,9.680626196718440379e-01
-3.408484561093851756e-02,1.061843251000231265e-03,9.301034393267586520e-01
-9.751504374959960031e-03,-9.952871123398026459e-03,4.014238513229513305e-01
-2.287299044997639225e-02,2.008385908462961833e-02,9.000098305713134517e-01
-1.633875261876661933e-02,2.763891865038848455e-02,8.889673089479317447e-01
1.950903078464556392e-03,5.407281477212146428e-03,3.986491081121008584e-01
2.355787028574949510e-02,3.174767330457778543e-03,9.385454520240108511e-01
2.399188540637210362e-02,1.092997981814386455e-02,9.336255707865239728e-01
2.020066990092155013e-02,1.492823529073426109e-02,9.414333169796096357e-01
1.794397686361766386e-02,9.407439559586654870e-03,9.359654125680627601e-01
3.392828834996184512e-02,-1.173172843312686280e-02,9.291870347982262857e-01
2.798636350453923699e-02,-1.144786082596847658e-02,9.295874572034066308e-01
-7.887876643586928804e-03,-2.461319825700271705e-02,7.539571833315414917e-01
3.124871400396711865e-02,7.439085067123687479e-03,8.959493793411565932e-01
3.077430483352468563e-02,7.947268398061818270e-03,8.893814109728015449e-01
2.434258612326777732e-02,-2.494906472375678363e-03,7.341639832253987752e-01
5.619720274561647647e-03,-3.044662009221805327e-02,8.566254677028208864e-01
-3.059636869514940904e-02,1.121362302124391573e-04,8.475906639529343645e-01
-2.652442482516068067e-02,2.088972053642369330e-03,7.478853404545117156e-01
6.654424262502815421e-03,-3.942739198246991532e-03,8.286717426305815204e-01
-2.782801228367592222e-02,-9.450053622358574323e-03,8.695624396151990787e-01
-2.488289032996644778e-02,-1.556723580835213568e-02,8.680718790399577500e-01
8.269031237484460520e-03,2.633708953313842333e-02,7.865313519417882482e-01
7.823488289917870930e-03,1.514575346393048395e-02,7.843969055139821123e-01
1.597228612831311234e-02,1.914670225817810892e-02,7.879431154171601115e-01
9.696835443733519549e-03,2.776604539921425849e-02,7.934986483783765809e-01
-1.527650494579707585e-02,-4.611142055038813282e-03,6.954453055173478448e-01
-1.899962355894960903e-02,-9.228714590153112851e-03,6.999335844823161290e-01
-9.824719072720596025e-03,-9.899974350987479285e-03,7.012541485559971033e-01
1.746343092424171642e-03,-2.112207364353037992e-02,6.714773671669271859e-01
2.894386504214287864e-02,-1.817740443500062003e-02,9.083868552409788411e-01
3.059209013846544978e-02,-1.504051916875465307e-02,9.046715425568740976e-01
1.156991277834468201e-02,-1.735481938738741084e-02,7.747937621502849481e-01
2.225270629957763063e-02,-1.162737000594809070e-02,7.491835962301676144e-01
2.154990906398861900e-02,-1.185621258651493870e-02,7.587448188988419329e-01
2.297182235366840297e-02,-8.493013447726287246e-03,7.526045777445538043e-01
-6.192903420802219928e-04,2.813890308220454162e-02,7.804999025571175419e-01
3.128807362482992349e-03,2.421956962345570008e-02,7.494016188833291237e-01
-2.812552448303110627e-03,2.481251613797397920e-02,7.495889944471219035e-01
-1.250935788913828473e-03,-2.701952285681846408e-02,7.445143471863400197e-01
-2.233599010783878999e-02,-2.644251937280280712e-02,9.482311108341248129e-01
-1.631567460185809684e-02,-2.745644614898595098e-02,9.433501877921464107e-01
2.324171077976045635e-02,-5.532614983954456910e-03,9.376525419072195833e-01
2.225461446777383251e-02,-4.263018770113451671e-03,9.328202091017365749e-01
-3.657567043842316085e-03,-1.653421149029918671e-02,7.488461933341061805e-01
-2.924053276406013771e-03,-1.770938636178944273e-02,7.413495684360006388e-01
-3.736198886481554432e-03,-2.659643584645569186e-02,7.500587725302021447e-01
-2.224942348168136574e-02,1.707290823128480850e-02,8.009251810746079725e-01
-1.978610994392288741e-02,1.743279168752389502e-02,7.954163532194324926e-01
-2.366909188795421684e-02,1.917217572755422483e-02,8.293185048500694156e-01
-1.834160645606171605e-02,2.276674040578280725e-02,8.245332343307694156e-01
-4.116707347940692582e-03,2.989513802697122552e-02,8.224936199992510799e-01
-5.275437106165879048e-03,2.860180399297799353e-02,7.964162855407750374e-01
-2.773521418840171546e-02,5.401542774748374458e-03,8.048917621864037919e-01
-2.674636164655507312e-02,1.483838224028242829e-02,8.289894675354934073e-01
-2.891234258300095193e-03,-3.044807594645341717e-03,8.456604439222850100e-01
-1.061270346528808521e-02,2.807800680521052930e-02,8.203250628185221327e-01
-2.758246695399051499e-02,-2.111815626585320307e-02,9.569956463348703313e-01
-1.887540725063609898e-02,-2.721961355146854111e-02,9.927910832346260595e-01
-3.366614729990821675e-02,-1.600262635656276092e-02,9.725189055358730572e-01
2.539067015017725231e-03,-1.661252167828555087e-02,9.916610877305382932e-01
-1.479458499653997765e-03,-3.168908085789950979e-02,9.438741224510984740e-01
-7.353464904712621319e-03,-3.160367042608844268e-02,9.465601798291365387e-01
2.526698004744075410e-02,5.789429127542797086e-03,9.760680992724397598e-01
3.566301305785844061e-02,1.219460671536172144e-02,9.757590870343496592e-01
-3.690276974891131684e-02,2.705674717100141347e-05,9.943750980716574706e-01
-3.708213762616287268e-02,-8.048284474113198521e-04,9.887530782038540522e-01
-3.108745979431399437e-02,4.063475645200943440e-03,9.943779801321965817e-01
2.636219849868573495e-03,-3.831447408086025019e-02,9.871677585132695443e-01
-3.294293265064247855e-02,1.363611000648303623e-02,9.730977367578328430e-01
-2.603725840975296135e-02,1.381482055197063609e-02,9.720808140718334434e-01
2.899056809086818925e-02,-3.517933039759450070e-03,8.200466854337600253e-01
3.021903480544844284e-02,2.609308182727547790e-03,8.234727525464138331e-01
-3.668538803860196991e-03,-2.692713947421801132e-02,7.566960996727418731e-01
-2.382771140210145251e-03,-4.516037594826716184e-03,7.792148951570347926e-01
8.625766514310935842e-03,-5.321556917890746773e-04,7.812263392718863386e-01
-5.742397321204776965e-03,-1.024259054363718321e-02,3.911042948530183416e-01
2.895747549331448290e-02,5.653867432582687473e-03,9.461842348118865154e-01
-1.648707296269909250e-02,5.002337738378274251e-03,6.169081022235789469e-01
-2.528062689971823443e-02,1.052571760820857419e-02,9.807776587281173963e-01
1.836392786664857793e-02,2.638105987391766577e-02,9.241759749470039864e-01
1.563351388734317282e-02,3.074245531765413750e-02,9.323923820763382331e-01
1.313524812945329745e-02,2.269532866537184515e-02,9.324006764992323060e-01
1.312118401186160299e-02,3.191373649201677265e-02,9.255311201156601886e-01
-1.880219814314106758e-02,1.492616702720725788e-02,9.669350473286989489e-01
-2.084758228934183513e-02,2.055764051138262924e-02,9.706092781527824176e-01
-2.473657990630195869e-02,2.784655741856210953e-02,9.580685904736709890e-01
-2.767492686547150943e-02,-2.417296320603144495e-04,7.887338023287433497e-01
-2.493968881326068254e-02,6.394888560494396169e-03,7.501798228655621736e-01
-2.393922817072297732e-02,8.624301934924546650e-03,7.566531495994553991e-01
5.113674353200979225e-03,-1.537409070712001009e-02,5.780113478073010125e-01
1.747739485422938888e-02,7.857381304869367686e-03,5.877080246253321150e-01
9.267467115235648867e-03,2.257403136693188726e-03,5.849771954233200510e-01
-1.524167001494896798e-02,-9.849493677458770469e-03,9.863788759231156833e-01
-1.393827423586629227e-02,-1.673853416479471196e-02,9.872052770811901024e-01
1.818342908086710780e-03,-8.806226605995542273e-03,9.803988155822543904e-01
-5.020168615763179361e-03,-1.403777647119438393e-02,9.827801195041641069e-01
-9.010188313165450741e-04,-1.751832504796848808e-02,9.857034793829861918e-01
-2.204414610399221212e-03,-1.062928456063254659e-02,9.848770782249116618e-01
-6.323564394845855065e-03,-7.148735983858444179e-03,9.819537183460895768e-01
-4.299444508832165127e-03,-2.184407154348439253e-02,9.940423916524478987e-01
-1.506913558848785306e-02,-3.173401153405724234e-02,9.726708183850070188e-01
-2.961730319316308296e-03,6.981359123635127659e-03,2.678155135932214215e-01
-1.499200947584520584e-02,2.590779515876924857e-02,8.489619804793456792e-01
-1.137912250381430471e-02,2.886404373849499327e-02,8.539528649872041299e-01
-2.078796394127225763e-02,1.558852676682408872e-02,7.779425657967451446e-01
-2.047587681322115064e-02,1.609471857090192387e-02,7.827859822269509493e-01
1.242882439085652053e-02,1.448117279939423879e-02,6.261797264508351946e-01
-1.413066611773801905e-03,1.521273081704228869e-02,6.151755785050436742e-01
-6.333755825923903862e-03,1.361337617743970697e-02,6.132257580385960249e-01
-1.151711820155304489e-02,1.252883216191292594e-02,7.129351436989799229e-01
1.242348991086640597e-02,-8.238729903435906138e-03,6.099754127829095651e-01
-6.997340663963722875e-03,2.320788981259523306e-02,8.531938674649743870e-01
-6.514072466362959626e-03,1.559416271637920938e-02,8.500252102768492968e-01
1.889862643728891511e-02,1.057877216434174525e-02,6.801717161395661737e-01
1.894791319300577481e-02,9.820025886657026901e-03,6.735843468352995522e-01
-1.077313310296125481e-02,2.694184594452999140e-02,8.419663134403264637e-01
-4.648149561546401250e-03,2.293554845040758627e-02,8.427077174666162129e-01
-1.532291901322531402e-02,2.377236674507425193e-02,8.427490880636214765e-01
2.153344773585887453e-02,-5.163067301848116297e-03,9.424431613194141910e-01
2.379014077316276080e-02,3.577284292994890522e-04,9.479110657309610666e-01
-6.341828592873403024e-03,2.093380720952212407e-02,9.054581666884385927e-01
-1.119721584586565871e-02,2.756272747959401942e-02,9.085503755121007163e-01
1.913419200794613459e-02,6.833009613846051378e-03,7.230242913747889633e-01
-1.354179923493163164e-02,1.908621795458170789e-02,8.449282860720588317e-01
2.329306664562411783e-02,-4.473229271773185344e-04,8.559828519760608323e-01
-4.322958982709530079e-03,2.705487255347753528e-02,9.147700124264854793e-01
-6.844982003743066944e-03,1.345873430268421274e-02,8.438123178611249831e-01
-2.387576718678790025e-02,-1.484969427980043985e-02,8.109030920919932939e-01
1.884970049513891993e-02,2.539438653550338612e-02,9.155748166491104456e-01
1.700648672699778263e-02,2.976868462033769452e-02,9.102260641297306165e-01
2.306560997748935762e-02,2.759603011691936364e-02,9.737197008892073402e-01
3.097132481979286006e-02,1.266862289168041271e-02,9.139393086692554347e-01
2.051358233755291166e-02,-1.376697462104377670e-02,7.662703746754775391e-01
2.516730878759819087e-02,2.090730334150450211e-03,7.992616863177476327e-01
2.522774875377808632e-02,3.977683094485079569e-03,7.929043344946770100e-01
-2.479083983924543211e-02,7.443662098809276061e-03,7.449362954701287398e-01
-1.597567889736800639e-02,1.589598466371379415e-02,7.502417814373005811e-01
-1.656271729578055046e-02,1.460642937419189685e-02,7.435307250046856442e-01
-1.055485375797553249e-02,5.148878912185592648e-03,5.808013490128924872e-01
-8.501326420596391070e-03,-2.724234718176731483e-03,5.795270919411946720e-01
-1.184461692791557129e-03,-4.143343957986603959e-03,5.799155498976205081e-01
-3.237989030170697682e-03,3.729769672375720605e-03,5.811898069693184343e-01
-3.530347146435471907e-03,1.905924451699403388e-03,9.348435927772619225e-01
7.654799941073322025e-03,8.020525808512169244e-03,9.361343920496224547e-01
2.186501578179303028e-04,-4.415521294554976273e-03,9.296549535556017929e-01
-1.458128586049896314e-02,2.477464213539916360e-02,9.564015295849621623e-01
-1.284118024642923184e-02,3.170363252627177858e-02,9.646516115718628548e-01
9.445896115154958986e-03,3.407506057142687533e-02,9.410964453883472469e-01
1.364704628856110852e-02,-1.466624228367630067e-03,6.833569437747231134e-01
-1.310458056924416852e-02,-8.087939098684160388e-03,6.373127115799277487e-01
-1.639632044669705330e-02,-2.766663345504983499e-03,6.370876443549032819e-01
-7.756910078211306028e-03,3.786544371578879839e-03,3.528625049333431463e-01
-1.217007497362859389e-02,1.378301734535966085e-03,3.499938230876943335e-01
3.692158400581322525e-03,3.065654872268076814e-02,9.793440524419763094e-01
-3.615015938088549617e-03,7.230949842684334175e-03,7.616811698044885226e-01
-1.134851016412868896e-02,7.092125701645814705e-03,7.603370700996447962e-01
-5.925053666448821046e-03,6.690338979312581216e-03,7.687700366696352816e-01
1.144580130979977982e-02,-9.984488802908444288e-03,6.060077833442770734e-01
7.508140476398062445e-03,-1.413406763237097519e-02,5.980872113919252220e-01
2.673760030994834589e-03,-1.681507205778515895e-02,6.007893598228275511e-01
8.254149186188252871e-03,1.664753189655199597e-02,9.825991076685840486e-01
-8.118797626430623166e-03,-2.656139431393180362e-03,7.575887692160512277e-01
-1.986366894570244790e-02,-8.850739368412387231e-03,7.065775242086259622e-01
-1.068876445947343837e-02,-9.521999129246753665e-03,7.078980882823069365e-01
2.800590776828948067e-02,-3.654283289789732499e-03,9.197927279687093671e-01
2.294179651184725943e-02,-5.914916681313907298e-03,9.223200476010611215e-01
-6.944900587537831266e-03,-3.305160631185348474e-03,5.743506404734071147e-01
1.053123055151609228e-02,-9.636835542325106543e-03,5.783260897138671197e-01
8.270716554460414219e-03,-1.067075520823670097e-02,5.715998937841382244e-01
7.932574526551480765e-03,1.834806843170654414e-03,9.056562997166885953e-01
2.331048633316639557e-02,8.007607539857434717e-03,9.101592078330065227e-01
1.357504026913126591e-02,7.736194012103045185e-03,9.013264041673940685e-01
1.189352361849691474e-02,-5.346890987416095045e-03,9.019722928149063179e-01
1.257802832000175057e-02,8.809423402026591091e-03,8.965233167612871590e-01
7.770877409044691167e-03,1.929218992752410045e-02,8.996616585497967389e-01
2.146727256502525133e-02,1.238190562469174139e-02,9.048104553136268047e-01
3.557248520142418553e-03,-1.479316479411139224e-02,5.831877992750885698e-01
7.699968821511954560e-03,-6.585630217301609302e-03,9.086771777513935611e-01
1.812639679189120487e-02,-9.509167923441834078e-03,9.063210342687539889e-01
-2.351078991298564264e-02,7.988689013887332463e-03,7.626593909199198551e-01
2.357302312292881494e-02,1.146807041509177900e-02,7.935899755547271006e-01
1.983115884094990844e-02,1.669274946445925556e-02,7.944096322620697315e-01
-1.246416451116863847e-02,3.228279105645378427e-02,9.052223092356741496e-01
2.337597123616897560e-02,-1.494784583837876352e-02,8.265636208339429691e-01
1.986736338356318889e-03,-3.571081452966932881e-03,5.852647273837505715e-01
-1.366205424187506845e-02,3.099691272465637804e-02,9.584059864847485066e-01
2.522614650565746519e-02,-1.485833668771086545e-02,8.785195312572262605e-01
2.441758905022838391e-02,-1.946787376318517143e-02,8.832607138746966235e-01
2.613174143568563340e-02,-2.156351829153203142e-02,9.122185420542114898e-01
2.455381323918254602e-02,-2.254088675688523807e-02,9.068028931051874686e-01
-2.035559615503029079e-02,3.100164997415092230e-02,9.597880463391494921e-01
-1.041192314158094316e-02,1.048498866716982350e-02,4.090628644928649971e-01
2.485829124177394919e-02,-8.967629410861491929e-03,8.061978634314609371e-01
-2.195124660965936617e-03,-1.428418054308158019e-02,9.736579625029236906e-01
1.924025123480697453e-03,-1.776472911985568434e-02,9.765813223817457756e-01
3.953475281356847240e-03,-1.794905753295658948e-02,9.836882224733475288e-01
-1.656745030897872634e-04,-1.446850895618248534e-02,9.807648625945254439e-01
1.033426088277738034e-02,9.202244984652326737e-03,5.359422861728937448e-01
-6.150741059115562639e-03,1.031786257829051846e-02,5.127158939916767189e-01
-1.056163134231181445e-02,8.046557136834229032e-03,5.127344614388590349e-01
-9.528143391223218087e-03,9.088278117872463507e-03,5.178811673747991673e-01
-1.650090611764825146e-02,-3.528542840166412620e-02,9.953271064408565350e-01
8.949736349645527611e-03,1.316901535286497948e-02,6.211514740812565938e-01
2.233561464353105153e-02,1.433957067428425283e-03,6.341841262428878911e-01
2.202375076561310929e-02,1.433957067428425500e-03,6.270412691000307737e-01
-1.467186192778665785e-02,-3.763726633793612435e-03,6.877888728474839120e-01
-6.217882179451868392e-03,-1.610723849771858451e-02,9.781362251455809620e-01
-1.111323028106904996e-02,-1.698493823668190822e-02,9.780831200799497971e-01
1.241765888751727130e-02,-8.007067667750909779e-03,4.018857789881633003e-01
3.451219139958473358e-03,1.826510842896687803e-02,6.761188911893236675e-01
1.762380909337874640e-02,1.405194158320452122e-02,6.933966779204491226e-01
-2.885036242493043118e-03,-2.318060739815543114e-02,9.860695263952572454e-01
-5.293715244115623601e-03,3.338155621697651287e-02,8.962714150313890737e-01
-3.601771901694509996e-03,5.818375559261666254e-03,4.028406560821898852e-01
-1.034221577011776999e-02,7.447318030994234603e-03,4.058142930316399610e-01
-5.034575733663759420e-03,-9.311804904465665472e-03,4.038309465755661742e-01
2.063300575175739185e-03,7.449875999580839875e-04,4.057549044324010867e-01
8.803744443599000047e-03,-8.839548717744843617e-04,4.027812674829510664e-01
-1.951975711890638690e-02,3.112958385390340865e-02,9.538783736350240350e-01
-7.712652644653716222e-03,-2.922057724403538323e-02,8.222081414978934522e-01
-1.496270034229630307e-02,7.386758659172292484e-03,5.526969069904350551e-01
5.647223329637344157e-03,1.501241544149246529e-02,8.820510486936047334e-01
-1.630718651834288033e-02,1.649296067470423788e-02,8.701526477479264443e-01
-1.655375750736551646e-02,-1.166266510471018975e-03,5.738810328164670738e-01
1.006434076813860976e-02,8.265282828159728826e-03,7.225399645543068017e-01
-2.130365802456500243e-02,-1.468218716693373178e-02,7.739710018390194568e-01
7.027915079625681946e-03,1.189533662876377310e-02,5.650207021166915311e-01
1.039772250852795572e-02,4.566455658029539358e-03,4.741122907932849850e-01
9.387093813677221954e-03,5.387245654794377281e-03,4.824878364439515455e-01
-1.260392841800053558e-02,6.647317679938535839e-03,7.372471562672914258e-01
1.317304555325572897e-02,-7.177485601513294844e-03,6.607934502192243098e-01
1.069627930332226959e-02,-1.079269303642843569e-02,6.580487753438992726e-01
-1.663011365453715730e-03,1.253039427318857271e-02,3.995445966068885690e-01
-2.484644990603931611e-03,4.034410076847443766e-03,2.160339909887037946e-01
-1.464832897030639552e-03,-3.576838982711484389e-03,2.165289369940513187e-01
-1.844072191174538425e-02,2.316200173947581889e-02,8.693137010808991150e-01
8.053361476905732119e-03,7.173383444541550462e-03,3.298162473656611748e-01
-4.246857558837017176e-04,1.040361863304795249e-02,5.157968294789964103e-01
-5.819701932440243114e-03,1.073693861234018866e-02,5.203120765036857165e-01
2.235481020089304018e-03,1.068349603434753069e-02,5.081480083664471348e-01
6.421216313157243616e-03,8.272530323755428877e-03,5.037974349145368791e-01
3.672158731719629785e-03,8.684766729260563409e-03,4.548397337722749345e-01
-9.349486336848310264e-03,2.105236940802234988e-02,8.650364071759830686e-01
-7.980698467754898662e-03,3.348088494937673243e-02,9.141361191519628004e-01
-3.620317326100069323e-03,3.355958648879012185e-02,9.183234341630654995e-01
2.852741823219608064e-02,-3.860954891462457447e-03,8.129104176862025355e-01
2.181520228303071574e-02,1.342223767842947238e-02,7.806844691395773417e-01
2.696975959286409402e-02,1.231896429057805983e-02,8.153453247126368764e-01
7.651888022898304699e-03,1.929087797703924606e-02,9.346722270225269469e-01
7.793475508210623119e-03,1.806431726326067008e-02,9.265851037390462341e-01
2.177809810477744287e-02,-2.046975773011290925e-02,8.797533145671694310e-01
1.929606503092535022e-02,-2.450123763367454549e-02,8.826429604477129542e-01
2.312260426312290687e-02,-2.160615094127089908e-02,8.901826434445171410e-01
2.933296805746784565e-03,-1.267431269888857383e-02,4.228662737967509022e-01
-2.622732819773691132e-02,-1.706652323922587533e-02,8.545798325577982357e-01
4.834126167415675294e-03,-5.533027319177227440e-03,2.565497770982120285e-01
6.583874963053413035e-03,-1.384585652223431843e-02,4.109296593245820306e-01
8.117492323418011579e-03,1.266998976607714225e-02,8.368077953567829574e-01
-9.020723864856750041e-03,-1.199719206552794099e-03,4.351155924835086175e-01
-5.215618719015393222e-03,-7.570510290454525795e-04,2.111205739309423013e-01
1.962230177262199587e-02,-1.631795230471903401e-03,8.301634919105125299e-01
-1.405922314361173278e-02,2.700095668698764342e-02,8.582261225698381013e-01
-7.126547555257394320e-03,2.913765697599303775e-02,8.548912291768000493e-01
-1.797086698113017911e-02,-2.691489546357469370e-02,9.360162201750920064e-01
-8.164198984340695006e-03,2.927400226460103588e-02,8.615349617299885576e-01
-1.881364550246519482e-02,-2.194114506250680399e-02,8.165531890641286594e-01
-3.481503033155722900e-03,3.746157974963271100e-03,2.023116118787863793e-01
1.730805005977267916e-03,3.327384490934060402e-03,1.972162656443383066e-01
-8.949520432198852099e-03,-9.454696791354985294e-03,5.353304875932951568e-01
-2.566421436104596165e-02,1.061563123882740614e-02,9.917174834331007327e-01
9.337852613639167909e-03,4.552949465409198739e-03,5.049954118171027240e-01
-2.665001574384589979e-03,-9.271276046061622568e-04,1.946629894641827285e-01
-3.109771465520289740e-02,-3.631381171083859251e-03,9.826639820796621017e-01
-3.082637221175773407e-02,-2.033297009800149463e-02,9.874481197758064877e-01
-6.463576695031942980e-03,-3.661700218394365464e-02,9.933612193940708490e-01
1.355570815637031218e-02,2.531209260549540513e-02,7.999651652232862009e-01
1.780451819006025060e-02,-3.276829773330971942e-03,9.941552378811043811e-01
1.187812768807069812e-02,1.628820622700264190e-05,9.941552378811043811e-01
1.512622501438188986e-02,-5.272437322549537037e-03,9.872890180412343675e-01
-2.362908507573409367e-02,-2.710699061632768341e-03,9.763292545564827840e-01
-9.315187694493935397e-03,-1.263616798503177166e-04,9.767809804607334723e-01
-8.875587127520976737e-04,-3.705016542634180857e-03,9.685817288000917458e-01
1.997411950357240798e-02,-1.350947854735222095e-02,7.530830940739493551e-01
-2.750740669832417440e-02,4.401025780507042927e-03,7.942022068376497490e-01
-2.544043756182719912e-02,9.666081978123387819e-03,7.957173309329572675e-01
-2.715273934292663019e-02,6.409663755062571834e-03,7.991311492460302368e-01
-1.141077555636607198e-04,8.035500294885563125e-03,7.862226900473108238e-01
-7.926272995029568988e-03,8.266220529275555146e-04,7.294981136575664493e-01
-2.121364235270759013e-02,1.102029472344731587e-02,6.821331918718663845e-01
-5.566539840419697932e-03,1.588724632761876268e-02,6.771092146864550188e-01
-3.542810635899252495e-03,1.631480357404818324e-02,6.829583160269042663e-01
-1.392825028062609147e-02,-5.393124844212159388e-03,6.661108839319895836e-01
2.532144110044605781e-02,-8.624607559158482817e-03,8.133341311790185379e-01
-7.901464566338807852e-03,8.326434538133807226e-03,5.050856403263097594e-01
-2.332473706721256007e-04,-2.446711941147616809e-02,8.219434851475369008e-01
2.587491810440118584e-02,-1.002896620067975260e-02,8.224627562522360824e-01
2.990693081287829416e-02,-1.729549954886023741e-02,9.155477015614128522e-01
-6.898484049085681566e-03,-1.129448125697138372e-02,9.368172155478253771e-01
-9.073383616805652530e-03,-2.200891276910562147e-02,9.397451459440360200e-01
4.285654406615643786e-03,-9.231405053512383579e-03,4.906726741902537881e-01
-1.510056441664017063e-02,-1.303292360287889098e-03,8.163548957129419525e-01
-2.284889988342908573e-02,9.409608434067405144e-03,8.160509288876289791e-01
-1.140611425235336929e-02,-3.024898720899711624e-02,9.425063871864380882e-01
-9.008657283984703584e-03,-3.106211974067718540e-02,9.392262122120821344e-01
1.819714378706847879e-02,3.291607001130233273e-07,9.303851323048740740e-01
1.529109860579785062e-02,-1.109246865655786132e-02,9.380549944528298045e-01
2.003575133057662952e-02,-1.700771449857188186e-02,9.299899097490168520e-01
1.597828064987127927e-02,-1.274436656775831608e-02,9.275548329521543511e-01
-2.239018507926940262e-03,-3.068492815744093549e-02,9.287366695903266356e-01
3.052346429882676210e-02,-1.566353103293533985e-02,9.213845214133991046e-01
3.520983321508504987e-02,-1.857960752214803587e-05,9.797227205942151684e-01
-1.515865228149471458e-02,2.404371172870373163e-04,8.104618967847835309e-01
-1.685395250632151093e-02,3.639197711129427311e-03,8.045105802252092708e-01
-7.452356253639827281e-04,-1.705647737288675317e-02,9.920271347428093467e-01
5.550496038412271876e-04,-2.227480402847249394e-02,9.920271347428093467e-01
2.782954751578587543e-02,-2.042927069322567762e-02,9.497245438538473028e-01
2.556994208605617956e-03,-4.128417913419064021e-03,2.134477249923230069e-01
-3.451882257109618185e-05,-1.246107361824021090e-04,2.151140532088473556e-01
-2.002651134796825869e-02,-2.218349705477556597e-02,8.741387706212750963e-01
-9.939156676612298513e-03,-7.555871221674283558e-03,8.616236461847475159e-01
-4.928765310964594235e-03,-1.582401956901283158e-02,8.601391450163863306e-01
-3.930129427564429912e-04,-7.393491422555979221e-03,8.679178826049789297e-01
1.063365141378341816e-02,-1.037474131077054801e-02,5.988718814520588296e-01
-1.352926601191025910e-02,3.927658730207591979e-03,5.109410977669455178e-01
-1.354941082264474184e-02,4.572898018220496012e-03,5.175789262829908477e-01
1.316495214070742721e-02,-8.678795159895967559e-03,4.313648918085778439e-01
-1.101693541260555242e-02,-4.379997459099003662e-03,5.047315970492667336e-01
-8.447365541380414539e-03,-7.583216873064847242e-03,3.358198138656761089e-01
-6.141164434893341996e-03,-1.962460540453188351e-03,3.322094474930701868e-01
1.322239384843706608e-02,8.118481170224983723e-03,4.162685017637177132e-01
8.058165593264037668e-03,-1.537498095716023638e-04,4.183949342605599031e-01
1.227038670878714995e-02,-4.520406473713332700e-03,4.197818423185931680e-01
1.119500912443569668e-02,-4.680505454680945407e-03,9.189858125733666450e-01
7.907966864524138689e-03,-1.386584590374373687e-03,9.305541117864337686e-01
3.659802773958903410e-02,-1.232948973164912920e-02,9.949107367345313424e-01
3.672609765473675014e-02,-1.131770068294680326e-02,9.883000293820649595e-01
-2.675969724453195180e-03,-2.872844130447460391e-03,9.853020295467711520e-01
7.672266717585413467e-04,-3.637754592514722170e-03,9.920860390523976724e-01
1.651987383638557627e-02,-1.285065676074501236e-02,9.199553834735523239e-01
3.016330815858379172e-02,-5.774194765706918732e-03,8.843696962523049931e-01
2.801024454480924644e-02,-9.247338630023234016e-03,8.786815499924276462e-01
6.248175535899579830e-03,-2.796519757229841419e-02,8.915152989366017522e-01
2.173153877819281043e-02,-1.063016092464216106e-02,6.824360730005477604e-01
-6.756298600970528541e-03,2.767692084250032714e-03,9.940375836690626965e-01
-1.530150982310950203e-02,-1.909697512210001627e-02,8.568721705690502954e-01
2.291275392268198735e-02,-5.232864594409218292e-03,6.861576047171027426e-01
-2.813314556597504984e-02,-1.239144895362715576e-02,8.440713375631079263e-01
-2.500194445748741418e-02,-1.746534882537053093e-02,8.759650090059626359e-01
1.192134924728477027e-02,6.833712254538562569e-03,9.941552378811043811e-01
1.017276478990814838e-02,3.497178132179203005e-03,9.862412769335020535e-01
5.569785276460995430e-03,8.852451438534570533e-03,4.637503699653157119e-01
2.311626551405226992e-02,-2.898207074965560709e-02,9.945950491990642739e-01
2.474499880813529201e-02,-2.013968716120365099e-02,8.982246617606579608e-01
-1.064489703294323446e-03,-2.378501201573523377e-02,8.495301218833161139e-01
1.293752172964700992e-02,-1.914048117031736090e-03,5.413912158299467592e-01
9.422205797630088184e-03,-3.762128550228911045e-02,9.933151997146169032e-01
3.838306491386770779e-03,-3.885867916541024120e-02,9.941166506556121663e-01
1.245010901177073109e-02,2.710641215183624136e-02,9.400951017016114797e-01
-3.071304020268646098e-03,1.014875173827867356e-02,9.397610877415734087e-01
-2.040866174496552138e-02,-1.139600125145928677e-02,9.388509522562860088e-01
-2.348209189974888311e-02,-1.725733292555127474e-02,8.227366117136672985e-01
2.424505232982292202e-02,1.522869419257323349e-03,9.280452905233353977e-01
1.664449866478213275e-02,8.544131530726006493e-04,4.516907224325757975e-01
3.344178677979777522e-03,1.438761945917101104e-02,6.499085612437331960e-01
-1.047726063082570457e-02,2.443884377849322997e-02,7.796081798389769002e-01
-5.646198424079665323e-03,2.701125816125845430e-02,7.771804435480895723e-01
1.303072997097833204e-02,2.049408670161150664e-02,8.944523923097447149e-01
-1.006558107108439064e-02,1.718467991416094617e-02,9.362829113679427273e-01
-8.393030460642578877e-03,1.250641718467890469e-02,5.659588415834355679e-01
-1.799512728826134500e-02,8.568272874765279351e-03,7.992913494734190660e-01
4.466598969819423129e-03,2.973843226878548907e-02,7.969461099265515713e-01
8.329083025867441148e-03,2.879020752279012191e-02,8.010847570597157130e-01
-2.396172526278079334e-02,1.381649000822399165e-02,8.043389993876809418e-01
-7.638915221028582184e-03,1.608590209112301800e-02,5.804993328298851951e-01
1.124604041038995304e-03,-1.009278421625198728e-02,4.628188747232993561e-01
-9.426077294428080594e-03,-5.576398479264018000e-03,4.547123140519497841e-01
1.769285286655770603e-02,2.157373553373713795e-02,9.387399565329552775e-01
2.634676921031154501e-02,1.990451585130406653e-02,9.363630283604426063e-01
-6.789754946746941536e-03,-1.559298656430071345e-02,6.177033480396438847e-01
-7.528450749686714516e-03,-5.408713769990010876e-03,4.636229502449905615e-01
-2.251262465979924146e-02,5.335098247232089759e-03,9.341013724812269325e-01
-1.551834760898349735e-02,-1.700829928650182850e-03,9.375795488548577250e-01
-1.086952948399680374e-02,1.723423867236558143e-03,9.331043922500588117e-01
5.251189903777405202e-04,-8.902184768110162766e-03,2.829226656887391944e-01
-1.308961911673038082e-02,-6.595273312085072649e-03,5.550316959557816121e-01
-4.218086775974072555e-03,-1.331023763636960278e-03,8.648909775697788405e-01
2.859429210033987562e-02,1.356580043320484985e-02,9.113192557396884164e-01
3.255524119228531132e-02,6.384102602618099524e-03,9.076352488379060279e-01
2.971648367299890847e-02,1.181530293267588592e-02,9.047408125822635760e-01
2.918751204619368569e-03,7.132975710722312332e-03,8.587895879405815780e-01
-1.578468295417094491e-02,-1.640828007616051964e-02,8.391422676359701072e-01
-2.454420010825587861e-02,1.280836902790979601e-02,8.100996123280546080e-01
-1.438938339660804019e-02,-1.618804864446604999e-02,8.331521565135118212e-01
-1.464197971629709050e-02,-9.930493641849294506e-03,8.331140116895068282e-01
5.921689214066644565e-03,-3.124145571508943342e-02,8.331592115879538074e-01
3.871497447453494181e-03,-3.012582556932491204e-02,8.337076500490377962e-01
1.236514932214331092e-04,2.873836996937050720e-02,8.629991767758871113e-01
-1.072964886730033360e-02,-2.123316877755672752e-02,7.302904048458919162e-01
-2.385941647636587951e-03,-2.057333691488270194e-02,7.846526077618170003e-01
3.228613007225683562e-02,1.486184244558883981e-03,8.984345130595053908e-01
-3.581094444081119738e-02,-1.515779968467609361e-03,9.486795381905328561e-01
-3.554223042969297669e-02,2.919945219844344731e-04,9.426319967682577072e-01
1.446453908681283491e-02,-3.305682210592496978e-02,9.781097924474884131e-01
-2.775614743433733531e-02,-2.482785301198532288e-02,9.955260392119968937e-01
3.210714374003965227e-02,-2.731163921965012141e-03,9.543069640882555493e-01
1.113312404126766755e-02,3.124403835170441041e-02,9.160538587215447670e-01
2.980558854624081738e-02,-1.874357859946951949e-02,9.620140473959464256e-01
3.001591903373283104e-02,-1.792948554601685868e-02,9.565723806702304266e-01
-2.132642950621831124e-02,-4.729226806516966496e-03,6.875947098190985374e-01
-2.276294909763088709e-02,-1.228070506250073489e-03,6.834654096890948605e-01
-2.365061068931502419e-02,1.778875568658555431e-03,6.894110620375675236e-01
-2.423374967239091266e-02,2.400832236315048052e-02,9.762705576106429639e-01
-3.507112563492562063e-02,-5.393444178519547078e-03,9.439591847747441644e-01
-3.448200824070300763e-02,-1.857149819294412040e-04,9.369545561459857730e-01
-2.605536981003327493e-02,-2.060647834970495695e-02,9.197626208762289535e-01
-4.390672440752224626e-03,1.715968089048129641e-02,8.679050737556788242e-01
-1.389590826199024135e-03,2.080917046585735453e-02,8.589313400935066900e-01
-4.373400006661994251e-03,5.990269979513529637e-03,8.756289168862787520e-01
-3.907404243151461377e-03,9.545953794265272727e-03,8.647364165675538450e-01
-8.866218139247546148e-03,1.343864231180632619e-02,8.618677499878579784e-01
-1.026571019812694621e-02,2.661878124100076556e-02,8.302070875190541432e-01
-6.858069836754908475e-04,2.329670214759258992e-02,7.375247056285209046e-01
1.851051255558464059e-02,1.715653967666184304e-02,7.823918073116336025e-01
1.854567481419382158e-02,1.672460631546270754e-02,7.752957944236373855e-01
1.097991825349161309e-02,-2.475224271092060085e-03,4.342496907020911845e-01
-3.122979581176573219e-02,-1.243968570853242611e-02,9.391936210865041712e-01
1.537807140016372864e-02,-2.244638840096132432e-02,7.734828967546923950e-01
2.331540067568501143e-02,-1.737586306129264291e-02,8.345630122001250761e-01
-1.069225890630730660e-02,2.671205084192589813e-02,8.364314198409108503e-01
1.780812130148490963e-02,-2.013392323053151550e-02,7.708723977455267384e-01
1.232493957970836468e-02,-2.561358426282709863e-02,8.024546192629899988e-01
5.079898696249491447e-03,3.163966692191682705e-03,6.310058646118279491e-01
8.396073286137790970e-03,-5.874768951175527928e-03,6.362817748008635643e-01
-3.545860851043262929e-02,-6.951607279754856705e-03,9.890350166733770099e-01
-2.959302977862286743e-02,-9.693779499141363248e-03,9.882860019474655200e-01
-2.271062363951334775e-02,-2.841040222735704418e-03,6.953777639028904112e-01
-2.995434185063883606e-02,1.688004340668541187e-02,9.860001355879739471e-01
5.282669799759491525e-03,1.886719213555576591e-02,8.496265238804185937e-01
-1.642872979421359375e-02,2.596300055337360732e-02,9.462032176603549782e-01
-1.467365913946579517e-02,3.231320502238330117e-02,9.422980018560157545e-01
1.134552787164595442e-02,-6.831196289318339568e-04,3.332066187431290682e-01
6.181415995151704097e-03,2.306037882986591327e-03,3.303594435262709461e-01
-2.570192289406585118e-02,-3.747801482901735350e-03,9.875408655609387854e-01
3.514707129772276506e-02,-4.473839625643062819e-03,9.889191716144606348e-01
1.269879686556979297e-02,3.361764443533447888e-02,9.552845123687112583e-01
-5.332455098351463960e-03,1.159786365233889983e-02,9.707376878104607698e-01
-1.717669508549491807e-03,3.337325392934144958e-02,9.215481478141172023e-01
-1.930236379451596290e-02,2.924391533263952236e-02,9.412125598466125620e-01
-2.143996142920780688e-03,-1.463761924621323138e-02,4.040974856549341410e-01
-3.382102654264286523e-02,-8.760766845304742562e-03,9.409965836099829506e-01
1.824369398237563316e-03,1.020196146614486300e-02,4.951077080223646454e-01
-1.165411913772607284e-02,-2.796649282829410184e-04,5.004658051882271419e-01
-1.431428591369907771e-02,-5.595423295825199166e-04,5.081146263007763064e-01
-1.086909923593725423e-02,4.207536131507171040e-03,5.032922766543962423e-01
3.161244980181360242e-02,1.537151584970267593e-03,8.846565278415284839e-01
8.623608379700727078e-03,1.453533289562145871e-02,8.127336668089726324e-01
-2.953853675296749109e-02,-7.223578875905226418e-03,8.526965367765809711e-01
-2.864769320093132551e-02,5.013338988653137651e-03,8.282145212329459216e-01
3.224572595309663225e-02,6.365855677200141574e-03,9.007524667472632807e-01
1.332719923497069359e-02,-6.420195044213347461e-04,9.823302026197473502e-01
1.335426904579197979e-02,-2.578838049638318419e-02,8.758702954299348864e-01
1.730083209851544096e-02,-4.469371910231705741e-03,5.854516553690212177e-01
2.082110398300840437e-02,-3.117451244002806925e-03,6.178572584894572728e-01
-1.143350175426927594e-02,-9.280542302269385868e-03,8.539166462944220992e-01
1.038874217023478055e-02,-2.632886581016806449e-02,8.717563842380338102e-01
3.141065979681209597e-02,-1.759581777910099870e-02,9.324955813064599308e-01
3.042356348482546519e-02,-1.632622156525999346e-02,9.276632485009770335e-01
-6.306689757924919745e-03,-3.064351642825380306e-02,9.227263410442816394e-01
5.323672773941952839e-03,1.978073636408369390e-02,6.877188718586072502e-01
2.057734451709092652e-02,-1.711400469155857640e-02,9.223904602704149358e-01
5.464683115009851162e-03,-2.326663610073426754e-03,5.951880824706714534e-01
4.018224132516724084e-03,5.350057446636936713e-03,7.637247521489649582e-01
-3.002972048802010629e-02,9.630034663829823566e-03,8.944037610986466103e-01
2.635462679523324983e-02,-9.739737469010908283e-03,8.306452237633097369e-01
-2.006331227617709836e-02,-1.316542166895265722e-02,6.944819976845969522e-01
-3.020324500096718823e-02,1.148808494838950839e-02,9.119679777847222724e-01
-1.176277301965306370e-03,-1.304162646872444181e-02,6.452539111681485640e-01
5.173688077571018257e-03,-1.143553560952930911e-02,6.458375575690186166e-01
2.760673844980415011e-03,-1.933820537158154745e-02,6.495657698427601545e-01
1.114718815885936201e-02,2.202563052505948638e-02,9.229234151051168844e-01
5.904444304072387073e-03,2.755830714315858632e-02,9.242785602737731976e-01
-8.277853386258041124e-03,-1.573447545530994029e-03,3.589648043362764218e-01
8.617385573403552046e-03,3.259826177736813851e-02,9.218554349993990371e-01
-2.410611392137334066e-02,-2.522017135135483021e-02,9.536155336815219652e-01
1.216749384365056058e-02,-8.601095346620877408e-03,9.584093771275195017e-01
-2.512990649631063195e-02,-1.621217069568552105e-02,9.927910832346260595e-01
-1.669135559421969922e-02,2.666197089175988133e-03,5.686619877595417982e-01
-2.733244279216986289e-02,1.495300414914015660e-03,7.815190096399325936e-01
9.679604564578033268e-03,-4.917911357832318968e-03,9.789818914190657750e-01
1.346787794032736811e-03,-1.049786175810454771e-03,9.808237669041137696e-01
-6.215966279701772013e-03,-1.473521548727681771e-03,9.827753115207787937e-01
3.231591071694536396e-03,-7.185565119408283269e-03,9.715050886789138307e-01
9.223438312888666835e-03,-8.483053784217018528e-03,6.499402224479202683e-01
1.631042757368604892e-02,-8.791347384358506531e-03,6.793671901836604299e-01
-1.516392499364357764e-02,-1.613499999615490565e-02,6.626305566373917877e-01
-1.127806977061937208e-02,-1.054196948631408101e-02,6.670108972596291430e-01
1.204791572930880711e-02,-3.184988420889704741e-03,6.465516214495461433e-01
-2.780587952955247428e-03,7.324026794504822149e-03,9.792255307976264200e-01
2.410154162336507894e-02,-2.259927111236644665e-02,9.190198572858903070e-01
2.032635224617241471e-02,-2.686728985503823719e-02,9.156906977786889446e-01
3.080788780565212395e-03,2.348424719514669197e-03,3.805995824362349289e-01
-1.559319563001944700e-02,2.302421656277218315e-02,8.349923580383540322e-01
-1.586239212331190529e-02,-2.165848116176889888e-03,5.667778697952250422e-01
7.606661877958853860e-03,-2.701732286761912918e-02,7.959493449941372756e-01
6.894687303908019448e-03,-2.685834449997596268e-02,7.899929624865058564e-01
1.505745140809082797e-02,5.064926468998383726e-04,5.660983487396277214e-01
1.292770485964158701e-02,-6.519175590885628938e-03,5.680583080807396490e-01
-1.735382956407696686e-02,-1.735940899113334185e-03,6.247178800951701527e-01
-1.668259977256841484e-03,1.717677136798190316e-03,2.502990541984393413e-01
5.474948344478918795e-03,1.869266567539629859e-02,6.819679925297730261e-01
-1.334787088227568259e-02,-6.488972791288235425e-03,7.109862727595603893e-01
-2.307817253769883781e-02,9.654237384284279286e-03,7.379153334751602511e-01
-1.485004999423395963e-02,1.681700465966690095e-02,7.365097630097170445e-01
-1.329018775702796133e-02,-2.973639254039948943e-02,9.499223456376196806e-01
1.938230885157718464e-02,1.662054654296806974e-02,8.162929488802936895e-01
-2.401262321003845568e-02,-2.650989763050198150e-02,9.666947990732337459e-01
1.155132116869576377e-02,-2.655970938142060683e-03,8.592228765153681058e-01
3.662924591181591655e-03,-1.639656872907017254e-02,8.708969757379486643e-01
-1.887562414393877119e-02,1.836260443911818391e-02,7.898192458191273246e-01
-1.695357622212020215e-02,4.362748008240814775e-03,5.795339499756577695e-01
-1.774972861249493258e-02,7.723866941857251284e-03,5.790051277899403992e-01
3.697265353486927503e-02,-2.447680419891643845e-03,9.928571428571428825e-01
3.447637157903658128e-02,4.986713278712186399e-03,9.767338807145103940e-01
-3.291103464342486767e-02,-5.645759273896749225e-03,9.546237337944185608e-01
1.560725870263379896e-02,-1.165904824465625531e-02,8.622019696483378404e-01
1.473692576874202111e-02,-1.280201604473165354e-02,8.569226893354207064e-01
1.495058994139186748e-02,-1.164623772698389001e-02,8.504167451138795464e-01
-6.220419279002032883e-03,1.392654898924943624e-02,6.198061481031951203e-01
2.648334876624658732e-02,-2.046010598304790970e-02,9.232179967797418119e-01
2.444146864453259488e-02,-3.378945624528053356e-03,7.700290376188558827e-01
-5.973109153681720879e-04,-3.072902519431749968e-02,8.706529500950179745e-01
-1.572473148811933535e-02,1.336650745434302817e-02,6.506423715146942843e-01
3.701445715799462494e-03,-2.669188185237959809e-03,4.353736247574519491e-01
1.619595319988720132e-03,1.387661075629297719e-02,4.340829940845111201e-01
-6.302076436809691054e-03,2.257987432702249220e-02,7.197579763606294367e-01
2.728856069663680023e-02,-1.045369936474631507e-02,8.549203362833679432e-01
3.906162377143921911e-03,1.632810113666894811e-02,6.992688142303729038e-01
1.043708008518499583e-02,-1.253810462762243796e-02,9.054218760379220132e-01
2.156733398664809065e-02,-1.540448437018029568e-02,9.029192912136301263e-01
7.648815267083339600e-03,-1.017718226798900415e-02,6.342725758546499115e-01
1.680509001781672201e-02,-1.707271657774600895e-02,7.239522974577325964e-01
-1.465444897787579470e-02,-8.322630915075793917e-03,5.739547488663268027e-01
-7.459969004913157009e-04,-3.696042737415231039e-02,9.941166506556121663e-01
6.901321607312129597e-03,2.411750519590518012e-03,6.368709232189040392e-01
2.175007439644391360e-02,-2.728824805623365247e-03,6.351918078592756478e-01
-1.121020972032952742e-02,-8.555612522526097677e-03,5.156750535341174668e-01
1.400917732816962455e-02,-8.392417699431600417e-03,5.882494448007881127e-01
-2.347239650977806479e-03,-1.841955420631042131e-02,7.224531627551983304e-01
-7.829232393890323341e-03,-1.689672130947956694e-02,7.191578636629701871e-01
-2.709734445465530883e-03,-1.809768237779072614e-02,7.157363989422159678e-01
6.058994030408429085e-03,-1.946926567404292513e-02,9.017975199138634768e-01
-1.116249050928620930e-02,-2.074645681261975266e-02,7.240081308244586955e-01
1.272493758202946496e-02,8.024431094907625434e-03,8.809708962162603463e-01
1.409936527147001399e-02,7.523141644510481126e-03,8.746548412576319320e-01
-1.112007428063892418e-03,-1.575157569714351422e-03,2.836459430656991243e-01
-3.021607502103107294e-03,-3.203657977074898799e-04,2.579443098013763924e-01
-3.359508085812919469e-03,-2.759748621910109237e-02,7.828768933491663251e-01
-5.915044375923826300e-03,-9.084634781908121001e-03,4.571784657200563817e-01
-5.581311365763712978e-03,-8.933310249930737426e-03,4.504482185100000535e-01
-2.955027367412019906e-02,2.428143354926551312e-02,9.954312533209577207e-01
2.581134200943913451e-02,-5.951656554527342061e-03,7.738560341769968876e-01
7.479502241956157219e-03,2.834400628327913771e-02,8.485219234859097126e-01
-3.118696255799331338e-02,2.243238175075141366e-02,9.909450089554542318e-01
-2.679679195862798291e-02,2.562202739638911458e-02,9.909450089554542318e-01
-1.109345669888510584e-02,-1.064400123451775260e-02,6.177008704962436703e-01
-2.566421436104595818e-02,1.604218053246395451e-02,9.917174834331007327e-01
-2.333148929181359105e-02,4.453216514859602293e-03,6.814561808081269767e-01
-1.378669160374156738e-02,1.056924515102911077e-02,6.337476173439438032e-01
-7.719003363883982297e-03,6.395737252097729274e-03,3.923644853261429866e-01
2.035494700517495939e-02,-2.450316948308826903e-02,8.966406996248665884e-01
1.576194479713487195e-02,-2.070825593368650491e-02,9.063914469381076922e-01
-3.108745979431399090e-02,9.490024938837491805e-03,9.943779801321965817e-01
-7.970032107568058785e-03,1.612790853856761047e-02,5.865477899848829946e-01
1.269393242478245899e-02,-1.718083456446416191e-02,8.446674597276655483e-01
1.147068482612980181e-02,-9.641415473619813908e-03,8.411424021626662251e-01
2.746666007754172689e-02,-3.857311474766155195e-03,8.294200300043974572e-01
4.161524055304728457e-03,-3.493930696903922717e-04,3.172102596774832861e-01
-5.050493177376076150e-03,-3.841771183418705039e-03,3.024243509781789907e-01
9.940774440173091864e-03,-4.895827625592306422e-03,4.664215716246990495e-01
-1.016742285139207204e-02,4.222161918416474265e-03,4.877100538591955803e-01
-1.023614285219610030e-02,2.865790417227975697e-03,4.809699926128124803e-01
-1.786787642601334741e-02,2.895403854079682190e-02,9.051182784228242184e-01
-1.190307852998855054e-02,-2.230536160875542379e-02,7.682212181839720433e-01
9.988893044434359395e-04,-2.928664419521307544e-02,8.519477726354756086e-01
-2.610924274807784745e-02,-4.135532216093543156e-03,7.819711748846621679e-01
5.376543868070306730e-04,-1.088073469081867091e-02,5.129000637139973229e-01
3.197426619433888645e-02,1.486184244558883981e-03,8.912916559166481623e-01
4.833997610891842787e-03,-2.895339198486407417e-02,9.052308723811590685e-01
-1.703569518553452525e-02,4.260117760867148697e-03,6.238861217554652061e-01
1.094972724451203847e-02,-2.818003394462539543e-02,8.549507536432452426e-01
-1.641155607195938365e-02,5.353335231530591438e-03,6.315358653292055813e-01
-1.441083071731670898e-02,9.476027680365668032e-03,6.260978737702034280e-01
7.393521716432532344e-03,1.121483174572197525e-02,7.636926139193401797e-01
-1.686857354609924697e-02,-7.111867627507647421e-03,5.906912617708304225e-01
-6.583150968150903483e-03,-1.247149035294248948e-02,7.116385506528535299e-01
-3.432888481327771302e-03,-1.071457645099650573e-02,5.314104097181183706e-01
-1.486064762585101451e-02,5.241745071700018230e-04,5.300864449403939194e-01
-3.475302633897707494e-02,-7.261785642440926614e-03,9.486823367000591922e-01
-2.190976834981701697e-03,-1.074121271404085247e-02,5.347477045749604585e-01
1.363904888588972006e-02,1.982347413034078742e-02,7.799797864221720278e-01
4.046864609026317935e-03,1.205148959406454438e-02,7.771895950352831761e-01
5.554824905271385505e-03,2.594215574218205079e-03,7.773891106237060811e-01
-2.148429985557268052e-03,9.784602849178520786e-03,7.759773471483343288e-01
-2.769344961227930557e-02,-2.552954524575677328e-02,9.883171224466229532e-01
8.424330718194577433e-03,-9.333535575697729514e-03,8.481943108162368627e-01
2.503190318002739001e-02,-1.598829620222658524e-02,8.491710508971539451e-01
2.958959603568505486e-02,-1.818987447833707652e-02,9.511686846522732219e-01
1.196601746060242666e-02,-1.945174852570127899e-02,7.093498988163481345e-01
1.214551794599239877e-02,9.790987990655839607e-05,3.660164330378180009e-01
-1.299730064851930926e-03,1.552590362885201795e-02,6.217559685696427696e-01
2.285182166207665871e-02,1.204496896671515029e-02,7.742763548887811043e-01
-2.517093396969547273e-04,-1.067473504327345890e-02,5.574273913512086676e-01
-4.344354940719356503e-03,-1.141560581052842790e-02,5.630541736157468335e-01
-1.517022453222877272e-02,2.113191963812996801e-03,4.153499490964871477e-01
1.041509288024341541e-02,-2.805453537601663994e-02,8.477158899350085708e-01
-5.343713061747884518e-03,3.115066848241778569e-02,8.859921679819873219e-01
1.331657714758749736e-02,4.721939720566113372e-03,6.657517862211028703e-01
2.173082614784163646e-02,1.395093190826736818e-03,6.624964371271346852e-01
-3.417245076121842862e-02,-1.157399928120165025e-02,9.591444069324486232e-01
3.797146408207331160e-03,1.526298240103135528e-02,4.385861224295919403e-01
-4.162614585612732163e-03,-1.367626527100643079e-02,4.325717450357509097e-01
-2.943806371679790271e-02,-1.686077038390412092e-02,9.544574534297878277e-01
-4.581573903834732994e-03,-2.099821689269578892e-03,3.725907447032553721e-01
9.997418042054952506e-03,-7.536246540784460532e-03,3.583895109604630647e-01
-6.022032001871808343e-03,-1.216243197836859580e-02,6.431483269578477380e-01
7.371374890475359230e-03,-2.659740093917870724e-02,9.920271347428093467e-01
-2.161472080534238005e-02,2.862342796195267366e-02,9.848701544250293427e-01
8.283258044273671475e-04,-3.037667546592413663e-03,2.452750049738307847e-01
-1.411369220058304903e-02,-8.980401866673762973e-03,5.662329431671122570e-01
2.218719014101732875e-04,1.333334297358538438e-03,2.557811176023210287e-01
-2.989370373293293026e-02,-1.393099921327521293e-02,9.878199219699226319e-01
-1.597387224726209629e-02,-2.814217525633369577e-02,8.713676168802755306e-01
-3.395799102309374207e-03,8.899009923473120282e-03,6.003629990303760433e-01
3.710072345001697719e-02,-6.862440664825887951e-03,9.862464355046764997e-01
-1.333794521297986674e-02,-1.949419634487323336e-03,9.812592431033908547e-01
-1.107435682401171698e-02,-3.528542840166414007e-02,9.953271064408565350e-01
-1.920527373658483927e-03,-2.816904043068006909e-03,2.511302035413163769e-01
6.276250670375136190e-03,6.051063429640558128e-04,2.503731351636036551e-01
2.915490156052435479e-03,2.592111019759599927e-02,9.027538673734588626e-01
3.110539634275249349e-02,3.478224364490352426e-04,8.663453518587749258e-01
-9.915722452802689518e-03,-1.017565534753278947e-02,6.310799487293859977e-01
-7.843454912934448228e-03,-1.141021580576743154e-02,6.372832683507717588e-01
1.138464126499459661e-02,2.310407172238645307e-02,8.127595520321786449e-01
-3.537340999824685472e-02,6.657774943809095965e-03,9.285028321374941829e-01
3.462335472001623095e-03,-4.004797090024152240e-03,4.209937969218721099e-01
-7.868198414391486262e-04,4.711037691336230834e-03,4.218541705009282161e-01
-2.130123628382910375e-02,-1.892971003355379753e-02,8.338480231599898485e-01
1.021749619720042912e-02,-6.626985123776693055e-03,6.421468334079396545e-01
3.182095863666150985e-03,-1.300548790723873686e-02,7.873412575425784432e-01
-3.133607965281780348e-03,-1.644721209346059615e-02,7.797969290137649612e-01
-1.876815516424207644e-02,2.286001000670793981e-02,8.307575666526261227e-01
6.809349096912605676e-03,-1.055078371162477407e-02,8.645410303601859248e-01
3.586495503987292312e-03,5.747071037348534285e-03,8.695238498038023733e-01
1.864787172974433516e-03,-1.831533588886789798e-02,7.267392713023894668e-01
2.938467223424979374e-02,-9.748628080420379191e-03,8.723654950337992320e-01
-7.071095188329535458e-03,4.389993787892308708e-03,4.314879224283687531e-01
8.658471276827733529e-03,2.425541543087884194e-02,8.184168219231415797e-01
2.496631387910366873e-02,-2.494906472375678363e-03,7.484496975111130102e-01
-6.171101536220096120e-03,-4.199693021818685749e-03,2.551880375576761617e-01
-1.123496474898666615e-02,5.215001622171259316e-03,3.806081189740740944e-01
7.368260041844656820e-03,7.898059174983545691e-03,4.778109926530785811e-01
-1.403093999154732090e-02,-5.840243712511072882e-03,6.713470114567723357e-01
-1.990538547575644926e-02,2.990564746894414788e-02,9.784782196471173421e-01
-1.251510469816955774e-02,-1.154513987037154681e-02,8.580311313776374238e-01
-4.124493378356650607e-03,4.373839107415565183e-03,4.177378503729750614e-01
-1.087206106924432265e-02,3.308249865004681250e-03,4.959043690279191230e-01
-1.080005185226286420e-02,-4.180875818424735664e-03,4.984201993855754687e-01
-2.513896755548656464e-02,-3.005829918938244735e-03,9.822230607237588673e-01
1.290509813598404807e-03,2.267225751736470438e-02,8.546580825108727186e-01
-1.582391832074211968e-02,8.879233578488214193e-03,8.669839905598013541e-01
3.348305530169700533e-02,-1.804710144569798835e-02,9.768379638643363005e-01
-1.547612039666958900e-02,2.161820642925026820e-02,7.848563807720312369e-01
-8.655250047646220052e-03,1.642123951978189875e-02,7.810260324929656495e-01
-7.147289751401152483e-03,6.963965499935559009e-03,7.812255480813885544e-01
-8.767439129675161369e-03,6.391016929284370172e-03,5.975600896514596805e-01
-7.955289233658799711e-03,6.781269437146474760e-03,6.046959915436778132e-01
3.217167682572528997e-02,-1.698968517964440095e-02,9.398132034775742438e-01
2.176662694564943101e-03,5.857834026622414474e-03,4.138806004872297439e-01
-9.692831480632666322e-03,-7.218236486345152789e-03,4.112499862788911997e-01
-7.770467834746254410e-03,-3.093335859183567182e-03,4.127939905746366156e-01
6.195632676888763318e-04,9.631473901940829085e-04,4.116111554386914229e-01
-1.302800378197535580e-03,-3.161753236967502698e-03,4.100671511429460070e-01
9.570337755724786510e-03,9.791197666582356768e-03,6.672242733077031751e-01
1.536842075124390285e-02,-7.003374747819946303e-04,4.093594036575624040e-01
-2.562652678418177871e-02,-1.597632218517204550e-02,8.346588700891521828e-01
3.088973677987148433e-02,-1.635974856521784510e-02,9.500075189077261673e-01
4.166809559753292813e-03,-1.729980655363741807e-02,7.189685367308034092e-01
2.245130330687674855e-03,-4.128417913419064021e-03,2.063048678494658339e-01
-1.239686914624226009e-03,2.129575367891848800e-04,2.077667138883549369e-01
5.864783302105136195e-03,3.857368631280657864e-03,4.087425375385558279e-01
-3.095815197422965154e-03,-2.599786190538759881e-03,4.005348871002648581e-01
1.727774554181622096e-04,3.135858514434824648e-04,3.317908172842505277e-01
1.037045306717588287e-02,-8.119718033721617240e-03,9.491770025634782559e-01
-1.130462418025142326e-03,-2.103850523982788573e-04,2.906198638006992074e-01
7.609130731422893146e-03,-1.107060452467609722e-02,5.275361951321807519e-01
1.691416267208169927e-04,3.089374514876402564e-04,3.570398030174706250e-01
4.024157358744600427e-04,1.231486426286777444e-02,5.575290811390235524e-01
-9.181202595121370656e-04,-1.145765684741484672e-02,5.085314115757294529e-01
-7.498856435214900501e-04,3.618595741175780964e-04,4.196068888638388450e-01
9.897335998710794780e-03,1.285147275503654984e-02,6.632214407560284020e-01
1.153125538661376598e-02,-7.213398250705936252e-03,8.331430107964841181e-01
6.471714890077777046e-03,-7.143391953451633421e-03,3.366761120837145627e-01
-3.273543757085082737e-04,-1.670368848213141938e-02,6.030446637617244976e-01
1.147773633672543626e-03,-1.125638535294577920e-02,7.770959146436020593e-01
-1.427928360461887952e-03,-5.458974347056647428e-03,2.807645456032700215e-01
2.898223121658330230e-03,-8.934345928432101819e-03,4.418153852756728783e-01
-1.193484588521285736e-02,-1.394723008578382939e-02,7.154174012924235937e-01
-1.094948091987382223e-02,6.342471251288521591e-04,4.922714900195035437e-01
1.726276355806393575e-03,3.089094287385788645e-02,8.541822700613048713e-01
-9.623124109169493151e-03,-1.025590712252074169e-02,4.080014148176661637e-01
8.926845613774029090e-03,-4.062723716195315582e-03,9.717721859243872995e-01
1.006905202819491016e-02,8.884555897117268203e-03,6.596015574099211021e-01
7.361600645009957165e-03,-1.082057777162425197e-02,5.201578207063231041e-01
4.524325106566895981e-03,2.183955817629753063e-02,7.349061618212652247e-01
6.568454817197853270e-03,3.361058494717415746e-02,9.475269906012541155e-01
-1.702045956027219489e-02,-3.859880816168426241e-03,6.294379007811629068e-01
-4.999040956962261771e-03,9.077694355477960303e-03,4.204672624428950067e-01
-3.063233351963186302e-03,1.391626922006744711e-02,4.215940290343427321e-01
2.191413955637456362e-02,-1.992514447123691634e-02,8.497921648022466190e-01
-2.635027500722511486e-04,1.932024790788719470e-02,5.735674558928891553e-01
-4.194765499974250841e-03,1.292514323526243111e-02,5.550658217280866058e-01
-4.530643491527932068e-03,-3.859798085992705366e-03,3.157549381568102720e-01
-1.021394668710213713e-02,-4.348248688099213546e-04,4.769422660656083002e-01
-2.397955737634870077e-03,-4.513298349364596937e-04,3.771501764265305368e-01
-6.930091184880403724e-03,-2.243256335176862723e-02,8.831475883824817519e-01
-1.352293751911562425e-02,2.675569756378606487e-03,4.324050484181708454e-01
-3.694064968790349967e-03,-2.100407583113641889e-03,3.462760975954290998e-01
2.517767106262583550e-04,-2.625908176170400898e-05,3.434714215510015767e-01
-5.632956716469017522e-03,-7.760518772695370465e-03,3.432453501811426611e-01
6.944245168224861056e-03,-2.850250957457104405e-03,3.696234153201676809e-01
-1.247002891999914563e-03,1.994009118547052529e-03,3.658142347292727137e-01
8.238826086235157345e-03,-2.294691312202674048e-03,3.629499884293909129e-01
7.421882728981202965e-03,8.752055267708990297e-03,4.110119825870942045e-01
7.190999266269378944e-04,3.078350539292718652e-04,3.491447794410779126e-01
1.260522717052839706e-02,2.228426159548089515e-03,4.057689005891057521e-01
-2.133423651068911200e-03,-5.307170481168176426e-03,3.354011836568564497e-01
4.709591003621489344e-03,7.086687391068078462e-04,4.330745324383458161e-01
-5.104283105126932590e-03,-6.274134268290076574e-03,4.070795180367912103e-01
-9.538242839910353668e-04,2.902785582235053660e-02,8.584555276439387317e-01
-1.742251327164599881e-03,-1.005755292406894374e-03,4.339916584281478529e-01
-1.771015246917310992e-02,1.665107362731393838e-03,6.290145561303235322e-01
