-3.000000000000000000e+00,-7.347880794884108889e-16,-5.000000000000000000e+00
-3.000000000000000000e+00,-7.347880794884108889e-16,5.000000000000000000e+00
-2.929861667130260194e+00,6.449113206330712167e-01,-5.000000000000000000e+00
-2.722726259012872241e+00,1.259667304680792022e+00,-5.000000000000000000e+00
-2.388279197116933261e+00,1.815522645581292949e+00,-5.000000000000000000e+00
-1.942158854345486851e+00,2.286486165382906499e+00,-5.000000000000000000e+00
-1.405225322099375784e+00,2.650536133338066147e+00,-5.000000000000000000e+00
-8.025850155876699255e-01,2.890649977557667061e+00,-5.000000000000000000e+00
-1.624167257562614819e-01,2.995600241553371124e+00,-5.000000000000000000e+00
4.853459896582836830e-01,2.960479567624580532e+00,-5.000000000000000000e+00
1.110414466019733482e+00,2.786930159450378142e+00,-5.000000000000000000e+00
1.683561196087136835e+00,2.483066994470678690e+00,-5.000000000000000000e+00
2.177986475769383645e+00,2.063098376560279501e+00,-5.000000000000000000e+00
2.570571528502759495e+00,1.546661571531078527e+00,-5.000000000000000000e+00
2.842959513548402040e+00,9.579045904079557250e-01,-5.000000000000000000e+00
2.982413871463077015e+00,3.243570552718429978e-01,-5.000000000000000000e+00
2.982413871463081012e+00,-3.243570552718051947e-01,-5.000000000000000000e+00
2.842959513548414474e+00,-9.579045904079197538e-01,-5.000000000000000000e+00
2.570571528502778591e+00,-1.546661571531047219e+00,-5.000000000000000000e+00
2.177986475769405850e+00,-2.063098376560255520e+00,-5.000000000000000000e+00
1.683561196087163037e+00,-2.483066994470660482e+00,-5.000000000000000000e+00
1.110414466019755686e+00,-2.786930159450369260e+00,-5.000000000000000000e+00
4.853459896583074418e-01,-2.960479567624576536e+00,-5.000000000000000000e+00
-1.624167257562394717e-01,-2.995600241553372012e+00,-5.000000000000000000e+00
-8.025850155876501635e-01,-2.890649977557671946e+00,-5.000000000000000000e+00
-1.405225322099361573e+00,-2.650536133338073697e+00,-5.000000000000000000e+00
-1.942158854345477526e+00,-2.286486165382914049e+00,-5.000000000000000000e+00
-2.388279197116927044e+00,-1.815522645581300720e+00,-5.000000000000000000e+00
-2.722726259012869576e+00,-1.259667304680797351e+00,-5.000000000000000000e+00
-2.929861667130260194e+00,-6.449113206330732151e-01,-5.000000000000000000e+00
-2.982413871463078792e+00,3.243570552718247901e-01,-5.000000000000000000e+00
-2.842959513548407813e+00,9.579045904079385165e-01,-5.000000000000000000e+00
-2.570571528502769265e+00,1.546661571531062762e+00,-5.000000000000000000e+00
-2.177986475769395192e+00,2.063098376560267511e+00,-5.000000000000000000e+00
-1.683561196087151934e+00,2.483066994470668476e+00,-5.000000000000000000e+00
-1.110414466019749913e+00,2.786930159450371480e+00,-5.000000000000000000e+00
-4.853459896583024458e-01,2.960479567624576980e+00,-5.000000000000000000e+00
1.624167257562424971e-01,2.995600241553372012e+00,-5.000000000000000000e+00
8.025850155876522729e-01,2.890649977557671946e+00,-5.000000000000000000e+00
1.405225322099360685e+00,2.650536133338073697e+00,-5.000000000000000000e+00
1.942158854345473751e+00,2.286486165382917157e+00,-5.000000000000000000e+00
2.388279197116922603e+00,1.815522645581307160e+00,-5.000000000000000000e+00
2.722726259012864247e+00,1.259667304680808897e+00,-5.000000000000000000e+00
2.929861667130256642e+00,6.449113206330883141e-01,-5.000000000000000000e+00
3.000000000000000000e+00,1.901914085344683532e-14,-5.000000000000000000e+00
2.929861667130264635e+00,-6.449113206330513437e-01,-5.000000000000000000e+00
2.722726259012880234e+00,-1.259667304680774480e+00,-5.000000000000000000e+00
2.388279197116943031e+00,-1.815522645581280070e+00,-5.000000000000000000e+00
1.942158854345496621e+00,-2.286486165382897617e+00,-5.000000000000000000e+00
1.405225322099385998e+00,-2.650536133338060374e+00,-5.000000000000000000e+00
8.025850155876741443e-01,-2.890649977557665729e+00,-5.000000000000000000e+00
1.624167257562644795e-01,-2.995600241553370680e+00,-5.000000000000000000e+00
-4.853459896582826283e-01,-2.960479567624580532e+00,-5.000000000000000000e+00
-1.110414466019732593e+00,-2.786930159450378142e+00,-5.000000000000000000e+00
-1.683561196087139944e+00,-2.483066994470676470e+00,-5.000000000000000000e+00
-2.177986475769388974e+00,-2.063098376560273728e+00,-5.000000000000000000e+00
-2.570571528502764824e+00,-1.546661571531069868e+00,-5.000000000000000000e+00
-2.842959513548406925e+00,-9.579045904079421803e-01,-5.000000000000000000e+00
-2.982413871463078348e+00,-3.243570552718274547e-01,-5.000000000000000000e+00
-3.000000000000000000e+00,-7.347880794884108889e-16,4.374999999999998224e+00
-3.000000000000000000e+00,-7.347880794884108889e-16,3.749999999999997335e+00
-3.000000000000000000e+00,-7.347880794884108889e-16,3.124999999999994671e+00
-3.000000000000000000e+00,-7.347880794884108889e-16,2.499999999999992450e+00
-3.000000000000000000e+00,-7.347880794884108889e-16,1.874999999999990230e+00
-3.000000000000000000e+00,-7.347880794884108889e-16,1.249999999999987566e+00
-3.000000000000000000e+00,-7.347880794884108889e-16,6.249999999999857891e-01
-3.000000000000000000e+00,-7.347880794884108889e-16,-1.687538997430237941e-14
-3.000000000000000000e+00,-7.347880794884108889e-16,-6.250000000000159872e-01
-3.000000000000000000e+00,-7.347880794884108889e-16,-1.250000000000014211e+00
-3.000000000000000000e+00,-7.347880794884108889e-16,-1.875000000000011546e+00
-3.000000000000000000e+00,-7.347880794884108889e-16,-2.500000000000008882e+00
-3.000000000000000000e+00,-7.347880794884108889e-16,-3.125000000000007105e+00
-3.000000000000000000e+00,-7.347880794884108889e-16,-3.750000000000005329e+00
-3.000000000000000000e+00,-7.347880794884108889e-16,-4.375000000000001776e+00
-3.000000000000000000e+00,-7.347880794884108889e-16,4.687499999999999112e+00
-3.000000000000000000e+00,-7.347880794884108889e-16,4.062499999999997335e+00
-3.000000000000000000e+00,-7.347880794884108889e-16,3.437499999999996003e+00
-3.000000000000000000e+00,-7.347880794884108889e-16,2.812499999999993783e+00
-3.000000000000000000e+00,-7.347880794884108889e-16,2.187499999999991118e+00
-3.000000000000000000e+00,-7.347880794884108889e-16,1.562499999999988898e+00
-3.000000000000000000e+00,-7.347880794884108889e-16,9.374999999999866773e-01
-3.000000000000000000e+00,-7.347880794884108889e-16,3.124999999999840128e-01
-3.000000000000000000e+00,-7.347880794884108889e-16,-3.125000000000168754e-01
-3.000000000000000000e+00,-7.347880794884108889e-16,-9.375000000000150990e-01
-3.000000000000000000e+00,-7.347880794884108889e-16,-1.562500000000012434e+00
-3.000000000000000000e+00,-7.347880794884108889e-16,-2.187500000000010658e+00
-3.000000000000000000e+00,-7.347880794884108889e-16,-2.812500000000007994e+00
-3.000000000000000000e+00,-7.347880794884108889e-16,-3.437500000000007105e+00
-3.000000000000000000e+00,-7.347880794884108889e-16,-4.062500000000003553e+00
-3.000000000000000000e+00,-7.347880794884108889e-16,-4.687500000000000000e+00
-2.929861667130260194e+00,6.449113206330712167e-01,5.000000000000000000e+00
-2.722726259012872241e+00,1.259667304680792022e+00,5.000000000000000000e+00
-2.388279197116933261e+00,1.815522645581292949e+00,5.000000000000000000e+00
-1.942158854345486851e+00,2.286486165382906499e+00,5.000000000000000000e+00
-1.405225322099375784e+00,2.650536133338066147e+00,5.000000000000000000e+00
-8.025850155876699255e-01,2.890649977557667061e+00,5.000000000000000000e+00
-1.624167257562614819e-01,2.995600241553371124e+00,5.000000000000000000e+00
4.853459896582836830e-01,2.960479567624580532e+00,5.000000000000000000e+00
1.110414466019733482e+00,2.786930159450378142e+00,5.000000000000000000e+00
1.683561196087136835e+00,2.483066994470678690e+00,5.000000000000000000e+00
2.177986475769383645e+00,2.063098376560279501e+00,5.000000000000000000e+00
2.570571528502759495e+00,1.546661571531078527e+00,5.000000000000000000e+00
2.842959513548402040e+00,9.579045904079557250e-01,5.000000000000000000e+00
2.982413871463077015e+00,3.243570552718429978e-01,5.000000000000000000e+00
2.982413871463081012e+00,-3.243570552718051947e-01,5.000000000000000000e+00
2.842959513548414474e+00,-9.579045904079197538e-01,5.000000000000000000e+00
2.570571528502778591e+00,-1.546661571531047219e+00,5.000000000000000000e+00
2.177986475769405850e+00,-2.063098376560255520e+00,5.000000000000000000e+00
1.683561196087163037e+00,-2.483066994470660482e+00,5.000000000000000000e+00
1.110414466019755686e+00,-2.786930159450369260e+00,5.000000000000000000e+00
4.853459896583074418e-01,-2.960479567624576536e+00,5.000000000000000000e+00
-1.624167257562394717e-01,-2.995600241553372012e+00,5.000000000000000000e+00
-8.025850155876501635e-01,-2.890649977557671946e+00,5.000000000000000000e+00
-1.405225322099361573e+00,-2.650536133338073697e+00,5.000000000000000000e+00
-1.942158854345477526e+00,-2.286486165382914049e+00,5.000000000000000000e+00
-2.388279197116927044e+00,-1.815522645581300720e+00,5.000000000000000000e+00
-2.722726259012869576e+00,-1.259667304680797351e+00,5.000000000000000000e+00
-2.929861667130260194e+00,-6.449113206330732151e-01,5.000000000000000000e+00
-2.982413871463078792e+00,3.243570552718247901e-01,5.000000000000000000e+00
-2.842959513548407813e+00,9.579045904079385165e-01,5.000000000000000000e+00
-2.570571528502769265e+00,1.546661571531062762e+00,5.000000000000000000e+00
-2.177986475769395192e+00,2.063098376560267511e+00,5.000000000000000000e+00
-1.683561196087151934e+00,2.483066994470668476e+00,5.000000000000000000e+00
-1.110414466019749913e+00,2.786930159450371480e+00,5.000000000000000000e+00
-4.853459896583024458e-01,2.960479567624576980e+00,5.000000000000000000e+00
1.624167257562424971e-01,2.995600241553372012e+00,5.000000000000000000e+00
8.025850155876522729e-01,2.890649977557671946e+00,5.000000000000000000e+00
1.405225322099360685e+00,2.650536133338073697e+00,5.000000000000000000e+00
1.942158854345473751e+00,2.286486165382917157e+00,5.000000000000000000e+00
2.388279197116922603e+00,1.815522645581307160e+00,5.000000000000000000e+00
2.722726259012864247e+00,1.259667304680808897e+00,5.000000000000000000e+00
2.929861667130256642e+00,6.449113206330883141e-01,5.000000000000000000e+00
3.000000000000000000e+00,1.901914085344683532e-14,5.000000000000000000e+00
2.929861667130264635e+00,-6.449113206330513437e-01,5.000000000000000000e+00
2.722726259012880234e+00,-1.259667304680774480e+00,5.000000000000000000e+00
2.388279197116943031e+00,-1.815522645581280070e+00,5.000000000000000000e+00
1.942158854345496621e+00,-2.286486165382897617e+00,5.000000000000000000e+00
1.405225322099385998e+00,-2.650536133338060374e+00,5.000000000000000000e+00
8.025850155876741443e-01,-2.890649977557665729e+00,5.000000000000000000e+00
1.624167257562644795e-01,-2.995600241553370680e+00,5.000000000000000000e+00
-4.853459896582826283e-01,-2.960479567624580532e+00,5.000000000000000000e+00
-1.110414466019732593e+00,-2.786930159450378142e+00,5.000000000000000000e+00
-1.683561196087139944e+00,-2.483066994470676470e+00,5.000000000000000000e+00
-2.177986475769388974e+00,-2.063098376560273728e+00,5.000000000000000000e+00
-2.570571528502764824e+00,-1.546661571531069868e+00,5.000000000000000000e+00
-2.842959513548406925e+00,-9.579045904079421803e-01,5.000000000000000000e+00
-2.982413871463078348e+00,-3.243570552718274547e-01,5.000000000000000000e+00
2.388279197116922603e+00,1.815522645581307160e+00,4.438472417421094107e+00
2.929861667130264635e+00,-6.449113206330513437e-01,4.438472417421093219e+00
1.404896959708155979e+00,-2.650710194005142739e+00,-4.438614548665499981e+00
8.164498059207386804e-01,2.886764575508710795e+00,-4.428413311912040129e+00
-2.951171875000000444e+00,5.390589617184573523e-01,3.124999999999849010e-01
-2.960272595700276010e+00,-4.866067808261116401e-01,3.176463566350822276e-01
2.929826440467086623e+00,6.450713361636526422e-01,-4.439742531909098844e+00
8.026656220541137365e-01,-2.890627596071912109e+00,4.442332679471146406e+00
-2.942008481242357920e+00,-5.870145622538128771e-01,-1.614977639493115902e+00
-2.951171875000147882e+00,5.390589617176511084e-01,-1.562500000000012434e+00
1.624167257562424971e-01,2.995600241553372012e+00,4.438472417421089666e+00
-1.119397877026177435e+00,-2.783334042638304417e+00,4.437551216865302628e+00
-2.935574361147854638e+00,6.183875566110342836e-01,2.226415444412575440e+00
-1.111455665198504139e+00,-2.786515082374066310e+00,-4.438533785934904330e+00
-1.089599082740207336e+00,2.795133957235627520e+00,-4.430784316146556989e+00
-2.951171874996196820e+00,-5.390589617392826938e-01,2.187499999999991118e+00
2.722719025194802356e+00,-1.259682940204505108e+00,-4.438567245303445929e+00
-1.638139214355504913e+00,2.513264791937118936e+00,4.459618315505935904e+00
-2.946099818933556325e+00,-5.661235349989128807e-01,-2.808302449351767649e+00
-2.951171874999948042e+00,5.390589617187435678e-01,-2.812500000000007994e+00
-2.556747538240453643e+00,-1.569408176893883011e+00,4.462239446846190560e+00
-2.542999672134849121e+00,1.591588096060676971e+00,4.470229395980085840e+00
-2.177943610566703825e+00,-2.063143627862992435e+00,-4.439764619422614800e+00
1.554406119686958798e-01,-2.995970329651279851e+00,-4.440259842648464073e+00
-2.174344133442936755e+00,2.066936764722685727e+00,-4.435913991957161073e+00
1.403484056876348474e+00,2.651458561262820979e+00,4.439738206579241009e+00
1.942586133326459130e+00,-2.286123162606895853e+00,4.438876751377915042e+00
2.388243976752598474e+00,1.815568976245445221e+00,-4.438497846727432972e+00
2.929861667130256642e+00,6.449113206330883141e-01,4.438472417421092331e+00
-2.951171875000000000e+00,-5.390589617184602389e-01,3.437499999999996003e+00
-2.951171875000000000e+00,5.390589617184606830e-01,3.437499999999996003e+00
-2.847644736339610461e+00,9.438852979029335177e-01,-4.438802558566544931e+00
-2.822264036412789334e+00,-1.017263834396460842e+00,-4.462641941515691713e+00
-2.560714705878149644e+00,-1.562926804140034598e+00,-4.446703487674614763e+00
-2.387406894011645520e+00,-1.816669568861015716e+00,-3.882016283986750693e+00
-1.946171432050957328e+00,-2.283071780971576370e+00,-3.879973718961068130e+00
-2.180708516488365056e+00,-2.060220950799965589e+00,-3.325241516700202737e+00
-1.693004990580732283e+00,-2.476637660593235424e+00,-3.323575868312147463e+00
-1.948717346223709068e+00,-2.280899100032008242e+00,-2.769569306149212373e+00
-1.420624404826714704e+00,-2.642314572569046671e+00,-2.767674521572848434e+00
-1.695685674512274366e+00,-2.474803041305277951e+00,-2.214554748789436367e+00
-1.131833531448138475e+00,-2.778300354009558326e+00,-2.212444234304260071e+00
-1.423373257961785043e+00,-2.640834824164368655e+00,-1.659376783792484211e+00
-8.301957168457796410e-01,-2.882841492647648440e+00,-1.656877207616938463e+00
-1.134920182729970417e+00,-2.777040903341571276e+00,-1.102166165209186310e+00
-5.184492813624129726e-01,-2.954862152902364425e+00,-1.100463362006677492e+00
-8.337077816526230478e-01,-2.881827776743756342e+00,-5.435865418574579166e-01
-2.003616926637106221e-01,-2.993301720861586190e+00,-5.430520725670184845e-01
-5.221163879301701227e-01,-2.954216389747838178e+00,1.300882248455526025e-02
1.200919924610046319e-01,-2.997595355171665865e+00,1.450034164775892975e-02
4.426699901803969883e-01,-2.967160811245943997e+00,-5.417206468704893751e-01
7.569895752014237367e-01,-2.902923833488637584e+00,1.634735051620062052e-02
1.066187011117758487e+00,-2.804147866522694876e+00,-5.404623247134523467e-01
1.360134929330636844e+00,-2.673954557208245486e+00,1.850410440642669130e-02
1.641227363139423634e+00,-2.511249239418981816e+00,-5.389992205108615764e-01
1.900712252593524942e+00,-2.321054271843044692e+00,2.085809083057199587e-02
2.140902132381280687e+00,-2.101556104310633444e+00,-5.373717780337132766e-01
2.353828869994504469e+00,-1.859970335994742374e+00,2.260480465764125313e-02
2.541181393191406457e+00,-1.594489613292536578e+00,-5.354410381923280227e-01
2.697630394829803269e+00,-1.312551047727439357e+00,2.466815328506477556e-02
2.823908430678244041e+00,-1.012690068650984987e+00,-5.334795512645591486e-01
2.916352721850588026e+00,-7.034819128838121216e-01,2.621282569376504057e-02
2.975472765334320702e+00,-3.828339362618358166e-01,-5.316592999798066543e-01
2.999379783099361596e+00,-6.099931749475156345e-02,2.814518260015663742e-02
2.988277064184112319e+00,2.649531801492208127e-01,-5.304247518008713413e-01
2.942504738536610986e+00,5.845219103588770171e-01,3.083183988400239883e-02
2.861690053459804872e+00,9.004054852838347944e-01,-5.287058399108426343e-01
2.748369412219009877e+00,1.202690971937069975e+00,3.292355657118051226e-02
2.601590036904815939e+00,1.493897345829892309e+00,-5.262898571752696597e-01
2.426063706443542856e+00,1.764713827303854732e+00,3.491275834413531953e-02
2.219738568499025178e+00,2.018108195196159471e+00,-5.241373748438533653e-01
1.990523069753203700e+00,2.244508389108911928e+00,3.695482584313136698e-02
1.734754626197240857e+00,2.447575614130699684e+00,-5.221168508622406890e-01
1.462760535493373926e+00,2.619223475727708639e+00,3.841564244122608329e-02
1.170171197627777993e+00,2.762372054637530550e+00,-5.202919846633591305e-01
8.674617065168062080e-01,2.871847869878721760e+00,3.974177362018060933e-02
5.518368777148299209e-01,2.948809261446719621e+00,-5.181074821916586970e-01
-2.044286662827393686e-01,-2.993026715617797873e+00,5.698738743134468265e-01
2.539367445105833454e+00,-1.597376905660236712e+00,5.822742013288983998e-01
2.332489557626807597e-01,2.990918742566507582e+00,4.095192141882542103e-02
5.549066088076677339e-01,2.948233141307107452e+00,5.980737028253324539e-01
-8.718721402534411469e-02,2.998732797317976928e+00,5.994478777799985281e-01
2.988533975875409254e+00,2.620394532094694195e-01,5.864905333477583582e-01
2.222404952165105030e+00,2.015171513442966855e+00,5.963972412443387938e-01
-9.095223572996687100e-02,2.998620964846294257e+00,-5.158411803022096009e-01
-8.373497988253959523e-01,-2.880771652597107213e+00,5.682256951394633049e-01
1.459279159275499227e+00,2.621164690610681802e+00,-1.081294802411982836e+00
2.999440068349717770e+00,-5.795926481799866525e-02,-1.089788322289105160e+00
2.355390048953246218e+00,-1.857992927137244177e+00,-1.095892903854764455e+00
-5.263339931060123655e-01,-2.953467881609867618e+00,1.125280764095463404e+00
2.356919920788880241e-01,2.990727216726708271e+00,1.155834418840055999e+00
-4.071484755812746492e-01,2.972243280559625056e+00,1.156568650476370586e+00
-1.142887256258295459e+00,-2.773771569448786778e+00,1.122832422689952647e+00
-1.430572834993830034e+00,-2.636941668633896008e+00,5.661087022866366780e-01
-7.235446877809974531e-01,2.911440036267945786e+00,6.014936623141577954e-01
-1.029714786333652210e+00,2.817745101815606112e+00,1.157245296809006341e+00
-7.217977288182869655e-01,2.911873630271884394e+00,1.711485483813028008e+00
-5.172465720702322800e-01,-2.955072923581005817e+00,-2.213059408653895055e+00
-8.411357539970040209e-01,-2.879668495391074057e+00,1.680754056419953457e+00
-2.078411810691295214e-01,-2.992791680597195914e+00,1.683262811398831271e+00
-1.327628078734957695e+00,2.690242309635793028e+00,5.975509539954053650e-01
-1.323651067142009197e+00,2.692201302364631843e+00,1.712201274973569554e+00
-1.698932441275452732e+00,-2.472575289042141300e+00,-1.105176148531243463e+00
-1.435686649507599277e+00,-2.634160937457247442e+00,1.672923580555067069e+00
2.299947704000397386e-01,2.991170741630880592e+00,-1.073902835008561318e+00
-4.137309088271392543e-01,2.971334167521564762e+00,-1.071521640446296608e+00
-9.459865527587635325e-02,2.998508144798008868e+00,-1.629172233556431593e+00
-7.313334820282282323e-01,2.909493312943761900e+00,-1.626818923012866236e+00
1.638755399346236263e+00,-2.512863056577806731e+00,5.758994835635835585e-01
2.746809825976734398e+00,1.206248639343340923e+00,-1.085348768602837133e+00
1.361979900432469526e+00,-2.673015291916220892e+00,-1.097707201356016959e+00
-4.179113633114200921e-01,2.970749079342648091e+00,-2.184022678438450882e+00
-1.040707051207963030e+00,2.813703757250579418e+00,-2.180851132553874194e+00
-1.333511998124312870e+00,2.687330599471993153e+00,-1.624507211222589120e+00
2.248326027326193466e-01,2.991563186821979414e+00,-2.186922597922683842e+00
-1.614530422963813550e+00,2.528495899408240710e+00,-2.177243749588633648e+00
-1.028671810547719945e+00,2.818126027377852338e+00,2.266185481786194167e+00
-4.063592951624541705e-01,2.972351278573088340e+00,2.266213044113900565e+00
-1.602726995134001520e+00,2.535994120472035540e+00,2.266068832945350220e+00
-1.863646894563245393e+00,2.350919022932259850e+00,1.710516635032883759e+00
-5.302347570395351539e-01,-2.952770072732928686e+00,2.239079433002338693e+00
1.127546111894768693e-01,-2.997880317433554431e+00,2.242058023865083349e+00
-1.873673291139219765e+00,2.342935850182741309e+00,-1.622267444730281838e+00
-9.908437620101605281e-02,2.998363267916824171e+00,-2.743090508167980168e+00
5.432926898966183860e-01,2.950395406230306605e+00,-2.745959408724131912e+00
-2.129654075504945343e-01,-2.992431408601849974e+00,2.796377143259325404e+00
-8.485685347763194386e-01,-2.877487001150060841e+00,2.784594086142610614e+00
4.330465018646563191e-01,-2.968580591330271190e+00,2.798309600452114854e+00
7.518533384120192897e-01,-2.904258348962554415e+00,2.244030847097474357e+00
1.057990108747996594e+00,-2.807250777859256807e+00,2.800839292088605603e+00
1.356500194698456063e+00,-2.675800295571971521e+00,2.246115715737857066e+00
1.635860649242463438e+00,-2.514748483697728965e+00,2.802895581644884171e+00
1.898718388300501214e+00,-2.322685618401583607e+00,2.248275074745159863e+00
2.136588342911951877e+00,-2.105941654683899600e+00,2.810354863060189334e+00
2.352710559417937830e+00,-1.861384705965785535e+00,2.251227532556243194e+00
2.538402151559212783e+00,-1.598910415551652919e+00,2.809210581910296600e+00
2.697357387570008314e+00,-1.313111999686812803e+00,2.253300125636875872e+00
8.682762247686183210e-01,2.871601712895009761e+00,1.155216873176695636e+00
2.822633187561057078e+00,-1.016239090213964635e+00,2.814502518850703350e+00
2.916397234624439783e+00,-7.032973552310012311e-01,2.255855643350527018e+00
2.975021144781214932e+00,-3.863278246575929109e-01,2.817865230547010214e+00
2.999388860871474272e+00,-6.055131113460989617e-02,2.258442474821351187e+00
-7.217633111585594063e-01,2.911882161534946611e+00,2.821292935853140893e+00
-8.675083767152014236e-02,2.998745453045871479e+00,2.822529173692237325e+00
2.988566859015542754e+00,2.616641534371392241e-01,2.820621672487691356e+00
2.942394311270666307e+00,5.850775307615407872e-01,2.260900892204277479e+00
2.862607514274470688e+00,8.974843838303465660e-01,2.823212100459730145e+00
2.747988714923103259e+00,1.203560560443583505e+00,2.264124372684999553e+00
2.603003196705819811e+00,1.491433658577974830e+00,2.825723600610768216e+00
2.425437305233424823e+00,1.765574659532136881e+00,2.267044342132201518e+00
2.221996029996400779e+00,2.015622395856980553e+00,2.828118778046808224e+00
-2.103215543423488043e+00,2.139271927058792766e+00,2.266272164709785208e+00
-2.113587750295098378e+00,2.129024852321481198e+00,-2.174231534394705179e+00
-2.318397735887054445e+00,1.903951663838601593e+00,1.708830212192475884e+00
-2.197618724744820895e+00,-2.042173337562447344e+00,-2.204535844001410005e+00
-1.877152170542939480e+00,2.340149509887334389e+00,-2.728542995440458085e+00
-1.610838724243784048e+00,2.530849383996736091e+00,-1.070960386528853725e+00
-2.109472230622267297e+00,2.133102648311495653e+00,-1.068864098042696220e+00
1.990028869402761913e+00,2.244946569284793636e+00,2.269612203943513595e+00
1.737217487858463860e+00,2.445828162377464920e+00,2.825712392092815772e+00
-1.863663513336266231e+00,2.350905848616470006e+00,2.818597009943280440e+00
-2.318672485441706232e+00,1.903617058458864530e+00,2.818518865469926915e+00
-2.330553186246446806e+00,1.889053161262682856e+00,-2.722921579718803997e+00
-1.869726488739766879e+00,2.346086711378090328e+00,-5.167351018764767545e-01
-2.322967109434300959e+00,1.898373990678983603e+00,-5.167233300935478724e-01
-1.032554661113570749e+00,2.816705677171940092e+00,4.500627208415952651e-02
1.240822342351278890e-01,-2.997432834801677437e+00,3.336855478787771556e+00
1.461985806996209947e+00,2.619655988892747978e+00,2.271395556221378342e+00
2.704790281633434379e+00,-1.297732457936275674e+00,3.360617348565473339e+00
-2.107293512355749687e+00,2.135255032258059682e+00,3.800194613942764477e-02
-1.128011772160904869e+00,-2.779854212340354902e+00,-3.321796519750254362e+00
2.861703679872959150e+00,9.003621763499196629e-01,1.704423237885198450e+00
5.552794236461930932e-01,2.948162946934099082e+00,1.712375478710245869e+00
2.823790497266208011e+00,-1.013018868308513287e+00,1.694112407940054688e+00
8.595520018678957097e-01,2.874225174909734282e+00,-2.189129372981807542e+00
1.162400211143176154e+00,2.765651053393088699e+00,-2.747985426946371490e+00
1.061230256972093722e+00,-2.806027501947716996e+00,1.686804341660061990e+00
-2.515701183731959389e+00,1.634395164631130548e+00,-2.168248616060521883e+00
2.138930105708763740e+00,-2.103563168267760908e+00,1.690563736696880870e+00
1.455308356794864810e+00,2.623371416068077444e+00,-2.191193002732380712e+00
1.728432266955911789e+00,2.452044432416681907e+00,-2.750044955560725590e+00
1.984056407876444883e+00,2.250226693105478404e+00,-2.192832350935934649e+00
2.214069239789480115e+00,2.024326406837107406e+00,-2.752893397986666990e+00
1.440463153560990417e+00,2.631551995160484214e+00,-3.306241803518194189e+00
2.420557494583841063e+00,1.772258845488998924e+00,-2.194675428925741301e+00
2.596912776960241143e+00,1.502013325127526056e+00,-2.754556759206297833e+00
2.744680736874798299e+00,1.211085320127535114e+00,-2.196795855784669627e+00
2.858981543879046239e+00,9.089689388306868567e-01,-2.756433334793333856e+00
2.940848975364430906e+00,5.927961741593632539e-01,-2.198940142542875620e+00
2.987463431221463850e+00,2.739749023441332421e-01,-2.758533928137949509e+00
2.999523871236180028e+00,-5.344666392135385968e-02,-2.201014923617089281e+00
2.976529092301750445e+00,-3.745324587820385021e-01,-2.760522107128347002e+00
2.918055121300747512e+00,-6.963866088965808832e-01,-2.203062595253558520e+00
2.826741501020095804e+00,-1.004754938485329596e+00,-2.763578888391077903e+00
2.999779365524811059e+00,-3.638348762227745781e-02,-3.313256964100421698e+00
2.700761289909465734e+00,-1.306096648386542158e+00,-2.205280510925734738e+00
2.545236152704672961e+00,-1.588009107960377531e+00,-2.764859643772117792e+00
2.357597259297081749e+00,-1.855191408710942014e+00,-2.207846682504030156e+00
2.144777901126248665e+00,-2.097600475505400741e+00,-2.766636362187448128e+00
2.367190343795598118e+00,-1.842935125347844760e+00,-3.317239800272664851e+00
1.904518006257250207e+00,-2.317932519259761737e+00,-2.209522945341449329e+00
1.644901843422551968e+00,-2.508843942038860853e+00,-2.769733489421706274e+00
1.363235392335400142e+00,-2.672375210385725008e+00,-2.212278364076344594e+00
1.069276535047412713e+00,-2.802971225609887984e+00,-2.770760302789098795e+00
2.177902260839670312e-01,2.992084126060344129e+00,-3.298734384936416575e+00
-4.243032044627547128e-01,2.969842889898830496e+00,-3.300188026079805326e+00
1.736426224557779951e+00,2.446389986626828605e+00,1.712608140864543937e+00
2.738153994167995986e+00,1.225770249362355457e+00,-3.310603232289999198e+00
1.171551997229039133e+00,2.761786725615982263e+00,2.823006622653895903e+00
7.601955209996632545e-01,-2.902085934263844536e+00,-2.213721320497676004e+00
4.446511069725013199e-01,-2.966864572754902341e+00,-2.773907185500147143e+00
7.677178385418150786e-01,-2.900105053335944927e+00,-3.326587103677342228e+00
1.282873917393628216e-01,-2.997255802416722847e+00,-3.325093768442917153e+00
-2.511613157142226438e+00,1.640670396170436751e+00,-1.066180166101648119e+00
1.368664846193207385e+00,-2.669598572593812946e+00,3.339346372529370832e+00
-4.114481704691179687e-01,2.971651124041585046e+00,3.374827182590273367e+00
-1.030694157905927666e+00,2.817387008002023130e+00,3.378064021608780720e+00
2.136694465372376284e-01,2.992381220302064104e+00,3.362381152583962862e+00
2.999628738656225480e+00,-4.719565899169503309e-02,3.378643340069532375e+00
-2.102744920521039340e+00,2.139734516061039038e+00,3.366980642572266813e+00
-2.508734148960104271e+00,1.645069290285799068e+00,3.358961959133388575e-02
2.742463778749412828e+00,1.216097209209646257e+00,3.383173376533473053e+00
-2.545313547541311117e+00,1.587885053995617524e+00,3.387296176386877633e+00
1.980409352619697083e+00,2.253437107189022903e+00,3.367618450824318987e+00
-2.568629738897659109e+00,-1.549884274534890860e+00,-3.326400074507112947e+00
-2.118407172438985242e+00,2.124229519557399914e+00,-3.279495761433672385e+00
-2.520175848388936046e+00,1.627486925660881489e+00,-3.275960965413879933e+00
-1.619888293514375244e+00,2.525066715264189465e+00,-3.285321950730075713e+00
-2.321000950852575073e+00,1.900777363644002182e+00,5.823315166512603724e-01
-1.088481578126581084e-01,2.998024696119228061e+00,-3.858142199309158471e+00
2.825490622348740377e+00,-1.008267198226406425e+00,-1.642789969355779256e+00
2.215687019751653608e+00,2.022555569200518821e+00,-1.637000061453866451e+00
-2.668612822711070365e+00,1.370585861032446617e+00,2.818273757532883561e+00
-7.296117101208864364e-01,2.909925557888805692e+00,3.930138771406186393e+00
-2.647091610171055098e+00,1.411703229210024890e+00,5.962354408787851057e-01
-1.882622625436805919e+00,2.335750853621470391e+00,-3.836887944254845806e+00
-7.478710837373849785e-01,2.905286361464127776e+00,-3.856902934743617450e+00
-2.318240762118386478e+00,1.904142791088095699e+00,3.920715341346642013e+00
-2.505744741928195740e+00,1.649619134315311708e+00,1.134883290361640817e+00
-2.791429018880049462e+00,1.099055973349112314e+00,1.171757874172054681e+00
-2.105136000929298312e+00,2.137382141216539910e+00,1.145190672422871980e+00
-1.328460742987492171e+00,2.689831231572181736e+00,-5.146727236715573639e-01
-1.673010942908698340e+00,2.490187620422957160e+00,-4.434323940423810839e+00
-7.267444170147197013e-01,2.910642979195135815e+00,-5.148448946548223049e-01
-2.722079381992517533e+00,-1.261064565409414140e+00,-3.882661978572320649e+00
-2.831184971029244934e+00,-9.921651373728731516e-01,-3.340412476405212772e+00
-2.718638904675996670e+00,-1.268464625435844706e+00,-2.775061031887553931e+00
-2.852311828694795715e+00,-9.296866310148556023e-01,-2.208593089313391822e+00
-2.598995616247981033e+00,-1.498406415737658204e+00,-2.189415283632042630e+00
-2.934775574802944043e+00,-6.221674417229265952e-01,-3.931418443242138849e+00
-1.604913489771838453e+00,2.534610954436278263e+00,1.156237448447291261e+00
-1.685870322832583756e+00,-2.481499799434277342e+00,-4.439587268797550834e+00
-2.325831356352515034e+00,1.894863715892892264e+00,-1.619728882482535326e+00
-2.646490366778745607e+00,1.412830045882129681e+00,-1.634066959418833953e+00
-2.779311007328218341e+00,1.129349513899131185e+00,-2.170309916818414564e+00
-2.808932054799087030e+00,1.053518254005206378e+00,-1.116140612362968909e+00
-2.635707744518656526e+00,1.432844962124086852e+00,-2.693696424417548307e+00
-2.812696967811167514e+00,1.043425017557976453e+00,-3.222925088200241817e+00
-2.682843516372685144e+00,1.342516542414671887e+00,-3.822831375104563278e+00
-2.906037237442106402e+00,7.449480348318620049e-01,-3.814556471117940717e+00
-2.569943925708468857e+00,1.547704176745072546e+00,-4.429164142140525229e+00
-2.670482768201089652e+00,1.366938837234880300e+00,-5.213194774508753682e-01
-2.896919280594083546e+00,7.796529238848912691e-01,-5.136876729525710061e-01
-2.502122655090330383e+00,1.655107917594413669e+00,2.271857321488187420e+00
-2.640822901748268947e+00,1.423395377820882324e+00,1.735697629686895116e+00
-1.138867114221351784e+00,-2.775424597452636810e+00,1.209384217788223026e-02
-1.701968540775694816e+00,-2.470486406805318058e+00,1.046803042492872038e-02
-1.956558237984376669e+00,-2.274176743653727240e+00,5.633123106872126584e-01
-2.186896617064140624e+00,-2.053651184177444300e+00,1.069668495753095527e-02
-2.393043543220384706e+00,-1.809238127016791653e+00,5.611113760567505437e-01
-2.189257985479373225e+00,-2.051133704324220375e+00,1.112449890243838002e+00
-2.571533519397090295e+00,-1.545061603502337011e+00,1.110356173739135421e+00
-2.395518158636816164e+00,-1.805960340550500032e+00,1.659771525206428677e+00
-2.563028909511828157e+00,-1.559128862219735678e+00,3.656197392702509319e-03
-2.391809985446718301e+00,-1.810868574335909198e+00,-5.382881001244932406e-01
-2.715500410624679617e+00,-1.275169604365316012e+00,-5.427605691673429433e-01
-2.579214736639107386e+00,-1.532204732502696842e+00,-1.108063355740621425e+00
-2.680407889295318924e+00,-1.347372831477395172e+00,1.687071449979919535e+00
-2.568008441884618076e+00,-1.550913486436086286e+00,2.212331222789581275e+00
-2.191067327174601953e+00,-2.049200811972303082e+00,2.212553043699948319e+00
-2.397470930968142788e+00,-1.803367165932314276e+00,2.760472871183471621e+00
-1.964075735615447016e+00,-2.267687479518868621e+00,2.762274593085441321e+00
-2.195799426990823200e+00,-2.044129368808826896e+00,3.314287713846284955e+00
-1.712195810815378749e+00,-2.463409325594564603e+00,3.317483828639861798e+00
-1.966358592800351524e+00,-2.265708252295564051e+00,3.872081759503497089e+00
-2.586184740255310643e+00,-1.520410631793454703e+00,3.350326246459112145e+00
-2.816627161545066649e+00,-1.032768818684308698e+00,1.160684721662050389e+00
-1.423037218740088594e+00,-2.641015917044135186e+00,3.878379080444623206e+00
-2.837033130311160001e+00,-9.753168805659315765e-01,-1.086904271533779109e+00
-2.917438328757918420e+00,-6.989660920918860931e-01,-5.705722479689523396e-01
-1.427699898208547369e+00,-2.638498247233699523e+00,-5.445759961725213927e-01
-2.680669609483347315e+00,-1.346852050075433738e+00,5.870376485273096634e-01
-1.966735782055862303e-01,-2.993546308917871546e+00,-2.769935271608430227e+00
-1.325658812658164543e+00,2.691213241722354876e+00,3.912846518955662489e+00
-1.953314418463093283e+00,-2.276963500503288884e+00,-1.662227432902061430e+00
-2.423215772292800274e+00,-1.768622435940302218e+00,-1.666957276367551977e+00
-4.091399777351487077e-01,2.971969797729930196e+00,4.275785958372591011e-02
-2.811743650654209947e+00,1.045991225109338618e+00,4.091447554738358861e-02
-2.394739021917839494e+00,-1.806993363824004550e+00,-2.766946242899729569e+00
8.680968537309786681e-01,2.871655942577796772e+00,2.269134203446064646e+00
-1.149465168486658806e+00,-2.771052115431237528e+00,2.228371586724487319e+00
-7.362173531070975718e-01,2.908261337807174662e+00,-2.738402222733768099e+00
-2.193035745605964593e+00,-2.047094091265589721e+00,-1.109065829305098561e+00
-1.036322395574389210e+00,2.815321632146309483e+00,-1.071916604351160984e+00
-1.608092793128187648e+00,2.532595026586205833e+00,4.137684013309783637e-02
1.173124418409663861e+00,2.761119175068506237e+00,5.970409461551584585e-01
1.172614882055263319e+00,2.761335607705539541e+00,1.712845219147161924e+00
-2.964635083566894647e+00,-4.592807652017583675e-01,1.540449148323424833e+00
-2.729185128987210884e+00,-1.245611709849847593e+00,2.775008262386756464e+00
1.066728063778348723e+00,-2.803942088907632080e+00,-1.655716004419929277e+00
4.440067371248751504e-01,-2.966961074464530945e+00,-1.655962946428759075e+00
1.226896408612289380e-01,-2.997490158787071479e+00,-1.099287570889682542e+00
-2.951171875000146994e+00,5.390589617176553272e-01,2.812499999999993783e+00
-2.951188460305054662e+00,5.389681546828913872e-01,1.562659232562111367e+00
-8.576355729675845530e-02,2.998773851466596696e+00,1.710936670864374065e+00
7.593201443754024060e-01,-2.902315096323230037e+00,-1.098378631589544518e+00
-1.409319963235500017e+00,-2.648361236921029871e+00,-3.880344287915834300e+00
-2.951188460305169237e+00,-5.389681546822646663e-01,4.062340767438104017e+00
-2.830441811846546862e+00,-9.942832341696390408e-01,3.749404256948506209e+00
-2.929164355087763738e+00,-6.480711233215727951e-01,2.796286473691722563e+00
-2.951171875000147438e+00,5.390589617176542170e-01,4.062499999999998224e+00
-2.808489301787279402e+00,1.054697986035054491e+00,3.744702271782246239e+00
-4.897516673368084716e-01,-2.959753926315634942e+00,-4.440861916626674955e+00
-8.166253690918656716e-01,-2.886714916051734470e+00,-3.882672754250492630e+00
5.476751481398068888e-01,2.949585044054509275e+00,-1.631543481233341808e+00
8.638870717258881893e-01,2.872925186513715978e+00,-1.076465263095295555e+00
-1.337678263141803825e+00,2.685259180101229326e+00,-2.733548435909806784e+00
1.167935718757914104e-01,-2.997725681507314555e+00,1.127541120805165775e+00
4.366164629652177775e-01,-2.968057624822628249e+00,1.685393242998618479e+00
4.394506453418624004e-01,-2.967639319443759582e+00,5.718871135851433252e-01
7.540996192529966224e-01,-2.903675905510545441e+00,1.129701816925633207e+00
1.063183008204090285e+00,-2.805288201070631704e+00,5.736114941698033931e-01
8.012691567665690684e-01,2.891015001416387342e+00,4.443398672978742248e+00
1.127074203523161344e+00,2.780234475678738715e+00,3.896533797104906327e+00
-1.955477320536377128e+00,-2.275106250017319809e+00,-5.535095773612548342e-01
-1.985085576176035538e-01,-2.993425187398639054e+00,-1.656182653236445645e+00
-1.705587302878412981e+00,-2.467989455459633774e+00,1.117247773905576391e+00
-1.960465417644908559e+00,-2.270809403322606723e+00,1.664883328450116551e+00
-4.881035153636233970e-01,-2.960026175271035065e+00,4.441532418989452502e+00
-8.259139390601374364e-01,-2.884071109606378691e+00,3.889853112336139063e+00
1.609905379250690660e-01,-2.995677226721630060e+00,4.443884733357941208e+00
-2.337634153804887482e+00,1.880283638966448123e+00,-3.833865123145574927e+00
-2.179922703099814729e+00,-2.061052403145052558e+00,4.444940153102701963e+00
2.352407435784445999e-01,2.990762744277897234e+00,2.266941002037637265e+00
4.716273824144563420e-01,-2.962696004006636130e+00,3.904057995986350171e+00
7.960062866008039695e-01,-2.892468494502921761e+00,-4.437723320572404262e+00
1.090091163601579094e+00,-2.794942084379881564e+00,-3.878243594321592269e+00
1.668194521122812857e+00,-2.493416740076923155e+00,-3.882142047039797816e+00
1.940355626350916296e+00,-2.288016617791126084e+00,-4.439825135473370210e+00
1.459548813720026761e+00,2.621014547912404069e+00,1.155730881742424554e+00
1.737604727814286543e+00,2.445553068301205002e+00,5.972533760354181709e-01
1.990143219755666326e+00,2.244845198418044419e+00,1.155274876043275167e+00
2.426114674986886932e+00,1.764643755496635880e+00,1.154515909983864219e+00
2.602496826126540874e+00,1.492317080918556194e+00,5.938784420475142767e-01
1.941130321450017071e+00,2.287359411012478638e+00,4.443578162653313512e+00
1.642722352128977548e+00,-2.510271553799675814e+00,-1.654114436157907875e+00
1.902785600272673516e+00,-2.319354858445546785e+00,-1.096396715547946599e+00
2.411711392875738547e+00,1.784278049372732822e+00,3.378397194172940043e+00
2.387706623078476031e+00,-1.816275607419528981e+00,-4.440523009285699985e+00
2.565285926987858733e+00,-1.555412521744004239e+00,-3.882608363937579909e+00
2.837859368888171030e+00,-9.729101718111650143e-01,-3.881927890079753141e+00
2.929431472408752679e+00,-6.468626194649739203e-01,-4.439745124156111444e+00
2.975404252522746873e+00,-3.833660575345095856e-01,1.697087878259235350e+00
2.915708877056732540e+00,-7.061456961934744481e-01,1.138359347757001316e+00
2.988443849251163797e+00,2.630653148419377918e-01,1.700629707037861316e+00
1.637757342267651017e+00,-2.513513653801864312e+00,1.688526049148858288e+00
2.862191245784082128e+00,8.988110327298856062e-01,5.904705128228053823e-01
2.539766931617149393e+00,-1.596741661341624319e+00,1.692793902431509956e+00
-4.521350471142880911e-01,2.965733281866554272e+00,-4.420234877655504491e+00
2.999999895752617718e+00,-7.908756423340462154e-04,-4.440621711894142010e+00
2.983603474019612456e+00,3.132256531928709897e-01,-3.885564835184252885e+00
1.405416704000806982e+00,-2.650434660223773164e+00,4.443250685236384001e+00
1.408012033914885164e+00,2.649056834488619838e+00,-4.437145021908545317e+00
1.121914775434174061e+00,2.782320476987237168e+00,-3.873023145710529747e+00
1.942709165143222894e+00,2.286018613150059942e+00,-4.439096462520037534e+00
2.187255323348389791e+00,2.053269137371944719e+00,-3.877766313436325163e+00
2.574431952349143682e+00,1.540227295798829665e+00,-3.878637457226165708e+00
2.723185902518234780e+00,1.258673325500285323e+00,-4.440536477944350580e+00
2.722726259012865135e+00,1.259667304680806676e+00,4.438472417421092331e+00
2.722726259012880234e+00,-1.259667304680774480e+00,4.438472417421083449e+00
2.388808887090215105e+00,-1.814825639271940627e+00,4.442577863713038866e+00
2.165054132085327154e+00,-2.076665742275403570e+00,3.893097735794708747e+00
3.000000000000000000e+00,1.901914085344683532e-14,4.438472417421085225e+00
2.941863283815013386e+00,5.877417964898759006e-01,-1.087458674911692569e+00
1.897668196632472659e+00,-2.323543719298102772e+00,1.132522876430803738e+00
2.142737836175180988e+00,-2.099684396623288318e+00,-1.652546357103714669e+00
2.937653209613380945e+00,6.084353869131889914e-01,3.379790962434031876e+00
2.922151212940816034e+00,-6.789935851747920248e-01,3.371444712434830571e+00
-1.323286619780824624e+00,2.692380456382239995e+00,2.819939991696795545e+00
2.823078543627607573e+00,-1.015001249511264803e+00,5.813827427598416975e-01
-2.342861652152548047e+00,-1.873766068342852753e+00,3.907520713002488932e+00
1.165882597683233435e+00,2.764184828917811920e+00,-1.634279552546233916e+00
2.138362376375066543e+00,-2.104140286982685293e+00,5.783005224917561193e-01
1.669540660997350656e+00,-2.492515592985634854e+00,3.897594309223161524e+00
2.542900612072467315e+00,-1.591746360800447846e+00,-1.649711195682156628e+00
2.698665737527281117e+00,-1.310421015207073436e+00,-1.091825497992514826e+00
1.357973944644465858e+00,-2.675052665961316745e+00,1.131044182147565191e+00
2.220226589931537209e+00,2.017571284827621270e+00,1.712599182792947428e+00
2.422195706583004426e+00,1.770019197356588414e+00,-1.082133687146081158e+00
2.598599031610347776e+00,1.499094084076701083e+00,-1.639182044176243025e+00
2.917092012925614597e+00,-7.004100142956177777e-01,-1.088138852031043768e+00
2.975817637627500289e+00,-3.801439037852447633e-01,-1.644203053491434474e+00
-1.047005174977380992e+00,2.811366245008035669e+00,-3.293132944857390498e+00
-1.603574643159274782e+00,2.535458215750479027e+00,3.367338114094539758e+00
1.730866554553785353e+00,2.450326706855048275e+00,-1.637153097566574012e+00
5.519895785507245023e-01,2.948780681090303446e+00,2.818690451405209796e+00
1.986126059684852452e+00,2.248400159011007204e+00,-1.080960817624821324e+00
2.987973761730418509e+00,2.683520061608905549e-01,-1.643756766638149180e+00
1.235956637491656823e-01,-2.997452937395749029e+00,-2.214012738895142718e+00
2.860393023262794543e+00,9.045174141328240491e-01,-1.641949086824782356e+00
-1.694502000197630087e+00,-2.475613655505687127e+00,4.440105130817093126e+00
2.601409624116399311e+00,1.494211486890183904e+00,1.710035983699702999e+00
2.351332399357050296e+00,-1.863125317238166101e+00,1.134693691272236293e+00
-1.345108360516305668e+00,2.681544983487902822e+00,-3.846255570728569495e+00
2.696823033282031101e+00,-1.314209088067612496e+00,1.136989523684833081e+00
2.748742612019552389e+00,1.201837781428062302e+00,1.149336391858424733e+00
-8.283958790169705377e-01,-2.883359198509214849e+00,-2.767271139998681129e+00
2.942708104069703179e+00,5.834972272791804082e-01,1.145213412550526222e+00
2.999321603157858451e+00,-6.379593114436289680e-02,1.141308583245036701e+00
2.975098723678422985e+00,-3.857299370894325952e-01,5.833607236704203558e-01
8.433623923792528121e-01,2.879017171730717806e+00,-3.302138252199162238e+00
-1.709826906440092831e+00,-2.465054147481045010e+00,2.218649383810781028e+00
-1.868767019605868995e+00,2.346851044790316365e+00,5.889797468219857279e-01
1.699989212009231032e+00,2.471848838228630996e+00,-3.874361286361462930e+00
1.698621251155199463e+00,2.472789082215453682e+00,3.905708263021745452e+00
1.978820709121566157e+00,2.254832277831684717e+00,-3.302451190228222089e+00
2.414182762319227127e+00,1.780932786525282419e+00,-3.305763246620355034e+00
-2.731728409090341536e+00,-1.240024152574759064e+00,-1.647435021243533804e+00
2.848287480585565135e+00,9.419439622076960505e-01,-3.879565051616731708e+00
-1.439582986029843026e+00,-2.632033591414327134e+00,2.772643344573873847e+00
2.937786536802383885e+00,6.077912998576526782e-01,-3.311277292990558507e+00
-5.090100037690210577e-01,-2.956502801632878707e+00,-3.324309676441354000e+00
2.980322027195486889e+00,-3.430460817636397652e-01,-3.881245789138906943e+00
2.919800774422769418e+00,-6.890307958866541682e-01,-3.308909562866807264e+00
-1.814612162842037801e-01,-2.994506942216808021e+00,-3.885589159399183146e+00
2.706454038568050890e+00,-1.294259068779773258e+00,-3.313771464599740924e+00
4.618412660059270092e-01,-2.964237278797708264e+00,-3.880640696272752876e+00
-1.144031299308155614e+00,-2.773299909170173549e+00,3.325336731193844209e+00
-2.952343538970108039e+00,5.326045699216790386e-01,9.407627047152349320e-01
2.164930126548828770e+00,-2.076795018089477196e+00,-3.881433176769302662e+00
1.373291156684487646e+00,-2.667221662886716693e+00,-3.320646969492042189e+00
1.914083460805246606e+00,-2.310039935817519652e+00,-3.317674705605522689e+00
-5.181093757162882341e-01,-2.954921771349434234e+00,3.336598560235828348e+00
1.861135651503685318e-01,2.994221391424992440e+00,-4.419704591492724433e+00
5.170241032726570207e-01,2.955111855181645097e+00,-3.859215212148885854e+00
-1.820915654790817850e-01,-2.994468677709182458e+00,3.896308972890355715e+00
-2.828583956048070558e+00,-9.995563033603688252e-01,4.445905896609877672e+00
-2.820566357239133737e+00,1.021961557207884619e+00,4.429453950124608852e+00
7.699407471458636909e-01,-2.899515691608594903e+00,3.343792435457806356e+00
-2.777233167443053041e+00,1.134449617062929683e+00,2.275520975238089161e+00
1.097872889652651285e+00,-2.791894539227035121e+00,3.905348693671999438e+00
1.900239964374074386e+00,-2.321440948591115383e+00,3.330804456391845303e+00
2.362404489295458099e+00,-1.849065988264524840e+00,3.349386308073087903e+00
2.565289351429727915e+00,-1.555406873921176381e+00,3.912060798632196246e+00
-2.930162319543116567e+00,6.435439232326751746e-01,-2.178213954790784612e+00
-1.869212282319113738e+00,2.346496418839664866e+00,3.893555101239001281e+00
-2.139170907140389488e+00,2.103318290236682930e+00,4.463481799110265769e+00
-2.836943343084312730e+00,-9.755780174489406820e-01,2.378844900762544512e-02
2.840918245257956443e+00,-9.639416599361462223e-01,3.920182551905796675e+00
5.126589820245981421e-01,2.955872251662697181e+00,3.902782806344089472e+00
-1.071048406924939966e+00,2.802294650821634647e+00,4.461256500565578875e+00
8.590035498275780945e-01,2.874389135343998092e+00,3.339661878783127147e+00
2.982413871463080568e+00,-3.243570552718118005e-01,3.927752305428162671e+00
-1.277395527450707613e-01,2.997279200652566811e+00,3.911274902849239954e+00
-4.489685175743107770e-01,2.966214299444179581e+00,4.461923071017185549e+00
2.983264770675404520e+00,3.164353141591889074e-01,3.923994733777380617e+00
2.842959513548402484e+00,9.579045904079545037e-01,3.930618129071650202e+00
2.573572056701758370e+00,1.541663669210597387e+00,3.927768763901177795e+00
2.181324444286221631e+00,2.059568806512519945e+00,3.928645976569161036e+00
1.450619752212975122e+00,2.625966933243746304e+00,3.349436819717133140e+00
-2.954755194765215087e+00,5.190585121236112043e-01,-1.025679386623712830e+00
-2.964766438388495295e+00,-4.584320732727996117e-01,9.374999999999866773e-01
-2.822259620698741589e+00,1.017276085128022256e+00,3.205947657999336009e+00
-2.808239665870395640e+00,-1.055362487030938379e+00,2.259438637800331051e+00
-2.956745611868693224e+00,5.075976622239571912e-01,-3.325412216211365291e+00
-2.824805083157059471e+00,-1.010186241328814072e+00,3.219132540030878342e+00
-2.964676400834493464e+00,-4.590139849013675222e-01,-3.384524584534252867e+00
-2.962897437797756606e+00,-4.703602588351693536e-01,-1.023380359674535889e+00
-2.958957249592427896e+00,4.945422075863840083e-01,-4.256865790104402691e+00
-2.973698417231713798e+00,-3.963807807570899344e-01,-2.187500000000009770e+00
-2.857958141294124399e+00,9.121815951939798994e-01,6.331487954021204345e-01
-2.958251249345584810e+00,-4.987479781866659412e-01,-4.526432654049379778e+00
-2.601301173715952597e+00,1.494400282261752810e+00,3.962490472459184510e+00
-2.839311957984470780e+00,9.686627923309487631e-01,1.814319508813304616e+00
-2.964715227357710425e+00,-4.587631422349869315e-01,4.546651772153722071e+00
-2.963305340642565788e+00,4.677835590518833464e-01,4.543828135500850074e+00
-2.965541692467663637e+00,4.533899758883337405e-01,-1.632980399227461632e-01
-2.880158994530860106e+00,-8.394546838412342282e-01,6.615265930779230530e-01
-2.966422540874585234e+00,-4.475905595420557326e-01,-1.354978616734374697e-01
-2.835739327878155080e+00,9.790722467341981261e-01,-2.620216173988374919e+00
-2.829939141844462824e+00,9.957130377054554948e-01,-1.701221649274645920e+00
-2.637098747089753115e+00,-1.430283257993903545e+00,3.989229111784381665e+00
-2.862731860835721065e+00,-8.970876729484406065e-01,1.815460160252111432e+00
-2.840376692700660843e+00,9.655362466333700100e-01,2.711355955795683226e+00
-2.969209542587035067e+00,4.287128318701116658e-01,-4.632982099098626350e+00
-2.659487102265098990e+00,-1.388210485800186245e+00,-1.377749188492077614e+00
-2.590987536555941162e+00,-1.512211488321582697e+00,-1.657196148805542890e+00
-2.504007005141531295e+00,-1.652255706058278761e+00,-1.387510316054086701e+00
-2.983649336333680679e+00,-3.127884873130491461e-01,-4.153209221621070313e+00
-2.983649336333680679e+00,-3.127884873130491461e-01,-3.840709221621072089e+00
-2.989544593080755153e+00,-2.502461308025022424e-01,-4.450716327024689889e+00
-2.947159544125226738e+00,-5.605806110378632745e-01,-4.228925548645758425e+00
-2.875921206963913512e+00,-8.538601825446756610e-01,2.527862555746026807e+00
-2.770346012932635826e+00,-1.151165917072012768e+00,2.517223450093543757e+00
-2.844906573003764372e+00,-9.521063968275700340e-01,2.785647368039239513e+00
-2.790621015255764448e+00,-1.101105966386925372e+00,-2.491827060600472876e+00
-2.904899127342325915e+00,-7.493737785416518804e-01,-2.508447769332580179e+00
-2.854056228163599052e+00,-9.243176112573902037e-01,-2.791681740619660346e+00
-2.668491148019624948e+00,-1.370822743078369044e+00,-1.918425152437787773e+00
-2.514737756146894654e+00,-1.635877140193994217e+00,-1.928186279999797748e+00
-2.778348720843543340e+00,-1.131714798607426298e+00,-3.057736754146382907e+00
-2.896486276132208104e+00,-7.812600413292449808e-01,-3.074357462878490210e+00
-2.928737083326732993e+00,6.499993051894896734e-01,-7.696835297881419180e-01
-2.988667394031631286e+00,2.605133544603375206e-01,-8.253396933118644085e-01
-2.974118175340570325e+00,3.932188692177360778e-01,-5.693438364762934967e-01
-2.501630045637561306e+00,-1.655852383143924023e+00,-2.478180763265886100e+00
-2.299187861690522805e+00,-1.927105388050939672e+00,-2.485741043450570231e+00
-2.413668970752235854e+00,-1.781629057808567618e+00,-2.196975563816726762e+00
-2.991373018983339183e+00,2.273487657729948430e-01,-3.941490199613806311e-01
-2.935766346795479098e+00,6.174754707865953707e-01,-3.384928564376590288e-01
-2.796328608841038399e+00,-1.086529480215398191e+00,-1.928014055278462813e+00
-2.855595902161810695e+00,-9.195499135754807707e-01,-1.631206330368325297e+00
-2.902222079754543493e+00,-7.596755885147370435e-01,-1.911785364403254306e+00
-2.698908868031796970e+00,1.309920196828541439e+00,3.296621917193106821e+00
-2.815436636951051064e+00,1.036009914679273169e+00,3.475324964890790902e+00
-2.690143741462494464e+00,1.327827793906337428e+00,3.565999224084562158e+00
-2.787524664580195655e+00,-1.108921207461137426e+00,-1.367169646388656901e+00
-2.722400826287252329e+00,-1.260370477689193747e+00,-1.097483813637200711e+00
-2.935168794603811193e+00,6.203097187566932735e-01,-4.035711130611172592e+00
-2.989721705174019029e+00,2.481211913790474788e-01,-4.003432895052203122e+00
-2.976416613339463169e+00,3.754252839605248804e-01,-3.782278235558973023e+00
-2.878560069290672097e+00,8.449212551979505825e-01,-4.126679514842242824e+00
-2.810368134320490263e+00,1.049681356220051320e+00,-3.818693923111251110e+00
-2.772418041281368595e+00,1.146166743705984592e+00,-4.130816966835553217e+00
-1.240459816830516537e+00,2.731530604410062679e+00,4.730628250282789438e+00
-1.362280792148409914e+00,2.672861957405114453e+00,4.460437408035756945e+00
-1.523229392025479356e+00,2.584525530783104319e+00,4.729809157752967508e+00
-2.959388845154581116e+00,-4.919529074765541798e-01,-1.901238819746563280e+00
-2.925184204266451538e+00,-6.658058058548650404e-01,-2.198046544656700796e+00
-2.628396748826533624e+00,1.446212477735586921e+00,-4.125997758622544254e+00
-2.725567103815189185e+00,1.253508660760060511e+00,-4.433983350353535968e+00
-2.891253647956880890e+00,-8.004076106434958593e-01,2.223469318900161085e+00
-2.940673300037377480e+00,-5.936670299480004687e-01,2.491893236845856840e+00
-2.314462223972947541e+00,-1.908733772374292315e+00,-1.935746560184480991e+00
-2.570829001618301746e+00,-1.546233567233050721e+00,-2.771003637393642194e+00
-2.661301848957083660e+00,-1.384728301414254403e+00,-2.482238157759798725e+00
-2.721205884904499772e+00,1.262948348888868200e+00,4.195972211291897125e+00
-2.713815169560766183e+00,1.278752214254923691e+00,3.853596372120715152e+00
-2.814575424739477416e+00,1.038347330353668108e+00,4.087078110953427768e+00
-7.755720883197654292e-01,2.898014481644168416e+00,-4.425509596901029852e+00
-6.284822866105187478e-01,2.933429735892239432e+00,-4.710117438827751357e+00
-9.472966763510577426e-01,2.846511726126249364e+00,-4.715392158073278495e+00
-6.007637939048382503e-01,2.939231679186427026e+00,-4.138568906199560971e+00
-9.203844529397087193e-01,2.855327031845367181e+00,-4.143843625445086332e+00
-2.989166843420259845e+00,2.547186333917482726e-01,-3.537706108105684422e+00
-2.933792679176136176e+00,6.267858610502543559e-01,-3.569984343664653892e+00
-2.257918701700217134e+00,1.975298239889967888e+00,-4.134889557551368000e+00
-2.122381779178823979e+00,2.120258376568697756e+00,-3.835376533700209478e+00
-2.032931399300385245e+00,2.206170874102588275e+00,-4.136400968106002551e+00
-2.459417192406133434e+00,1.717925223546453939e+00,-4.131514632643050078e+00
-2.386308428756881206e+00,1.818112230541300667e+00,-4.432539067048843151e+00
-1.779492960598993534e+00,2.415244253316552125e+00,-4.135605942339328323e+00
-1.935283078155474179e+00,2.292308750453366351e+00,-4.435118966190486844e+00
-2.779488821160407852e+00,-1.128911818099325837e+00,2.997070401208817181e+00
-2.882676345644132443e+00,-8.307689728581528765e-01,3.007709506861300675e+00
-2.524598457521777473e+00,1.620617977278624888e+00,-3.828348249125069103e+00
-2.903210833535633029e+00,7.558881240245369781e-01,1.688489370687707769e+00
-2.816125278205732219e+00,1.034136556481148661e+00,1.493038691492679426e+00
-2.884933009484820232e+00,8.228982505661674995e-01,1.367208553367083024e+00
-2.952980467738114179e+00,5.290617706442115598e-01,-1.294089693311862632e+00
-2.894207055761657710e+00,7.896616480363203294e-01,-1.070909999493340869e+00
-2.891516282398804094e+00,7.994583094962486314e-01,-1.339320306181490672e+00
-2.007876452609347329e+00,2.228998015041041558e+00,4.178518450174633969e+00
-1.899745238723587137e+00,2.321845823466119008e+00,4.461550057308100392e+00
-1.755657014588218434e+00,2.432625833770410306e+00,4.176586708372468593e+00
-2.230929720357938351e+00,2.005729937659517237e+00,4.192098570228454335e+00
-2.105376434948977860e+00,2.137145307919312121e+00,3.907135221292821647e+00
-2.819583737689294267e+00,1.024669481422214368e+00,-1.408681130818807858e+00
-2.899559342995000844e+00,7.697763418359904186e-01,-1.631860824637328733e+00
-2.885818358315256571e+00,8.197880230953835667e-01,1.056260289443645028e+00
-2.951767714509257345e+00,5.357866735752170317e-01,1.251710968638673371e+00
-1.512089760075919331e+00,2.591058578549228830e+00,-4.140289755576191055e+00
-1.218677848039189993e+00,2.741317986425246378e+00,-4.138519943437563242e+00
-1.389694788627282573e+00,2.658711792290050280e+00,-4.432554128285183026e+00
-1.623100497345430604e+00,2.523003126339128155e+00,-3.841571757491706762e+00
-2.720962925990685122e+00,1.263471707393644117e+00,1.453727751929474898e+00
-2.575768608539011240e+00,1.537990921710855829e+00,1.435290460024267745e+00
-2.662854185193420875e+00,1.381740781911673821e+00,1.153320582266847971e+00
-1.199640005986093438e+00,2.749702503187879010e+00,4.187051509760620682e+00
-1.484567647137634561e+00,2.606925181333792807e+00,4.186232417230799641e+00
-2.491224782952115024e+00,1.671466147071243524e+00,1.722263920939685278e+00
-2.415421064837101284e+00,1.779252955467885311e+00,1.421856751277058351e+00
-1.131023555988383889e+00,-2.778630186944529346e+00,3.884116096390381134e+00
-9.739591904266788891e-01,-2.837499514604964190e+00,4.163702164600721289e+00
-1.273207628890182797e+00,-2.716420868300020608e+00,4.157965148654962917e+00
-1.987261663156556946e+00,2.247396511999659285e+00,1.427853653727877870e+00
-2.214844267015253276e+00,2.023478409291699087e+00,1.427010442307674154e+00
-2.102931115798455153e+00,2.139551523615793371e+00,1.709673423612679599e+00
-2.318304012406235515e+00,1.904065783018314750e+00,1.140036981392256621e+00
1.186846056726254678e-02,2.999976523182100507e+00,-4.709852295746362216e+00
3.361534041242225657e-01,2.981107325960556054e+00,-4.709852295746362216e+00
-2.840489758756676419e+00,-9.652035694082552464e-01,1.488072440957080911e+00
-2.921894949907807515e+00,-6.800955092509083366e-01,1.677954654287768133e+00
-2.904818483754372238e+00,-7.496863186953269809e-01,1.350566934992737611e+00
-2.895952224149416665e+00,7.832373302161006468e-01,4.245976975062303538e+00
-2.891348321924882114e+00,8.000655481285072756e-01,3.903601135891122453e+00
-2.829514112305942852e+00,-9.969202015515139514e-01,4.097655076779192385e+00
-2.899047715524034174e+00,-7.717009415018740714e-01,4.254123332023990400e+00
-2.899765526101623969e+00,-7.689992806450292040e-01,3.905872512193305113e+00
7.805695242770553932e-01,-2.896672438811453532e+00,-3.879442145297172573e+00
6.299466691708701660e-01,-2.933115612109506998e+00,-4.159182008422579457e+00
9.443086084976970440e-01,-2.847504390148879683e+00,-4.157983457446999154e+00
-2.740446818167782794e+00,-1.220635587222524077e+00,-2.199004186472716782e+00
-1.285237315724920837e+00,-2.710749904042828007e+00,3.601857905819233707e+00
-9.865285729536661385e-01,-2.833153962414680649e+00,3.607594921764991636e+00
-1.052452274248954600e+00,2.809331630553467019e+00,-3.851579252736094361e+00
-2.780699328113085400e+00,-1.125926838933789753e+00,1.751265805116015706e+00
-2.753015166823153947e+00,-1.192018242830906738e+00,1.423878085820985184e+00
-3.076385528584113516e-01,2.984184733020927016e+00,-4.710117438827751357e+00
1.719986909763096650e+00,2.457975799360846647e+00,-3.304346496873208139e+00
1.842602685286283570e+00,2.367449121771316278e+00,-3.588406238294842510e+00
1.572255239993621379e+00,2.554997741743150641e+00,-3.590301544939828560e+00
2.085474598737215857e+00,2.156570355453735655e+00,-3.590108751832273626e+00
1.954857989959689402e+00,2.275638424506574164e+00,-3.876063799898894047e+00
-1.607393790073658346e+00,2.533038729201083417e+00,5.932653504086955465e-01
-1.739375611024026824e+00,2.444293861992619110e+00,8.726085976346382722e-01
-1.468334189629657782e+00,2.616102961957845974e+00,8.768942012213480908e-01
-2.573731847512873649e+00,1.541396891490952381e+00,3.674893324423031071e+00
-2.572609407963648120e+00,1.543269527353186454e+00,4.216359934219635619e+00
-2.696864612157050978e+00,1.314123762700834863e+00,4.449841673052347346e+00
2.854741621107909300e+00,9.221986102321928502e-01,-3.310940262640279741e+00
2.897857421287645785e+00,7.761587246743508750e-01,-3.595421172303645108e+00
2.796823453139594573e+00,1.085255072307111934e+00,-3.595084141953364565e+00
-1.736710530390601415e+00,2.446188163987062403e+00,1.433377041740087510e+00
-1.865627103248645557e+00,2.349347890718628484e+00,1.150714060435081620e+00
2.468218095274294477e+00,-1.705256413024309303e+00,3.630723553352642075e+00
2.379488405092115677e+00,-1.827028989926591240e+00,3.902579267213452496e+00
2.266587921101948400e+00,-1.965344548906055477e+00,3.621242021933898325e+00
-2.749484488279772876e+00,1.200139595509170709e+00,1.775008569250100088e+00
2.964356109699775921e+00,4.610779271290375014e-01,-3.598421064087405696e+00
2.932841575098122711e+00,6.312212729114590193e-01,-3.882564943400492297e+00
-2.751113773889898084e+00,1.196400018017921285e+00,3.012110707766109563e+00
-2.609226280608660797e+00,1.480519576561247330e+00,3.102784966959880819e+00
2.638187609111618315e+00,-1.428273831983881914e+00,3.636339073598835014e+00
2.548550151958625332e+00,-1.582685099112159932e+00,3.355001828319280399e+00
2.977724699424316945e+00,-3.649049389065062154e-01,-3.311083263483613592e+00
2.955129205998548336e+00,-5.169249228412082786e-01,-3.595077676002857103e+00
2.993979567977241185e+00,-1.899640664304985127e-01,-3.597251376619663432e+00
9.354557838629304900e-01,-2.850424964182953325e+00,3.624570564564902675e+00
7.893833422978961956e-01,-2.894282974918417128e+00,3.904703344829174583e+00
6.215873173204682356e-01,-2.934898500280093359e+00,3.623925215722078264e+00
-1.415337800288080095e+00,-2.645150073450596828e+00,4.438828173841198321e+00
-1.560961938176009589e+00,-2.561912923494043426e+00,4.159242105630857722e+00
2.882327090475101272e+00,-8.319798936953560764e-01,-3.595418726473280202e+00
2.926087982685473765e+00,-6.618225725854745001e-01,-3.881586839609330042e+00
9.941541558394504374e-01,2.830487151432973469e+00,3.618097837944016959e+00
6.870403189646387965e-01,2.920269782077842269e+00,3.621222342563608088e+00
8.245564789841857145e-01,2.884459501009712934e+00,3.899658301724497900e+00
2.042838407551190283e+00,-2.197000509930235879e+00,-3.599553941187412676e+00
1.793484220180579181e+00,-2.404873042795244942e+00,-3.599908376322659365e+00
1.927849723384815306e+00,-2.298563778546310221e+00,-3.881787611904549351e+00
-2.312321589837918800e+00,-1.911326467448572819e+00,-1.388011552836324825e+00
-2.399973214280504585e+00,-1.800035713739064569e+00,-1.108564592522860437e+00
-3.506584220625211246e-01,-2.979435965251917118e+00,3.616453766563092032e+00
-5.070164494926123755e-01,-2.956845332435212637e+00,3.893081042613247611e+00
-6.729447389890271802e-01,-2.923550132675509783e+00,3.613225836285983483e+00
-1.741408360277271417e+00,2.442846070213271936e+00,-2.376791308716894591e-01
-1.470380043953934734e+00,2.614953637512915208e+00,-2.366479417692293197e-01
-1.608303598853986216e+00,2.532461161382996817e+00,-5.157039127740166151e-01
2.153339980932255315e+00,-2.088809930682701932e+00,-3.317457252939092882e+00
2.269075054242814637e+00,-1.962472521645326928e+00,-3.599336488520982869e+00
-8.809025858479540005e-01,2.867753586737603388e+00,-2.349193112853313892e-01
-1.033516579159234006e+00,2.816352868623353878e+00,-5.147588091631902785e-01
-1.182210943883191590e+00,2.757240882506062807e+00,-2.348332257936984746e-01
-1.327943696036256060e+00,2.690086530236075468e+00,4.319155610862868144e-02
1.234783858192030070e+00,-2.734101099730660067e+00,3.622347533100684913e+00
1.075464523528928185e+00,-2.800602802724923013e+00,3.341569403993588594e+00
-2.077387193356859285e+00,-2.164361903397144626e+00,-8.312877033331762533e-01
-2.186002260994018620e+00,-2.054603152662100030e+00,-5.458988387428735933e-01
-2.295463617246018995e+00,-1.931540002666220168e+00,-8.236769647147959006e-01
6.156152479266028266e-01,-2.936156989420059205e+00,-3.603613899975048440e+00
9.303915222212484348e-01,-2.852081979077534690e+00,-3.602415348999468137e+00
-2.904250651475971667e-02,-2.999859418842046210e+00,3.616582225839063636e+00
-1.981568688814829837e-01,-2.993448488836092825e+00,3.336727019511799952e+00
2.209245359164036415e+00,2.029589846006371712e+00,-3.304107218424288561e+00
2.304745080492902165e+00,1.920455704759619353e+00,-3.591764780028340098e+00
2.497209237562586281e+00,1.662511962011728572e+00,-3.592200351923260371e+00
2.394623020578841022e+00,1.807147085688895150e+00,-3.878201885331245435e+00
-9.653414527330801409e-01,-2.840442902019892024e+00,-4.160603270092698480e+00
-1.119335193191154820e+00,-2.783359251926297517e+00,-3.881508521083162577e+00
-1.262279312783060270e+00,-2.721516293634841599e+00,-4.159439036925370203e+00
-2.489414606103898198e+00,-1.674160959679974248e+00,-8.231757279325577770e-01
-9.737855027080448700e-01,-2.837559126206119942e+00,-3.602234637000373496e+00
-1.270368326316657859e+00,-2.717749862568557440e+00,-3.601070403833045219e+00
1.419465986984404848e+00,2.642937061640778129e+00,-3.873692216035996339e+00
1.283404825660427795e+00,2.711617977051989925e+00,-3.589632474614361968e+00
-2.454526631790272972e+00,-1.724905508667734733e+00,4.184880079924339746e+00
-2.263330206538540335e+00,-1.969095319219008822e+00,4.176230433052595004e+00
-2.381058536680932924e+00,-1.824982258790165179e+00,4.453589799974446706e+00
9.838272964681193944e-01,2.834093126685188757e+00,-3.587580698954845104e+00
1.148596767571651966e+00,2.771412178930436898e+00,-3.304190027858677325e+00
5.395714709941175080e-01,2.951078214430997271e+00,3.351021515683545005e+00
3.636227065682976489e-01,2.977881550241369801e+00,3.632581979464026389e+00
-1.868286278255441246e+00,2.347233772439897059e+00,3.968939313626229648e-02
-1.991302217522139095e+00,2.243817166903625093e+00,-2.393665778685249990e-01
-1.552329487081067771e+00,-2.567152734750822951e+00,4.720052565408546563e+00
-1.264056721658226357e+00,-2.720691199756167578e+00,4.718775608432650870e+00
-2.074144654134454591e+00,-2.167469481613400806e+00,-2.714064462018619395e-01
-1.831330365751581812e+00,-2.376179515835488587e+00,-2.715207734681630569e-01
-1.955570493403643084e+00,-2.275026163658130596e+00,1.058235769122983783e-02
-2.163503974752158499e+00,-2.078280671909261912e+00,3.889801236252993011e+00
-2.075664508134868136e+00,-2.166014046507832358e+00,4.158510956303099526e+00
-1.989709931006460319e+00,2.245229251202261356e+00,8.670852096224290761e-01
-2.650251069422801198e+00,1.405762877950366363e+00,-4.714582071070262614e+00
-2.789657295335255860e+00,1.103545275275457538e+00,-4.719401279283271577e+00
-2.482725481601331552e+00,1.684064779932005651e+00,-4.714582071070262614e+00
2.829357015428221267e+00,-9.973659705680306686e-01,-3.311340513733274094e+00
2.776809152322219365e+00,-1.135487090010078637e+00,-3.597849677339747032e+00
-1.337712611629396364e-01,2.997016057629133812e+00,-4.419969734574113573e+00
2.639102280626623553e+00,-1.426583033822902635e+00,-3.598189914268660416e+00
2.717226898697666204e+00,-1.271486524110209348e+00,-3.882268127008666525e+00
-2.284772456716033684e+00,1.944174586047194619e+00,-4.717956995978580537e+00
-1.283181178438059344e+00,-2.711723817666967573e+00,-8.233710806908538515e-01
-1.565515906527479961e+00,-2.559132655102005938e+00,-8.248760723518824278e-01
-1.425080699896775993e+00,-2.639913824120347030e+00,-1.103671156870214887e+00
-2.682380509280088532e+00,1.343441403051987670e+00,-3.249443026807060875e+00
-2.731151854189167505e+00,1.241293498476115253e+00,-2.958310756308895506e+00
-2.579778145383007981e+00,1.531255929165405316e+00,-2.984828694915714564e+00
-2.493585448375749358e+00,1.667942328633910787e+00,-2.708309002068176596e+00
-2.428888071889152123e+00,1.760824447307169249e+00,-2.999441272566341965e+00
-2.896036111587424244e+00,-7.829270977438385071e-01,-1.350940955513447506e+00
-2.649293293797886584e+00,-1.407567065342729462e+00,-3.604531026539717686e+00
-2.569802858418098968e+00,-1.547938393110710464e+00,-3.882339131279536559e+00
-2.481606007206202946e+00,-1.685713980780276344e+00,-3.604208179246931820e+00
2.727811805989402316e+00,1.248616334629992330e+00,-3.879101254421449596e+00
2.660942158014007131e+00,1.385419370336563150e+00,-3.594620344758082453e+00
2.591079866335581627e+00,1.512053281558023432e+00,-3.308183239455177116e+00
-2.645705680249256897e+00,-1.414298926499209630e+00,-4.164682733123466818e+00
-2.774850569745003881e+00,-1.140265019890475795e+00,-4.172651960044007069e+00
-2.705282250362497365e+00,-1.296706576629278018e+00,-4.454672714595153238e+00
-2.292569385401344029e+00,-1.934974318465364718e+00,-2.637957075834815868e-01
-2.646068534330734412e+00,-1.413619931815053965e+00,-4.723351743837307382e+00
-2.775143096255156205e+00,-1.139552892720361532e+00,-4.731320970757845856e+00
-2.714270138430389778e+00,-1.277786216714311252e+00,-3.333406275456162859e+00
-2.779885423760329211e+00,-1.127934852181124104e+00,-3.611537227488767599e+00
-1.701318741232485054e+00,-2.470933940988935706e+00,-5.490427867668881134e-01
-1.567087466966839315e+00,-2.558170610196953909e+00,-2.670539828737963362e-01
-1.833436701911354216e+00,-2.374554665634045936e+00,4.156093445160294664e+00
-1.705055703672675227e+00,-2.468356750425934276e+00,3.875230419974060148e+00
-7.250155823873352112e-01,2.911074098214532668e+00,4.388206583394271831e-02
-5.687693594304887856e-01,2.945590164257925192e+00,-2.360435175355481974e-01
-2.659521818522984304e+00,1.388143975529987362e+00,-2.169279266439468223e+00
-2.716600898332067526e+00,1.272823459550225245e+00,-1.902188438118624703e+00
-2.583472116455409306e+00,1.525015351889090542e+00,-1.901157787739677474e+00
-2.477311685978581757e+00,-1.692018560924777981e+00,-4.164359885830682728e+00
-2.846409911488340327e+00,-9.476025621435066881e-01,-3.907040210907229749e+00
-2.885290550560317691e+00,-8.216437420484259402e-01,-4.197030192378914393e+00
-8.828208687010523636e-01,2.867163635683516176e+00,-7.933807495029920887e-01
-1.184055228131572157e+00,2.756449385846634570e+00,-7.932946640113591741e-01
-2.989721705174019029e+00,2.481211913790474788e-01,-4.315932895052203122e+00
1.523223824615070665e+00,-2.584528812012943710e+00,-3.601394508265919114e+00
1.233345547886353533e+00,-2.734750218851606629e+00,-3.599445281906817229e+00
1.387358772255082862e+00,-2.659931509841347186e+00,-3.880192820680694155e+00
-2.220848694618305696e+00,2.016886480596309372e+00,-1.344296490262616217e+00
-2.422059230537720431e+00,1.770205943885350797e+00,-1.342954524292091278e+00
-2.323624307195508720e+00,1.897569518887303186e+00,-1.067522132072172170e+00
-2.485011797740316108e+00,-1.680689252982668691e+00,-3.046673158703420370e+00
-2.647376377105087109e+00,-1.411169131587686643e+00,-3.050730553197332995e+00
-1.943198394285966746e+00,-2.285602765233810452e+00,-4.439675944110081929e+00
-1.818729019654146573e+00,-2.385838375302876013e+00,-4.159780493879310370e+00
-2.064987486479943790e+00,-2.176195460127891224e+00,-4.159869169191841465e+00
1.653361020910732115e+00,-2.503277318742975766e+00,-3.319160837548782439e+00
-1.948270246493045699e+00,-2.281281010009491794e+00,4.442522641959897101e+00
-1.829870536991550445e+00,-2.377303896823091733e+00,-8.293428629462491486e-01
-2.497816034926665374e+00,1.661600149152385963e+00,-1.626897920950684195e+00
-2.424266961521214903e+00,1.767181286477619739e+00,-1.893988749271528604e+00
-1.137230622440613015e+00,-2.776095551558579899e+00,-5.440812690149900988e-01
-9.857074047335953049e-01,-2.833439766829949580e+00,-8.228763535333225576e-01
-2.291224802780875702e+00,-1.936566266132336178e+00,-3.046093879799965265e+00
-2.388339244496813674e+00,-1.815443651892393317e+00,-3.325820795603657842e+00
-2.581566539366429325e+00,1.528238922035307201e+00,-1.350123562760241036e+00
-2.547369527574868897e+00,-1.584584642732280502e+00,5.740745122920305477e-01
-2.623996741760854956e+00,-1.454180559362700631e+00,2.953469229600056423e-01
-2.481189674383460719e+00,-1.686326717968050115e+00,2.823837867247265265e-01
-1.957578262634625421e+00,-2.273298780552261977e+00,-1.107120988918170568e+00
-2.574081375058595356e+00,1.540813121237112782e+00,2.003777475587541268e+00
-2.413469496900344069e+00,1.781899264136892480e+00,1.990343766840331874e+00
-3.457581598542933121e-01,-2.980008606513439684e+00,-3.604949417920268573e+00
-2.662241465909843952e-02,-2.999881872180589770e+00,-3.605341463921050149e+00
-1.914487623253109394e-01,-2.993884996355756556e+00,-3.324701722442135576e+00
-2.315359297752247691e+00,1.907645491780959324e+00,2.269064743098986092e+00
-2.213935388513932345e+00,2.024472794454315050e+00,1.987551188451130546e+00
-2.677049614051089321e+00,1.354032999564232620e+00,3.725204756935873718e-02
-2.735535947249303490e+00,1.231601835540551360e+00,3.185749582130839030e-01
-2.580552216919007602e+00,1.529951063189406657e+00,3.149125302350590516e-01
-1.816633289076337032e+00,-2.387434500257481496e+00,-4.719793634398776305e+00
-2.063075750574930645e+00,-2.178007908018170014e+00,-4.719882309711307400e+00
2.999962498688383494e+00,-1.500021544348455541e-02,-3.883405312161579914e+00
2.996793985073723743e+00,1.386571708421565075e-01,-3.599410899642336403e+00
-1.572833033523275859e+00,-2.554642097957749325e+00,1.395085677230321508e+00
-1.432420156176666293e+00,-2.635938636648966771e+00,1.120040098297764519e+00
-1.291175289809816773e+00,-2.707926581535129884e+00,1.397878001622509636e+00
2.986203693709764906e+00,2.873804093430115669e-01,-3.312267128545489214e+00
-2.111670424204008079e+00,2.130926563620168857e+00,-1.620998163606408582e+00
-1.994334363900404306e+00,2.241122585885468865e+00,-1.345565771386489473e+00
-1.549842382815939779e+00,-2.568655015456028590e+00,-4.159965778356692567e+00
-1.406953002603582137e+00,-2.649619453518705647e+00,-4.439060527366226694e+00
-7.292109600108882539e-01,2.910026009471392783e+00,-1.071719122398729240e+00
-5.710445230440808206e-01,2.945149937219047054e+00,-7.931832675505594565e-01
-2.485241132303903089e-01,2.989688238787290064e+00,3.211028686818622191e-01
-5.671504217396980962e-01,2.945902306445426166e+00,3.221257609489418527e-01
-4.077089166115530072e-01,2.972166455519514194e+00,6.004707700470781617e-01
-1.466400787794061689e+00,2.617187178930264313e+00,1.434219361710430185e+00
-1.602758706960051960e+00,2.535974078586716196e+00,1.711358955003226434e+00
-2.285999491000308748e+00,-1.942731666274663205e+00,-4.160890451704682746e+00
-2.382493416084683346e+00,-1.823108642487643039e+00,-4.443234053548614781e+00
-2.888909799166447634e+00,-8.088264166556851098e-01,-3.635915459823674922e+00
2.845347256869568131e-01,-2.986476182707347160e+00,-2.493959962197644487e+00
-3.659113050782829279e-02,-2.999776839894620739e+00,-2.491974005251786473e+00
1.247044203486953884e-01,-2.997407013994845659e+00,-2.771921228554289129e+00
-8.360170638797057574e-01,-2.881158702484463152e+00,3.330967645714836500e+00
-2.901807753840103477e+00,7.612566976739536528e-01,-2.716358086994191012e+00
-2.824401435064304522e+00,1.011314260557368394e+00,-2.921570631094308368e+00
-2.892946990328874701e+00,7.942655167808219119e-01,-3.017712544100124461e+00
-1.541204897864406176e+00,2.573846821937693541e+00,-4.717161970211904531e+00
-1.249505636407764797e+00,2.727404565623740673e+00,-4.715392158073278495e+00
-1.828740761855369268e+00,-2.378173085780058482e+00,-1.383701790716652447e+00
-1.698118223527332216e+00,-2.473134549296575724e+00,-1.660802108347272821e+00
-1.563418062343601145e+00,-2.560414802788364419e+00,-1.382276466161863837e+00
-2.510824814815494577e+00,1.641876593811708140e+00,-5.190214037722116203e-01
-2.593339759071446871e+00,1.508174026437018256e+00,-2.438649289297707412e-01
-2.419168262110521272e+00,1.774154705654825914e+00,-2.415668552511069933e-01
-1.707767050901719985e+00,-2.466481643932190604e+00,1.668903454502591810e+00
-1.835675796717464614e+00,-2.372824133673986147e+00,1.391065551177846693e+00
-2.882082428725214918e+00,-8.328270372852738523e-01,-4.731320970757845856e+00
-2.892618436694508244e+00,7.954612370788531894e-01,-4.719401279283271577e+00
-2.733621168049623407e+00,1.235845989430322422e+00,-1.375103785890901875e+00
-2.676422471806387815e+00,1.355272206019804138e+00,-1.091160389232308958e+00
2.764411750361676745e+00,-1.165344444558042092e+00,1.415550965812443884e+00
2.822687351315602999e+00,-1.016088636253209110e+00,1.137674435720917199e+00
2.873848648224945457e+00,-8.608100528546671626e-01,1.416235877848528002e+00
-1.324899156414065304e+00,2.691587305909525440e+00,1.156741372628149023e+00
-1.178356067354623393e+00,2.758890533987991667e+00,1.434723285891287947e+00
-2.477717967757623097e+00,-1.691423563821621290e+00,-4.723351743837307382e+00
-2.286465989265766829e+00,-1.942182607256824678e+00,-4.719882309711307400e+00
-9.378577804921897076e-01,2.849635552762890711e+00,4.730628250282789438e+00
-1.180394250399366740e+00,2.758019110453028944e+00,8.773981254022054088e-01
-1.285108463776268639e+00,-2.710810992365679351e+00,-2.662410769973195812e-01
-9.877212861424371493e-01,-2.832738367887357445e+00,-2.657463498397873991e-01
-6.542086170191614425e-01,-2.927799700358252988e+00,-4.161767335438582904e+00
-8.052758252324265786e-01,-2.889901528650454132e+00,-4.439697851280790530e+00
-1.740908885049594845e+00,2.443202049351501426e+00,3.151782934775422262e-01
-1.469975314703092062e+00,2.615181174252282581e+00,3.194638970642511566e-01
-6.470914652825625613e-01,-2.929380930428554741e+00,-4.720430958313336589e+00
-9.584356791276117393e-01,-2.842780513682896526e+00,-4.719266892967452165e+00
-8.352892761510328778e-01,-2.881369782785105027e+00,1.255133233121874525e-02
-6.788776196998846935e-01,-2.922178156353684386e+00,-2.652888596864517723e-01
-2.287301667866092458e+00,-1.941198361882935375e+00,-3.603628900343476715e+00
-1.979628141804279928e-01,-2.993461328329090954e+00,-2.213536073774518442e+00
-3.574780351116423893e-01,-2.978625430364267856e+00,-2.491497340131163085e+00
-2.076358569008419863e+00,-2.165348723163385891e+00,-1.385646631103579551e+00
-2.577675136154224056e+00,1.534793436411657108e+00,-2.430972520239034651e+00
-2.426470281797367790e+00,1.764154747054294425e+00,-2.445585097889662940e+00
-8.793263788237644096e-01,2.868237284379499208e+00,3.232499671991586609e-01
-1.746567897545838521e+00,2.439159810111323878e+00,-1.899755597159457743e+00
-1.612811615084540851e+00,2.529592594519598947e+00,-1.623387327976435479e+00
-1.476159085132721094e+00,2.611695685829443558e+00,-1.900875480405611384e+00
-2.831166249498315857e+00,-9.922185584344003217e-01,-5.566664085681480856e-01
-2.880551662942831381e+00,-8.381062683915985190e-01,-8.287382597513657245e-01
-2.780312049895991233e+00,-1.126882826740718269e+00,-8.148324203505605823e-01
1.735070496069588630e+00,2.447351706165019625e+00,1.155502878892849861e+00
1.866573626303354994e+00,2.348595941746630889e+00,8.762641260393468912e-01
1.600982315562289759e+00,2.537095903835093313e+00,8.764921288889215845e-01
-2.187190182191518950e+00,-2.053338527112621215e+00,5.622118433719816011e-01
-2.293228598193911782e+00,-1.934193009093349680e+00,2.859040305071403054e-01
-2.074659590041667556e+00,-2.166976600115501750e+00,2.870044978223713628e-01
3.090485008022024749e-01,-2.984039045346409402e+00,-4.160450269460607586e+00
4.785299966241937097e-01,-2.961588938784525116e+00,-4.438991581610434167e+00
-2.387799449018510600e+00,-1.816153570397310180e+00,7.176441175117176385e-03
-1.831894898373759073e+00,-2.375744321536346515e+00,2.868901705560702453e-01
-2.327819503454360728e+00,1.892420766990653869e+00,-2.171240075227613531e+00
-2.225307567301315181e+00,2.011965762857684581e+00,-2.448576557056754588e+00
-2.706229823066938156e+00,-1.294727826511459456e+00,1.135520447700592683e+00
-2.627830350827595307e+00,-1.447241392190438347e+00,1.398713811859527478e+00
-8.845438672126282320e-02,2.998695686706099650e+00,4.185489050127522148e-02
7.313530585668522044e-02,2.999108405349371509e+00,3.201998995994124186e-01
1.866772337353095113e+00,2.348438000138232784e+00,3.171041009392752130e-01
1.991664187827146604e+00,2.243495879855105457e+00,5.968253086398789264e-01
2.109582773939241207e+00,2.132993323922702356e+00,3.166760335437350804e-01
-1.986252255826391755e+00,2.248288677244221212e+00,1.988394399871334706e+00
-1.703250957458291470e+00,-2.469602432764717914e+00,5.647105064869251123e-01
-1.568480381220820785e+00,-2.557316815282257849e+00,2.882883663557826992e-01
-2.504009318458618183e-01,2.989531631097206432e+00,-2.365416603592418454e-01
-4.112079589055581685e-01,2.971684373302912352e+00,-5.153430374785159529e-01
-2.066446261227478320e+00,-2.174810301947959879e+00,-3.602607617830635434e+00
-2.179302189439383586e+00,-2.061708506822608200e+00,-3.880995001473909412e+00
-2.355025961909021248e+00,1.858454389737475010e+00,4.466855597545175804e+00
-2.435638981715181561e+00,1.751474450498617053e+00,4.195472368663363483e+00
-2.413598070312789723e+00,1.781725106457889618e+00,2.545188093479056946e+00
-2.214081466258421393e+00,2.024313034283719670e+00,2.542395515089856062e+00
-2.202976801314465050e+00,-2.036392205070105987e+00,-1.664592354634806703e+00
-2.078784042414923761e+00,-2.163020320061988855e+00,-1.933381638451735718e+00
-2.856209974802707219e+00,9.176407684042360291e-01,-8.149141426577699576e-01
-2.799145866016453876e+00,1.079250860904449771e+00,-5.175035752017231871e-01
-2.744185638058497023e+00,1.212206741390872811e+00,-8.187300449069221386e-01
-1.031532616106241917e+00,2.817080130544570071e+00,5.995223081547820243e-01
-8.778806189219019451e-01,2.868680117915083816e+00,8.793694795615820681e-01
-1.547857032181660708e+00,-2.569851864977003242e+00,-4.719793634398776305e+00
-1.260175926845880312e+00,-2.722490887661173531e+00,-4.719266892967452165e+00
-2.745806524380591362e+00,1.208530732198804136e+00,-2.402025009517458898e-01
-2.061176774794029942e+00,2.179805106666575565e+00,-4.717956995978580537e+00
-1.288547560533215064e+00,-2.709177953594761767e+00,8.444705624882944406e-01
-1.140496178650879378e+00,-2.774755568781283266e+00,5.671671987130499915e-01
-9.915628840522757725e-01,-2.831395953760253104e+00,8.455290589147077540e-01
-2.644276034371399131e+00,-1.416970096384912114e+00,4.731119723423095280e+00
-2.475573759004998209e+00,-1.694560286247102976e+00,4.731119723423095280e+00
-1.874729462565463134e+00,2.342090827057953906e+00,-2.175737641991669413e+00
-1.996497466035574764e+00,2.239195808345828986e+00,-1.898249489562493508e+00
-2.589278769371131883e+00,1.515135457470360159e+00,2.545065539510535491e+00
-2.507844542747136529e+00,1.646425142365545380e+00,2.818396311501405016e+00
1.021845752163949239e+00,2.820608313606214779e+00,1.990989711296613507e+00
8.689826215694334000e-01,2.871388027315415759e+00,1.712610348928703896e+00
7.127154671949512688e-01,2.914109926344763402e+00,1.990754841078155479e+00
-1.870756268641416087e+00,2.345265653042069687e+00,-1.069912242285774973e+00
-1.744787629021007147e+00,2.440433594592414046e+00,-1.346613915629568226e+00
-2.420721870465181613e+00,1.772034318474547288e+00,-7.914517480975984398e-01
-2.219325125234868690e+00,2.018562852254354389e+00,-7.927937140681216022e-01
3.931071655182767355e-01,2.974132941954374942e+00,-2.385777803864161939e-01
5.535661285651372054e-01,2.948485126519278410e+00,4.034684751950301518e-02
7.106918331798267596e-01,2.914604110038188090e+00,-2.391828542857385997e-01
-9.967810128845239204e-01,-2.829563148677354256e+00,1.954562821572220166e+00
-1.294386835212538278e+00,-2.706392935408394873e+00,1.950647583639777416e+00
-1.145010285772916969e+00,-2.772895859110872330e+00,1.676838818487510263e+00
1.266916369123259223e+00,2.719360754597950791e+00,4.168136001842073668e+00
9.657614146434145841e-01,2.840300140827717534e+00,4.169966235041824731e+00
1.108864737139726442e+00,2.787547128700794907e+00,4.441568439778992072e+00
-2.468180401064625329e+00,1.705310970996335662e+00,4.735114697990042920e+00
-2.638088370094517465e+00,1.428457122762897047e+00,4.735114697990042920e+00
-1.958633937584768558e+00,-2.272389292912018632e+00,-2.209545296395423186e+00
-2.076601358174059886e+00,-2.165115885866077505e+00,-2.487052575075311189e+00
-1.824778898660797566e+00,-2.381214389970438550e+00,-2.492062027469324370e+00
-1.735655548697968120e+00,2.446936823106382164e+00,1.988292733989116989e+00
-1.465272094786931545e+00,2.617819261950434573e+00,1.989135053959460109e+00
-1.793736519545572783e+00,2.404684864685710632e+00,4.729809157752967508e+00
9.572575316962059766e-01,2.843177451023922053e+00,4.721699336489370680e+00
1.258773047190655969e+00,2.723139808321701327e+00,4.719869103289620504e+00
-2.184616663671238967e+00,-2.056076368428455314e+00,-2.768257774524471415e+00
2.317843065293049287e-01,2.991032603507813636e+00,-5.169743312469341490e-01
7.125251006125259134e-02,2.999153727272073411e+00,-2.374446294416916459e-01
1.500041732405600570e+00,-2.598052116690811264e+00,1.409785115648211740e+00
1.637281610753216210e+00,-2.513823567215757393e+00,1.131783529289184465e+00
1.770262855985136330e+00,-2.422017634270929420e+00,1.410524462789831013e+00
-2.437111344794091750e+00,1.749425132172261810e+00,3.102907520928402274e+00
-2.108265062109459187e+00,2.134295768605793953e+00,-5.167292159850127575e-01
-1.992447280312129365e+00,2.242800444795924886e+00,-7.927995999595864873e-01
-2.222795168379299025e+00,2.014741084960954609e+00,-1.896980208438620252e+00
-5.661634181467783966e-01,2.946092154694478715e+00,8.790311563952641905e-01
-2.475224578280434962e-01,2.989771334545631376e+00,8.780082641281845568e-01
-2.067659111240524261e+00,-2.173657240620987086e+00,-3.047405411424707111e+00
-7.225727853780584686e-01,2.911681399094172118e+00,1.156906973642688463e+00
-1.810452080680699627e+00,2.392125260842108414e+00,-4.717161970211904531e+00
-2.527101332101117093e-01,2.989337315956987595e+00,-7.936814103742531046e-01
1.602536990914873449e+00,2.536114191583159538e+00,3.178345092383221271e-01
1.736777119725249285e+00,2.446140886457455643e+00,3.768523414217916923e-02
-2.393806838705566875e+00,-1.808228088203050365e+00,1.111403031991486934e+00
-2.485800406621765823e+00,-1.679522651957711776e+00,8.357337748979425385e-01
-2.294340905916392614e+00,-1.932873458723758819e+00,8.367806331502940509e-01
-1.335255552920594280e+00,2.686464704475887810e+00,-2.179047441071253921e+00
-1.188789959288349962e+00,2.754410723311830900e+00,-1.902679171888231657e+00
-1.863558330039373212e+00,2.350989228078440352e+00,2.266170498827567492e+00
-2.320990813837163991e+00,1.900789741681993217e+00,3.579578286538076526e-02
-2.218294491543173486e+00,2.019695409904476602e+00,-2.393606919770601138e-01
-1.038381327856428005e+00,2.814562882217969353e+00,-1.625663067117727678e+00
-8.873138241924189984e-01,2.865776365559082883e+00,-1.903835027783370215e+00
-2.548299812990703295e+00,-1.583088141295848850e+00,1.673421487593174106e+00
-2.486949462858702553e+00,-1.677820720216200545e+00,1.385063849472782049e+00
-2.643080808623811340e+00,-1.419198308582876766e+00,-2.695521858873206611e-01
-2.567663961086347868e+00,-1.551483735956766363e+00,-5.405243346459176479e-01
-2.480614911551688007e+00,-1.687172089796239893e+00,-2.673159513658953657e-01
-2.723749939844505086e+00,1.257452291419859369e+00,8.839966575254196712e-01
-2.579162967389690753e+00,1.532291874169410484e+00,8.655593656202125175e-01
-2.650475219076815936e+00,-1.405340212567655733e+00,-8.254119624539821842e-01
-2.231356868244664504e+00,2.005254728591198798e+00,-3.556680442289623656e+00
-2.003308558251464255e+00,2.233104301289225546e+00,-3.558191852844259984e+00
-2.627970925166940752e+00,-1.446986114818388458e+00,8.486969111332225424e-01
-1.474252992798908313e+00,2.612772112761360344e+00,-1.347733798875720979e+00
-2.496053745608789232e+00,1.664246285569636719e+00,5.892834787650222950e-01
-2.418249767556235774e+00,1.775406449721925517e+00,3.079605681212971291e-01
3.236471002861189827e-01,-2.982490998222188328e+00,4.721942366678970160e+00
4.846825300042973961e-01,-2.960588259976154379e+00,4.443108706414543363e+00
6.449521706754365313e-01,-2.929852675057406763e+00,4.721166339735573203e+00
-1.428577484669431463e+00,-2.638023193661413135e+00,1.128093630140547532e-02
-1.286584545822497816e+00,-2.710110736935064324e+00,2.891012722322594541e-01
8.660356002538183162e-01,2.872278248898078257e+00,-5.191997334275093579e-01
1.020285843057647579e+00,2.821172947278515419e+00,-2.402751055215892606e-01
-2.594660244898023826e+00,1.505901130069875471e+00,-7.937498217762612995e-01
1.866007778985979471e+00,2.349045544208075320e+00,1.433941508453909552e+00
1.600371064995475212e+00,2.537481518026337923e+00,1.434169511303484246e+00
-1.827179668398744461e+00,-2.379372702917778248e+00,-1.938391090845748899e+00
-1.181784196544306553e+00,2.757423818131360171e+00,3.212786130397820017e-01
-1.331201191992055444e+00,2.688476034194638320e+00,-1.071438495440007799e+00
-1.186644087121569324e+00,2.755335879797491394e+00,-1.348211907786875052e+00
-1.681335106484660447e-01,-2.995284814937808626e+00,-4.440560879637569514e+00
-3.265763966002779850e-01,-2.982171667960042072e+00,-4.720430958313336589e+00
-3.492961808298611359e-03,-2.999997966535612015e+00,-4.720129921324232924e+00
-2.863259044321307734e+00,8.954036213419236390e-01,-3.518740779659090379e+00
-2.751836702710791283e+00,1.194736272829196588e+00,-3.522878231652402548e+00
-9.934235582251065289e-01,-2.830743653876727883e+00,1.401793239554953274e+00
-8.394328954618162086e-01,-2.880165344909314751e+00,1.124056593392707804e+00
-6.828100442453033381e-01,-2.921261789617241256e+00,8.467532296174633544e-01
-1.280958374098400743e+00,-2.712774528748598701e+00,-1.380771474500835261e+00
-1.471797929907887159e+00,2.614155858689159562e+00,-7.928165551002059885e-01
-9.240191859006081920e-02,2.998576643249406093e+00,-1.072712237727428963e+00
6.962099588744419254e-02,2.999192044023129888e+00,-7.948720076553854597e-01
2.352188595291414552e-01,2.990764465504064162e+00,5.987607903026654910e-01
3.946553098965226436e-01,2.973927905375394420e+00,3.195128121220793815e-01
1.319203728119489716e+00,2.694383329022735474e+00,1.992120387684270355e+00
1.171835012115481467e+00,2.761666653378048508e+00,2.270264879833721494e+00
-9.624883050442514243e-01,-2.841410963351314045e+00,4.718775608432650870e+00
-1.028605452608484017e+00,2.818150248454488249e+00,1.711843379393299003e+00
-8.770199927315249777e-01,2.868943347706467861e+00,1.434365390311016952e+00
-6.581054327633267809e-01,-2.926926244265030341e+00,4.165692765662795338e+00
-8.085914970288536896e-01,-2.888975560805704834e+00,4.439541817927377565e+00
6.442444918212995031e-01,2.930008367694180382e+00,4.721699336489370680e+00
4.846721966000016035e-01,2.960589951655400842e+00,4.440935545199915957e+00
3.243570552718152977e-01,2.982413871463079680e+00,4.719236208710544389e+00
-9.509570426723417662e-15,3.000000000000000000e+00,4.719236208710544389e+00
-8.622496974663573788e-02,2.998760619754800238e+00,1.156201534658213070e+00
7.436020176367130752e-02,2.999078285139230360e+00,8.776411483100270416e-01
-9.895114058766110166e-01,-2.832113553097773018e+00,2.901597686586727676e-01
-6.807243278939829612e-01,-2.921748515771555255e+00,2.906172588120092826e-01
-1.570353882148488367e+00,-2.556166795187898355e+00,8.416782380961063126e-01
-1.742732871600264577e+00,2.441901336713647286e+00,-7.938477442026652398e-01
1.171938008351883109e+00,2.761622947576338305e+00,3.907870803070334631e-02
1.318410124631202329e+00,2.694771742331794950e+00,-2.409381711110665236e-01
-1.561737428088151081e+00,-2.561440260031181637e+00,-1.936965766290960289e+00
1.249576785721641548e+00,-2.727371968871421082e+00,-4.158429071493547013e+00
1.107070704096275504e+00,-2.788260112710393646e+00,-4.438168934618952122e+00
-3.424336009144959142e-02,-2.999804559015411431e+00,-3.047514520025673690e+00
2.868719880654806986e-01,-2.986252578477473385e+00,-3.049500476971532592e+00
-6.462758584262437989e-01,-2.929560976463098321e+00,4.720766209494726695e+00
-2.753130947893712044e+00,-1.191750806062186641e+00,8.738611850946798043e-01
-1.823489454484929606e+00,-2.382201966538994853e+00,-3.046572587230679474e+00
-1.948015606395685495e+00,-2.281498454358199091e+00,-3.324408692506175100e+00
-1.833635277919165141e+00,-2.374401328244723164e+00,8.402800422963947469e-01
-1.958544647020940221e+00,-2.272466251812251148e+00,1.114848832074707197e+00
-2.075905847824545347e+00,-2.165782747869198666e+00,8.378811004655251082e-01
1.067909858130778877e+00,-2.803492203468220811e+00,-2.212999842287009855e+00
9.160774707043985998e-01,-2.856711757890149972e+00,-2.492240811643387843e+00
1.218007552937592441e+00,-2.741615874076267723e+00,-2.491519333432721695e+00
-2.857436287710868328e+00,9.138150040752943681e-01,-2.363865987025937088e-01
-5.239044687576246417e-01,-2.953899813401902108e+00,5.690497847264550657e-01
-3.637904469592928569e-01,-2.977861063028488520e+00,2.914413483990010434e-01
1.021302927644183622e+00,2.820804908175221115e+00,2.546070413049980274e+00
1.318685189175665018e+00,2.694637150313329066e+00,2.547201089437637123e+00
-8.986659240748258171e-01,2.862236810067737558e+00,-3.575017939800503086e+00
-7.399093178198596910e-01,2.907324233965546068e+00,-3.296660485468597912e+00
-5.869753204524538193e-01,2.942016310828296177e+00,-3.578545480411712276e+00
1.462939654519280319e+00,2.619123434898593672e+00,2.824359507373356060e+00
1.601961128982225535e+00,2.536477979646185155e+00,2.548553974157097279e+00
3.208843494991302503e-01,-2.982789505521051598e+00,-4.720129921324232924e+00
6.032933923350749517e-01,-2.938713508112833495e+00,-2.493814252998911130e+00
7.613865533535466579e-01,-2.901773684554397992e+00,-2.772333744144622969e+00
1.736146053419529212e+00,2.446588825527451050e+00,2.270503880082445747e+00
1.866327866571179772e+00,2.348791241140827601e+00,2.547662298018164684e+00
9.546698940193942828e-01,-2.844047361323822631e+00,-4.718861660286201243e+00
1.259498654959908759e+00,-2.722804278341390827e+00,-4.719307274332749103e+00
-2.103093059547936239e+00,2.139392339633219731e+00,2.818557937706603678e+00
-1.986260202473044467e+00,2.248281656748491120e+00,2.542434587326532824e+00
1.643459909406558062e+00,-2.509788741343260465e+00,-2.210900654708897406e+00
1.506289489513938040e+00,-2.594434808157615180e+00,-2.491005926749025434e+00
1.777275192580522578e+00,-2.416876680726153026e+00,-2.489628217381577358e+00
-2.217248950273750907e+00,2.020843163758621053e+00,3.101667313953440086e-01
7.122089465406503672e-01,2.914233761465860439e+00,3.189077382227569757e-01
-1.822160310235632963e+00,-2.383218790585954761e+00,-3.601774793636607797e+00
1.545817268761989105e+00,2.571079339809883457e+00,4.719869103289620504e+00
6.415779691396775730e-01,-2.930593405696977349e+00,-4.718861660286201243e+00
-2.115908332448301010e+00,2.126718582388335665e+00,-2.725732287579631041e+00
-1.998160324949094679e+00,2.237712071692720794e+00,-2.451387264917581632e+00
-8.447504447791951421e-01,-2.878610200434465138e+00,2.233725509863413006e+00
-6.866587433271491570e-01,-2.920359527560327795e+00,1.959916744711145853e+00
-7.141320686522385427e-04,-2.999999915002563355e+00,4.721942366678970160e+00
-2.295663426439132238e+00,-1.931302522265670785e+00,1.386110707725133118e+00
-1.323240160310809266e+00,2.692403290397005655e+00,2.266127157365771971e+00
-1.177845486181458234e+00,2.759108553624153082e+00,1.989193378379881860e+00
1.991258941066691435e+00,2.243855572362436490e+00,2.826915585069811776e+00
2.109131535115631451e+00,2.133439515800900299e+00,2.548865490995161132e+00
2.220705910696879837e+00,2.017043692683909484e+00,2.268328273037857556e+00
2.327077591951254742e+00,1.893333008490146518e+00,2.547581560089504649e+00
-1.645249961846597109e-01,-2.995485190354049365e+00,4.442708576173696855e+00
-3.257461044657727900e-01,-2.982262475944291058e+00,4.720766209494726695e+00
2.906527118122332443e+00,7.430343946409806444e-01,1.424818325217862558e+00
2.862470798740925915e+00,8.979203340806393152e-01,1.147274902204475477e+00
2.809270151421347173e+00,1.052616367121983698e+00,1.426879814871811369e+00
-1.560404484716711782e+00,-2.562252494208166809e+00,-2.491114635181142845e+00
-1.694335045022138608e+00,-2.475727924310308303e+00,-2.768621913861030848e+00
2.177522486259933832e+00,2.063588094032420273e+00,4.441025290037203810e+00
2.062608554761941271e+00,2.178450355143044082e+00,4.721789081326656756e+00
2.286486165382899838e+00,1.942158854345494401e+00,4.719236208710547054e+00
-4.153575374667486386e-01,2.971107220560974316e+00,-1.627995578284648914e+00
-5.733665386338585579e-01,2.944698764283883108e+00,-1.349170281729580978e+00
-2.545276855187770249e-01,2.989183108694489999e+00,-1.350346937001363656e+00
1.682428415621436191e+00,-2.483834661628979035e+00,-4.439219842069434208e+00
1.807195574437622243e+00,-2.394586426866458506e+00,-4.160983591256584901e+00
1.538557155276052857e+00,-2.575430426151881225e+00,-4.160378297852648899e+00
-2.711758542438216235e+00,1.283107792632155020e+00,-2.432003170617981880e+00
-2.416637873106831869e+00,1.777599896001822000e+00,8.586074035064505949e-01
2.217101099376411089e+00,2.021005372368888331e+00,-1.081547252385451685e+00
2.106082361827642302e+00,2.136449644901208256e+00,-8.025490962343369006e-01
2.324279563920311098e+00,1.896766856717611471e+00,-8.031355309949672616e-01
1.365034352048943633e+00,-2.671456759471566134e+00,-2.770246896105402534e+00
1.814985540956790544e+00,2.388687398157780528e+00,4.721789081326656756e+00
1.682187083153988016e+00,2.483998111366004569e+00,4.441658184616277261e+00
3.914892147292842184e-01,2.974346347477147656e+00,-7.960051586001100077e-01
2.143580875093311633e+00,-2.098823725788850680e+00,-2.208684813922739743e+00
2.027642939169624903e+00,-2.211032363226636654e+00,-2.488079653764448729e+00
2.254448061103935252e+00,-1.979258431783153416e+00,-2.487241522345739142e+00
-1.687658058558464624e+00,-2.480284313820227293e+00,-3.880159003438450327e+00
1.865947950620201023e+00,2.349093068734457557e+00,1.991110172404028766e+00
1.601550860192279879e+00,2.536737046328879863e+00,1.992001848542961362e+00
-2.432191614350751152e+00,1.756258509184194017e+00,-3.554913044279727430e+00
-2.332552552768325071e+00,1.886583840854672456e+00,-3.277728363423776159e+00
-5.652795828402173983e-01,2.946261867727304917e+00,1.434027067144699075e+00
1.770810261715826339e+00,-2.421617438201568717e+00,1.968400561947008853e+00
1.899435934711425800e+00,-2.322098863082046272e+00,1.689544892922869579e+00
2.021794995129819306e+00,-2.216381058768553736e+00,1.969419405721020588e+00
1.601059508390630048e+00,2.537047191242597588e+00,-2.418506042105068587e-01
1.865404125774352107e+00,2.349524940821872576e+00,-2.425810125095546610e-01
1.022194083471100079e+00,2.820482096329752775e+00,8.761289096659270470e-01
8.690660025837115832e-01,2.871362791977559947e+00,5.975573244902454562e-01
7.126222269910449381e-01,2.914132728891792201e+00,8.766452880010140447e-01
2.906728369569502313e+00,7.422467147383159380e-01,8.678419626866658021e-01
2.809555301425555207e+00,1.051855031946683061e+00,8.699034523406155017e-01
1.499326111272607509e+00,-2.598465164680134887e+00,1.967320882443357455e+00
1.637157444958706076e+00,-2.513904433429457352e+00,2.247195395241508464e+00
2.969786741228375604e+00,4.246960226139944172e-01,1.980765299621069175e+00
2.942378859112342759e+00,5.851552353425111264e-01,1.702526472461530105e+00
2.906327489226792959e+00,7.438148461577555048e-01,1.982662065044737965e+00
1.460966361768917476e+00,2.620224663989653369e+00,-5.212044177627994657e-01
1.988872714053452562e+00,2.245970909716698660e+00,-5.231271128530465830e-01
2.108172200648115613e+00,2.134387493501233912e+00,-2.435912745003605551e-01
1.357396258670164446e+00,-2.675345846231518276e+00,1.687665195404460139e+00
1.210617576096546744e+00,-2.744887080454517125e+00,1.966460028698959306e+00
2.544036962592459705e+00,-1.589929537106387958e+00,-2.206563596714882891e+00
2.455054064968587024e+00,-1.724154731478940272e+00,-2.486353163138073974e+00
2.626783384806265609e+00,-1.449140796922693042e+00,-2.485070077348925821e+00
1.905963913287048728e+00,-2.316743740953564945e+00,-2.768184925804577645e+00
2.426694839177723662e+00,1.763845842897899807e+00,2.826921189328788220e+00
2.517953890063674205e+00,1.630922501994870988e+00,2.546383971371485089e+00
9.705882005216177610e-01,2.838654354620901543e+00,-4.150718228811285826e+00
1.266717101316935379e+00,2.719453582106380107e+00,-4.155084083809537532e+00
1.118563302525360292e+00,2.783669545446003646e+00,-4.432779166910293611e+00
2.221285752284792636e+00,2.016405119686166092e+00,3.593379209363334326e-02
2.326353771653243196e+00,1.894222301926236307e+00,-2.446123082498594670e-01
-1.028398052628471282e+00,2.818225939372137390e+00,2.820616463774967997e+00
-1.178648817467123688e+00,2.758765478449255681e+00,3.099002006652788133e+00
-8.775016403006202781e-01,2.868796066518099597e+00,3.099678478730960585e+00
4.506283504003570917e-01,-2.965962590764666729e+00,-3.325840436060129690e+00
6.071028112026302104e-01,-2.937928892371267864e+00,-3.050247144588745130e+00
2.068258868872365319e+00,2.173086572442709752e+00,-4.158431387978181348e+00
2.290834739337617165e+00,1.937027670696510828e+00,-4.158132080081879067e+00
2.178214749408386552e+00,2.062857364303154917e+00,-4.438797154623735253e+00
-8.929265428461279352e-01,2.864032504892509490e+00,-3.015767583795579299e+00
-1.194007756660247388e+00,2.752152880389307832e+00,-3.013340690383598641e+00
-1.042925331631886277e+00,2.812882285599687116e+00,-2.735975329321787441e+00
2.842637595309654319e+00,-9.588594796591133340e-01,-4.439156184729778687e+00
2.888249930948598276e+00,-8.111795956355285497e-01,-4.160836507117931404e+00
2.783984136872656556e+00,-1.117780088229079594e+00,-4.160247567691598647e+00
2.056488570413421257e+00,-2.184228641822774097e+00,4.165987243586311450e+00
2.280692254390948026e+00,-1.948959425119243916e+00,4.167837799753874251e+00
2.178480214415087879e+00,-2.062577018053384670e+00,4.440727307545476954e+00
2.601931812788669252e+00,1.493301992765786457e+00,2.265584357408600535e+00
2.679364913507846779e+00,1.349445686296076197e+00,2.544923986647884107e+00
2.876003616626501724e+00,-8.535825661008329401e-01,-1.922926282304668888e+00
2.767135819720464074e+00,-1.158861232080854453e+00,-1.924035240140756997e+00
2.825900042249374966e+00,-1.007119134568984720e+00,-2.204171553089646629e+00
2.622399517597956642e+00,-1.457058945307980302e+00,1.973047014034192692e+00
2.697613787777831451e+00,-1.312585178946852782e+00,1.693453155185782322e+00
2.764648705248637484e+00,-1.164782184173089874e+00,1.973706266788465058e+00
2.286179944374101325e+00,-1.942519307997125688e+00,-4.720261504642849104e+00
2.176847629934294925e+00,-2.064299977243967188e+00,-4.440174072379534209e+00
2.062239673591264477e+00,-2.178799561379200167e+00,-4.719912567736685105e+00
-3.659163038541012325e-01,-2.977600587482100991e+00,8.475773192044551152e-01
-2.405288646467075075e+00,-1.792926804745967662e+00,3.332306980152698550e+00
-2.495840952941992263e+00,-1.664565390009538959e+00,3.055399558821291883e+00
-2.299787980425501033e+00,-1.926389172802420724e+00,3.037380292514878288e+00
-2.661234266949859872e+00,-1.384858179169203840e+00,3.062667254422934526e+00
-2.578453679333153836e+00,-1.533485123349203727e+00,2.767740566785113820e+00
6.779739205152487957e-02,2.999233821100150799e+00,-1.351537534282496011e+00
-2.652992126923511496e+00,-1.400583012349450929e+00,2.493669742588168869e+00
-2.485946412461329746e+00,-1.679306533772391141e+00,2.486402046986526670e+00
2.767855394066870200e+00,-1.157141528740080805e+00,-2.484429699658406321e+00
2.876533471842554590e+00,-8.517952719811368034e-01,-2.483320741822318212e+00
-5.338694895562828835e-01,-2.952115066883558292e+00,2.790485614700967787e+00
-6.904285007133590391e-01,-2.919470583068564107e+00,2.511836759572474875e+00
-3.721288440209757908e-01,-2.976830550005763243e+00,2.517728288130832048e+00
-1.279450908450788127e+00,-2.713485834284832254e+00,-1.935910509048372141e+00
-1.421880399233152126e+00,-2.641638909896008247e+00,-2.213499491546848219e+00
2.449814887973830846e+00,-1.731590891250519348e+00,1.972010717493876797e+00
2.539871513957227656e+00,-1.596575301258484680e+00,2.252263829096559533e+00
2.648133888217600873e+00,-1.409747108552995121e+00,-4.160587804620512031e+00
2.479928665832990209e+00,-1.688180621965494899e+00,-4.161565686611639947e+00
2.570323214292654423e+00,-1.547074197984142252e+00,-4.439545127294572069e+00
2.353033893028591006e+00,-1.860975953165089347e+00,1.691678819564195635e+00
2.249082383563504983e+00,-1.985353477833180280e+00,1.970895634626562032e+00
2.961366868139293729e+00,4.799023570340869016e-01,-4.162653683546675865e+00
2.995918709975760486e+00,1.564323598785597458e-01,-4.163093273539196559e+00
2.982447752030357169e+00,3.240453770833156000e-01,-4.440182121901621315e+00
3.958698947159114967e-01,2.973766471405852041e+00,8.769540608326940045e-01
1.021794081150502631e+00,2.820627032368121956e+00,3.183913598876699780e-01
2.976201980114887125e+00,-3.771230217849665944e-01,-2.202038759435323456e+00
2.951682280717122353e+00,-5.362571339390902470e-01,-2.481792351190952317e+00
2.992336257453020121e+00,-2.142982088867103618e-01,-2.480768515372718142e+00
1.814581066347860094e+00,-2.388994674261929241e+00,-4.719912567736685105e+00
1.546502345815291557e+00,-2.570667324720917524e+00,-4.719307274332749103e+00
2.485154191306699012e+00,1.680478695321886207e+00,-4.158567651976799340e+00
2.652547246252200175e+00,1.401425383814589587e+00,-4.159586967585259032e+00
2.570838782212992335e+00,1.546217305513561957e+00,-4.439517162335892664e+00
-8.850812967020736943e-01,2.866466657442255261e+00,-1.349367763682013610e+00
2.906599091843830251e+00,7.427527982395086825e-01,3.106511763534038906e-01
2.942637578085663286e+00,5.838527931235255597e-01,5.884805230852823144e-01
2.969899626545622340e+00,4.239058955053266464e-01,3.086611866158808226e-01
2.483312609892010414e+00,-1.683198883540305335e+00,4.721288931856519433e+00
2.570797168502078733e+00,-1.546286492995943673e+00,4.440525140567061158e+00
2.650536133338079026e+00,-1.405225322099351137e+00,4.719236208710541725e+00
2.358808766464969509e+00,-1.853650777047286535e+00,-2.765748002979782960e+00
9.078713321771212375e-01,-2.859330278965852123e+00,1.965417594378767951e+00
1.060347549478288798e+00,-2.806361180303666547e+00,2.245073281417665712e+00
2.998285688732106991e+00,1.014047767328299376e-01,1.979536090929606473e+00
2.988378484489526699e+00,2.638068108295916758e-01,2.259671683512814333e+00
1.261098835273126273e+00,2.722063505444493714e+00,-4.718572510954272659e+00
9.647244208983201119e-01,2.840652529212680744e+00,-4.714206655956019176e+00
1.548013054164459446e+00,2.569757884341718146e+00,-4.718572510954272659e+00
2.379431845033161075e+00,-1.827102650329775368e+00,-3.882020770353442174e+00
2.470424629968754004e+00,-1.702058209240725262e+00,-3.599924082105122380e+00
2.063360486979759933e+00,2.177738161664677374e+00,-4.719548231260018767e+00
2.286467326989351623e+00,1.942181032398928808e+00,-4.719248923363716486e+00
2.327605525138067399e+00,1.892683945973743675e+00,3.156549997942370567e-01
2.808940103684563816e+00,1.053496793498942097e+00,1.984273805285099002e+00
2.861947773929445660e+00,8.995859821608440665e-01,2.262512632444638516e+00
2.949974601612551872e+00,-5.455729555621904314e-01,1.417723613008118555e+00
2.916638579259323905e+00,-7.022958051819422343e-01,1.695600143099644797e+00
2.995621624101984626e+00,1.620218664643362505e-01,-4.720310855947071005e+00
2.960466312761387719e+00,4.854268338328581178e-01,-4.719871265954548534e+00
1.685165370517837102e+00,2.481978580489259567e+00,-4.438120742214291425e+00
1.815810066975538817e+00,2.388060677761411288e+00,-4.719548231260018767e+00
2.786930159450382138e+00,-1.110414466019722823e+00,4.719236208710541725e+00
2.842959513548414474e+00,-9.579045904079197538e-01,4.438472417421088778e+00
2.890649977557674610e+00,-8.025850155876412817e-01,4.719236208710546165e+00
-1.437809612407757065e+00,-2.633002757018658269e+00,2.223510485267634174e+00
-1.575027986820134895e+00,-2.553289415779831373e+00,1.945786482182923827e+00
2.482801540437540311e+00,-1.683952645058933051e+00,-4.720261504642849104e+00
2.650532098499379430e+00,-1.405232932586079952e+00,-4.719283622651722965e+00
2.424871467515270940e+00,1.766351710738927938e+00,-5.252136160095615125e-01
2.517471138347106674e+00,1.631667572635224106e+00,-2.456885494155667260e-01
-1.000433289164342376e+00,-2.828273896554542421e+00,2.506482836433549188e+00
2.602432890079323879e+00,1.492428575387571899e+00,3.391815745765747181e-02
2.678939494439222635e+00,1.350290037411859156e+00,-2.466831503020445737e-01
2.511628966038878197e+00,1.640646194934933799e+00,3.102060397391854352e+00
2.592698939663337754e+00,1.509275391791903509e+00,3.380785285353206326e+00
2.676276674132985978e+00,1.355560092172856557e+00,3.104448488572120635e+00
2.874268716256838108e+00,-8.594063920795959044e-01,1.974984025645290853e+00
2.823389578981365666e+00,-1.014135733173536336e+00,2.254577884493701667e+00
2.787132784099488614e+00,1.109905781495813759e+00,-4.720268238972174402e+00
2.843108156193774771e+00,9.574633215870120839e-01,-4.440139504926724712e+00
2.890628059602255551e+00,8.026639527474126456e-01,-4.719871265954548534e+00
2.650792568664223747e+00,1.404741527084084840e+00,-4.720268238972174402e+00
2.483050664377952632e+00,1.683585280920514515e+00,-4.719248923363716486e+00
2.987710635352780475e+00,2.712658463571949730e-01,-2.199977533079982450e+00
2.997966887819343285e+00,1.104288890589814887e-01,-2.479774425877518951e+00
2.968439615077343774e+00,4.340118104838506241e-01,-2.478737035340412120e+00
2.918695340097928970e+00,-6.936984299323710745e-01,-2.762050497759712897e+00
2.286769513873052162e+00,-1.941825221388579159e+00,4.721288931856519433e+00
2.063301885450979700e+00,-2.177793683867788044e+00,4.719438375688957521e+00
2.138191211591728980e+00,-2.104314221467862289e+00,2.249751303650701750e+00
-2.605408731341970707e+00,1.487227401121638204e+00,-3.549396170259221606e+00
2.701773923662391663e+00,-1.304000638580336213e+00,-2.764219266081598292e+00
2.809469374854271173e+00,1.052084517401500774e+00,2.543668236572364627e+00
2.906701061187180191e+00,7.423536494780096362e-01,2.542056496332003590e+00
2.748894149697096889e+00,1.201491137612372917e+00,2.824467850535249180e+00
1.861300865198863619e+00,2.352776888956953805e+00,3.096665421458567380e+00
2.104564493949204973e+00,2.137944875530781275e+00,3.097868614435563828e+00
1.259765602935340123e+00,-2.722680779243310312e+00,4.721625342618192001e+00
1.546754376328990155e+00,-2.570515687426769613e+00,4.721625342618192001e+00
2.995600241553372456e+00,-1.624167257562329769e-01,4.719236208710542613e+00
2.995600241553370680e+00,1.624167257562709743e-01,4.719236208710542613e+00
1.110553938927266504e+00,-2.786874584320782056e+00,4.442791682353765204e+00
9.579442287715139726e-01,-2.842946157520987782e+00,4.721166339735573203e+00
1.683882854153407660e+00,-2.482848874476288437e+00,4.441063718307149522e+00
1.815745805965331083e+00,-2.388109538551217881e+00,4.719438375688957521e+00
2.982413871463077015e+00,3.243570552718429978e-01,4.438472417421088778e+00
2.960479567624575647e+00,4.853459896583111055e-01,4.719236208710546165e+00
6.519406018668157943e-01,2.928305559813991543e+00,-4.714206655956019176e+00
2.650536133338061706e+00,1.405225322099383556e+00,4.719236208710546165e+00
2.570571528502759939e+00,1.546661571531077417e+00,4.438472417421093219e+00
2.483066994470662259e+00,1.683561196087160816e+00,4.719236208710547054e+00
2.982413871463081012e+00,-3.243570552718051947e-01,4.438472417421088778e+00
2.960479567624582309e+00,-4.853459896582736355e-01,4.719236208710546165e+00
2.786930159450368372e+00,1.110414466019757906e+00,4.719236208710546165e+00
2.890649977557664396e+00,8.025850155876790293e-01,4.719236208710546165e+00
2.786926971102435147e+00,-1.110422468136252006e+00,-4.719283622651722965e+00
2.842959513548402484e+00,9.579045904079545037e-01,4.438472417421092331e+00
-2.270928667168814918e+00,-1.960327265695927412e+00,3.610904213424387166e+00
-2.470847951769187034e+00,-1.701443622115647480e+00,3.628923479730800317e+00
2.999389842127260675e+00,-6.050268542640022118e-02,1.698858792648548111e+00
2.991753754420483968e+00,-2.222824170080460182e-01,1.977765176540293268e+00
2.999573662125820661e+00,-5.057514687169331613e-02,-2.759528017633147812e+00
2.809392012277062367e+00,1.052291082046141080e+00,3.116970346969925032e-01
2.862174941737094525e+00,8.988629500053153532e-01,3.187769822759101146e-02
2.950240702010412441e+00,-5.441321532505770664e-01,1.976471760804881406e+00
2.969886219035803965e+00,4.239998183740389948e-01,2.540761282345984640e+00
2.998309378172006934e+00,1.007019005073536699e-01,2.539532073654521049e+00
-6.847298479415546701e-01,-2.920812393040322252e+00,1.403017410257708431e+00
2.809098775581487573e+00,1.053073629442209391e+00,-2.478911416698306169e-01
2.906392076800104363e+00,7.435624357870543877e-01,-2.489370000134201177e-01
-1.038536022784833507e-01,2.998201866001317661e+00,-3.299461205508110950e+00
-2.620820346548784485e-01,2.988530241960278389e+00,-3.021639267123893191e+00
5.943590333057847952e-02,2.999411171112636776e+00,-3.020912446552198816e+00
2.995578806957511109e+00,-1.628115822262479195e-01,-4.720310855947071005e+00
1.599373704783726424e+00,2.538110271924050476e+00,-8.017058266371117625e-01
1.316619601391588734e+00,2.695647014212256387e+00,-8.007933935376705392e-01
2.747710953426000469e+00,1.204194550902295102e+00,-5.274978485430565911e-01
-4.308620015610229448e-01,2.968898438076120971e+00,-3.857522567026387961e+00
-2.669478363360398565e-01,2.988099538615724970e+00,-3.579165112694482787e+00
2.975300304375356308e+00,-3.841719651196739971e-01,2.257149059085938880e+00
9.140723685468565840e-01,-2.857353969157328422e+00,-8.194204781514979885e-01
1.066828510164938848e+00,-2.803903873156007087e+00,-1.098042916472780739e+00
1.215852612621107776e+00,-2.742572227742129609e+00,-8.190847630347342090e-01
2.859524854620830503e+00,9.072582905687418542e-01,-2.197867999163772623e+00
2.904221034505981347e+00,7.519974619192593135e-01,-2.477686738668104738e+00
2.805900268389420305e+00,1.061566617717503824e+00,-2.476614595289001741e+00
2.942809410751189070e+00,5.829860821616910105e-01,2.821916886473710750e+00
-7.335241837127867148e-01,2.908941778707248460e+00,-2.182436905496162538e+00
-5.754380903835070171e-01,2.944294653076655166e+00,-1.905420800725658559e+00
2.998310575653290400e+00,1.006662402478250284e-01,3.073178579739579419e-01
2.988423050877619946e+00,2.633014792653058378e-01,2.948851124207951813e-02
2.890382535342322257e+00,-8.035476335526674507e-01,-4.719872562078055722e+00
2.977694007729215997e+00,-3.651553044028238437e-01,3.375044026252181695e+00
2.952215060935599045e+00,-5.333162607543644462e-01,3.094654971490920392e+00
2.992133513709250625e+00,-2.171106541327093853e-01,3.098254285308271072e+00
-2.485037485224192100e+00,-1.680651271689229453e+00,1.936051373998004976e+00
-2.626180819346664030e+00,-1.450232500013595383e+00,1.949701336384750405e+00
2.877337412388352167e+00,-8.490756239995952415e-01,3.092973615642766738e+00
2.915886827356385602e+00,-7.054105258992899863e-01,2.816183874698857004e+00
2.807059775475782892e+00,1.058496772269923891e+00,3.103192738496601599e+00
2.991642744898117101e+00,-2.237715060021278901e-01,2.538153852684180478e+00
2.949969500033461589e+00,-5.456005396554602926e-01,2.536860436948768616e+00
2.808416410208995906e+00,1.054892064084669734e+00,-8.070273042568398836e-01
2.678064733702995248e+00,1.352024142571539134e+00,-8.058193128890529522e-01
2.940413928057217241e+00,5.949503606916527465e-01,-2.757483631465641238e+00
2.102955004188483912e+00,2.139528043835511983e+00,-1.914916206194900994e+00
2.321497988724451567e+00,1.900170278777228106e+00,-1.915837745189803876e+00
2.215235703774067311e+00,2.023049870053779120e+00,-2.193753889930837531e+00
2.942189444513047203e+00,5.861068781340199596e-01,-5.295652958558569878e-01
2.969692617292700731e+00,4.253536867093435925e-01,-2.497964559584344713e-01
2.998261144044203075e+00,1.021279203486853693e-01,-2.511397846003573520e-01
2.856264251245158370e+00,9.174718126781522543e-01,3.381482169483752465e+00
2.903729230993087551e+00,7.538942585510859384e-01,3.101501531446881010e+00
2.999344740218425009e+00,-6.269871867964971202e-02,2.819243451517350785e+00
4.379783986452788769e-01,-2.967856957860354417e+00,1.128621468865399713e+00
5.962276818117961952e-01,-2.940155191727357398e+00,1.407547529962125843e+00
2.771023548484276566e-01,-2.987174967245383339e+00,1.406467181901891905e+00
2.968178506684979734e+00,4.357939334746701032e-01,3.100206317460861616e+00
2.991869270300256733e+00,-2.207221543774197103e-01,-8.107238111344559073e-01
2.998209003153126329e+00,1.036473512036740902e-01,-8.101065370449882508e-01
2.999414116843041267e+00,-5.928706168026160600e-02,-5.310420258903389978e-01
2.988143879694298732e+00,2.664510353620432870e-01,-1.088623498600398420e+00
2.969459422092104006e+00,4.269786183738311092e-01,-8.089417133562815110e-01
2.992933657374721168e+00,-2.057865946887100228e-01,-3.036889535614385238e+00
2.997640682162085568e+00,1.189552043704875800e-01,-3.035895446119186047e+00
2.824395888194711102e+00,-1.011329751737191529e+00,-1.089982175011779297e+00
2.874743681000442308e+00,-8.578162790178478492e-01,-8.108092016478014585e-01
2.765296962347269183e+00,-1.163242326444910324e+00,-8.126525246285369874e-01
2.905984769440641990e+00,7.451526821927296762e-01,-8.080822574112680456e-01
2.982262775473602190e+00,-3.257433622109400795e-01,-4.440183418025126727e+00
2.960317770476449617e+00,-4.863318803053540140e-01,-4.719872562078055722e+00
2.873778119317181634e+00,-8.610454813387049544e-01,2.535179081100615406e+00
2.763983966754993027e+00,-1.166358706196911399e+00,2.533901322243789611e+00
-1.324656178048281063e+00,2.691706895254109888e+00,3.372701067851660461e+00
-1.466685742311187424e+00,2.617027499530923951e+00,3.640092316525101346e+00
-1.179864308001498330e+00,2.758245858277348361e+00,3.645455270282221605e+00
4.444608316618304800e-01,-2.966893083533424846e+00,-2.213867029696409361e+00
2.426574433629242300e+00,1.764011484672626473e+00,5.951378416459265353e-01
2.517966491891960423e+00,1.630903046078857166e+00,3.143956001958247981e-01
-2.227585923856539640e+00,2.009442945653398205e+00,-3.001208670576238191e+00
2.803046971673134991e+00,1.069077955340052233e+00,-3.033518283541667415e+00
2.671106872127399168e+00,1.365718886767618212e+00,-3.032579995748148960e+00
2.744015510355425569e+00,1.212591802268535357e+00,-2.755495046999815401e+00
2.998077754983562659e+00,1.073767901956475951e-01,3.099632506278611643e+00
2.674755146323577026e+00,1.358559865157049185e+00,-2.475676307495483286e+00
2.861099109814455144e+00,9.022814881282510413e-01,-1.086403721757264407e+00
2.597816473179378693e+00,1.500449789789000121e+00,-2.195735642355205464e+00
2.512371417958742637e+00,1.639509029625630721e+00,-2.474616094066020011e+00
2.621777006444936831e+00,-1.458178771096543480e+00,2.531255353773586236e+00
2.449075147101996031e+00,-1.732636985593732692e+00,2.530219057233269897e+00
2.319739462064144053e+00,1.902316700274261807e+00,3.103257986109873912e+00
2.551612859239294373e+00,-1.577742633183458310e+00,-3.315505632436202887e+00
2.259574732319889812e+00,-1.973403666020081992e+00,-3.041938081230057378e+00
2.459518314521106142e+00,-1.717780445963702718e+00,-3.041049722022391322e+00
2.991757029629972475e+00,-2.222383307614687886e-01,-2.517570586898250085e-01
1.503780413134804483e+00,-2.595889918519680872e+00,-8.183532109334397120e-01
1.361605871727723960e+00,-2.673205837580896915e+00,-5.397307726121569615e-01
2.517990044004195571e+00,1.630866683176693366e+00,8.741971760156896920e-01
2.327632857729012184e+00,1.892650332105820787e+00,8.754565756141019506e-01
5.976314818591073053e-01,-2.939870169223615104e+00,8.507944652553884879e-01
2.785286423199159755e-01,-2.987042315637229883e+00,8.497141171951545502e-01
-1.559017066223712611e+00,-2.563096913349787620e+00,-3.045625194942498837e+00
2.975259440599225869e+00,-3.844883107783408915e-01,2.717900414696039491e-02
2.950272135598403178e+00,-5.439616952613824941e-01,-2.527232371430212510e-01
2.767293295075249127e+00,-1.158485139754313664e+00,3.087559933708088344e+00
2.625917699283528695e+00,-1.450708873823241873e+00,3.084913965237884970e+00
2.696303292503792637e+00,-1.315275087133185083e+00,2.811856550380499975e+00
7.597523985339077468e-01,-2.902201973144180602e+00,-1.655839475424343732e+00
6.029742660943948618e-01,-2.938779004013048812e+00,-1.934842133463217095e+00
9.147789349071507869e-01,-2.857127841075743468e+00,-1.934718662458802640e+00
2.247977576379859954e+00,-1.986604343117504667e+00,2.530791197808216264e+00
2.020561701654801201e+00,-2.217505447525631723e+00,2.529314968902674821e+00
2.745638162231580193e+00,1.208913182200272551e+00,-1.640565565500512690e+00
2.806725660692942714e+00,1.059382398196119901e+00,-1.919372471304725991e+00
2.675518068169891794e+00,1.357056766276359960e+00,-1.917988949980456326e+00
5.950905007614218922e-01,-2.940385569258480825e+00,1.964712045048046640e+00
7.532925323448104171e-01,-2.903885390423241564e+00,1.686098792329340235e+00
-2.340351755148573076e+00,1.876900013898714636e+00,3.377138409479572445e+00
-2.213858810512475461e+00,2.024556535915035038e+00,3.092749754021096642e+00
2.251442115689674672e+00,-1.982677079026940570e+00,-8.166323409442384218e-01
2.451828189557422988e+00,-1.728738999644414687e+00,-8.156669710235462389e-01
2.354730481751180271e+00,-1.858828759814054266e+00,-5.364064081130202055e-01
1.772330518627196705e+00,-2.420505016054016245e+00,2.983787871970777772e-01
1.501606945492648837e+00,-2.597147778092004700e+00,2.972017939850051249e-01
1.639943821848296235e+00,-2.512087630076148770e+00,1.968109761849934358e-02
2.622368783411177517e+00,-1.457114259003245760e+00,3.034711773069815877e-01
2.450118644462262019e+00,-1.731161063580858306e+00,3.024395029932698264e-01
2.540517101957120882e+00,-1.595547822744086242e+00,2.363647897135301434e-02
2.351202713551711732e+00,-1.863288973773812529e+00,2.809782722485242967e+00
2.916742232533256818e+00,-7.018651928660613049e-01,-5.325694256221833456e-01
2.874291555445644519e+00,-8.593300031384079052e-01,-2.536333627853970540e-01
2.986685830548740039e+00,2.823256091809307478e-01,3.379217151251782347e+00
2.320738191958105379e+00,1.901098168003700017e+00,-2.473784413456204589e+00
2.102099539325300803e+00,2.140368549284995758e+00,-2.472862874461300819e+00
9.197803146794339968e-01,-2.855521698871889669e+00,-3.048673703233220067e+00
2.419625948406807669e+00,1.773530453585857591e+00,-2.753725078596482412e+00
2.823462928984177722e+00,-1.013931500966455346e+00,2.544048948941490806e-02
2.764837590545124790e+00,-1.164333757093999555e+00,-2.544056989897471865e-01
2.748411593653631080e+00,1.202594575021152856e+00,5.921744774351598295e-01
2.679349397879549954e+00,1.349476492600925059e+00,3.134009993093478386e-01
-7.251847890000975294e-01,2.911031951353829417e+00,3.376445602099527044e+00
-5.673932919439380607e-01,2.945855538253194794e+00,3.098060059221706908e+00
-1.820787698942845534e+00,-2.384267635014663878e+00,4.720052565408546563e+00
3.960579179732164334e-01,2.973741435567443858e+00,1.434104948775150934e+00
7.128064791181584203e-01,2.914087665690099804e+00,1.433796175943470530e+00
5.551884160968728610e-01,2.948180086533359390e+00,1.155525646008375595e+00
2.208553534813138874e+00,2.030342651835987056e+00,3.373007822498629515e+00
2.698271647200055856e+00,-1.311232289838951237e+00,-5.344602947284435857e-01
2.623196442561197550e+00,-1.455623723265829783e+00,-2.553864424536316236e-01
1.769896686028870736e+00,-2.422285226967299643e+00,2.525585328195021795e+00
1.498345846797294545e+00,-2.599030535292977007e+00,2.524505648691370396e+00
2.830428782712420155e+00,-9.943203236347368801e-01,3.366031030500152177e+00
1.897267404838812066e+00,-2.323870993522703987e+00,2.806625222352536753e+00
2.451102073089872935e+00,-1.729768373885511412e+00,-2.564181167673433848e-01
9.143480337225964316e-01,-2.857265768742491829e+00,-1.377047318004736454e+00
6.025310544343396302e-01,-2.938869906689005607e+00,-1.377170789009151797e+00
1.982817492868127029e+00,2.251318455922252770e+00,-2.751469176773696290e+00
1.858985110259035789e+00,2.354607049984179579e+00,-2.471438653248330120e+00
-1.735664197475367487e+00,2.446930688352694006e+00,2.542332921444315552e+00
2.250609387875359690e+00,-1.983622288442862480e+00,-2.573834866880364558e-01
-8.764890503161774093e-01,2.869105600126256483e+00,1.988835482799610865e+00
1.209032945656414171e+00,-2.745585426883923041e+00,2.523477503913231335e+00
9.062206922267086462e-01,-2.859853852381297301e+00,2.522435069593039980e+00
2.139726533910932371e+00,-2.102753043055106019e+00,2.173144774410662450e-02
2.023785208611908359e+00,-2.214563936625821405e+00,-2.582568436015701963e-01
-1.278038893109914031e+00,-2.714151172594921224e+00,-2.490059377938553808e+00
1.729773610095940217e+00,2.451098377833019537e+00,-2.192012676834157681e+00
1.594173555062942116e+00,2.541379679689357296e+00,-2.470618979146553151e+00
-4.061117085468837207e-01,2.972385116397457949e+00,1.711211077338701259e+00
-2.468127546079238732e-01,2.989830005897132992e+00,1.433752660670372325e+00
1.354842195461850363e+00,-2.676640174807983108e+00,2.801867436866745109e+00
-9.839809784064570408e-01,-2.834039772856808526e+00,-1.379521686413061943e+00
-1.133263026817427965e+00,-2.777717572405193458e+00,-1.658126995704710893e+00
1.902127229304249045e+00,-2.319894825965035157e+00,-5.381854992722878706e-01
1.773521240864462500e+00,-2.419632701093820337e+00,-2.590705648401447903e-01
-4.223016403794328799e-02,-2.999702754148372286e+00,2.921871079806024341e-01
-2.021789734329398902e-01,-2.993179523968049871e+00,1.375458206615753909e-02
4.348309957599886255e-01,-2.968319727577603206e+00,2.243044435481278853e+00
5.933222105970125115e-01,-2.940742891585776508e+00,2.521170223774794827e+00
2.732934910315560906e-01,-2.987525843864749397e+00,2.520183812158599324e+00
-2.566306123922598714e-01,2.989003300229555293e+00,-1.906597455997441237e+00
-5.810766412660764990e-01,2.943187037375459614e+00,-3.019295124406786712e+00
-4.200736056914930461e-01,2.970444102453595470e+00,-2.740746365450874578e+00
-3.617672732734698027e-01,-2.978107526599447219e+00,-2.650216250412320562e-01
-5.200303159263981456e-01,-2.954584314335519046e+00,-5.433193072122382006e-01
7.088781090301179422e-01,2.915045767485972661e+00,-7.972863726434766818e-01
5.501271434490803136e-01,2.949128706252162502e+00,-1.075184049051928881e+00
-1.033437467755955907e+00,2.816381898862112543e+00,3.921492645180924441e+00
-8.813682732298659950e-01,2.867610497774027323e+00,3.654101396507483557e+00
1.504256627270932789e+00,-2.595613992740730680e+00,3.071120977087127280e+00
1.215277992884256530e+00,-2.742826899388878914e+00,3.070092832308988218e+00
1.586987803297115418e+00,2.545873074641820111e+00,-3.028143379539459445e+00
1.303157727669406851e+00,2.702180589230761765e+00,-3.027113615232282839e+00
1.453896620220360703e+00,2.624154076595315299e+00,-2.749015191253548096e+00
-1.748379370749066908e+00,2.437861681051469276e+00,-2.452893372514545867e+00
-6.770640189750015692e-01,-2.922598897250428429e+00,-8.220249519320681486e-01
-8.314521906863463485e-01,-2.882479358920524426e+00,-1.101314763607931901e+00
1.150542297372148803e-01,-2.997792942185896869e+00,1.684328027198724875e+00
2.750899716967394326e-01,-2.987360960358136364e+00,1.963725633431851136e+00
-4.761131692237258184e-02,-2.999622169957562701e+00,1.962660417631957088e+00
1.502884612262203712e+00,-2.596408643150281748e+00,-2.602475580522174425e-01
1.310786180299208903e+00,2.698488389735373527e+00,-2.469589214839375657e+00
1.641932510549472202e+00,-2.510788248897287467e+00,-1.097051958451981335e+00
1.774602162336828215e+00,-2.418840045441089881e+00,-8.176979680294040875e-01
-2.464158346529825572e-01,2.989862745416965506e+00,1.988574857489137315e+00
-5.648884440093301373e-01,2.946336886003485755e+00,1.988849263963464509e+00
-5.779095543214478603e-01,2.943810548765661395e+00,-2.461212450586109490e+00
-8.897192639663300540e-01,2.865030476509318191e+00,-2.459626677643821147e+00
-4.019222582235452285e-02,-2.999730752081500196e+00,-2.642758654596297774e-01
7.498695691421721765e-01,-2.904771183634699661e+00,2.799574446270360006e+00
1.218571481294472014e-01,-2.997524117575996794e+00,-5.423863597187539298e-01
2.817921710101484178e-01,-2.986736207360366713e+00,-2.636101526113652227e-01
1.500557582244590016e+00,-2.597754211307965466e+00,8.534718328555745970e-01
1.770743746400296192e+00,-2.421666076193050188e+00,8.542111799971934261e-01
2.109402291072228319e+00,2.133171810806441915e+00,8.758360586438067585e-01
1.319850737744975744e+00,2.694066448711694761e+00,3.177282942981918268e-01
2.998069474213669316e+00,1.076077496659604560e-01,-1.922385845127619675e+00
2.999473070402213892e+00,-5.622543847685772256e-02,-1.643979910064791383e+00
2.992132902883993140e+00,-2.171190721217499120e-01,-1.922608988554261877e+00
5.455195828715772577e-02,2.999503972967369592e+00,-3.578438292122786635e+00
1.164206391542460528e+00,2.764891223518871843e+00,-2.190161187857094127e+00
1.012432601653497910e+00,2.824000748425738117e+00,-2.468557399964089072e+00
2.024774479819839712e+00,-2.213659482818054691e+00,-8.168842467908294935e-01
2.141548195308776492e+00,-2.100897743149276575e+00,-1.096144809701355527e+00
1.214906216184148180e+00,-2.742991594204603700e+00,-2.609791101535128277e-01
7.110896041360045272e-01,2.914507089524693395e+00,2.543912327425637443e+00
8.668278812465197714e-01,2.872039244908340283e+00,2.820848537029553071e+00
1.021933843732859337e+00,2.820576398368493720e+00,1.434031046161928558e+00
1.064735072350218470e+00,-2.804699489376246468e+00,1.742572746131365591e-02
9.129251826618285381e-01,-2.857720702038928806e+00,-2.620574870986258631e-01
1.216761299677578734e+00,-2.742169203314581694e+00,-1.933997184248136492e+00
2.789376635296312301e-01,-2.987004147949016364e+00,3.067582539619943205e+00
-4.451188819473350655e-02,-2.999669763792230714e+00,3.066616311023548480e+00
1.106848561898175209e-01,-2.997957448432222005e+00,2.797343371855720129e+00
-5.017941389346226161e-02,-2.999580308380042304e+00,2.519217583562204155e+00
-2.099551180347445922e-01,-2.992644123248037857e+00,2.240568728433711243e+00
7.068211644946591488e-01,2.915545204832608039e+00,-1.354004372164318681e+00
3.893905085016470258e-01,2.974621830063248318e+00,-1.352723158120952007e+00
-3.599190244920628112e-01,-2.978331461709506023e+00,-8.217577172868484325e-01
6.006890755880902599e-01,-2.939246950235574474e+00,-2.626866481771443773e-01
4.410880788887189263e-01,-2.967396385160273820e+00,1.542384608197977514e-02
-9.824061813766908902e-01,-2.834586053516962689e+00,-1.934660720960598823e+00
7.588185999489283073e-01,-2.902446266922360962e+00,-5.410914857919708609e-01
1.463892595993459445e+00,2.618590931664495525e+00,5.971471610952878706e-01
-1.986012915105765275e+00,2.248500100296439985e+00,3.092788826257773849e+00
3.811119108472529882e-01,2.975693820172088166e+00,-3.022346896830274687e+00
2.233953567730691814e-01,2.991670856657234978e+00,-2.744524958446056040e+00
4.435649765728141847e-01,-2.967027150458512175e+00,-1.098833101239613086e+00
2.837590570414194602e-01,-2.986549982429050676e+00,-1.377625258659220364e+00
-3.695801061715250357e-01,-2.977148055626768208e+00,1.961171122200584982e+00
-5.275294933299743416e-01,-2.953254583280456202e+00,1.682008433909392586e+00
1.216117202574600320e+00,-2.742454912957025481e+00,-1.376711602887972674e+00
8.578343005153725720e-01,2.874738303369421821e+00,-2.746972417835252145e+00
7.024555383352217852e-01,2.916600112573229264e+00,-2.467544390852969727e+00
-4.559060074402365020e-02,-2.999653562850849831e+00,1.405401966101998745e+00
-2.494676103106918119e-01,2.989609658702264916e+00,3.098678178141255124e+00
-4.065834355549112766e-01,2.972320627040825336e+00,2.821911054772689109e+00
-6.752833306648947653e-01,-2.923010848992204203e+00,-1.378670284811807534e+00
2.801719684389937792e-01,-2.986888626665048729e+00,2.931937276164511275e-01
1.181945964557662015e-01,-2.997670768675015474e+00,5.708804939492946318e-01
1.362659526390488374e+00,-2.672668893659902789e+00,-1.654915220288918576e+00
1.504553185404555737e+00,-2.595442103436138126e+00,-1.375910818756961973e+00
1.168383999822247610e+00,2.763128449594655756e+00,-1.078880032753639640e+00
1.018530195685634743e+00,2.821807264941492033e+00,-7.983786238793273426e-01
5.453572635745611574e-01,2.950014483874014104e+00,-2.188025985452245692e+00
3.846138489886951062e-01,2.975243214792044455e+00,-2.466441003323407877e+00
6.296597807296357152e-02,2.999339141478554627e+00,-2.465006553045332005e+00
-2.588663448985889515e-01,2.988810501768027095e+00,-2.463556593303215081e+00
-9.709870603773099185e-02,2.998428228470009227e+00,-2.185472638180566918e+00
-1.990243954489819000e-01,-2.993390935046100765e+00,-1.099875466448180461e+00
-3.889244992110628407e-02,-2.999747885629579613e+00,-8.211698217283505130e-01
2.278550954950525065e-01,2.991334494077340977e+00,-1.630357857394886700e+00
-1.177658737349080109e+00,2.759188268013868406e+00,2.543062736741494856e+00
-8.764720942498623879e-01,2.869110780015518891e+00,2.543739208819667752e+00
-2.000694623469198685e+00,2.235446493124235268e+00,-3.004019378437064347e+00
-5.648710315213307798e-01,2.946340224371250205e+00,2.543752989983520507e+00
-7.216473692985372335e-01,2.911910897397875342e+00,2.266199262950047366e+00
-1.465094908250516248e+00,2.617918430703754851e+00,2.543004412321073104e+00
-5.713640907094521548e-01,2.945087957234513887e+00,3.652482976998229880e+00
-9.943108232727290718e-02,2.998351790545470408e+00,3.368604167587117892e+00
6.353903669167973445e-02,2.999327056327184327e+00,3.092455163138100094e+00
-2.469080069325612636e-01,2.989822141217197693e+00,2.544371108903068723e+00
2.830862861981280898e-01,-2.986613827492023088e+00,-8.205041088800859583e-01
5.990945867423762561e-01,-2.939572362799729000e+00,2.941172320506719728e-01
6.018690161308577480e-01,-2.939005560971546416e+00,-8.200496392300173909e-01
-2.990051653993692327e+00,-2.441128969341572752e-01,1.588231783175331202e-01
-2.990051653993692327e+00,-2.441128969341572752e-01,4.713231783175340084e-01
-1.418632779555963896e+00,-2.643384390657045557e+00,-3.322686194031200912e+00
-1.276172354656540442e+00,-2.715029303932165572e+00,-3.044735520661550510e+00
-2.987768031909439070e+00,2.706329386826352712e-01,4.687499999999857891e-01
-2.987768031909439070e+00,2.706329386826352712e-01,1.562499999999840128e-01
-1.197816839779227926e+00,2.750497194752487662e+00,-3.569694257792979997e+00
1.291153031604653556e+00,2.707937194430128258e+00,3.622985308411019734e+00
1.161472490830610216e+00,2.766040790198824872e+00,3.344549349250129922e+00
-3.676137740692994593e-01,-2.977391494767613889e+00,1.404271787747147116e+00
-2.216228222493064504e+00,2.021962528294040773e+00,8.637610945370663984e-01
7.507210515040929621e-02,2.999060549410145882e+00,1.433385544852215254e+00
2.361178796763690468e-01,2.990693623040838300e+00,1.711656074787310189e+00
6.520949607122897285e-02,2.999291203204872858e+00,-1.908047415739558161e+00
-2.991145704466825261e+00,-2.303201568462006910e-01,1.395224574161706421e+00
-2.991145704466825261e+00,-2.303201568462006910e-01,1.707724574161707309e+00
1.358858309696716393e+00,-2.674603539623804149e+00,5.747554888666934758e-01
1.213437096885097599e+00,-2.743641815526047356e+00,2.960577992881150422e-01
-8.292637893295842222e-01,-2.883109704417565311e+00,-2.212751821479077563e+00
-6.746884654368071610e-01,-2.923148212904457921e+00,-1.934968308135417203e+00
3.958335753579409477e-01,2.973771306038739404e+00,1.989658240373941567e+00
5.548739234834700884e-01,2.948239293042214992e+00,2.268037602741850733e+00
2.221144255708064286e+00,2.016560982300080962e+00,1.154895393013569915e+00
-3.751054664285448370e-02,-2.999765483982131720e+00,-1.935097696065794182e+00
2.842104146503935391e-01,-2.986507063478044177e+00,-1.934987842661950452e+00
1.234602217464952356e-01,-2.997458519086845907e+00,-1.656072799832601916e+00
-1.553537021262905382e+00,-2.566422163940605294e+00,-3.601960078113989994e+00
-2.987772195207925030e+00,2.705869722333613669e-01,1.718829616281050576e+00
-2.987772195207925030e+00,2.705869722333613669e-01,1.406329616281049688e+00
-2.987768031908483835e+00,-2.706329386931777825e-01,2.031249999999990674e+00
-2.987768031908483835e+00,-2.706329386931777825e-01,2.343749999999992006e+00
-3.589970927822592750e-01,-2.978442728570399822e+00,-1.378323007621562013e+00
-3.796390433852406265e-02,-2.999759780710344437e+00,-1.377735112063064093e+00
-2.084025946534687534e+00,-2.157970308917664504e+00,3.593184736674890800e+00
-1.484561434131258295e+00,2.606928719449410181e+00,-3.565788760729322604e+00
-1.341108514719776768e+00,2.683547642905956376e+00,-3.289227447793733106e+00
1.775322211959586616e+00,-2.418311610136898437e+00,-1.375255575852927237e+00
-2.287397727931958613e+00,-1.941085169242120489e+00,4.722470076551351426e+00
-2.064120681270073199e+00,-2.177017641902143641e+00,4.722470076551351426e+00
1.903831048890233468e+00,-2.318496783970491748e+00,-1.653330396630811272e+00
2.025741530072758145e+00,-2.212774559989896694e+00,-1.374471536325830634e+00
-2.985466918567937444e+00,-2.949360577082151269e-01,-1.744988819746563280e+00
-2.985466918567937444e+00,-2.949360577082151269e-01,-1.432488819746565056e+00
-2.987768031909475486e+00,2.706329386822271532e-01,-1.406250000000013323e+00
-2.987768031909475486e+00,2.706329386822271532e-01,-1.718750000000012434e+00
-1.480950840072152719e+00,2.608981527203591444e+00,-3.009435193319941249e+00
-1.570129791684582887e+00,-2.556304449251796118e+00,3.597931454542242502e+00
-1.841931609394349856e+00,-2.367971272273787342e+00,3.594782794071679444e+00
2.623770803715480326e+00,-1.454588178685026545e+00,-8.136332680924214245e-01
3.868237291157888280e-01,2.974956706003123674e+00,-1.909233039578012381e+00
1.505162745102996524e+00,-2.595088651810186331e+00,-1.933196400117125791e+00
-1.602596023544597958e+00,2.536076888684379416e+00,2.819268500820037993e+00
-2.983850120519089266e+00,3.108672679427955110e-01,2.363207722206284167e+00
-2.983850120519089266e+00,3.108672679427955110e-01,2.050707722206282835e+00
1.539504890245056767e+00,-2.574864014450385596e+00,4.170422497229772318e+00
1.809009246354869038e+00,-2.393216569097453839e+00,4.168235530300538727e+00
-1.190925555283968373e+00,2.753488028260077769e+00,-2.457199784231840489e+00
-1.753811793839476607e+00,2.433956489296708270e+00,-3.561104947492459871e+00
-1.879861926327937693e+00,2.337973297097854619e+00,-3.282408856081874049e+00
1.211373536195677225e+00,-2.744553543985757571e+00,1.408924261903813591e+00
1.463020070282794460e+00,2.619078516186509109e+00,1.712726680005852931e+00
9.113946661708602903e-01,-2.858209188018838276e+00,2.949794223430020068e-01
7.556893843382133102e-01,-2.903262570694999045e+00,5.727493038774733591e-01
2.700003350876095443e+00,-1.307662764346319229e+00,-1.646250582518968386e+00
2.625718277943148493e+00,-1.451069786356006475e+00,-1.927495853303945239e+00
9.099720172129331930e-01,-2.858662436855639921e+00,8.516566555477185219e-01
2.873939610893096130e+00,-8.605063119696677587e-01,3.037977842268038131e-01
2.764360824204305622e+00,-1.165465243413329466e+00,3.030254480224527924e-01
-1.750963047875267353e+00,2.436006651258439071e+00,-3.006932473085267787e+00
-2.296515422634553438e+00,-1.930289334167714532e+00,1.936162284453188498e+00
-2.392545320074242809e+00,-1.809896928388697201e+00,2.212442133244764797e+00
-1.478183923983335646e+00,2.610550188538276029e+00,-2.455396092749220216e+00
-1.616650503496410041e+00,2.527140904173093894e+00,-2.731045715675132435e+00
-4.388049125791985972e-02,-2.999679066581451004e+00,8.487074975593067450e-01
2.108249710430678547e+00,2.134310932940409078e+00,1.433937029418111297e+00
2.326610167452704658e+00,1.893907370677271773e+00,1.433557546388406045e+00
2.764002476003914133e+00,-1.166314842846575495e+00,8.591861332223373893e-01
2.873546276494431950e+00,-8.618188886564195350e-01,8.598710452584210628e-01
-2.436912979533751855e+00,1.749701440297724897e+00,3.654005758866759823e+00
-2.213629252324026631e+00,2.024807529928553507e+00,3.643847991959454191e+00
3.167385334098465899e-01,-2.983232592583652032e+00,4.173971364672145690e+00
6.381646567814182047e-01,-2.931338580040704578e+00,4.173195337728747845e+00
-2.982238510352860139e+00,-3.259654389170046906e-01,2.648143236845857729e+00
-2.982238510352860139e+00,-3.259654389170046906e-01,2.960643236845858617e+00
9.089771408338302994e-01,-2.858978936166119311e+00,1.408253079292847598e+00
2.950007053091022069e+00,-5.453974575602855701e-01,3.047867746820926982e-01
2.916112223823935423e+00,-7.044781742996869545e-01,5.823717332151314707e-01
2.108195351054797495e+00,2.134364627187899544e+00,1.991105693368230511e+00
1.989911240069452969e+00,2.245050836093751556e+00,1.712603661828745683e+00
-2.297559440360845251e+00,-1.929046556724010042e+00,2.486512957441710192e+00
-6.737760133255796813e-01,-2.923358664937829587e+00,-2.490165274326288092e+00
-5.154872916548842721e-01,-2.955380322757514833e+00,-2.768603205803556122e+00
2.103939099241608712e+00,2.138560325705685106e+00,-1.358980439539344331e+00
2.322376519986449672e+00,1.899096442894785630e+00,-1.359566874299973804e+00
2.424978415301651591e+00,1.766204882034100310e+00,1.711317583246325214e+00
2.517396184054946584e+00,1.631783212472047051e+00,1.432275946841783387e+00
2.022447498404208677e+00,-2.215785665672236782e+00,2.995793066611636135e-01
1.899583704003021012e+00,-2.321977982558439901e+00,5.771000030276702830e-01
1.318199307172737367e+00,2.694874874009796084e+00,8.763859139487912842e-01
-1.965211341108011656e+00,-2.266703417913435548e+00,3.315885771243073599e+00
2.352549967982672463e+00,-1.861587668670139806e+00,5.802873619103277036e-01
2.249411098428034883e+00,-1.984981035241592195e+00,3.004526635746991303e-01
-2.987768031909475042e+00,2.706329386822292071e-01,2.968749999999994227e+00
-2.987768031909475042e+00,2.706329386822292071e-01,2.656249999999992895e+00
-1.863692702312758742e+00,2.350882708972561019e+00,3.367159378333403286e+00
-1.736073155865944795e+00,2.446640553387779526e+00,3.092967562018910321e+00
-1.150639469872997589e+00,-2.770564709652237667e+00,2.778618715358242230e+00
-1.296388878425869251e+00,-2.705434507781276032e+00,2.500507465649180361e+00
-2.986494555226969716e+00,-2.843418217562541095e-01,-2.966651224675887377e+00
-2.986494555226969716e+00,-2.843418217562541095e-01,-2.654151224675888265e+00
-2.987768031909425748e+00,2.706329386827800998e-01,-2.656250000000008882e+00
-2.987768031909425748e+00,2.706329386827800998e-01,-2.968750000000007105e+00
2.951175424596638841e+00,-5.390395284734205150e-01,-1.923632824372496941e+00
-1.840738949724278317e+00,-2.368898503306539283e+00,3.039879210862651782e+00
-2.082939005187907977e+00,-2.159019476676115712e+00,3.038281153465863138e+00
7.435216169608245551e-02,2.999078484476709772e+00,2.544735087864937295e+00
-8.605309518780906997e-02,2.998765556826441525e+00,2.266577023075768693e+00
2.599829582766712832e+00,1.496958964224156974e+00,-1.083741227874458701e+00
2.515684125310747810e+00,1.634421421072147940e+00,-8.042117721606754088e-01
7.046217711645585968e-01,2.916077529765098930e+00,-1.910336427107575119e+00
-3.583909533646141288e-01,-2.978515725079591281e+00,-1.934621030945169906e+00
-2.193096137792158729e+00,-2.047029391679834998e+00,2.761373732134456471e+00
-2.077766934425501422e+00,-2.163997358179546193e+00,1.388666609346977054e+00
-5.173154834924261758e-01,-2.955060860716577142e+00,-1.656529930426692054e+00
1.863103857846666322e+00,2.351349402976271374e+00,-8.015388342435310065e-01
2.875414377470330241e+00,-8.555654024309957695e-01,-1.365464410693411068e+00
2.766206807953568436e+00,-1.161077041212739580e+00,-1.367307733674147485e+00
-2.059624416448234685e-01,-2.992921561389756846e+00,1.126410942450314590e+00
2.950558177333946208e+00,-5.424080034142024775e-01,-8.098990760054256555e-01
2.975655172994031705e+00,-3.814135438521538690e-01,-1.088963587160074908e+00
-5.019452043830167076e-01,-2.957710434068367533e+00,-3.884130956824837000e+00
-6.637355442406828177e-01,-2.925654649358246484e+00,-3.603491215345922427e+00
-2.080441677634095043e+00,-2.161426016768335678e+00,2.487413818392695042e+00
-9.795718681838938569e-01,-2.835566778452363490e+00,-3.044533829874467301e+00
-1.130950346924541883e+00,-2.778659985099158902e+00,-2.767472830785765225e+00
-2.958172431232934052e+00,-4.992152512628521555e-01,1.863974574161708198e+00
1.860154068370008407e+00,2.353683674992565145e+00,-1.914992724251254330e+00
1.984834581336269554e+00,2.249540327429512043e+00,-1.637076579510219787e+00
-9.815213576968132569e-01,-2.834892559584049287e+00,-2.489857687151470600e+00
7.484585335387446137e-02,2.999066204376910960e+00,1.988938836451005443e+00
-2.987768031909438626e+00,-2.706329386826374361e-01,3.281249999999995559e+00
-2.987768031909438626e+00,-2.706329386826374361e-01,3.593749999999996447e+00
2.538955607072044707e+00,-1.598031421880504066e+00,1.135841607478534687e+00
2.622103121324732999e+00,-1.457592268482202025e+00,1.414891713058171518e+00
2.449173989204578739e+00,-1.732497264241340762e+00,1.413743796851873125e+00
-2.987768031909438626e+00,2.706329386826368810e-01,3.593749999999996447e+00
-2.987768031909438626e+00,2.706329386826368810e-01,3.281249999999995559e+00
1.170636935290857217e+00,2.762174716728257096e+00,1.155473877459559873e+00
2.253485788322040939e+00,-1.980353958723184427e+00,-1.930196519803872413e+00
2.026568040872166243e+00,-2.212017625543600818e+00,-1.931034651222581999e+00
2.969900676112339433e+00,4.238985421388812846e-01,1.422921559794193769e+00
2.747647356187410406e+00,1.204339655594024450e+00,1.707229610792450725e+00
2.678644272330820808e+00,1.350875590981378327e+00,1.987080178192351276e+00
-1.990843428445746355e+00,2.244224240893584188e+00,3.134908464807066864e-01
1.776225525121446491e+00,-2.417648213431193405e+00,-1.931818690749678602e+00
1.016340171426784567e+00,2.822596793015994088e+00,-1.355372407820764735e+00
8.617791753173889013e-01,2.873558186811132398e+00,-1.632911516889787862e+00
2.807657632475287102e+00,1.056909938832664819e+00,-1.363648927713809300e+00
2.676712270177330488e+00,1.354699753702687026e+00,-1.362265406389539635e+00
2.248347600161485715e+00,-1.986185557506671362e+00,1.412628713984558360e+00
2.679558813862955802e+00,1.349060622451544678e+00,8.716074169529690607e-01
2.998340098587497504e+00,9.978303063305143938e-02,1.420969145141449008e+00
2.988591034020746662e+00,2.613878944610936172e-01,1.143260997897781461e+00
-2.809559091941941644e-01,2.986814988761249623e+00,-4.139188538482331481e+00
1.076818716310580903e+00,-2.800082400966663165e+00,-3.323617036584693096e+00
1.822235966693431575e+00,2.383160943303841428e+00,4.174643212837529482e+00
1.553623194733890767e+00,2.566369998418946086e+00,4.172723234800493231e+00
-1.465532449496104839e+00,2.617673516593302718e+00,3.093639052895667874e+00
2.679067530572726064e+00,1.350035987161437356e+00,1.429686187779063644e+00
-2.943649263985216979e+00,5.787305164230498455e-01,1.894537338487343625e+00
2.356544542117345653e+00,-1.856528432590502486e+00,-1.651128776392935649e+00
2.452760619892301097e+00,-1.727415798673131775e+00,-1.372802049768460542e+00
2.252308218106053861e+00,-1.981693137358035539e+00,-1.374219630479239562e+00
2.513292224419752419e+00,1.638097126140942050e+00,-1.916928736550992163e+00
2.453787005862878345e+00,-1.725957511023515911e+00,-1.928778939093093392e+00
-1.837714393266160151e+00,-2.371245623882601627e+00,1.941766356130449012e+00
1.014210800919225441e+00,2.823362614206468280e+00,-1.911704462764021173e+00
1.312485279638993863e+00,2.697662393764451494e+00,-1.912736277639307758e+00
2.020994844894672404e+00,-2.217110695682368515e+00,8.554116994612801506e-01
2.021293972761988300e+00,-2.216837990398950797e+00,1.411543306563842304e+00
2.991633087304463867e+00,-2.239005827262658399e-01,1.419198230752136247e+00
-2.190358279368709304e+00,-2.049958684461944625e+00,1.662327426828272614e+00
2.696988523657373626e+00,-1.313869439198743327e+00,5.818284720443696045e-01
2.991543905155763738e+00,-2.250890124493095112e-01,8.623346534577285283e-01
2.999354937240503727e+00,-6.220900618892677425e-02,5.849256285090893570e-01
2.998357180734845251e+00,9.926840754132632005e-02,8.638995582963975295e-01
1.317950655485525147e+00,2.694996487883662084e+00,1.434288050444793239e+00
1.928538846217034752e+00,-2.297985621937584710e+00,3.895346022508935135e+00
2.998149571744325392e+00,1.053524819323984341e-01,-1.366772544463627170e+00
2.991968732892548832e+00,-2.193697823159714011e-01,-1.366995687890270261e+00
1.456851276878550205e+00,2.622514891675038484e+00,-1.635716325056403520e+00
1.595435288337808677e+00,2.540587774655001851e+00,-1.914173050149477362e+00
2.991648517258171047e+00,-2.236943208644012193e-01,3.057529531352880525e-01
-1.576916675468598594e+00,-2.552123390165346617e+00,2.495646364192327660e+00
2.949757636127131821e+00,-5.467448107752594932e-01,8.608600357137108361e-01
-2.078721632342151793e+00,-2.163080297916094352e+00,1.938718186075032435e+00
2.777872358571639388e+00,-1.132883559543362395e+00,3.640399950235635007e+00
2.719232965278903347e+00,-1.267190625178589158e+00,3.916121675268996682e+00
2.421330321886439929e+00,1.771202832064501465e+00,-1.638091052815054738e+00
1.556524527481363718e+00,2.564611353665291027e+00,-4.155753154135004124e+00
3.941744771383236534e-01,2.973991674765201765e+00,2.542815726721423530e+00
1.823717654919606357e+00,2.382027270023274301e+00,-4.156728874440750232e+00
1.314527387519945245e+00,2.696667897138983694e+00,-1.357787177479108820e+00
-2.943640359944231566e+00,5.787758040099763024e-01,2.519457722206284611e+00
1.004481893624272315e+00,2.826838538965569469e+00,-3.025061839572767752e+00
1.597358389040875570e+00,2.539379092802163562e+00,-1.359223949989278424e+00
-9.976608954109484895e-01,-2.829253035302396579e+00,3.054965408668227411e+00
-1.293736734031973867e+00,-2.706703763439265220e+00,3.048990037883859028e+00
2.541816028531184379e+00,-1.593477730343902721e+00,-1.093859200923639641e+00
6.942454842420260341e-01,2.918565265264690733e+00,-3.024048830461646631e+00
5.335796603677668282e-01,2.952167465785404676e+00,-3.300436318567790295e+00
2.339570283467884981e-01,2.990863438689092213e+00,2.820609812548723561e+00
2.144369128761602905e+00,-2.098018360170902596e+00,3.340095382232466825e+00
2.036328251555637792e+00,-2.203035917073608907e+00,3.611951096093276803e+00
2.968846706468736940e+00,4.312183130268606446e-01,-1.921348454590512844e+00
1.861236714192259445e+00,2.352827637916301118e+00,-1.359056957595697668e+00
2.624555283630432001e+00,-1.453172241397275855e+00,-1.370768346837335727e+00
2.904805452095156948e+00,7.497368108064667025e-01,-1.920444614683828988e+00
2.885054808202683674e+00,-8.224711263421810026e-01,3.645813632170313845e+00
1.212328573957171418e+00,-2.744131816944472391e+00,8.523278381586845143e-01
2.957602741423500436e+00,-5.025793707706223135e-01,3.649598508931496621e+00
2.929175029259874830e+00,-6.480228761088708822e-01,3.923967428666979451e+00
2.448957287647411718e+00,-1.732803567424372915e+00,8.584839463005673466e-01
2.248079591277698519e+00,-1.986488900366849775e+00,8.564971068819957623e-01
-3.533275885423051155e-01,-2.979120611048649447e+00,-3.047122474024892114e+00
2.941432494470675785e+00,5.898939569719419129e-01,-1.642852926731466212e+00
2.950803048795508587e+00,-5.410742714444409796e-01,-1.366170952761239121e+00
2.326246726273870191e+00,1.894353760125099040e+00,1.989821762462574473e+00
-2.940673300039471805e+00,-5.936670299376262117e-01,3.116893236845859505e+00
1.062205644517167258e+00,-2.805658419828733763e+00,1.130372999536599199e+00
-2.106723604040815712e+00,2.135817327436332125e+00,5.856556317366230502e-01
2.514049533127568292e+00,1.636934618419763732e+00,-1.360657865661162091e+00
2.790234450194366556e+00,1.102085165923460730e+00,-4.160050764780541144e+00
1.856247374580727971e+00,2.356765937542834255e+00,-3.026248072894473395e+00
-1.303086098198806726e-02,-2.999971699310189699e+00,-4.162924501023823609e+00
-3.360559876170419180e-01,-2.981118309156269408e+00,-4.163225538012929050e+00
2.509425958746989593e+00,1.644013794822522634e+00,-3.030160002913326878e+00
-2.951171875000073275e+00,5.390589617180578941e-01,3.124999999999994671e+00
2.892867687985259728e+00,7.945543026192838365e-01,-4.159653791762915276e+00
2.917606741847167395e+00,-6.982627728355250696e-01,-1.643496511423606421e+00
5.041528241268538046e-01,2.957334937054799884e+00,-4.424058951702381393e+00
2.994229960643927324e+00,-1.859756510467538149e-01,3.653197822748847301e+00
-2.987768031909475486e+00,2.706329386822286520e-01,4.218749999999998224e+00
-2.987768031909475486e+00,2.706329386822286520e-01,3.906249999999997780e+00
1.786938740362406186e+00,-2.409740637120936668e+00,3.614199382807503191e+00
2.517083035111280509e+00,1.632266214302980689e+00,1.988540162915952259e+00
1.732755790558637266e+00,2.448991092324655838e+00,-1.081127810018402080e+00
-2.987772195207953452e+00,-2.705869722330448424e-01,3.906170383719050676e+00
-2.987772195207953452e+00,-2.705869722330448424e-01,4.218670383719050676e+00
2.996966892903440538e+00,1.348682425209770663e-01,3.651319036923456274e+00
2.999997355081679196e+00,-3.983654469357666983e-03,3.925873519602771644e+00
3.834497195585768181e-01,2.975393471890809938e+00,3.090535801994586329e+00
2.055357978378836936e+00,-2.185292561812825163e+00,-4.160629156121336436e+00
2.958778925277511185e+00,-4.956079815072146899e-01,-4.160495456647510082e+00
2.995053794517339441e+00,-1.721997907875828515e-01,-4.160933750516523588e+00
2.967322891547847341e+00,4.415822203125044920e-01,-3.034905610564253564e+00
2.902293410021824727e+00,7.594030301123968485e-01,-3.033855313891946182e+00
2.969216109720264285e+00,4.286673462927397815e-01,-1.365607720774921319e+00
2.602686040676579715e+00,1.491987055462368872e+00,1.151926150921144476e+00
2.621920800619266689e+00,-1.457920201958949002e+00,8.596318625068661845e-01
2.905448547339862575e+00,7.472407502008188152e-01,-1.364703880868237462e+00
-1.961498777625295009e+00,-2.269916858692069717e+00,2.215601213755364896e+00
2.964056923027768242e+00,4.629973618187874784e-01,3.651892848105706246e+00
2.136936543844642600e+00,-2.105588328135705289e+00,1.133608283851519793e+00
2.895583368656959866e+00,7.845998694603593115e-01,3.655204545752841039e+00
2.930715452003585852e+00,6.410202332121954782e-01,3.927306431424515409e+00
-8.232625673149178702e-01,-2.884829066904667005e+00,-3.323053098095805069e+00
2.952355631579178574e+00,-5.325375335905538909e-01,-3.034715834997577133e+00
2.280042309771514564e+00,-1.949719740283658131e+00,-4.160978093027502211e+00
2.969973388408618575e+00,4.233887954878234883e-01,8.658519729491427341e-01
2.974903309459246081e+00,-3.872341660654754492e-01,1.139833965501019009e+00
2.629949569413297272e+00,-1.443386733465017224e+00,-3.039315554185929358e+00
2.795693866580649445e+00,1.088161662788824202e+00,3.656895752802561628e+00
2.300639215654024738e+00,1.925372483285983760e+00,3.653521585371050762e+00
2.391509275873264340e+00,1.811265685484086063e+00,3.928207370235169194e+00
2.495591753978040117e+00,1.664938977103008311e+00,3.653082979037058919e+00
6.676121660699062543e-01,2.924772469050446855e+00,-4.143814262030463880e+00
8.240111510949243989e-01,2.884615333605369258e+00,-3.866119178929707800e+00
-2.612030500045874781e+00,-1.475566557912619814e+00,3.669777679121747127e+00
-2.742448531166457038e+00,-1.216131593990939841e+00,3.869316684366443937e+00
-2.721059225901986345e+00,-1.263264299002265112e+00,3.549865251703809399e+00
2.662997865361450778e+00,1.381463850080903999e+00,3.655471070217325646e+00
2.723948829989339959e+00,1.257021388680282126e+00,3.929193446486413777e+00
-2.988062132629635048e+00,2.673662124219089997e-01,7.828813523576103606e-01
-2.951759471152592518e+00,5.358320860689169685e-01,6.266313523576094724e-01
2.032208532587028493e+00,-2.206836758820297284e+00,-3.042155533896485409e+00
-2.988062132629635048e+00,2.673662124219089997e-01,1.095381352357611249e+00
1.223168515830099778e+00,-2.739317210890697574e+00,-3.045703636140570936e+00
2.083123442952682591e+00,2.158841522998147688e+00,3.648132213696739790e+00
-2.891348321924772868e+00,8.000655481289022930e-01,3.591101135891121121e+00
-2.951171875000073719e+00,5.390589617180574500e-01,3.749999999999997335e+00
-2.899753694805820015e+00,-7.690438930646258386e-01,3.593452128474250884e+00
-2.951180168001847903e+00,-5.390135582641530920e-01,3.749920383719049788e+00
3.521122465139981395e-01,2.979264500821447115e+00,-4.139459901820805143e+00
1.421185902033205384e+00,2.642012610087632662e+00,3.901121030063325890e+00
-1.839600107694954634e+00,-2.369782995079657617e+00,2.490461988448111175e+00
-2.741314152045870145e+00,-1.218686473131228798e+00,4.217567504197129225e+00
6.812565262809561206e-01,2.921624470290390629e+00,-3.580676732174023158e+00
3.678719367666393181e-01,2.977359608468476804e+00,-3.578974798542651214e+00
-2.897135595504086059e+00,7.788487281001268414e-01,-3.274168652205803554e+00
-2.954000628174195953e+00,5.233357323424930874e-01,-3.068956108105686198e+00
-2.712877679769257089e+00,1.280739901232788247e+00,2.005609302462492138e+00
-2.652483881516976894e+00,1.401545310823960833e+00,2.273689148363138290e+00
-2.791964668942105376e+00,-1.097694532818215496e+00,6.242821208026168023e-01
-2.859361322949468764e+00,-9.077735537129646426e-01,3.426575210427742491e-01
-2.765045076560468384e+00,-1.163840936120015490e+00,3.054130487674679983e-01
2.099610623439631674e+00,2.142810124565272645e+00,-3.027672294107444984e+00
-2.715705797635346919e+00,-1.274732136838859997e+00,1.372232320016397722e-02
2.317323728432852725e+00,1.905258706223924570e+00,-3.029328322303511456e+00
-6.697022625742892199e-01,-2.924294595197768132e+00,-3.045790408220018008e+00
-1.711551984507436952e+00,-2.463856693139569565e+00,2.767458968829657806e+00
-2.884678017512323667e+00,-8.237916819689130588e-01,4.722952948304938836e+00
-2.778700363337502033e+00,-1.130851135555885234e+00,4.722952948304938836e+00
-2.774193443677624327e+00,1.141862836358240152e+00,4.714726975062304426e+00
-2.881388091890522141e+00,8.352261154391048548e-01,4.714726975062304426e+00
1.576482029023883236e+00,2.552391900191806506e+00,3.627572541369439296e+00
2.064371687405146094e+00,2.176779625097595705e+00,4.186112069611237274e+00
1.950943976375694611e+00,2.278994866392505259e+00,3.917177119795453244e+00
1.456369562324782707e-01,-2.996462894310446323e+00,3.900183484438352721e+00
2.983607693642383873e-01,-2.985126605573770409e+00,3.620456737387060642e+00
-1.578143191163776660e+00,-2.551365138153183665e+00,3.045063586606867823e+00
-3.660182070660479292e-01,-2.977588062861643792e+00,3.066487851747576876e+00
1.253641664019399249e+00,-2.725505930691523915e+00,4.174299689454191942e+00
1.391779931757699096e+00,-2.657620857375358359e+00,3.901471501447580259e+00
-3.355397637985556014e-01,-2.981176456855583190e+00,4.168920695939903887e+00
2.955258261109495743e-01,-2.985408596172631324e+00,-3.602867232357834126e+00
1.410046318436588286e-01,-2.996684450154643020e+00,-3.883114927835968899e+00
-1.056780434327172190e-02,-2.999981386860818944e+00,4.170096853124148240e+00
-2.990709975356459438e+00,-2.359106680575612791e-01,-8.241901798372754939e-01
-2.942388882967074792e+00,-5.851048294039037367e-01,-7.969763038217436701e-01
-2.979288084951986715e+00,-3.519126409538641531e-01,-5.977861239844841634e-01
-2.944614083014838180e+00,-5.738012740580864524e-01,-3.530350548211949047e-01
-2.991593858014800489e+00,-2.244241267959452835e-01,-3.802489308367267284e-01
2.877604466291003416e+00,-8.481701100499046131e-01,-3.036244225628943028e+00
-2.780260183735196566e+00,-1.127010785545875748e+00,-2.594860600798583050e-01
-2.880513087215692103e+00,-8.382388408914971389e-01,-2.733918994806634473e-01
9.151289565189766329e-01,-2.857015749508653002e+00,3.072315863773205979e+00
-1.436494472526213206e+00,-2.633720492079908659e+00,3.321410279916853003e+00
6.024840831207627367e-01,-2.938879536419642946e+00,3.071051017954960827e+00
4.496845722749604479e-01,-2.966105828431933489e+00,3.340323957122788734e+00
2.770381991746612371e+00,-1.151079328198570728e+00,-3.038675176495409858e+00
1.521680903276861230e+00,-2.585437531367276165e+00,3.618470340876266178e+00
-2.268294005393825419e+00,1.963375232881997112e+00,4.731740899555132884e+00
-2.042718965770618400e+00,2.197111564504864667e+00,4.731740899555132884e+00
1.511172763812604014e+00,-2.591593501672470268e+00,-3.045190229456874675e+00
1.782266774966579703e+00,-2.413198115126528265e+00,-3.043704097513614926e+00
-6.844349228860749923e-01,-2.920881516996869376e+00,3.060596323189219703e+00
1.770690215194928641e+00,-2.421705217777947894e+00,3.066850019018364737e+00
1.643696473782577883e+00,-2.509633818323844690e+00,3.335075414460607846e+00
6.577639426148133017e-01,2.927003005771572131e+00,4.173090739661415860e+00
9.515506884809800114e-01,-2.845092491862324824e+00,4.173840686571573144e+00
2.453593463759051296e+00,-1.726232636291778144e+00,3.079298444991692030e+00
2.480442876419578280e+00,-1.687425001835450189e+00,4.177319331172617112e+00
1.842781964344959444e+00,2.367309576689312856e+00,3.636663356923031998e+00
-3.060455233114951490e-01,2.984348528181819393e+00,4.730961535508592775e+00
-6.269163048430798080e-01,2.933764807669813734e+00,4.730961535508592775e+00
-2.941131118085636320e+00,5.913947465342705989e-01,-1.870356977395398523e+00
-2.982489476815413099e+00,3.236611201323461584e-01,-2.026606977395397635e+00
-1.606707114061212582e+00,2.533474343589271260e+00,3.903200810097331885e+00
-2.698982211759083372e-01,2.987834491769261192e+00,3.643051042719756438e+00
4.303468618058896300e-02,2.999691320083674562e+00,3.636828027716601408e+00
-1.738962017301226570e+00,2.444588125305293680e+00,3.630446607666770298e+00
-2.982489476815413099e+00,3.236611201323461584e-01,-2.339106977395396747e+00
-2.941131118085527074e+00,5.913947465348149413e-01,-2.495356977395395859e+00
1.596461418728581716e+00,2.539943097494730129e+00,3.087574605904974234e+00
1.725596939432065824e+00,2.454040586995799522e+00,3.358527635270726286e+00
-1.988667550499229053e+00,2.246152571307522550e+00,3.630267871905633825e+00
-2.961115657970954551e+00,-4.814499559863293920e-01,-2.497901224675889154e+00
-2.903799329173295973e+00,7.536242139771778259e-01,-6.119178218768084321e-02
-2.958666871015943833e+00,4.962764817646768689e-01,7.460098003861936888e-02
-2.892584297626127565e+00,7.955853701060389138e-01,1.767072377736838007e-01
-2.925540240828690131e+00,-6.642396399583585520e-01,4.895864748565026403e-01
-2.908900372612584384e+00,-7.336883685968906832e-01,1.707174028213538364e-01
2.052127642043123923e-01,2.992973057247195534e+00,-3.858678705729023051e+00
3.867947872470428594e-02,2.999750639290803544e+00,-4.138923395400940564e+00
-2.901862146192819125e+00,-7.610493311824166884e-01,-4.494537297782535745e+00
-2.944963388560406514e+00,-5.720058042002773568e-01,-4.763216327024689889e+00
-2.989544593080755153e+00,-2.502461308025022424e-01,-4.763216327024689889e+00
-2.725481557183692338e+00,1.253694652398085196e+00,2.546897366385486361e+00
-2.499834123551828213e+00,-1.658562436185585520e+00,3.948374912393435299e+00
-2.964700791346610576e+00,-4.588564239375753084e-01,1.238974574161705533e+00
-2.904925758710652062e+00,-7.492705361745797266e-01,1.049092360831018311e+00
-2.988667394031631286e+00,2.605133544603375206e-01,-1.137839693311863520e+00
7.064764168762664998e-01,2.915628761073273623e+00,3.079176165094168471e+00
-2.707698582798014897e+00,-1.291653353153864536e+00,4.454072671728034116e+00
-2.962553010902138517e+00,-4.725247692922270870e-01,6.275731783175348966e-01
-2.991178640199000593e+00,-2.298920233876274866e-01,7.812499999999857891e-01
-2.991178640199000593e+00,-2.298920233876274866e-01,1.093749999999987121e+00
-2.699519147420092136e+00,-1.308662054432808253e+00,2.235884930294956163e+00
-2.748204960792148821e+00,-1.203066703669178894e+00,1.973255043890125293e+00
-2.903614888659753035e+00,7.543345268204355580e-01,2.761927977897838282e+00
-2.893186944765149704e+00,7.933910149733862660e-01,2.468885700104129555e+00
-2.951515836136529014e+00,5.371724760589329239e-01,-4.816491049549313175e+00
-2.919811482443068762e+00,6.889854185638538686e-01,-4.535892328832584752e+00
1.935700793391935959e-01,2.993748590711086788e+00,3.907028854596664935e+00
2.021288124450610901e+00,-2.216843322825257978e+00,3.070579659726017319e+00
-7.644149890551430460e-01,2.900977374008253840e+00,4.461589785791382212e+00
-2.950853802856272079e+00,-5.407974058449969146e-01,-3.657971513888195858e+00
-2.991156064342304077e+00,-2.301855745876798809e-01,-3.567262292267129098e+00
-2.745115787324459600e+00,1.210098886117168648e+00,-2.656956299202962057e+00
2.253160092639450163e+00,-1.980724513135783127e+00,3.079870585566638397e+00
1.312843450260905209e+00,2.697488104720211943e+00,3.086221721185514522e+00
1.016837638509579644e+00,2.822417619153881230e+00,3.081334250718511747e+00
-2.989166843420259845e+00,2.547186333917482726e-01,-3.225206108105686198e+00
-2.955873304790716638e+00,-5.126529098967510523e-01,-3.096413516943009370e+00
-2.910165768184172830e+00,-7.286530049955349808e-01,-3.362468530469733707e+00
2.648139487881029375e+00,-1.409736589836980469e+00,4.175266608026639403e+00
2.785749173331238282e+00,-1.113373945844037927e+00,4.179327484663439840e+00
3.381218435773402642e-01,2.980884704059494794e+00,4.170627611882589569e+00
-2.746145788256210363e+00,1.207759624115111841e+00,-1.667644304346739936e+00
2.889795890483411345e+00,-8.056548338743996229e-01,4.179327484663445169e+00
2.960479567624581421e+00,-4.853459896582763000e-01,4.183112361424628389e+00
-9.019369807912848147e-01,2.861207731480030603e+00,4.195697635985882634e+00
-2.827634627612124252e+00,-1.002238700474514355e+00,3.484268398489692053e+00
-2.717496080848012863e+00,-1.270911110414765233e+00,3.284729393244995244e+00
-2.896601579983357322e+00,7.808324319839174965e-01,3.321723828999665784e+00
-2.896601579983463459e+00,7.808324319835223681e-01,3.009223828999664896e+00
2.995600241553372456e+00,-1.624167257562356415e-01,4.183112361424623948e+00
-1.440273090318207605e-01,2.996540694576506514e+00,4.450197744219137164e+00
2.995813271219203600e+00,1.584387704663724472e-01,4.181233575599232921e+00
-4.308949543804003746e-01,2.968893655604644799e+00,3.920706837127712951e+00
2.961121441122657849e+00,4.814143858711250612e-01,4.181233575599236474e+00
-2.810074388138762203e+00,1.050467483136228397e+00,2.493438465516886193e+00
-2.868034601820679264e+00,8.799872287478369692e-01,2.250968209825332522e+00
2.890649977557664840e+00,8.025850155876779191e-01,4.184545273246371266e+00
2.786930159450368816e+00,1.110414466019756796e+00,4.184545273246371266e+00
2.651900158313353906e+00,1.402649475220949959e+00,4.183120590661134841e+00
2.288057908368478444e+00,1.940306936531554172e+00,4.183559196995127571e+00
2.484701521509214750e+00,1.681147925974925794e+00,4.183120590661135729e+00
-2.993417382499067969e+00,-1.986262171830029122e-01,-2.031250000000010658e+00
-2.897579625081696530e+00,-7.771951597323653038e-01,3.328316270015437173e+00
-2.993417382499067969e+00,-1.986262171830029122e-01,-2.343750000000008882e+00
-2.991373018983339183e+00,2.273487657729948430e-01,-8.164901996138151929e-02
-2.991593858014800489e+00,-2.244241267959452835e-01,-6.774893083672672844e-02
-5.899618156160513216e-01,2.941418884843675752e+00,4.196030921211685971e+00
-2.887720668877931107e-01,2.986069438808373278e+00,4.186598986933212529e+00
1.735889708264576684e-02,2.999949777694965736e+00,4.174873660135165032e+00
-2.991165799656810620e+00,-2.300590336488319565e-01,4.773325886076861480e+00
-2.948757700683135585e+00,-5.521123279387165628e-01,4.773325886076861480e+00
-2.947914161972193803e+00,5.565986827542608317e-01,4.771914067750424593e+00
-2.990812266084892368e+00,2.346102918376580249e-01,4.771914067750424593e+00
-2.885428561352189725e+00,8.211589476666700804e-01,-1.939717802032715710e+00
-2.991165799656810620e+00,-2.300590336488319565e-01,4.460825886076859703e+00
-2.990709975356459438e+00,-2.359106680575612791e-01,-1.136690179837275494e+00
-2.990812266084892368e+00,2.346102918376580249e-01,4.459414067750424593e+00
-2.835640290422968945e+00,9.793590471986969304e-01,3.370316354747515675e-01
-2.763833145694439608e+00,1.166716050614191591e+00,6.146921181404527701e-01
-2.910550293579424075e+00,7.271155262712575285e-01,4.728243977010526677e-01
-2.964266141164054069e+00,4.616559805183571563e-01,-4.444923944601514521e+00
-2.911981105529580560e+00,7.213640142388028087e-01,-4.347834174335474700e+00
-2.991156064342304077e+00,-2.301855745876798809e-01,-3.254762292267130874e+00
-2.910935235655113473e+00,-7.255729142005712395e-01,-1.055142315604157943e+00
-2.953029044016544535e+00,-5.287905683677920354e-01,-1.319178999583826339e+00
-2.805420910655084477e+00,1.062832778031990388e+00,-1.935765783046530686e+00
-2.865052038889433828e+00,8.896498268731900527e-01,-2.174261935804599588e+00
-2.597854642714700901e+00,-1.500383702699304989e+00,4.225734279315286557e+00
-2.913667205550636297e+00,-7.145232083695725045e-01,-5.585470633290601228e-02
-2.468287958381881531e+00,1.705155287505218276e+00,3.941602906902913261e+00
-2.887827949497990598e+00,8.126805855305216930e-01,-2.399215064389579766e+00
-2.905180074934991197e+00,7.482838580383239790e-01,4.486641042812729907e+00
-2.909242713816177606e+00,-7.323297290889418942e-01,4.496278834381799427e+00
-2.826238547909203369e+00,1.006168808059601627e+00,9.024533347870873357e-01
-2.963411779833482917e+00,-4.671087915509096189e-01,9.107424748082237898e-02
-2.808530466450727126e+00,1.054588364727232719e+00,-2.395263045403394742e+00
-2.892749761890074822e+00,7.949835313293696082e-01,2.020367476612940028e+00
-2.809495702845013376e+00,1.052014208884747948e+00,2.044920242025696666e+00
-2.911343518626577698e+00,7.239329503144724676e-01,7.869557500586772392e-01
-2.992292484681361220e+00,2.149085529229755875e-01,-4.816491049549313175e+00
-2.836589896931011712e+00,-9.766052204595840891e-01,2.037449399026221464e+00
-2.958223676707228300e+00,-4.989114937228532609e-01,4.304496269795913044e+00
-2.957453335108685799e+00,5.034578141756398395e-01,4.303164067750424593e+00
-2.928665717786510303e+00,-6.503207773568568939e-01,7.995132965389544211e-01
-2.831436341714088201e+00,9.914475492030543347e-01,2.958651806897509395e+00
-2.850032581515010044e+00,-9.366505668086080316e-01,9.111056573699869432e-01
-2.912458635224302483e+00,-7.194335953424711994e-01,2.001480080126051497e+00
-2.992292484681361220e+00,2.149085529229755875e-01,-4.503991049549313175e+00
-2.761930062068969960e+00,1.171214042026347713e+00,2.764814856664283393e+00
1.133834610906673479e+00,2.138638948626175207e+00,-5.000000000000000000e+00
-1.382245948868151775e+00,-2.029723022069043203e+00,-5.000000000000000000e+00
2.206771695775110675e+00,-1.014750752549268720e+00,-5.000000000000000000e+00
-2.067790330079986916e+00,1.292701554813423304e+00,-5.000000000000000000e+00
5.985034168269418586e-01,-2.290525305338724227e+00,-5.000000000000000000e+00
-3.525623672386878349e-01,2.483125364841925808e+00,-5.000000000000000000e+00
2.212078589127250083e+00,1.016273755454817795e+00,-5.000000000000000000e+00
-2.406421246708718265e+00,-2.617140822722530125e-01,-5.000000000000000000e+00
2.408930962323606373e+00,4.000737162296685856e-02,-5.000000000000000000e+00
1.636580769828491100e+00,-1.889135438182549365e+00,-5.000000000000000000e+00
-1.383290401659978297e+00,1.991163259738491842e+00,-5.000000000000000000e+00
-2.044629108190160416e+00,-1.234822149586639162e+00,-5.000000000000000000e+00
-4.264487146112248550e-01,-2.354332721121046301e+00,-5.000000000000000000e+00
1.194778021090630471e+00,-2.232300168093864556e+00,-5.000000000000000000e+00
1.028146289971083815e+00,-1.665835042168140934e+00,-5.000000000000000000e+00
2.910298083755412657e-01,-1.702795868562080317e+00,-5.000000000000000000e+00
5.657342612590776643e-01,-1.138548402861260689e+00,-5.000000000000000000e+00
-8.934384174236482956e-02,-1.214474835704881794e+00,-5.000000000000000000e+00
1.632226786686502840e-01,-6.280908736971417827e-01,-5.000000000000000000e+00
-4.806898820868004130e-01,-7.117452907385178884e-01,-5.000000000000000000e+00
-2.298108576021767324e-01,-1.171585719464068864e-01,-5.000000000000000000e+00
4.124655212719211539e-01,-3.349108186467190940e-02,-5.000000000000000000e+00
2.045835644001472997e-02,4.814827689984813031e-01,-5.000000000000000000e+00
-6.228144503921797526e-01,3.989603106813702782e-01,-5.000000000000000000e+00
6.641323761312298846e-01,5.635506065272692933e-01,-5.000000000000000000e+00
2.710910993807318925e-01,1.079704161291599185e+00,-5.000000000000000000e+00
1.055534401197991468e+00,4.974522503928995032e-02,-5.000000000000000000e+00
9.177009179699586738e-01,1.137656400227188502e+00,-5.000000000000000000e+00
1.204866751194307195e+00,-1.033614447242119816e+00,-5.000000000000000000e+00
-7.097105141722149790e-01,-1.284241432488810286e+00,-5.000000000000000000e+00
-1.085711329998922503e+00,-8.014467582970518089e-01,-5.000000000000000000e+00
6.001538077767722967e-01,1.734192293454655864e+00,-5.000000000000000000e+00
-1.084725811185804634e-01,1.570713318269352454e+00,-5.000000000000000000e+00
1.277654312390698932e+00,6.522926219526145042e-01,-5.000000000000000000e+00
1.718741164661953924e+00,1.595318345368265112e-01,-5.000000000000000000e+00
1.575283579732426720e+00,1.240288723480938771e+00,-5.000000000000000000e+00
-3.701512119808385570e-01,9.932363860229884711e-01,-5.000000000000000000e+00
-1.009258395437628630e+00,9.054919871854156810e-01,-5.000000000000000000e+00
-1.259739489942269808e+00,3.128720649631098749e-01,-5.000000000000000000e+00
-8.148699603289649707e-01,1.589123422911994821e+00,-5.000000000000000000e+00
-8.658244344033807494e-01,-1.999977766524794198e-01,-5.000000000000000000e+00
-1.516180596397935787e+00,-2.814684145773800328e-01,-5.000000000000000000e+00
-1.948392654147394598e+00,2.873300083337184674e-01,-5.000000000000000000e+00
8.084609735402195074e-01,-5.405389500623538623e-01,-5.000000000000000000e+00
1.422471361561433056e+00,-4.214266460912908241e-01,-5.000000000000000000e+00
-1.359332890379808534e+00,-1.409938568674846016e+00,-5.000000000000000000e+00
-1.682462020646367629e+00,8.368436730860921990e-01,-5.000000000000000000e+00
-1.466871059316730008e+00,1.393605364667179325e+00,-5.000000000000000000e+00
-3.136331217070129074e-01,-1.756096160706364095e+00,-5.000000000000000000e+00
-2.000527767469303164e+00,-7.115225753810817677e-01,-5.000000000000000000e+00
1.372669969505050380e-01,2.126280118652803530e+00,-5.000000000000000000e+00
-2.538144693881493552e+00,3.004041589560549341e-01,-5.000000000000000000e+00
1.654484484617251727e+00,-1.335882494746050364e+00,-5.000000000000000000e+00
1.997040990139029137e+00,-4.078125421498381420e-01,-5.000000000000000000e+00
2.135076478002917444e+00,4.813964142132865498e-01,-5.000000000000000000e+00
1.629400507587370983e+00,1.846114681526229262e+00,-5.000000000000000000e+00
6.237124234180746463e-01,2.408684517520522483e+00,-5.000000000000000000e+00
-9.662445682979176054e-01,-2.351895907847036060e+00,-5.000000000000000000e+00
-8.746662062595511600e-01,2.252948176058797269e+00,-5.000000000000000000e+00
-1.823329199780105103e+00,-1.755298510258948674e+00,-5.000000000000000000e+00
1.374775327675753500e-01,-2.535623892484621944e+00,-5.000000000000000000e+00
-1.849677968503823156e+00,1.755895798036658739e+00,-5.000000000000000000e+00
2.033064136143838407e+00,1.542487421710668771e+00,-5.000000000000000000e+00
2.488555903505416556e+00,-5.477725765021594917e-01,-5.000000000000000000e+00
-2.314896270816395596e+00,7.703096700838585331e-01,-5.000000000000000000e+00
1.183719042000145993e+00,1.614496816781717747e+00,-5.000000000000000000e+00
-8.673877596925334554e-01,-1.820039028707549189e+00,-5.000000000000000000e+00
-2.453317562060469470e+00,-8.266189311619720481e-01,-5.000000000000000000e+00
1.449735653523289980e-01,2.600348749243357016e+00,-5.000000000000000000e+00
-4.026608235990558615e-01,2.004438080146974777e+00,-5.000000000000000000e+00
1.773491115971922660e+00,7.682827221533633510e-01,-5.000000000000000000e+00
-1.582090323989231662e+00,-9.529892993071643614e-01,-5.000000000000000000e+00
2.079976672916477920e+00,-1.584302812107911240e+00,-5.000000000000000000e+00
1.736935709065976496e+00,-8.299177194107616451e-01,-5.000000000000000000e+00
2.568972097296406076e+00,5.681052639150084849e-01,-5.000000000000000000e+00
2.644134636490363954e-02,-2.112572530526811931e+00,-5.000000000000000000e+00
-2.177406950428056653e+00,1.280796303073272746e-02,-5.000000000000000000e+00
-1.732286625272665193e+00,2.930796878169217301e-03,-5.000000000000000000e+00
-1.961300921553327026e+00,-2.715912484248165226e-01,-5.000000000000000000e+00
-1.758354181933619476e+00,-4.964954949792309002e-01,-5.000000000000000000e+00
-2.203474507089010714e+00,-4.866183288266673901e-01,-5.000000000000000000e+00
-1.128978303959764729e+00,2.122055717898644556e+00,-5.000000000000000000e+00
-8.447680832942581208e-01,1.921035799485395934e+00,-5.000000000000000000e+00
-1.099080180994471689e+00,1.790143341325243220e+00,-5.000000000000000000e+00
-6.386635149293035107e-01,2.128693128102885801e+00,-5.000000000000000000e+00
-6.087653919640103606e-01,1.796780751529484910e+00,-5.000000000000000000e+00
-2.131644462481895097e+00,5.288198392087885003e-01,-5.000000000000000000e+00
-1.998679145731381723e+00,8.035766715849753661e-01,-5.000000000000000000e+00
-1.815427337396881224e+00,5.620868407099053332e-01,-5.000000000000000000e+00
6.119331155974234715e-01,2.071438405487588952e+00,-5.000000000000000000e+00
8.787735171623740627e-01,2.273661733073348845e+00,-5.000000000000000000e+00
8.669942093417228879e-01,1.936415621040415536e+00,-5.000000000000000000e+00
1.429675617905779461e+00,-1.184748470994084979e+00,-5.000000000000000000e+00
1.341315387294167660e+00,-1.500858768457095760e+00,-5.000000000000000000e+00
1.116506520582695394e+00,-1.349724744705130375e+00,-5.000000000000000000e+00
1.645532627222871414e+00,-1.612508966464299753e+00,-5.000000000000000000e+00
1.332363529899787569e+00,-1.777485240175345149e+00,-5.000000000000000000e+00
4.447666126012415622e-01,-1.996660586950402383e+00,-5.000000000000000000e+00
6.595880491733125961e-01,-1.684315455365110736e+00,-5.000000000000000000e+00
8.133248533990128371e-01,-1.978180173753432580e+00,-5.000000000000000000e+00
3.804897101842898421e-01,2.267482318086663007e+00,-5.000000000000000000e+00
3.687104023636386674e-01,1.930236206053729697e+00,-5.000000000000000000e+00
-1.140870509822847545e+00,1.491364393789587073e+00,-5.000000000000000000e+00
-1.425080730488354153e+00,1.692384312202835694e+00,-5.000000000000000000e+00
-2.191343300448191478e+00,1.031505612448640807e+00,-5.000000000000000000e+00
-1.875126175363177161e+00,1.064772613949757751e+00,-5.000000000000000000e+00
1.158776826453409736e+00,1.876567882703946477e+00,-5.000000000000000000e+00
8.919364248884591451e-01,1.674344555118186806e+00,-5.000000000000000000e+00
-2.426520482348944796e+00,5.353569145199567059e-01,-5.000000000000000000e+00
-2.243268674014443853e+00,2.938670836448866730e-01,-5.000000000000000000e+00
4.283820348173094650e-01,-1.420672135711670503e+00,-5.000000000000000000e+00
7.969402756150807399e-01,-1.402191722514700700e+00,-5.000000000000000000e+00
1.111462155530857032e+00,-1.949067605131002745e+00,-5.000000000000000000e+00
8.966407189587861648e-01,-2.261412736716294170e+00,-5.000000000000000000e+00
8.853005062266924297e-01,-1.086081425051690363e+00,-5.000000000000000000e+00
1.008429833165882250e-01,-1.458635352133481167e+00,-5.000000000000000000e+00
2.381952097583564520e-01,-1.176511619283071131e+00,-5.000000000000000000e+00
3.693941846314273414e-02,-9.212828547010117886e-01,-5.000000000000000000e+00
3.644784699638640157e-01,-8.833196382792012358e-01,-5.000000000000000000e+00
-1.591331045079956930e+00,-1.582618539466897456e+00,-5.000000000000000000e+00
-1.933979153985132760e+00,-1.495060329922794029e+00,-5.000000000000000000e+00
-1.701980999284984364e+00,-1.322380359130742589e+00,-5.000000000000000000e+00
-6.469182371518791275e-01,-2.087185874914297745e+00,-5.000000000000000000e+00
-5.905104406997732092e-01,-1.788067594706956642e+00,-5.000000000000000000e+00
-3.700409181591188812e-01,-2.055214440913704976e+00,-5.000000000000000000e+00
-2.850168619145826421e-01,-9.631100632216997859e-01,-5.000000000000000000e+00
-1.587336017090750784e-01,-6.699180822178298911e-01,-5.000000000000000000e+00
-3.552503698444885449e-01,-4.144519313424623874e-01,-5.000000000000000000e+00
-3.329408946676321035e-02,-3.726247228217743346e-01,-5.000000000000000000e+00
-3.995271779572898696e-01,-1.249358134096846040e+00,-5.000000000000000000e+00
-5.952001981295076405e-01,-9.979933616136640318e-01,-5.000000000000000000e+00
9.132733183487223849e-02,-7.532482690553940485e-02,-5.000000000000000000e+00
2.878440999702857050e-01,-3.307909777809068808e-01,-5.000000000000000000e+00
-8.977109220855687965e-01,-1.042844095392930992e+00,-5.000000000000000000e+00
-7.832006060428614580e-01,-7.565960245177848487e-01,-5.000000000000000000e+00
-1.046762505810809873e-01,1.821620985260372083e-01,-5.000000000000000000e+00
2.164619388559679558e-01,2.239958435669047176e-01,-5.000000000000000000e+00
3.422953662856222934e-01,5.225166877628752982e-01,-5.000000000000000000e+00
5.382989487015754637e-01,2.650297623312987128e-01,-5.000000000000000000e+00
-4.263126539971782147e-01,1.409008693674816959e-01,-5.000000000000000000e+00
-3.011780469760825252e-01,4.402215398399257906e-01,-5.000000000000000000e+00
8.598333886646106761e-01,3.066479157832796010e-01,-5.000000000000000000e+00
7.339999612349563662e-01,8.127071587309020462e-03,-5.000000000000000000e+00
1.457747279103732974e-01,7.805934651450402439e-01,-5.000000000000000000e+00
4.676117377559808608e-01,8.216273839094342391e-01,-5.000000000000000000e+00
5.943960086753452554e-01,1.108680280759393844e+00,-5.000000000000000000e+00
7.909166470505942792e-01,8.506035033772288978e-01,-5.000000000000000000e+00
4.356224535787520669e-01,1.406948227373127525e+00,-5.000000000000000000e+00
7.589273628733654853e-01,1.435924346840922183e+00,-5.000000000000000000e+00
8.130925913107572844e-02,1.325208739780475931e+00,-5.000000000000000000e+00
2.458406133290959306e-01,1.652452805862004048e+00,-5.000000000000000000e+00
-1.662202401606814650e+00,-2.158104593725978404e+00,-5.000000000000000000e+00
-1.393735635483756674e+00,-2.340129577703558450e+00,-5.000000000000000000e+00
-1.394257861879677041e+00,2.320849696538278994e+00,-5.000000000000000000e+00
-1.662724628002732574e+00,2.138824712560698948e+00,-5.000000000000000000e+00
-2.383677683601514996e+00,-1.247244727133718367e+00,-5.000000000000000000e+00
-2.216454152653543730e+00,-1.525172397583969941e+00,-5.000000000000000000e+00
-2.703210623354359132e+00,-1.308570411361265062e-01,-5.000000000000000000e+00
-2.668141456919489229e+00,-4.533127014526631138e-01,-5.000000000000000000e+00
-2.574895464974746861e-01,2.739362803197648688e+00,-5.000000000000000000e+00
-5.775736914131788247e-01,2.686887671199796657e+00,-5.000000000000000000e+00
1.660070982957827068e+00,-2.186101216326604924e+00,-5.000000000000000000e+00
1.907283622798948475e+00,-1.976116907371402442e+00,-5.000000000000000000e+00
5.419247032426246502e-01,-2.625502436481650381e+00,-5.000000000000000000e+00
8.544589414233487723e-01,-2.538727732394546521e+00,-5.000000000000000000e+00
2.527519051337826284e+00,9.870891729313867602e-01,-5.000000000000000000e+00
2.391325058815004567e+00,1.281467663492948272e+00,-5.000000000000000000e+00
2.695672416893343915e+00,-1.421748418244191681e-01,-5.000000000000000000e+00
2.695672416893341694e+00,1.821822134474049282e-01,-5.000000000000000000e+00
2.388671612138944411e+00,-1.280706162040158080e+00,-5.000000000000000000e+00
2.524865604661762575e+00,-9.863276714785942367e-01,-5.000000000000000000e+00
-6.145168650994374815e-01,-2.622491349339359346e+00,-5.000000000000000000e+00
-2.944327201837321772e-01,-2.674966481337209157e+00,-5.000000000000000000e+00
-2.228034763598460088e+00,1.554112100197358126e+00,-5.000000000000000000e+00
-2.395258294546429578e+00,1.276184429747107663e+00,-5.000000000000000000e+00
1.408697903496905157e+00,2.310852971548427170e+00,-5.000000000000000000e+00
1.122124538463203480e+00,2.462784554038276674e+00,-5.000000000000000000e+00
-9.412769701672247802e-01,3.559161878222401043e-01,-5.000000000000000000e+00
-1.134498942689949219e+00,6.091820260742628612e-01,-5.000000000000000000e+00
-8.160364229149041915e-01,6.522261489333929241e-01,-5.000000000000000000e+00
1.246492248851192697e+00,1.188972561854063636e+00,-5.000000000000000000e+00
1.426468946061562715e+00,9.462906727167765819e-01,-5.000000000000000000e+00
1.097677615180328914e+00,8.949745110899014477e-01,-5.000000000000000000e+00
1.498197738526326539e+00,4.059122282447205077e-01,-5.000000000000000000e+00
1.387137782929972696e+00,1.046385297880582377e-01,-5.000000000000000000e+00
1.166594356794345089e+00,3.510189234959522619e-01,-5.000000000000000000e+00
-4.964828311865091548e-01,6.960983483521794302e-01,-5.000000000000000000e+00
-1.748464277704119274e-01,7.373595775107348871e-01,-5.000000000000000000e+00
9.708933442609644082e-01,6.079216142399419542e-01,-5.000000000000000000e+00
-4.953005630005336002e-02,1.036470273657293717e+00,-5.000000000000000000e+00
-6.897048037092335937e-01,9.493641866042020760e-01,-5.000000000000000000e+00
-2.393118965497095241e-01,1.281974852146170463e+00,-5.000000000000000000e+00
-9.120641778832967450e-01,1.247307705048705362e+00,-5.000000000000000000e+00
-5.925105861549018194e-01,1.291179904467491646e+00,-5.000000000000000000e+00
-4.616712707237727309e-01,1.579918370590673637e+00,-5.000000000000000000e+00
-7.443194423977802510e-01,9.948126701444542919e-02,-5.000000000000000000e+00
-1.062781962172825168e+00,5.643714415531519979e-02,-5.000000000000000000e+00
-6.732571582450905812e-01,-4.558715336954986541e-01,-5.000000000000000000e+00
-5.478176460027787131e-01,-1.585781742994431531e-01,-5.000000000000000000e+00
-9.757678822011516262e-01,-5.007222674747655589e-01,-5.000000000000000000e+00
-1.604066072044832314e+00,3.001010366484141434e-01,-5.000000000000000000e+00
-1.387960043170102686e+00,1.570182519286494882e-02,-5.000000000000000000e+00
-1.191002515400658268e+00,-2.407330956149297263e-01,-5.000000000000000000e+00
-1.300945963198429034e+00,-5.414575864372159764e-01,-5.000000000000000000e+00
1.239002881379712262e+00,-1.858407105260004299e-01,-5.000000000000000000e+00
1.115466167550826171e+00,-4.809827980768223155e-01,-5.000000000000000000e+00
9.319976873691054875e-01,-2.453968625115319768e-01,-5.000000000000000000e+00
6.870976173996485858e-01,-8.395436764618072756e-01,-5.000000000000000000e+00
1.006663862367263462e+00,-7.870766986522368391e-01,-5.000000000000000000e+00
6.104632474060702751e-01,-2.870150159635128650e-01,-5.000000000000000000e+00
4.858418261044349373e-01,-5.843149118797478225e-01,-5.000000000000000000e+00
1.313669056377870126e+00,-7.275205466667054033e-01,-5.000000000000000000e+00
-9.168161639952254749e-01,-2.085967468277292625e+00,-5.000000000000000000e+00
-6.963466414545711469e-01,-2.353114314484041181e+00,-5.000000000000000000e+00
1.570606263111693490e+00,-1.309474057772321842e-01,-5.000000000000000000e+00
-1.767330694698358462e+00,1.343153459740301425e+00,-5.000000000000000000e+00
-1.574666539981548929e+00,1.115224518876635873e+00,-5.000000000000000000e+00
-1.471100755294318718e+00,5.748578690246010092e-01,-5.000000000000000000e+00
2.202985976231317977e+00,-1.839025852634356417e-01,-5.000000000000000000e+00
1.857891077400491531e+00,-1.241403538065058432e-01,-5.000000000000000000e+00
2.063836063492780148e+00,9.976960307989668486e-02,-5.000000000000000000e+00
-1.238064727377179430e+00,1.149548675926297392e+00,-5.000000000000000000e+00
1.926908821332435684e+00,3.204641243750565582e-01,-5.000000000000000000e+00
2.272003720163262130e+00,2.607018929181267319e-01,-5.000000000000000000e+00
-1.130165666573579308e-02,-1.729446014634222095e+00,-5.000000000000000000e+00
-2.014884817246888615e-01,-1.485285498205622945e+00,-5.000000000000000000e+00
-1.813359716089696150e+00,-1.093905724446901706e+00,-5.000000000000000000e+00
-1.470711607184520098e+00,-1.181463933991005133e+00,-5.000000000000000000e+00
-1.034521702276011812e+00,-1.347090000581828040e+00,-5.000000000000000000e+00
-1.222522110189365518e+00,-1.105692663485948968e+00,-5.000000000000000000e+00
3.124723815959227213e-01,-2.201548917932767857e+00,-5.000000000000000000e+00
1.587355773702224526e-01,-1.907684199544446013e+00,-5.000000000000000000e+00
-1.345860208041998130e+00,8.711678301357539400e-01,-5.000000000000000000e+00
-2.472282970295105908e+00,1.934503834190093308e-02,-5.000000000000000000e+00
-5.116718179396139154e-01,-1.520168796597587191e+00,-5.000000000000000000e+00
1.050709979985052334e+00,1.376076608504453125e+00,-5.000000000000000000e+00
2.242798446822222846e+00,-4.777925593259988446e-01,-5.000000000000000000e+00
2.347663799640263615e+00,-7.812616645257141057e-01,-5.000000000000000000e+00
2.101906342957069906e+00,-7.112816473495534586e-01,-5.000000000000000000e+00
-1.333900826994077082e+00,-8.772180288021080852e-01,-5.000000000000000000e+00
-1.549135460193583835e+00,-6.172288569422721416e-01,-5.000000000000000000e+00
1.831232321865604806e+00,1.694301051618448906e+00,-5.000000000000000000e+00
1.804173857938132564e+00,1.391388072595803660e+00,-5.000000000000000000e+00
1.602342043659898962e+00,1.543201702503584016e+00,-5.000000000000000000e+00
1.379501310866286357e+00,1.427392770131328259e+00,-5.000000000000000000e+00
1.406559774793758599e+00,1.730305749153973505e+00,-5.000000000000000000e+00
1.971853702420543586e+00,-9.223342359800151824e-01,-5.000000000000000000e+00
1.866988349602502817e+00,-6.188651307802999213e-01,-5.000000000000000000e+00
-1.958734149291905036e+00,1.524298676425041021e+00,-5.000000000000000000e+00
-1.658274513910276582e+00,1.574750581351918921e+00,-5.000000000000000000e+00
1.439720791596228733e-02,1.848496718461078103e+00,-5.000000000000000000e+00
1.525572714181310907e+00,7.102876720529889276e-01,-5.000000000000000000e+00
1.746116140316938292e+00,4.639072783450949311e-01,-5.000000000000000000e+00
-2.734003180505876873e+00,4.726577397945630477e-01,-5.000000000000000000e+00
-2.769072346940746776e+00,1.502020794780274671e-01,-5.000000000000000000e+00
-1.113360325036170995e+00,-1.614988798691197491e+00,-5.000000000000000000e+00
-1.124816854280342504e+00,-1.924881025388296196e+00,-5.000000000000000000e+00
-1.370789419623980265e+00,-1.719830795371944721e+00,-5.000000000000000000e+00
-7.885491369323742727e-01,-1.552140230598179738e+00,-5.000000000000000000e+00
2.122571362635544467e+00,1.279380588582743172e+00,-5.000000000000000000e+00
1.893681084429838402e+00,1.128281239467878283e+00,-5.000000000000000000e+00
8.195943956623949478e-02,-2.324098211505717160e+00,-5.000000000000000000e+00
3.679904747972586043e-01,-2.413074598911673085e+00,-5.000000000000000000e+00
1.415679395459560785e+00,-2.060717803138206961e+00,-5.000000000000000000e+00
-1.791309045729267524e+00,-8.322559373441230646e-01,-5.000000000000000000e+00
-1.602787574324128439e+00,-1.892510766163995939e+00,-5.000000000000000000e+00
-1.326969133242754117e-01,2.065359099399889153e+00,-5.000000000000000000e+00
-3.776115954188718482e-01,2.243781722494450293e+00,-5.000000000000000000e+00
-1.076476851440913984e-01,2.304702741747364669e+00,-5.000000000000000000e+00
-2.555667023588181763e-01,1.787575699208163726e+00,-5.000000000000000000e+00
1.152596243555193078e+00,-2.509615163772116908e+00,-5.000000000000000000e+00
1.439169608588896754e+00,-2.357683581282262519e+00,-5.000000000000000000e+00
8.670634447189040639e-01,2.597807338485450313e+00,-5.000000000000000000e+00
5.545292065381791646e-01,2.684582042572551508e+00,-5.000000000000000000e+00
1.903693491678377203e+00,1.954606529043254382e+00,-5.000000000000000000e+00
1.656480851837253798e+00,2.164590837998454198e+00,-5.000000000000000000e+00
-1.185734945198639645e+00,-2.501216020592554656e+00,-5.000000000000000000e+00
-8.844147919427838289e-01,-2.621272942702353781e+00,-5.000000000000000000e+00
-1.882744027062791314e+00,-2.020892337820931139e+00,-5.000000000000000000e+00
-1.139945764179463472e+00,2.451742154698431708e+00,-5.000000000000000000e+00
-8.386256109236105427e-01,2.571799076808232165e+00,-5.000000000000000000e+00
-2.105804198448516296e+00,-1.785410577920124808e+00,-5.000000000000000000e+00
-6.136142867491194419e-01,2.368036770450361317e+00,-5.000000000000000000e+00
-1.174245258583034746e+00,-2.190809464958039854e+00,-5.000000000000000000e+00
-1.895918411424655003e+00,2.021190981709782619e+00,-5.000000000000000000e+00
-2.118978582810377986e+00,1.785709221808975844e+00,-5.000000000000000000e+00
-1.616484185081900726e+00,1.873529528887575291e+00,-5.000000000000000000e+00
1.381617559247022342e+00,1.992376815076202234e+00,-5.000000000000000000e+00
-1.246959649433207473e-02,-2.765612067018996978e+00,-5.000000000000000000e+00
3.114117612129413959e-01,-2.748051730054599240e+00,-5.000000000000000000e+00
-1.444855909218247247e-01,-2.444978306802834123e+00,-5.000000000000000000e+00
2.301817832323298951e+00,1.544574496620873649e+00,-5.000000000000000000e+00
2.105525305956611248e+00,1.802792899135474247e+00,-5.000000000000000000e+00
2.735484887484248784e+00,-4.360648158869823154e-01,-5.000000000000000000e+00
2.448743432914511686e+00,-2.538826024395963166e-01,-5.000000000000000000e+00
2.665757708526915515e+00,-7.528385834550396227e-01,-5.000000000000000000e+00
1.992784852549586372e+00,8.922782388040906287e-01,-5.000000000000000000e+00
1.674387347852174690e+00,1.004285722817151116e+00,-5.000000000000000000e+00
-2.518811264914633696e+00,1.014988487382325388e+00,-5.000000000000000000e+00
-2.622378968973327673e+00,7.076104953584648749e-01,-5.000000000000000000e+00
1.709756175850231097e+00,-4.146195941205644830e-01,-5.000000000000000000e+00
1.579703535313704776e+00,-6.256721827510262068e-01,-5.000000000000000000e+00
1.470901230130141846e+00,-9.317660833264407305e-01,-5.000000000000000000e+00
-2.588021910536669523e+00,-1.043143117921384810e+00,-5.000000000000000000e+00
-2.248973335125314943e+00,-1.030720540374305605e+00,-5.000000000000000000e+00
-2.429869404384593867e+00,-5.441665067171125303e-01,-5.000000000000000000e+00
-2.691589614595364832e+00,-7.357651258975226316e-01,-5.000000000000000000e+00
1.954283796987420052e+00,6.248395681833249782e-01,-5.000000000000000000e+00
-8.721580201966228074e-03,2.797974495398364070e+00,-5.000000000000000000e+00
-1.037944009431794046e-01,2.541737057042641190e+00,-5.000000000000000000e+00
2.325274100709628478e+00,-1.565482191819479230e+00,-5.000000000000000000e+00
2.143374184345794298e+00,-1.299526782328590091e+00,-5.000000000000000000e+00
1.858278721372484510e+00,-1.736719125145230302e+00,-5.000000000000000000e+00
2.128981574342941663e+00,-1.823700594334083380e+00,-5.000000000000000000e+00
2.705965805422404280e+00,7.630049271614820494e-01,-5.000000000000000000e+00
2.390525343211828080e+00,7.921895096849131956e-01,-5.000000000000000000e+00
2.488951529810006225e+00,3.040563177689876717e-01,-5.000000000000000000e+00
2.775692984379741546e+00,4.462311595934257413e-01,-5.000000000000000000e+00
1.411202811514170041e-01,2.363314433948080051e+00,-5.000000000000000000e+00
3.843429943852018082e-01,2.504516633381939528e+00,-5.000000000000000000e+00
3.151597775053063266e-01,2.780414158433968552e+00,-5.000000000000000000e+00
-1.435958876710546339e-01,-1.934334345616588013e+00,-5.000000000000000000e+00
-2.226922664764886317e+00,-7.690707532715268524e-01,-5.000000000000000000e+00
-2.022578437829731790e+00,-9.731723624838604092e-01,-5.000000000000000000e+00
1.695710096841614112e+00,-1.082900107078406116e+00,-5.000000000000000000e+00
1.867230578766864824e+00,-1.460092653426980913e+00,-5.000000000000000000e+00
1.930628090196181201e+00,-1.175316623647659542e+00,-5.000000000000000000e+00
2.352024287649661538e+00,5.247508390641475451e-01,-5.000000000000000000e+00
2.173577533565083542e+00,7.488350848340521448e-01,-5.000000000000000000e+00
-2.000036841231606077e-01,-2.233452625823929338e+00,-5.000000000000000000e+00
1.133834610906673479e+00,2.138638948626175207e+00,5.000000000000000000e+00
-1.382245948868151775e+00,-2.029723022069043203e+00,5.000000000000000000e+00
2.206771695775110675e+00,-1.014750752549268720e+00,5.000000000000000000e+00
-2.067790330079986916e+00,1.292701554813423304e+00,5.000000000000000000e+00
5.985034168269418586e-01,-2.290525305338724227e+00,5.000000000000000000e+00
-3.525623672386878349e-01,2.483125364841925808e+00,5.000000000000000000e+00
2.212078589127250083e+00,1.016273755454817795e+00,5.000000000000000000e+00
-2.406421246708718265e+00,-2.617140822722530125e-01,5.000000000000000000e+00
2.408930962323606373e+00,4.000737162296685856e-02,5.000000000000000000e+00
1.636580769828491100e+00,-1.889135438182549365e+00,5.000000000000000000e+00
-1.383290401659978297e+00,1.991163259738491842e+00,5.000000000000000000e+00
-2.044629108190160416e+00,-1.234822149586639162e+00,5.000000000000000000e+00
-4.264487146112248550e-01,-2.354332721121046301e+00,5.000000000000000000e+00
1.194778021090630471e+00,-2.232300168093864556e+00,5.000000000000000000e+00
1.028146289971083815e+00,-1.665835042168140934e+00,5.000000000000000000e+00
2.910298083755412657e-01,-1.702795868562080317e+00,5.000000000000000000e+00
5.657342612590776643e-01,-1.138548402861260689e+00,5.000000000000000000e+00
-8.934384174236482956e-02,-1.214474835704881794e+00,5.000000000000000000e+00
1.632226786686502840e-01,-6.280908736971417827e-01,5.000000000000000000e+00
-4.806898820868004130e-01,-7.117452907385178884e-01,5.000000000000000000e+00
-2.298108576021767324e-01,-1.171585719464068864e-01,5.000000000000000000e+00
4.124655212719211539e-01,-3.349108186467190940e-02,5.000000000000000000e+00
2.045835644001472997e-02,4.814827689984813031e-01,5.000000000000000000e+00
-6.228144503921797526e-01,3.989603106813702782e-01,5.000000000000000000e+00
6.641323761312298846e-01,5.635506065272692933e-01,5.000000000000000000e+00
2.710910993807318925e-01,1.079704161291599185e+00,5.000000000000000000e+00
1.055534401197991468e+00,4.974522503928995032e-02,5.000000000000000000e+00
9.177009179699586738e-01,1.137656400227188502e+00,5.000000000000000000e+00
1.204866751194307195e+00,-1.033614447242119816e+00,5.000000000000000000e+00
-7.097105141722149790e-01,-1.284241432488810286e+00,5.000000000000000000e+00
-1.085711329998922503e+00,-8.014467582970518089e-01,5.000000000000000000e+00
6.001538077767722967e-01,1.734192293454655864e+00,5.000000000000000000e+00
-1.084725811185804634e-01,1.570713318269352454e+00,5.000000000000000000e+00
1.277654312390698932e+00,6.522926219526145042e-01,5.000000000000000000e+00
1.718741164661953924e+00,1.595318345368265112e-01,5.000000000000000000e+00
1.575283579732426720e+00,1.240288723480938771e+00,5.000000000000000000e+00
-3.701512119808385570e-01,9.932363860229884711e-01,5.000000000000000000e+00
-1.009258395437628630e+00,9.054919871854156810e-01,5.000000000000000000e+00
-1.259739489942269808e+00,3.128720649631098749e-01,5.000000000000000000e+00
-8.148699603289649707e-01,1.589123422911994821e+00,5.000000000000000000e+00
-8.658244344033807494e-01,-1.999977766524794198e-01,5.000000000000000000e+00
-1.516180596397935787e+00,-2.814684145773800328e-01,5.000000000000000000e+00
-1.948392654147394598e+00,2.873300083337184674e-01,5.000000000000000000e+00
8.084609735402195074e-01,-5.405389500623538623e-01,5.000000000000000000e+00
1.422471361561433056e+00,-4.214266460912908241e-01,5.000000000000000000e+00
-1.359332890379808534e+00,-1.409938568674846016e+00,5.000000000000000000e+00
-1.682462020646367629e+00,8.368436730860921990e-01,5.000000000000000000e+00
-1.466871059316730008e+00,1.393605364667179325e+00,5.000000000000000000e+00
-3.136331217070129074e-01,-1.756096160706364095e+00,5.000000000000000000e+00
-2.000527767469303164e+00,-7.115225753810817677e-01,5.000000000000000000e+00
1.372669969505050380e-01,2.126280118652803530e+00,5.000000000000000000e+00
-2.538144693881493552e+00,3.004041589560549341e-01,5.000000000000000000e+00
1.654484484617251727e+00,-1.335882494746050364e+00,5.000000000000000000e+00
1.997040990139029137e+00,-4.078125421498381420e-01,5.000000000000000000e+00
2.135076478002917444e+00,4.813964142132865498e-01,5.000000000000000000e+00
1.629400507587370983e+00,1.846114681526229262e+00,5.000000000000000000e+00
6.237124234180746463e-01,2.408684517520522483e+00,5.000000000000000000e+00
-9.662445682979176054e-01,-2.351895907847036060e+00,5.000000000000000000e+00
-8.746662062595511600e-01,2.252948176058797269e+00,5.000000000000000000e+00
-1.823329199780105103e+00,-1.755298510258948674e+00,5.000000000000000000e+00
1.374775327675753500e-01,-2.535623892484621944e+00,5.000000000000000000e+00
-1.849677968503823156e+00,1.755895798036658739e+00,5.000000000000000000e+00
2.033064136143838407e+00,1.542487421710668771e+00,5.000000000000000000e+00
2.488555903505416556e+00,-5.477725765021594917e-01,5.000000000000000000e+00
-2.314896270816395596e+00,7.703096700838585331e-01,5.000000000000000000e+00
1.183719042000145993e+00,1.614496816781717747e+00,5.000000000000000000e+00
-8.673877596925334554e-01,-1.820039028707549189e+00,5.000000000000000000e+00
-2.453317562060469470e+00,-8.266189311619720481e-01,5.000000000000000000e+00
1.449735653523289980e-01,2.600348749243357016e+00,5.000000000000000000e+00
-4.026608235990558615e-01,2.004438080146974777e+00,5.000000000000000000e+00
1.773491115971922660e+00,7.682827221533633510e-01,5.000000000000000000e+00
-1.582090323989231662e+00,-9.529892993071643614e-01,5.000000000000000000e+00
2.079976672916477920e+00,-1.584302812107911240e+00,5.000000000000000000e+00
1.736935709065976496e+00,-8.299177194107616451e-01,5.000000000000000000e+00
2.568972097296406076e+00,5.681052639150084849e-01,5.000000000000000000e+00
2.644134636490363954e-02,-2.112572530526811931e+00,5.000000000000000000e+00
-1.961300921553327026e+00,-2.715912484248165226e-01,5.000000000000000000e+00
-1.732286625272665193e+00,2.930796878169217301e-03,5.000000000000000000e+00
-2.177406950428056653e+00,1.280796303073272746e-02,5.000000000000000000e+00
-2.203474507089010714e+00,-4.866183288266673901e-01,5.000000000000000000e+00
-1.758354181933619476e+00,-4.964954949792309002e-01,5.000000000000000000e+00
-1.099080180994471689e+00,1.790143341325243220e+00,5.000000000000000000e+00
-8.447680832942581208e-01,1.921035799485395934e+00,5.000000000000000000e+00
-1.128978303959764729e+00,2.122055717898644556e+00,5.000000000000000000e+00
-6.087653919640103606e-01,1.796780751529484910e+00,5.000000000000000000e+00
-6.386635149293035107e-01,2.128693128102885801e+00,5.000000000000000000e+00
-1.815427337396881224e+00,5.620868407099053332e-01,5.000000000000000000e+00
-1.998679145731381723e+00,8.035766715849753661e-01,5.000000000000000000e+00
-2.131644462481895097e+00,5.288198392087885003e-01,5.000000000000000000e+00
8.669942093417228879e-01,1.936415621040415536e+00,5.000000000000000000e+00
8.787735171623740627e-01,2.273661733073348845e+00,5.000000000000000000e+00
6.119331155974234715e-01,2.071438405487588952e+00,5.000000000000000000e+00
1.116506520582695394e+00,-1.349724744705130375e+00,5.000000000000000000e+00
1.341315387294167660e+00,-1.500858768457095760e+00,5.000000000000000000e+00
1.429675617905779461e+00,-1.184748470994084979e+00,5.000000000000000000e+00
1.332363529899787569e+00,-1.777485240175345149e+00,5.000000000000000000e+00
1.645532627222871414e+00,-1.612508966464299753e+00,5.000000000000000000e+00
8.133248533990128371e-01,-1.978180173753432580e+00,5.000000000000000000e+00
6.595880491733125961e-01,-1.684315455365110736e+00,5.000000000000000000e+00
4.447666126012415622e-01,-1.996660586950402383e+00,5.000000000000000000e+00
3.687104023636386674e-01,1.930236206053729697e+00,5.000000000000000000e+00
3.804897101842898421e-01,2.267482318086663007e+00,5.000000000000000000e+00
-1.425080730488354153e+00,1.692384312202835694e+00,5.000000000000000000e+00
-1.140870509822847545e+00,1.491364393789587073e+00,5.000000000000000000e+00
-1.875126175363177161e+00,1.064772613949757751e+00,5.000000000000000000e+00
-2.191343300448191478e+00,1.031505612448640807e+00,5.000000000000000000e+00
8.919364248884591451e-01,1.674344555118186806e+00,5.000000000000000000e+00
1.158776826453409736e+00,1.876567882703946477e+00,5.000000000000000000e+00
-2.243268674014443853e+00,2.938670836448866730e-01,5.000000000000000000e+00
-2.426520482348944796e+00,5.353569145199567059e-01,5.000000000000000000e+00
7.969402756150807399e-01,-1.402191722514700700e+00,5.000000000000000000e+00
4.283820348173094650e-01,-1.420672135711670503e+00,5.000000000000000000e+00
8.966407189587861648e-01,-2.261412736716294170e+00,5.000000000000000000e+00
1.111462155530857032e+00,-1.949067605131002745e+00,5.000000000000000000e+00
8.853005062266924297e-01,-1.086081425051690363e+00,5.000000000000000000e+00
2.381952097583563965e-01,-1.176511619283071131e+00,5.000000000000000000e+00
1.008429833165882111e-01,-1.458635352133481167e+00,5.000000000000000000e+00
3.644784699638639602e-01,-8.833196382792012358e-01,5.000000000000000000e+00
3.693941846314272026e-02,-9.212828547010117886e-01,5.000000000000000000e+00
-1.701980999284984364e+00,-1.322380359130742589e+00,5.000000000000000000e+00
-1.933979153985132760e+00,-1.495060329922794029e+00,5.000000000000000000e+00
-1.591331045079956930e+00,-1.582618539466897456e+00,5.000000000000000000e+00
-3.700409181591188812e-01,-2.055214440913704976e+00,5.000000000000000000e+00
-5.905104406997732092e-01,-1.788067594706956642e+00,5.000000000000000000e+00
-6.469182371518791275e-01,-2.087185874914297745e+00,5.000000000000000000e+00
-1.587336017090750506e-01,-6.699180822178298911e-01,5.000000000000000000e+00
-2.850168619145826421e-01,-9.631100632216997859e-01,5.000000000000000000e+00
-3.329408946676323811e-02,-3.726247228217743346e-01,5.000000000000000000e+00
-3.552503698444885449e-01,-4.144519313424623874e-01,5.000000000000000000e+00
-5.952001981295076405e-01,-9.979933616136640318e-01,5.000000000000000000e+00
-3.995271779572899251e-01,-1.249358134096846040e+00,5.000000000000000000e+00
2.878440999702857050e-01,-3.307909777809068252e-01,5.000000000000000000e+00
9.132733183487218298e-02,-7.532482690553940485e-02,5.000000000000000000e+00
-7.832006060428614580e-01,-7.565960245177848487e-01,5.000000000000000000e+00
-8.977109220855687965e-01,-1.042844095392930992e+00,5.000000000000000000e+00
2.164619388559679281e-01,2.239958435669046621e-01,5.000000000000000000e+00
-1.046762505810810151e-01,1.821620985260372083e-01,5.000000000000000000e+00
5.382989487015754637e-01,2.650297623312986572e-01,5.000000000000000000e+00
3.422953662856222934e-01,5.225166877628752982e-01,5.000000000000000000e+00
-3.011780469760825252e-01,4.402215398399257906e-01,5.000000000000000000e+00
-4.263126539971782147e-01,1.409008693674816959e-01,5.000000000000000000e+00
7.339999612349563662e-01,8.127071587309020462e-03,5.000000000000000000e+00
8.598333886646106761e-01,3.066479157832796565e-01,5.000000000000000000e+00
4.676117377559808608e-01,8.216273839094342391e-01,5.000000000000000000e+00
1.457747279103733251e-01,7.805934651450402439e-01,5.000000000000000000e+00
7.909166470505942792e-01,8.506035033772288978e-01,5.000000000000000000e+00
5.943960086753452554e-01,1.108680280759393844e+00,5.000000000000000000e+00
7.589273628733654853e-01,1.435924346840922183e+00,5.000000000000000000e+00
4.356224535787520669e-01,1.406948227373127525e+00,5.000000000000000000e+00
2.458406133290959028e-01,1.652452805862004048e+00,5.000000000000000000e+00
8.130925913107570069e-02,1.325208739780475931e+00,5.000000000000000000e+00
-1.393735635483756674e+00,-2.340129577703558450e+00,5.000000000000000000e+00
-1.662202401606814650e+00,-2.158104593725978404e+00,5.000000000000000000e+00
-1.662724628002732574e+00,2.138824712560698948e+00,5.000000000000000000e+00
-1.394257861879677041e+00,2.320849696538278994e+00,5.000000000000000000e+00
-2.216454152653543730e+00,-1.525172397583969941e+00,5.000000000000000000e+00
-2.383677683601514996e+00,-1.247244727133718367e+00,5.000000000000000000e+00
-2.668141456919489229e+00,-4.533127014526631138e-01,5.000000000000000000e+00
-2.703210623354359132e+00,-1.308570411361265062e-01,5.000000000000000000e+00
-5.775736914131788247e-01,2.686887671199796657e+00,5.000000000000000000e+00
-2.574895464974746861e-01,2.739362803197648688e+00,5.000000000000000000e+00
1.907283622798948475e+00,-1.976116907371402442e+00,5.000000000000000000e+00
1.660070982957827068e+00,-2.186101216326604924e+00,5.000000000000000000e+00
8.544589414233487723e-01,-2.538727732394546521e+00,5.000000000000000000e+00
5.419247032426246502e-01,-2.625502436481650381e+00,5.000000000000000000e+00
2.391325058815004567e+00,1.281467663492948272e+00,5.000000000000000000e+00
2.527519051337826284e+00,9.870891729313867602e-01,5.000000000000000000e+00
2.695672416893341694e+00,1.821822134474049282e-01,5.000000000000000000e+00
2.695672416893343915e+00,-1.421748418244191681e-01,5.000000000000000000e+00
2.524865604661762575e+00,-9.863276714785942367e-01,5.000000000000000000e+00
2.388671612138944411e+00,-1.280706162040158080e+00,5.000000000000000000e+00
-2.944327201837321217e-01,-2.674966481337209157e+00,5.000000000000000000e+00
-6.145168650994374815e-01,-2.622491349339359346e+00,5.000000000000000000e+00
-2.395258294546429578e+00,1.276184429747107663e+00,5.000000000000000000e+00
-2.228034763598460088e+00,1.554112100197358126e+00,5.000000000000000000e+00
1.122124538463203480e+00,2.462784554038276674e+00,5.000000000000000000e+00
1.408697903496905157e+00,2.310852971548427170e+00,5.000000000000000000e+00
-8.160364229149041915e-01,6.522261489333929241e-01,5.000000000000000000e+00
-1.134498942689949219e+00,6.091820260742627502e-01,5.000000000000000000e+00
-9.412769701672247802e-01,3.559161878222401043e-01,5.000000000000000000e+00
1.097677615180328914e+00,8.949745110899014477e-01,5.000000000000000000e+00
1.426468946061562715e+00,9.462906727167765819e-01,5.000000000000000000e+00
1.246492248851192697e+00,1.188972561854063636e+00,5.000000000000000000e+00
1.166594356794345089e+00,3.510189234959522064e-01,5.000000000000000000e+00
1.387137782929972696e+00,1.046385297880582377e-01,5.000000000000000000e+00
1.498197738526326539e+00,4.059122282447205077e-01,5.000000000000000000e+00
-1.748464277704118996e-01,7.373595775107348871e-01,5.000000000000000000e+00
-4.964828311865091548e-01,6.960983483521794302e-01,5.000000000000000000e+00
9.708933442609644082e-01,6.079216142399419542e-01,5.000000000000000000e+00
-4.953005630005330451e-02,1.036470273657293717e+00,5.000000000000000000e+00
-6.897048037092335937e-01,9.493641866042020760e-01,5.000000000000000000e+00
-2.393118965497094963e-01,1.281974852146170463e+00,5.000000000000000000e+00
-5.925105861549018194e-01,1.291179904467491646e+00,5.000000000000000000e+00
-9.120641778832967450e-01,1.247307705048705362e+00,5.000000000000000000e+00
-4.616712707237726754e-01,1.579918370590673637e+00,5.000000000000000000e+00
-1.062781962172825168e+00,5.643714415531525530e-02,5.000000000000000000e+00
-7.443194423977802510e-01,9.948126701444542919e-02,5.000000000000000000e+00
-5.478176460027788242e-01,-1.585781742994431531e-01,5.000000000000000000e+00
-6.732571582450905812e-01,-4.558715336954986541e-01,5.000000000000000000e+00
-9.757678822011516262e-01,-5.007222674747655589e-01,5.000000000000000000e+00
-1.387960043170102686e+00,1.570182519286489331e-02,5.000000000000000000e+00
-1.604066072044832314e+00,3.001010366484141434e-01,5.000000000000000000e+00
-1.191002515400658268e+00,-2.407330956149297263e-01,5.000000000000000000e+00
-1.300945963198429034e+00,-5.414575864372159764e-01,5.000000000000000000e+00
9.319976873691054875e-01,-2.453968625115319213e-01,5.000000000000000000e+00
1.115466167550826171e+00,-4.809827980768223155e-01,5.000000000000000000e+00
1.239002881379712262e+00,-1.858407105260004299e-01,5.000000000000000000e+00
1.006663862367263462e+00,-7.870766986522368391e-01,5.000000000000000000e+00
6.870976173996485858e-01,-8.395436764618072756e-01,5.000000000000000000e+00
6.104632474060702751e-01,-2.870150159635129206e-01,5.000000000000000000e+00
4.858418261044348818e-01,-5.843149118797478225e-01,5.000000000000000000e+00
1.313669056377870126e+00,-7.275205466667052923e-01,5.000000000000000000e+00
-6.963466414545712579e-01,-2.353114314484041181e+00,5.000000000000000000e+00
-9.168161639952254749e-01,-2.085967468277292625e+00,5.000000000000000000e+00
1.570606263111693490e+00,-1.309474057772321287e-01,5.000000000000000000e+00
-1.574666539981548929e+00,1.115224518876635873e+00,5.000000000000000000e+00
-1.767330694698358462e+00,1.343153459740301425e+00,5.000000000000000000e+00
-1.471100755294318718e+00,5.748578690246011202e-01,5.000000000000000000e+00
2.063836063492780148e+00,9.976960307989668486e-02,5.000000000000000000e+00
1.857891077400491531e+00,-1.241403538065057877e-01,5.000000000000000000e+00
2.202985976231317977e+00,-1.839025852634356417e-01,5.000000000000000000e+00
-1.238064727377179430e+00,1.149548675926297392e+00,5.000000000000000000e+00
2.272003720163262130e+00,2.607018929181267319e-01,5.000000000000000000e+00
1.926908821332435684e+00,3.204641243750565582e-01,5.000000000000000000e+00
-2.014884817246888615e-01,-1.485285498205622945e+00,5.000000000000000000e+00
-1.130165666573584859e-02,-1.729446014634222095e+00,5.000000000000000000e+00
-1.470711607184520098e+00,-1.181463933991005133e+00,5.000000000000000000e+00
-1.813359716089696150e+00,-1.093905724446901706e+00,5.000000000000000000e+00
-1.222522110189365518e+00,-1.105692663485948968e+00,5.000000000000000000e+00
-1.034521702276011812e+00,-1.347090000581828040e+00,5.000000000000000000e+00
1.587355773702224526e-01,-1.907684199544446013e+00,5.000000000000000000e+00
3.124723815959227768e-01,-2.201548917932767857e+00,5.000000000000000000e+00
-1.345860208041998130e+00,8.711678301357539400e-01,5.000000000000000000e+00
-2.472282970295105908e+00,1.934503834190098859e-02,5.000000000000000000e+00
-5.116718179396139154e-01,-1.520168796597587191e+00,5.000000000000000000e+00
1.050709979985052334e+00,1.376076608504453125e+00,5.000000000000000000e+00
2.101906342957069906e+00,-7.112816473495533476e-01,5.000000000000000000e+00
2.347663799640263615e+00,-7.812616645257141057e-01,5.000000000000000000e+00
2.242798446822222846e+00,-4.777925593259988446e-01,5.000000000000000000e+00
-1.549135460193583835e+00,-6.172288569422721416e-01,5.000000000000000000e+00
-1.333900826994077082e+00,-8.772180288021080852e-01,5.000000000000000000e+00
1.602342043659898962e+00,1.543201702503584016e+00,5.000000000000000000e+00
1.804173857938132564e+00,1.391388072595803660e+00,5.000000000000000000e+00
1.831232321865604806e+00,1.694301051618448906e+00,5.000000000000000000e+00
1.406559774793758599e+00,1.730305749153973505e+00,5.000000000000000000e+00
1.379501310866286357e+00,1.427392770131328259e+00,5.000000000000000000e+00
1.866988349602502817e+00,-6.188651307802999213e-01,5.000000000000000000e+00
1.971853702420543586e+00,-9.223342359800151824e-01,5.000000000000000000e+00
-1.658274513910276582e+00,1.574750581351918921e+00,5.000000000000000000e+00
-1.958734149291905036e+00,1.524298676425041021e+00,5.000000000000000000e+00
1.439720791596228733e-02,1.848496718461078103e+00,5.000000000000000000e+00
1.746116140316938292e+00,4.639072783450949311e-01,5.000000000000000000e+00
1.525572714181310907e+00,7.102876720529889276e-01,5.000000000000000000e+00
-2.769072346940746776e+00,1.502020794780274671e-01,5.000000000000000000e+00
-2.734003180505876873e+00,4.726577397945630477e-01,5.000000000000000000e+00
-1.370789419623980265e+00,-1.719830795371944721e+00,5.000000000000000000e+00
-1.124816854280342504e+00,-1.924881025388296196e+00,5.000000000000000000e+00
-1.113360325036170995e+00,-1.614988798691197491e+00,5.000000000000000000e+00
-7.885491369323742727e-01,-1.552140230598179738e+00,5.000000000000000000e+00
1.893681084429838402e+00,1.128281239467878283e+00,5.000000000000000000e+00
2.122571362635544467e+00,1.279380588582743172e+00,5.000000000000000000e+00
3.679904747972586043e-01,-2.413074598911673085e+00,5.000000000000000000e+00
8.195943956623949478e-02,-2.324098211505717160e+00,5.000000000000000000e+00
1.415679395459560785e+00,-2.060717803138206961e+00,5.000000000000000000e+00
-1.791309045729267524e+00,-8.322559373441230646e-01,5.000000000000000000e+00
-1.602787574324128439e+00,-1.892510766163995939e+00,5.000000000000000000e+00
-1.076476851440913984e-01,2.304702741747364669e+00,5.000000000000000000e+00
-3.776115954188718482e-01,2.243781722494450293e+00,5.000000000000000000e+00
-1.326969133242754117e-01,2.065359099399889153e+00,5.000000000000000000e+00
-2.555667023588181763e-01,1.787575699208163726e+00,5.000000000000000000e+00
1.439169608588896754e+00,-2.357683581282262519e+00,5.000000000000000000e+00
1.152596243555193078e+00,-2.509615163772116908e+00,5.000000000000000000e+00
5.545292065381791646e-01,2.684582042572551508e+00,5.000000000000000000e+00
8.670634447189040639e-01,2.597807338485450313e+00,5.000000000000000000e+00
1.656480851837253798e+00,2.164590837998454198e+00,5.000000000000000000e+00
1.903693491678377203e+00,1.954606529043254382e+00,5.000000000000000000e+00
-8.844147919427838289e-01,-2.621272942702353781e+00,5.000000000000000000e+00
-1.185734945198639645e+00,-2.501216020592554656e+00,5.000000000000000000e+00
-1.882744027062791314e+00,-2.020892337820931139e+00,5.000000000000000000e+00
-1.139945764179463472e+00,2.451742154698431708e+00,5.000000000000000000e+00
-8.386256109236105427e-01,2.571799076808232165e+00,5.000000000000000000e+00
-2.105804198448516296e+00,-1.785410577920124808e+00,5.000000000000000000e+00
-6.136142867491194419e-01,2.368036770450361317e+00,5.000000000000000000e+00
-1.174245258583034746e+00,-2.190809464958039854e+00,5.000000000000000000e+00
-2.118978582810377986e+00,1.785709221808975844e+00,5.000000000000000000e+00
-1.895918411424655003e+00,2.021190981709782619e+00,5.000000000000000000e+00
-1.616484185081900726e+00,1.873529528887575291e+00,5.000000000000000000e+00
1.381617559247022342e+00,1.992376815076202234e+00,5.000000000000000000e+00
3.114117612129413959e-01,-2.748051730054599240e+00,5.000000000000000000e+00
-1.246959649433204698e-02,-2.765612067018996978e+00,5.000000000000000000e+00
-1.444855909218247803e-01,-2.444978306802834123e+00,5.000000000000000000e+00
2.301817832323298951e+00,1.544574496620873649e+00,5.000000000000000000e+00
2.105525305956611248e+00,1.802792899135474247e+00,5.000000000000000000e+00
2.448743432914511686e+00,-2.538826024395963166e-01,5.000000000000000000e+00
2.735484887484248784e+00,-4.360648158869823154e-01,5.000000000000000000e+00
2.665757708526915515e+00,-7.528385834550396227e-01,5.000000000000000000e+00
1.674387347852174690e+00,1.004285722817151116e+00,5.000000000000000000e+00
1.992784852549586372e+00,8.922782388040906287e-01,5.000000000000000000e+00
-2.622378968973327673e+00,7.076104953584648749e-01,5.000000000000000000e+00
-2.518811264914633696e+00,1.014988487382325388e+00,5.000000000000000000e+00
1.709756175850231097e+00,-4.146195941205644830e-01,5.000000000000000000e+00
1.470901230130141846e+00,-9.317660833264407305e-01,5.000000000000000000e+00
1.579703535313704776e+00,-6.256721827510262068e-01,5.000000000000000000e+00
-2.248973335125314943e+00,-1.030720540374305605e+00,5.000000000000000000e+00
-2.588021910536669523e+00,-1.043143117921384810e+00,5.000000000000000000e+00
-2.691589614595364832e+00,-7.357651258975226316e-01,5.000000000000000000e+00
-2.429869404384593867e+00,-5.441665067171125303e-01,5.000000000000000000e+00
1.954283796987420052e+00,6.248395681833249782e-01,5.000000000000000000e+00
-1.037944009431794323e-01,2.541737057042641190e+00,5.000000000000000000e+00
-8.721580201966255830e-03,2.797974495398364070e+00,5.000000000000000000e+00
2.143374184345794298e+00,-1.299526782328590091e+00,5.000000000000000000e+00
2.325274100709628478e+00,-1.565482191819479230e+00,5.000000000000000000e+00
2.128981574342941663e+00,-1.823700594334083380e+00,5.000000000000000000e+00
1.858278721372484510e+00,-1.736719125145230302e+00,5.000000000000000000e+00
2.390525343211828080e+00,7.921895096849131956e-01,5.000000000000000000e+00
2.705965805422404280e+00,7.630049271614820494e-01,5.000000000000000000e+00
2.775692984379741546e+00,4.462311595934257413e-01,5.000000000000000000e+00
2.488951529810006225e+00,3.040563177689876717e-01,5.000000000000000000e+00
3.843429943852018082e-01,2.504516633381939528e+00,5.000000000000000000e+00
1.411202811514170041e-01,2.363314433948080051e+00,5.000000000000000000e+00
3.151597775053063266e-01,2.780414158433968552e+00,5.000000000000000000e+00
-1.435958876710546339e-01,-1.934334345616588013e+00,5.000000000000000000e+00
-2.022578437829731790e+00,-9.731723624838604092e-01,5.000000000000000000e+00
-2.226922664764886317e+00,-7.690707532715268524e-01,5.000000000000000000e+00
1.695710096841614112e+00,-1.082900107078406116e+00,5.000000000000000000e+00
1.930628090196181201e+00,-1.175316623647659542e+00,5.000000000000000000e+00
1.867230578766864824e+00,-1.460092653426980913e+00,5.000000000000000000e+00
2.173577533565083542e+00,7.488350848340521448e-01,5.000000000000000000e+00
2.352024287649661538e+00,5.247508390641475451e-01,5.000000000000000000e+00
-2.000036841231606077e-01,-2.233452625823929338e+00,5.000000000000000000e+00
-3.389686644077301025e-01,-2.069834470748901367e+00,-1.244655847549438477e+00
8.718758821487426758e-02,-7.913658022880554199e-01,-1.670812129974365234e+00
-3.389686644077301025e-01,-1.217522025108337402e+00,-1.244655847549438477e+00
8.718758821487426758e-02,-7.913658022880554199e-01,3.381246328353881836e-02
8.718758821487426758e-02,9.132592082023620605e-01,3.381246328353881836e-02
8.718758821487426758e-02,9.132592082023620605e-01,-1.670812129974365234e+00
8.718758821487426758e-02,-7.913658022880554199e-01,1.738437414169311523e+00
8.718758821487426758e-02,-7.913658022880554199e-01,3.443062305450439453e+00
-3.389686644077301025e-01,-2.069834470748901367e+00,-3.923437893390655518e-01
-1.191281080245971680e+00,-1.217522025108337402e+00,-1.244655847549438477e+00
-1.191281080245971680e+00,-1.217522025108337402e+00,-3.923437893390655518e-01
8.718758821487426758e-02,-7.913658022880554199e-01,-3.375437259674072266e+00
-1.191281080245971680e+00,-1.217522025108337402e+00,-2.096968412399291992e+00
-3.389686644077301025e-01,-1.217522025108337402e+00,-2.096968412399291992e+00
-3.389686644077301025e-01,-1.217522025108337402e+00,-2.949280977249145508e+00
8.718758821487426758e-02,9.132592082023620605e-01,-3.375437259674072266e+00
-1.191281080245971680e+00,-3.652095496654510498e-01,-2.096968412399291992e+00
-1.191281080245971680e+00,4.871029555797576904e-01,-2.096968412399291992e+00
-1.191281080245971680e+00,-1.217522025108337402e+00,-2.949280977249145508e+00
-2.043593645095825195e+00,-3.652095496654510498e-01,-2.096968412399291992e+00
-2.043593645095825195e+00,4.871029555797576904e-01,-2.096968412399291992e+00
-2.043593645095825195e+00,-3.652095496654510498e-01,-1.244655847549438477e+00
-2.043593645095825195e+00,-3.652095496654510498e-01,-2.949280977249145508e+00
-2.043593645095825195e+00,4.871029555797576904e-01,-3.801593542098999023e+00
-1.191281080245971680e+00,4.871029555797576904e-01,-3.801593542098999023e+00
-3.389686644077301025e-01,4.871029555797576904e-01,-3.801593542098999023e+00
-2.043593645095825195e+00,-3.652095496654510498e-01,-3.801593542098999023e+00
-2.043593645095825195e+00,4.871029555797576904e-01,-2.949280977249145508e+00
-2.043593645095825195e+00,-3.652095496654510498e-01,3.016906023025512695e+00
-1.191281080245971680e+00,-3.652095496654510498e-01,3.016906023025512695e+00
-3.389686644077301025e-01,-3.652095496654510498e-01,3.016906023025512695e+00
8.718758821487426758e-02,9.132592082023620605e-01,3.443062305450439453e+00
8.718758821487426758e-02,9.132592082023620605e-01,1.738437414169311523e+00
-1.191281080245971680e+00,4.871029555797576904e-01,3.016906023025512695e+00
-1.191281080245971680e+00,-1.217522025108337402e+00,3.016906023025512695e+00
-1.191281080245971680e+00,-3.652095496654510498e-01,2.164593696594238281e+00
-2.043593645095825195e+00,4.871029555797576904e-01,3.016906023025512695e+00
-2.043593645095825195e+00,-3.652095496654510498e-01,3.869218587875366211e+00
-2.043593645095825195e+00,-3.652095496654510498e-01,2.164593696594238281e+00
-2.103604651842076123e+00,-2.271284479489405761e-01,1.360455337918619501e+00
-1.191281080245971680e+00,-1.217522025108337402e+00,2.164593696594238281e+00
-1.191281080245971680e+00,-1.217522025108337402e+00,1.312281131744384766e+00
-1.191281080245971680e+00,-3.652095496654510498e-01,-2.949280977249145508e+00
-1.191281080245971680e+00,-1.217522025108337402e+00,-3.801593542098999023e+00
-2.043593645095825195e+00,-3.652095496654510498e-01,-3.923437893390655518e-01
-1.191281080245971680e+00,-3.652095496654510498e-01,-3.923437893390655518e-01
-1.191281080245971680e+00,4.871029555797576904e-01,-3.923437893390655518e-01
-2.043593645095825195e+00,4.871029555797576904e-01,-3.923437893390655518e-01
-2.043593645095825195e+00,-3.652095496654510498e-01,4.599687159061431885e-01
-2.043593645095825195e+00,4.871029555797576904e-01,-1.244655847549438477e+00
-3.389686644077301025e-01,-2.069834470748901367e+00,-2.096968412399291992e+00
-3.389686644077301025e-01,-2.069834470748901367e+00,-2.949280977249145508e+00
-2.043593645095825195e+00,4.871029555797576904e-01,3.869218587875366211e+00
-1.191281080245971680e+00,4.871029555797576904e-01,3.869218587875366211e+00
-1.191281080245971680e+00,1.339415431022644043e+00,3.016906023025512695e+00
-1.191281080245971680e+00,1.339415431022644043e+00,-3.801593542098999023e+00
-3.389686644077301025e-01,1.339415431022644043e+00,-3.801593542098999023e+00
-1.240288480790587400e+00,1.381787442991352144e+00,-2.951283464641047960e+00
-1.191281080245971680e+00,1.339415431022644043e+00,3.869218587875366211e+00
-3.389686644077301025e-01,1.339415431022644043e+00,3.869218587875366211e+00
-2.043593645095825195e+00,4.871029555797576904e-01,1.312281131744384766e+00
-2.256671667098999023e+00,7.001810669898986816e-01,1.525359272956848145e+00
-1.191281080245971680e+00,1.339415431022644043e+00,1.312281131744384766e+00
-3.389686644077301025e-01,1.339415431022644043e+00,1.312281131744384766e+00
-1.191281080245971680e+00,1.339415431022644043e+00,4.599687159061431885e-01
-2.043593645095825195e+00,4.871029555797576904e-01,4.599687159061431885e-01
-1.952490850814604384e+00,3.252595676847760409e-01,2.201789212351132008e+00
-1.191281080245971680e+00,4.871029555797576904e-01,2.164593696594238281e+00
-1.191281080245971680e+00,1.339415431022644043e+00,-3.923437893390655518e-01
-2.256671667098999023e+00,7.001810669898986816e-01,-1.457733988761901855e+00
-1.191281080245971680e+00,4.871029555797576904e-01,-1.244655847549438477e+00
-3.389686644077301025e-01,4.871029555797576904e-01,-1.244655847549438477e+00
-1.191281080245971680e+00,1.339415431022644043e+00,-1.244655847549438477e+00
-3.389686644077301025e-01,1.339415431022644043e+00,-1.244655847549438477e+00
-3.389686644077301025e-01,4.871029555797576904e-01,-2.096968412399291992e+00
-1.172343326700077126e+00,2.561774318360207636e-01,-2.769366281833736121e+00
-1.191281080245971680e+00,4.871029555797576904e-01,4.599687159061431885e-01
-1.398362806840294681e+00,1.489348754144807385e+00,2.155317658931692915e+00
-3.389686644077301025e-01,1.339415431022644043e+00,2.164593696594238281e+00
-3.389686644077301025e-01,-2.069834470748901367e+00,3.869218587875366211e+00
5.133438110351562500e-01,-2.069834470748901367e+00,3.869218587875366211e+00
1.365656137466430664e+00,-1.217522025108337402e+00,3.869218587875366211e+00
5.133438110351562500e-01,-1.217522025108337402e+00,3.869218587875366211e+00
5.133438110351562500e-01,-2.069834470748901367e+00,3.016906023025512695e+00
-3.389686644077301025e-01,-2.069834470748901367e+00,3.016906023025512695e+00
-1.191281080245971680e+00,-1.217522025108337402e+00,3.869218587875366211e+00
-3.389686644077301025e-01,-1.217522025108337402e+00,3.869218587875366211e+00
-3.389686644077301025e-01,-3.652095496654510498e-01,3.869218587875366211e+00
-3.389686644077301025e-01,-1.217522025108337402e+00,3.016906023025512695e+00
-3.389686644077301025e-01,-2.069834470748901367e+00,2.164593696594238281e+00
-1.191281080245971680e+00,-3.652095496654510498e-01,3.869218587875366211e+00
1.365656137466430664e+00,1.339415431022644043e+00,-3.801593542098999023e+00
5.133438110351562500e-01,1.339415431022644043e+00,-3.801593542098999023e+00
-2.256671667098999023e+00,-1.004443883895874023e+00,1.525359272956848145e+00
-1.191281080245971680e+00,-3.652095496654510498e-01,1.312281131744384766e+00
-1.191281080245971680e+00,-3.652095496654510498e-01,4.599687159061431885e-01
-2.256671667098999023e+00,-1.004443883895874023e+00,4.082296848297119141e+00
5.133438110351562500e-01,-2.069834470748901367e+00,-3.801593542098999023e+00
-3.389686644077301025e-01,-2.069834470748901367e+00,-3.801593542098999023e+00
5.133438110351562500e-01,-1.217522025108337402e+00,-3.801593542098999023e+00
5.133438110351562500e-01,-2.069834470748901367e+00,-2.949280977249145508e+00
1.365656137466430664e+00,-1.217522025108337402e+00,-3.801593542098999023e+00
1.365656137466430664e+00,-3.652095496654510498e-01,-3.801593542098999023e+00
1.365656137466430664e+00,-1.217522025108337402e+00,-2.949280977249145508e+00
1.365656137466430664e+00,-1.217522025108337402e+00,-2.096968412399291992e+00
7.264219522476196289e-01,-2.282912492752075195e+00,-4.014671802520751953e+00
-3.389686644077301025e-01,-1.217522025108337402e+00,-3.801593542098999023e+00
5.133438110351562500e-01,-3.652095496654510498e-01,-3.801593542098999023e+00
5.133438110351562500e-01,-1.217522025108337402e+00,-2.949280977249145508e+00
1.365656137466430664e+00,1.339415431022644043e+00,-2.949280977249145508e+00
5.133438110351562500e-01,4.871029555797576904e-01,-3.801593542098999023e+00
5.133438110351562500e-01,1.339415431022644043e+00,-2.949280977249145508e+00
1.365656137466430664e+00,4.871029555797576904e-01,-3.801593542098999023e+00
1.365656137466430664e+00,4.871029555797576904e-01,-2.949280977249145508e+00
1.365656137466430664e+00,1.339415431022644043e+00,-2.096968412399291992e+00
5.133438110351562500e-01,1.339415431022644043e+00,4.599687159061431885e-01
-3.389686644077301025e-01,1.339415431022644043e+00,4.599687159061431885e-01
-3.389686644077301025e-01,4.871029555797576904e-01,4.599687159061431885e-01
-3.389686644077301025e-01,1.339415431022644043e+00,-3.923437893390655518e-01
1.365656137466430664e+00,-3.652095496654510498e-01,3.869218587875366211e+00
1.365656137466430664e+00,-1.217522025108337402e+00,3.016906023025512695e+00
5.133438110351562500e-01,4.871029555797576904e-01,-2.949280977249145508e+00
1.365656137466430664e+00,-3.652095496654510498e-01,-2.949280977249145508e+00
1.365656137466430664e+00,4.871029555797576904e-01,-2.096968412399291992e+00
1.365656137466430664e+00,-3.652095496654510498e-01,3.016906023025512695e+00
1.365656137466430664e+00,4.871029555797576904e-01,3.016906023025512695e+00
1.365656137466430664e+00,-3.652095496654510498e-01,2.164593696594238281e+00
1.365656137466430664e+00,-1.217522025108337402e+00,2.164593696594238281e+00
1.365656137466430664e+00,-1.217522025108337402e+00,1.312281131744384766e+00
2.431046724319458008e+00,-1.521314233541488647e-01,-3.588515520095825195e+00
5.133438110351562500e-01,-3.652095496654510498e-01,-2.949280977249145508e+00
1.365656137466430664e+00,-3.652095496654510498e-01,-2.096968412399291992e+00
1.365656137466430664e+00,1.339415431022644043e+00,3.869218587875366211e+00
1.365656137466430664e+00,4.871029555797576904e-01,3.869218587875366211e+00
1.365656137466430664e+00,1.339415431022644043e+00,3.016906023025512695e+00
5.133438110351562500e-01,1.339415431022644043e+00,3.869218587875366211e+00
5.133438110351562500e-01,1.339415431022644043e+00,-3.923437893390655518e-01
-3.389686644077301025e-01,4.871029555797576904e-01,-3.923437893390655518e-01
5.133438110351562500e-01,-2.069834470748901367e+00,-3.923437893390655518e-01
-3.389686644077301025e-01,-1.217522025108337402e+00,-3.923437893390655518e-01
-3.389686644077301025e-01,-2.069834470748901367e+00,4.599687159061431885e-01
-1.191281080245971680e+00,-1.217522025108337402e+00,4.599687159061431885e-01
5.133438110351562500e-01,-2.069834470748901367e+00,-2.096968412399291992e+00
5.133438110351562500e-01,-1.217522025108337402e+00,-2.096968412399291992e+00
5.133438110351562500e-01,-2.069834470748901367e+00,-1.244655847549438477e+00
-3.389686644077301025e-01,-3.652095496654510498e-01,-3.801593542098999023e+00
5.133438110351562500e-01,-2.069834470748901367e+00,4.599687159061431885e-01
-3.389686644077301025e-01,-1.217522025108337402e+00,4.599687159061431885e-01
-3.389686644077301025e-01,-2.069834470748901367e+00,1.312281131744384766e+00
-1.191281080245971680e+00,-3.652095496654510498e-01,-1.244655847549438477e+00
-1.191281080245971680e+00,1.339415431022644043e+00,-2.096968412399291992e+00
-3.389686644077301025e-01,1.339415431022644043e+00,-2.096968412399291992e+00
-1.191281080245971680e+00,-3.652095496654510498e-01,-3.801593542098999023e+00
5.133438110351562500e-01,-1.217522025108337402e+00,-3.923437893390655518e-01
-3.389686644077301025e-01,-3.652095496654510498e-01,-3.923437893390655518e-01
5.133438110351562500e-01,-2.069834470748901367e+00,1.312281131744384766e+00
-3.389686644077301025e-01,-1.217522025108337402e+00,1.312281131744384766e+00
5.133438110351562500e-01,1.339415431022644043e+00,-1.244655847549438477e+00
-2.183386039055299488e+00,1.008409207495248205e+00,-2.701449472671292984e+00
-3.389686644077301025e-01,4.871029555797576904e-01,-2.949280977249145508e+00
5.133438110351562500e-01,-2.069834470748901367e+00,2.164593696594238281e+00
-3.389686644077301025e-01,-1.217522025108337402e+00,2.164593696594238281e+00
1.365656137466430664e+00,-3.652095496654510498e-01,1.312281131744384766e+00
1.365656137466430664e+00,4.871029555797576904e-01,1.312281131744384766e+00
5.133438110351562500e-01,-1.217522025108337402e+00,1.312281131744384766e+00
1.365656137466430664e+00,-1.217522025108337402e+00,4.599687159061431885e-01
5.133438110351562500e-01,-3.652095496654510498e-01,1.312281131744384766e+00
1.365656137466430664e+00,-3.652095496654510498e-01,4.599687159061431885e-01
5.133438110351562500e-01,-1.217522025108337402e+00,2.164593696594238281e+00
5.133438110351562500e-01,1.339415431022644043e+00,-2.096968412399291992e+00
-3.389686644077301025e-01,1.339415431022644043e+00,-2.949280977249145508e+00
1.365656137466430664e+00,1.339415431022644043e+00,4.599687159061431885e-01
1.365656137466430664e+00,1.339415431022644043e+00,1.312281131744384766e+00
5.133438110351562500e-01,1.339415431022644043e+00,1.312281131744384766e+00
5.133438110351562500e-01,4.871029555797576904e-01,1.312281131744384766e+00
5.133438110351562500e-01,1.339415431022644043e+00,2.164593696594238281e+00
1.365656137466430664e+00,1.339415431022644043e+00,2.164593696594238281e+00
1.365656137466430664e+00,4.871029555797576904e-01,4.599687159061431885e-01
1.365656137466430664e+00,1.339415431022644043e+00,-3.923437893390655518e-01
5.133438110351562500e-01,4.871029555797576904e-01,4.599687159061431885e-01
1.365656137466430664e+00,4.871029555797576904e-01,-3.923437893390655518e-01
1.365656137466430664e+00,1.339415431022644043e+00,-1.244655847549438477e+00
5.133438110351562500e-01,-1.217522025108337402e+00,4.599687159061431885e-01
-3.389686644077301025e-01,-3.652095496654510498e-01,4.599687159061431885e-01
1.365656137466430664e+00,4.871029555797576904e-01,2.164593696594238281e+00
5.133438110351562500e-01,4.871029555797576904e-01,2.164593696594238281e+00
5.133438110351562500e-01,1.339415431022644043e+00,3.016906023025512695e+00
5.133438110351562500e-01,4.871029555797576904e-01,-3.923437893390655518e-01
-3.389686644077301025e-01,-3.652095496654510498e-01,2.164593696594238281e+00
-3.389686644077301025e-01,4.871029555797576904e-01,1.312281131744384766e+00
5.133438110351562500e-01,4.871029555797576904e-01,-1.244655847549438477e+00
3.002656698226928711e-01,2.404805898666381836e+00,4.508453369140625000e+00
1.365656137466430664e+00,-1.217522025108337402e+00,-1.244655847549438477e+00
-3.389686644077301025e-01,1.339415431022644043e+00,3.016906023025512695e+00
5.133438110351562500e-01,4.871029555797576904e-01,3.016906023025512695e+00
1.365656137466430664e+00,4.871029555797576904e-01,-1.244655847549438477e+00
1.365656137466430664e+00,-3.652095496654510498e-01,-1.244655847549438477e+00
5.133438110351562500e-01,-3.652095496654510498e-01,2.164593696594238281e+00
4.086415704536868754e-01,-1.289160351401837046e+00,2.886487633106161077e+00
5.133438110351562500e-01,-3.652095496654510498e-01,-2.096968412399291992e+00
5.133438110351562500e-01,-1.217522025108337402e+00,-1.244655847549438477e+00
1.365656137466430664e+00,-1.217522025108337402e+00,-3.923437893390655518e-01
1.365656137466430664e+00,-3.652095496654510498e-01,-3.923437893390655518e-01
-3.389686644077301025e-01,4.871029555797576904e-01,3.016906023025512695e+00
2.431046724319458008e+00,2.740248441696166992e-01,-4.440828323364257812e+00
2.431046724319458008e+00,2.740248441696166992e-01,-2.310046434402465820e+00
5.133438110351562500e-01,4.871029555797576904e-01,-2.096968412399291992e+00
5.133438110351562500e-01,4.871029555797576904e-01,3.869218587875366211e+00
5.133438110351562500e-01,-3.652095496654510498e-01,-1.244655847549438477e+00
5.133438110351562500e-01,-3.652095496654510498e-01,4.599687159061431885e-01
2.431046724319458008e+00,-1.521314233541488647e-01,-6.054219007492065430e-01
5.133438110351562500e-01,-3.652095496654510498e-01,-3.923437893390655518e-01
2.431046724319458008e+00,2.740248441696166992e-01,-1.031577706336975098e+00
7.264219522476196289e-01,-2.282912492752075195e+00,-1.883890271186828613e+00
-3.389686644077301025e-01,4.871029555797576904e-01,3.869218587875366211e+00
-3.389686644077301025e-01,4.871029555797576904e-01,2.164593696594238281e+00
7.264219522476196289e-01,-2.282912492752075195e+00,2.803828001022338867e+00
5.133438110351562500e-01,-3.652095496654510498e-01,3.016906023025512695e+00
-3.389686644077301025e-01,-3.652095496654510498e-01,-2.096968412399291992e+00
3.002656698226928711e-01,2.404805898666381836e+00,-2.736202955245971680e+00
-1.191281080245971680e+00,4.871029555797576904e-01,1.312281131744384766e+00
7.264219522476196289e-01,-2.282912492752075195e+00,2.468905895948410034e-01
7.264219522476196289e-01,-2.282912492752075195e+00,1.525359272956848145e+00
-2.256671667098999023e+00,7.001810669898986816e-01,-1.792656630277633667e-01
-2.024689431129301109e+00,9.620514231386617654e-01,2.544267012491108204e+00
-3.389686644077301025e-01,-3.652095496654510498e-01,-1.244655847549438477e+00
-2.256671667098999023e+00,7.001810669898986816e-01,-3.588515520095825195e+00
-2.256671667098999023e+00,7.001810669898986816e-01,3.656140565872192383e+00
-2.256671667098999023e+00,-1.004443883895874023e+00,3.656140565872192383e+00
-2.256671667098999023e+00,7.001810669898986816e-01,1.951515555381774902e+00
-2.256671667098999023e+00,-5.782876610755920410e-01,1.099202990531921387e+00
-2.256671667098999023e+00,2.740248441696166992e-01,-4.440828323364257812e+00
-1.830515503883361816e+00,7.001810669898986816e-01,-4.440828323364257812e+00
-1.830515503883361816e+00,1.126337289810180664e+00,-4.440828323364257812e+00
3.002656698226928711e-01,-1.430600166320800781e+00,-4.440828323364257812e+00
-3.389686644077301025e-01,-3.652095496654510498e-01,-2.949280977249145508e+00
7.264219522476196289e-01,-1.004443883895874023e+00,-4.440828323364257812e+00
-1.258905380964279175e-01,-1.430600166320800781e+00,-4.440828323364257812e+00
1.578734278678894043e+00,1.552493572235107422e+00,-4.440828323364257812e+00
-9.782029390335083008e-01,-1.430600166320800781e+00,-4.440828323364257812e+00
3.002656698226928711e-01,-2.282912492752075195e+00,-4.440828323364257812e+00
-2.715963510172886841e-01,2.559449374701568747e+00,-4.536552296711611199e+00
-1.258905380964279175e-01,1.978649735450744629e+00,-4.440828323364257812e+00
3.002656698226928711e-01,2.404805898666381836e+00,-4.440828323364257812e+00
-1.258905380964279175e-01,-1.856756329536437988e+00,-4.440828323364257812e+00
-2.256671667098999023e+00,-5.782876610755920410e-01,-4.440828323364257812e+00
-5.520467758178710938e-01,-1.430600166320800781e+00,-4.440828323364257812e+00
1.578734278678894043e+00,-1.004443883895874023e+00,-4.440828323364257812e+00
1.578734278678894043e+00,-1.004443883895874023e+00,-4.014671802520751953e+00
-1.404359221458435059e+00,-1.004443883895874023e+00,-4.440828323364257812e+00
-1.830515503883361816e+00,-1.004443883895874023e+00,-4.440828323364257812e+00
1.578734278678894043e+00,-1.430600166320800781e+00,-4.440828323364257812e+00
-9.782029390335083008e-01,-1.856756329536437988e+00,-4.440828323364257812e+00
2.004890680313110352e+00,7.001810669898986816e-01,-4.440828323364257812e+00
-1.258905380964279175e-01,-2.282912492752075195e+00,-4.440828323364257812e+00
-1.830515503883361816e+00,1.126337289810180664e+00,4.508453369140625000e+00
-2.256671667098999023e+00,2.740248441696166992e-01,4.508453369140625000e+00
5.133438110351562500e-01,-3.652095496654510498e-01,3.869218587875366211e+00
3.002656698226928711e-01,-1.430600166320800781e+00,4.508453369140625000e+00
7.264219522476196289e-01,-1.004443883895874023e+00,4.508453369140625000e+00
-1.258905380964279175e-01,-1.430600166320800781e+00,4.508453369140625000e+00
1.578734278678894043e+00,1.552493572235107422e+00,4.508453369140625000e+00
-9.782029390335083008e-01,-1.430600166320800781e+00,4.508453369140625000e+00
3.002656698226928711e-01,-2.282912492752075195e+00,4.508453369140625000e+00
-1.258905380964279175e-01,2.404805898666381836e+00,4.508453369140625000e+00
-1.258905380964279175e-01,1.978649735450744629e+00,4.508453369140625000e+00
-1.258905380964279175e-01,-1.856756329536437988e+00,4.508453369140625000e+00
-2.256671667098999023e+00,-5.782876610755920410e-01,4.508453369140625000e+00
-5.520467758178710938e-01,-1.430600166320800781e+00,4.508453369140625000e+00
1.578734278678894043e+00,-1.004443883895874023e+00,4.508453369140625000e+00
1.578734278678894043e+00,-1.004443883895874023e+00,4.082296848297119141e+00
-1.404359221458435059e+00,-1.004443883895874023e+00,4.508453369140625000e+00
-1.830515503883361816e+00,-1.004443883895874023e+00,4.508453369140625000e+00
1.578734278678894043e+00,-1.430600166320800781e+00,4.508453369140625000e+00
2.431046724319458008e+00,2.740248441696166992e-01,4.508453369140625000e+00
-9.782029390335083008e-01,-1.856756329536437988e+00,4.508453369140625000e+00
2.004890680313110352e+00,7.001810669898986816e-01,4.508453369140625000e+00
-1.258905380964279175e-01,-2.282912492752075195e+00,4.508453369140625000e+00
-3.389686644077301025e-01,-3.652095496654510498e-01,1.312281131744384766e+00
-7.334902182843174856e-01,-2.424844341544628357e+00,-3.561695030924626693e+00
-3.389686644077301025e-01,-2.069834470748901367e+00,-3.375437259674072266e+00
-7.334902182843174856e-01,-2.424844341544628357e+00,-3.135538748499699935e+00
-4.239893340883755801e-01,-2.513168636190890037e+00,-3.136795326845249754e+00
-4.239893340883755801e-01,-2.513168636190890037e+00,-3.562951609270176512e+00
8.922060304978081113e-01,-2.545081635305666001e+00,2.802333646555472235e+00
5.797342270561379740e-01,-2.625746542041173193e+00,2.801068800737226638e+00
7.391376453298195148e-01,-2.593585420857314805e+00,2.523929424059906612e+00
-2.843897610049533897e-01,-2.411840608059289681e-01,-4.400796771049499512e+00
-4.098292732472652578e-01,-5.384774202019844136e-01,-4.400796771049499512e+00
-8.787299286953990929e-02,-4.966502116812964163e-01,-4.400796771049499512e+00
1.898351430892944336e+00,-6.848267242312431335e-01,-4.988828450441360474e-01
1.365656137466430664e+00,-7.913657873868942261e-01,-8.184998184442520142e-01
1.898351430892944336e+00,-2.586704865097999573e-01,-9.250388741493225098e-01
1.898351430892944336e+00,-6.848267242312431335e-01,-9.250388741493225098e-01
1.365656137466430664e+00,-7.913657873868942261e-01,-1.244655847549438477e+00
1.365656137466430664e+00,-1.217522025108337402e+00,-8.184998184442520142e-01
2.708993687957084617e+00,-5.973175979835667615e-01,-4.719872562078055722e+00
-1.532477185692595611e+00,1.841175640602692676e+00,-1.859617928564786915e+00
-1.652434415270535029e+00,1.734220141672062621e+00,-2.135599973396998585e+00
-1.758556218299243357e+00,1.617139573457768265e+00,-1.858348647440913659e+00
-1.442143035413351981e+00,-1.847079842850786413e+00,-3.562584705205573243e+00
-1.568726256148464504e+00,-1.750296903039956886e+00,-3.840783630530033577e+00
-1.685994798367168368e+00,-1.638871487954151496e+00,-3.563417529399600880e+00
-1.258905380964279175e-01,-1.004443913698196411e+00,-3.162359118461608887e+00
-3.389686644077301025e-01,-7.913657873868942261e-01,-2.949280977249145508e+00
-1.258905380964279175e-01,-5.782876759767532349e-01,-3.162359118461608887e+00
-1.258905380964279175e-01,-5.782876759767532349e-01,-3.588515400886535645e+00
-3.389686644077301025e-01,-3.652095496654510498e-01,-3.375437259674072266e+00
-3.389686644077301025e-01,-7.913657873868942261e-01,-3.375437259674072266e+00
-2.102532160623196589e+00,2.806774262516675833e-01,4.754226684570312500e+00
-2.256671667098999023e+00,-1.521314084529876709e-01,4.508453369140625000e+00
-2.102532160623196589e+00,-1.454788263709367868e-01,4.754226684570312500e+00
-2.331546456903858644e+00,-4.200008716739225267e-01,4.754226684570312500e+00
-2.331546456903858644e+00,6.155380948681843378e-03,4.754226684570312500e+00
-2.605713430932107055e+00,6.096197895567549985e-01,-1.241706687692807343e+00
-2.150132656097412109e+00,5.936420112848281860e-01,-1.351194918155670166e+00
-2.499174419930520141e+00,5.030807338516845029e-01,-1.135167617086575653e+00
-2.521796822547912598e+00,2.435514777898784844e-01,-1.247327923774726344e+00
-2.628335833549499512e+00,3.500905334949489522e-01,-1.353866994380958033e+00
2.057012774842720049e+00,8.448969637584138326e-01,-1.797101163839425197e-01
2.113673095463117768e+00,6.937542204317962424e-01,-4.605248146249540930e-01
1.983623087185623302e+00,9.905001507048249998e-01,-4.593168232571676057e-01
-2.521796822547912598e+00,2.435514777898784844e-01,-1.961718946695412136e-01
-2.628335833549499512e+00,3.500905334949489522e-01,-8.963283151389012104e-02
-2.150132656097412109e+00,5.936420112848281860e-01,-2.858047261834144592e-01
-2.504567668781744416e+00,4.702464657340457155e-01,-2.778209146309058575e-01
-2.611106679783331330e+00,5.767855214391162111e-01,-1.712818514752547649e-01
5.133438110351562500e-01,-1.217522025108337402e+00,8.861249238252639771e-01
5.133438110351562500e-01,-1.643678247928619385e+00,1.312281131744384766e+00
5.133438110351562500e-01,-1.643678247928619385e+00,8.861249238252639771e-01
9.394999742507934570e-01,-1.217522025108337402e+00,4.599687159061431885e-01
9.394999742507934570e-01,-1.643678247928619385e+00,8.861249238252639771e-01
9.394999742507934570e-01,-1.217522025108337402e+00,8.861249238252639771e-01
-1.191281080245971680e+00,9.132591933012008667e-01,1.312281131744384766e+00
-1.723976373672485352e+00,1.019798249006271362e+00,1.631898343563079834e+00
-1.723976373672485352e+00,5.936420112848281860e-01,1.631898343563079834e+00
-1.191281080245971680e+00,4.871029555797576904e-01,1.738437414169311523e+00
-1.723976373672485352e+00,5.936420112848281860e-01,2.058054625988006592e+00
-1.191281080245971680e+00,9.132591933012008667e-01,1.738437414169311523e+00
-1.767071366199259863e+00,-1.545644046725595189e+00,3.888369650438927572e+00
-1.723976373672485352e+00,-1.110982954502105713e+00,3.762679576873779297e+00
-2.299766659625773535e+00,-1.439104976119363499e+00,3.781830639437340658e+00
-2.299766659625773535e+00,-1.439104976119363499e+00,3.994908780649804036e+00
-2.256671667098999023e+00,-1.004443883895874023e+00,3.869218707084655762e+00
-1.723976373672485352e+00,-1.110982954502105713e+00,3.975757718086242676e+00
1.987097228796927739e+00,1.914923416361573594e+00,4.721789081326656756e+00
2.210671666630380727e+00,1.679005033645987854e+00,4.719236208710547054e+00
2.568101584091931677e+00,-8.308066860071212645e-01,-4.719872562078055722e+00
2.254082875543823583e+00,-8.256532516804240274e-01,-4.440286723760184628e+00
1.892752987227002359e+00,-1.009597318222571261e+00,-4.720414161682128906e+00
2.033645091092155077e+00,-7.761082301990167576e-01,-4.720414161682128906e+00
6.198828816413879395e-01,-2.176373481750488281e+00,2.484210848808288574e+00
9.349220028668061566e-01,-2.372817383160436222e+00,2.205354706166047674e+00
1.041461073473037846e+00,-2.479356394162023136e+00,2.524971858380097967e+00
6.325985747235878254e-01,-2.487046409855727891e+00,2.204312271845856319e+00
-5.836822717123503201e-01,-2.476596834629058108e+00,-2.858276058623913318e+00
-2.678211213066581386e-01,-2.531690389833386234e+00,-2.859608124428787868e+00
5.133438110351562500e-01,4.871029555797576904e-01,3.381246328353881836e-02
5.133438110351562500e-01,6.094670295715332031e-02,-3.923437893390655518e-01
5.133438110351562500e-01,6.094670295715332031e-02,3.381246328353881836e-02
8.718757331371307373e-02,4.871029555797576904e-01,3.381246328353881836e-02
8.718757331371307373e-02,6.094670295715332031e-02,-3.923437893390655518e-01
8.718757331371307373e-02,4.871029555797576904e-01,-3.923437893390655518e-01
-1.577678407930709348e+00,-1.742604752313603012e+00,2.889590308055477230e+00
-1.693540253618397440e+00,-1.630825696958582149e+00,3.165596868435899047e+00
-1.794376005607057234e+00,-1.510444595520325839e+00,2.888689447104492380e+00
3.002656996250152588e-01,1.126337319612503052e+00,1.951515555381774902e+00
8.718757331371307373e-02,1.339415431022644043e+00,2.164593696594238281e+00
-1.258905380964279175e-01,1.126337319612503052e+00,1.951515555381774902e+00
3.002656996250152588e-01,7.001810818910598755e-01,1.951515555381774902e+00
8.718757331371307373e-02,9.132591933012008667e-01,2.164593696594238281e+00
5.133438110351562500e-01,9.132591933012008667e-01,2.164593696594238281e+00
1.269390277938047262e+00,2.050267303045575140e+00,5.285048310306508235e-01
1.414208336479902295e+00,1.979319453375176341e+00,2.491921791736846359e-01
1.551630432640358492e+00,1.892484249661924522e+00,5.286110459707806797e-01
1.889190898142516506e+00,7.342318945716310719e-01,-4.720414161682128906e+00
1.790087130022768536e+00,9.702348952354187261e-01,-4.720414161682128906e+00
2.108484634720180217e+00,8.582274112223582385e-01,-4.720414161682128906e+00
2.749399268881746572e+00,6.065883000393306190e-01,-4.719871265954549422e+00
7.612141194242117992e-01,-2.587690493627498256e+00,-4.226197561546578108e+00
1.065659455977887804e+00,-2.466811343378608967e+00,-4.226643175593125967e+00
9.082565579245993614e-01,-2.538927288565978380e+00,-3.946457698421172111e+00
1.861815922487532138e+00,4.298564507633625964e-01,-4.720414161682128906e+00
2.069983579158013676e+00,5.907887406015925880e-01,-4.720414161682128906e+00
2.703787908310604227e+00,-5.025380730621090142e-02,-2.535284270765406411e+00
2.171092614884090555e+00,-3.698710042237447482e-01,-2.854901542188746255e+00
1.898351430892944336e+00,-4.559235274791717529e-02,-2.629663705825805664e+00
2.431046724319458008e+00,6.094671040773391724e-02,-2.949280977249145508e+00
1.898351430892944336e+00,-2.586704865097999573e-01,-3.268898248672485352e+00
2.703787908310604227e+00,-2.633319410680936556e-01,-3.174518813612086099e+00
-2.468670638291173169e+00,-9.625698555755128893e-01,8.431203195296155251e-01
-1.723976373672485352e+00,-8.979048430919647217e-01,7.795858532190322876e-01
-1.935975344864659498e+00,-1.282187037591885570e+00,5.235031822167264259e-01
-2.362131627289586255e+00,-8.560307998704423937e-01,5.235031822167264259e-01
-1.617437362670898438e+00,-7.913657873868942261e-01,4.599687159061431885e-01
-2.150132656097412109e+00,-4.717486053705215454e-01,7.795858532190322876e-01
-2.705784405703027140e+00,-6.626834546743189946e-01,-4.763216327024689889e+00
-2.607461458222291917e+00,-5.385178196311289911e-01,-4.483630488706818795e+00
-2.354994614579734247e+00,-7.024532961187820446e-01,-4.720414161682128906e+00
-2.331546456903858644e+00,-4.200008716739225267e-01,-4.720414161682128906e+00
-2.682336248027151537e+00,-3.802310302294594768e-01,-4.763216327024689889e+00
3.716692907175980221e-01,2.165293086326762317e+00,-1.159279341278999897e+00
5.305094795874816249e-01,2.144500237538576659e+00,-1.438099664391390142e+00
6.886154413805222196e-01,2.106170308768180011e+00,-1.160560555322367016e+00
2.093725778796399484e-01,2.168961787910326677e+00,-1.436914040552935035e+00
5.305094795874816249e-01,2.144500237538576659e+00,-1.864255946816316900e+00
2.093725778796399484e-01,2.168961787910326677e+00,-1.863070322977861792e+00
5.133438110351562500e-01,1.339415431022644043e+00,-1.670812129974365234e+00
1.567566823720773383e+00,-2.260158392942495098e+00,-4.719912567736685105e+00
1.788468198089703698e+00,-2.088576027986837502e+00,-4.719912567736685105e+00
-3.389686644077301025e-01,1.339415431022644043e+00,8.861249238252639771e-01
-3.389686644077301025e-01,9.132591933012008667e-01,1.312281131744384766e+00
-3.389686644077301025e-01,9.132591933012008667e-01,8.861249238252639771e-01
8.718757331371307373e-02,1.339415431022644043e+00,4.599687159061431885e-01
8.718757331371307373e-02,9.132591933012008667e-01,8.861249238252639771e-01
8.718757331371307373e-02,1.339415431022644043e+00,8.861249238252639771e-01
1.639869799135838635e+00,-1.763780980462928527e+00,-3.133477841427334099e+00
1.369473647075459155e+00,-1.942371843997527048e+00,-3.134963973370593848e+00
1.505278990444491427e+00,-1.863182983573599127e+00,-2.859507233335425891e+00
1.791812479496002197e+00,1.126337319612503052e+00,-4.440828323364257812e+00
1.577008929205660381e+00,1.396391147858023096e+00,-4.720414161682128906e+00
1.895406433903072063e+00,1.284383663844962609e+00,-4.720414161682128906e+00
9.394999742507934570e-01,-7.913657873868942261e-01,4.599687159061431885e-01
1.365656137466430664e+00,-7.913657873868942261e-01,4.599687159061431885e-01
9.394999742507934570e-01,-7.913657873868942261e-01,3.381246328353881836e-02
9.394999742507934570e-01,-3.652095496654510498e-01,3.381246328353881836e-02
5.133438110351562500e-01,-7.913657873868942261e-01,3.381246328353881836e-02
7.844391061165738588e-01,2.684240903095237996e-01,-4.400796771049499512e+00
5.133438110351562500e-01,6.094670295715332031e-02,-3.801593542098999023e+00
7.844391061165738588e-01,-1.577321623130805428e-01,-4.400796771049499512e+00
1.210595269332211066e+00,2.684240903095237996e-01,-4.400796771049499512e+00
9.394999742507934570e-01,6.094670295715332031e-02,-3.801593542098999023e+00
9.394999742507934570e-01,4.871029555797576904e-01,-3.801593542098999023e+00
5.815192076064187310e-01,-2.625485058787351722e+00,1.605376257977733312e+00
7.391376453298195148e-01,-2.593585420857314805e+00,1.884695060027161251e+00
8.938261046098566753e-01,-2.544469997349896317e+00,1.606081807308455067e+00
5.151839571539066354e-01,2.147263643102144570e+00,-3.830404377123942439e+00
4.086448865476749459e-01,2.679958876924013467e+00,-4.150021767756571833e+00
4.068047404289245605e-01,1.872110664844512939e+00,-4.121210932731628418e+00
3.655670185595616406e-01,2.165749778541494308e+00,-3.550163963517707799e+00
2.590279479533299511e-01,2.698445012363363205e+00,-3.869781354150337194e+00
-8.811709611847575729e-01,-2.355334647456635011e+00,-1.878172598095888102e+00
-7.651248723268508911e-01,-1.643678247928619385e+00,-2.096968412399291992e+00
-1.307327169103878362e+00,-1.929178424636353029e+00,-1.878172598095888102e+00
-1.307327169103878362e+00,-1.929178424636353029e+00,-1.452016315670961344e+00
-1.191281080245971680e+00,-1.217522025108337402e+00,-1.670812129974365234e+00
-7.651248723268508911e-01,-1.643678247928619385e+00,-1.670812129974365234e+00
-7.023258268223665501e-01,-2.105544525328742367e+00,-4.720414161682128906e+00
-9.722237536657130086e-01,-2.104326118691736802e+00,-4.720414161682128906e+00
-9.227953493630208781e-01,-1.838397679121993589e+00,-4.720414161682128906e+00
-4.368808109169064480e-01,2.441968048457436424e+00,-4.148865629053937631e+00
-7.354994493063667926e-01,2.330097359469323948e+00,-4.143541947046413654e+00
-6.077448104183176270e-01,2.386891846343186074e+00,-4.435806319755407401e+00
-3.032902100916141652e-01,-1.071172728529659279e+00,-4.720414161682128906e+00
-1.076171899193963666e-01,-1.322537501012841288e+00,-4.720414161682128906e+00
-3.389686569571495056e-01,-1.430600166320800781e+00,-4.440828323364257812e+00
-3.206953087801179825e-01,-1.322537501012841288e+00,-4.720414161682128906e+00
-5.163683289523357534e-01,-1.071172728529659279e+00,-4.720414161682128906e+00
-2.197618299017204124e-01,-1.593348163513582438e+00,-4.720414161682128906e+00
-4.328399487624420283e-01,-1.593348163513582438e+00,-4.720414161682128906e+00
7.872870340036249859e-01,-2.437930986348309403e+00,1.925699019127150136e+00
6.198828816413879395e-01,-2.176373481750488281e+00,1.844976484775543213e+00
1.041461073473037846e+00,-2.479356394162023136e+00,1.885737494347352605e+00
7.882634096196232676e-01,-2.437561335909766314e+00,9.429463129570940794e-01
6.337217151440763807e-01,-2.486755188129723404e+00,1.220991474335008986e+00
9.356588778398110540e-01,-2.372443568355109278e+00,1.221662656945974978e+00
1.607657524253692571e+00,-1.659867802251675073e+00,-4.720414161682128906e+00
1.386756149884762257e+00,-1.831450167207332669e+00,-4.720414161682128906e+00
1.759544952514905169e+00,-1.859308392055963433e+00,-4.440326729418814011e+00
1.965472744448079290e+00,-1.386464449514756891e+00,3.890639693253781228e+00
1.765355134775878909e+00,-1.647093883691870486e+00,3.881158161835037479e+00
1.864030313380944381e+00,-1.533294006686431121e+00,3.609302447974227057e+00
2.151654673539905804e+00,5.477691712464733964e-01,3.198348492729772286e+00
2.177111498240986709e+00,3.743835545084484573e-01,2.918763847756602026e+00
2.182642438061328072e+00,2.199536482940313287e-01,3.197774681547522313e+00
3.167179017480804548e-01,-2.533714912960283616e+00,-1.889217238456533110e-01
8.718757331371307373e-02,-2.069834470748901367e+00,-3.923437893390655518e-01
-1.094383359733627353e-01,-2.533714912960283616e+00,-1.889217238456533110e-01
-1.094383359733627353e-01,-2.533714912960283616e+00,2.372345287769510591e-01
-3.389686644077301025e-01,-2.069834470748901367e+00,3.381246328353881836e-02
8.718757331371307373e-02,-2.069834470748901367e+00,3.381246328353881836e-02
-1.031957134516215291e+00,-1.116023462308926240e+00,-4.720414161682128906e+00
-1.168767914706658306e+00,-1.420269367497823509e+00,-4.720414161682128906e+00
-8.439567266028615844e-01,-1.357420799404805534e+00,-4.720414161682128906e+00
2.094723317366319115e+00,-6.891142089869821685e-01,1.503196769842219727e+00
2.140682507261581602e+00,-5.356776229294627489e-01,1.225320239750693041e+00
2.031239585374231105e+00,-8.397093188665317731e-01,1.224635327714608923e+00
-2.130779392165371156e-01,2.169074114170310708e+00,5.297082968430708583e-01
-5.285985432252467142e-02,2.165167086794575813e+00,2.504603186624843048e-01
-3.740543210714394329e-01,2.155692614376286897e+00,2.513632877449345493e-01
6.642059798968883433e-01,-1.974373767460108064e+00,4.754226684570312500e+00
4.493845433248173649e-01,-2.286718899045399489e+00,4.754226684570312500e+00
2.956477390991170684e-01,-1.992854180657077645e+00,4.754226684570312500e+00
2.956477390991170684e-01,-1.566698017441440438e+00,-4.720414161682128906e+00
3.002656698226928711e-01,-1.856756329536437988e+00,-4.440828323364257812e+00
2.956477390991170684e-01,-1.992854180657077645e+00,-4.720414161682128906e+00
6.642059798968883433e-01,-1.974373767460108064e+00,-4.720414161682128906e+00
6.642059798968883433e-01,-1.548217604244470857e+00,-4.720414161682128906e+00
1.365656137466430664e+00,6.094670295715332031e-02,1.312281131744384766e+00
9.394999742507934570e-01,6.094670295715332031e-02,1.312281131744384766e+00
9.394999742507934570e-01,4.871029555797576904e-01,1.312281131744384766e+00
1.365656137466430664e+00,6.094670295715332031e-02,8.861249238252639771e-01
9.394999742507934570e-01,6.094670295715332031e-02,8.861249238252639771e-01
1.365656137466430664e+00,-3.652095496654510498e-01,8.861249238252639771e-01
2.703432180973479149e+00,-5.305952980781403205e-02,-1.337890379914204786e+00
2.703432180973479149e+00,-5.305952980781403205e-02,-1.977124743946950147e+00
2.431046724319458008e+00,2.740248441696166992e-01,-1.670812070369720459e+00
2.709510243024938259e+00,2.711884251652536548e-01,-1.337667236487562139e+00
2.709510243024938259e+00,2.711884251652536548e-01,-1.976901600520307500e+00
4.329999655408852677e-01,-1.284574284591030846e+00,-4.720414161682128906e+00
1.054609140401640277e-01,-1.322537501012841288e+00,-4.720414161682128906e+00
2.317441742456715637e-01,-1.029345520008971171e+00,-4.720414161682128906e+00
-1.191281080245971680e+00,-7.913657873868942261e-01,-2.949280977249145508e+00
-1.191281080245971680e+00,-7.913657873868942261e-01,-3.375437259674072266e+00
-1.191281080245971680e+00,-3.652095496654510498e-01,-3.375437259674072266e+00
-7.651248723268508911e-01,-3.652095496654510498e-01,-3.375437259674072266e+00
-7.651248723268508911e-01,-3.652095496654510498e-01,-3.801593542098999023e+00
-7.651248723268508911e-01,-7.913657873868942261e-01,-3.375437259674072266e+00
3.002656996250152588e-01,-1.004443913698196411e+00,2.468905895948410034e-01
5.133438110351562500e-01,-7.913657873868942261e-01,4.599687159061431885e-01
3.002656996250152588e-01,-5.782876759767532349e-01,2.468905895948410034e-01
-1.258905380964279175e-01,-1.004443913698196411e+00,2.468905895948410034e-01
8.718757331371307373e-02,-7.913657873868942261e-01,4.599687159061431885e-01
8.718757331371307373e-02,-1.217522025108337402e+00,4.599687159061431885e-01
2.685947849841944457e+00,4.334105091644899765e-01,-2.254493288472670720e+00
2.587863730597128153e+00,7.425550821485759068e-01,-2.253421145093567723e+00
2.645014134099252345e+00,5.914968915001517225e-01,-2.533239884597899838e+00
5.133438110351562500e-01,4.871029555797576904e-01,-3.375437259674072266e+00
3.002656996250152588e-01,7.001810818910598755e-01,-3.588515400886535645e+00
3.002656996250152588e-01,7.001810818910598755e-01,-3.162359118461608887e+00
5.133438110351562500e-01,9.132591933012008667e-01,-2.949280977249145508e+00
3.002656996250152588e-01,1.126337319612503052e+00,-3.162359118461608887e+00
5.133438110351562500e-01,9.132591933012008667e-01,-3.375437259674072266e+00
-7.651248723268508911e-01,-3.652095496654510498e-01,-3.923437893390655518e-01
-3.389686644077301025e-01,-7.913657873868942261e-01,-8.184998184442520142e-01
-7.651248723268508911e-01,-7.913657873868942261e-01,-8.184998184442520142e-01
-7.651248723268508911e-01,-3.652095496654510498e-01,-8.184998184442520142e-01
-3.389686644077301025e-01,-7.913657873868942261e-01,-1.244655847549438477e+00
-3.389686644077301025e-01,-3.652095496654510498e-01,-8.184998184442520142e-01
8.718757331371307373e-02,-3.652095496654510498e-01,-2.949280977249145508e+00
8.718757331371307373e-02,-3.652095496654510498e-01,-3.375437259674072266e+00
3.002656996250152588e-01,-5.782876759767532349e-01,-3.162359118461608887e+00
1.871832202613861407e+00,-1.540619450992675610e+00,-3.948052489645027308e+00
1.871832202613861407e+00,-1.753697592205138989e+00,-4.161130750066780237e+00
1.578734278678894043e+00,-1.217522025108337402e+00,-4.227750062942504883e+00
2.072010102833376166e+00,-1.279928202819939020e+00,-3.948640083229165931e+00
2.072010102833376166e+00,-1.493006344032402399e+00,-4.161718343650918861e+00
-2.324296012520790100e-01,-8.979048579931259155e-01,-4.121210932731628418e+00
-4.455077201128005981e-01,-8.979048579931259155e-01,-4.121210932731628418e+00
-1.268194720381138563e+00,2.010480207255273655e+00,-3.823924556413784259e+00
-1.140440081493089508e+00,2.067274694129135781e+00,-4.116188929122778006e+00
-1.432146011577335010e+00,1.914801525722800601e+00,-4.117958741261404931e+00
-6.023965494055554259e-01,-2.826036631589652348e-01,-4.400796771049499512e+00
-1.028552757324676215e+00,-2.826036631589652348e-01,-4.400796771049499512e+00
-8.359854811663860463e-01,-5.384774202019844136e-01,-4.400796771049499512e+00
-1.273838574584124750e+00,2.371567898240876993e+00,-4.717161970211905420e+00
-9.821326444998792482e-01,2.524041066647212617e+00,-4.715392158073278495e+00
1.472195208072662354e+00,1.445954501628875732e+00,-4.121210932731628418e+00
1.243785456450302362e+00,2.060867954004940827e+00,-3.837308343904764385e+00
1.350324527056534052e+00,2.167407024611172517e+00,-4.156925734537393780e+00
9.394999742507934570e-01,1.978649735450744629e+00,-4.440828323364257812e+00
7.110902226284334660e-01,2.593563187826809724e+00,-4.156925734537393780e+00
8.329609036445617676e-01,1.872110664844512939e+00,-4.121210932731628418e+00
-2.521796822547912598e+00,2.435514777898784844e-01,2.758453011512752795e+00
-2.043593645095825195e+00,6.094670295715332031e-02,2.590749859809875488e+00
-2.521796822547912598e+00,-1.826047748327258857e-01,2.332296848297115588e+00
-2.476245425407302303e+00,1.626297838423876596e-01,2.350894606175562451e+00
-1.998042247955214901e+00,-1.997499099033750447e-02,2.183191454472685145e+00
-1.998042247955214901e+00,4.061812616322668656e-01,2.609347617688322352e+00
-1.191281080245971680e+00,6.094670295715332031e-02,-3.923437893390655518e-01
-7.651248723268508911e-01,6.094670295715332031e-02,-3.923437893390655518e-01
-7.651248723268508911e-01,6.094670295715332031e-02,-8.184998184442520142e-01
-2.150132656097412109e+00,-6.848267167806625366e-01,3.336523294448852539e+00
-2.492928398043105176e+00,-1.125027796872860808e+00,3.215574414129474423e+00
-2.386389387041518262e+00,-8.054106297576493212e-01,2.895957142706134579e+00
-1.617437362670898438e+00,-7.913657873868942261e-01,3.016906023025512695e+00
-1.960233104616591282e+00,-1.231566867479092497e+00,2.895957142706134579e+00
-1.723976373672485352e+00,-1.110982954502105713e+00,3.336523294448852539e+00
5.133438110351562500e-01,1.339415431022644043e+00,3.443062305450439453e+00
9.819817816240656860e-01,1.982691182133195174e+00,3.183171421371322918e+00
9.819817816240656860e-01,1.982691182133195174e+00,3.609327703796249676e+00
9.394999742507934570e-01,1.339415431022644043e+00,3.443062305450439453e+00
1.408137944839702893e+00,1.982691182133195174e+00,3.183171421371322918e+00
9.394999742507934570e-01,1.339415431022644043e+00,3.016906023025512695e+00
1.365656137466430664e+00,1.339415431022644043e+00,8.861249238252639771e-01
1.677899678611048495e+00,1.792130314720344231e+00,8.076217959747091779e-01
1.677899678611048495e+00,1.792130314720344231e+00,1.233778003893829966e+00
1.794030544815767847e+00,1.677293472232805449e+00,9.543391864943617797e-01
1.794030544815767847e+00,1.677293472232805449e+00,5.281829785752409911e-01
8.718757331371307373e-02,-3.652095496654510498e-01,-3.801593542098999023e+00
8.718757331371307373e-02,6.094670295715332031e-02,-3.801593542098999023e+00
4.629046661535387019e-01,2.268059368575428836e-01,-4.400796771049499512e+00
3.674842843209552568e-02,-1.993503157650614865e-01,-4.400796771049499512e+00
4.629046661535387019e-01,-1.993503157650614865e-01,-4.400796771049499512e+00
-1.294821943543133180e+00,1.414382092583725825e+00,2.586111840978603027e+00
-1.711526118984797895e+00,1.225700088641734631e+00,2.349792335711400781e+00
-1.607985255687636394e+00,1.150733427080652849e+00,2.780586517758310450e+00
-1.754976782843838956e+00,1.621516244740754287e+00,2.917712444247719805e+00
-2.171680958285503671e+00,1.432834240798763092e+00,2.681392938980517560e+00
-1.858517646141000457e+00,1.696482906301835847e+00,2.486918262200809693e+00
4.609926907444215627e-01,-1.679497411075369318e+00,2.951696828065836886e+00
3.483645302297838642e-02,-1.679497411075369318e+00,3.377853110490763644e+00
8.718757331371307373e-02,-2.069834470748901367e+00,3.443062305450439453e+00
5.133438110351562500e-01,-1.643678247928619385e+00,3.443062305450439453e+00
8.718757331371307373e-02,-1.643678247928619385e+00,3.869218587875366211e+00
4.609926907444215627e-01,-1.253341188255087335e+00,3.377853110490763644e+00
-5.937685995920247706e-01,-2.473660735949481104e+00,2.900750054584061655e+00
-4.346017107236326282e-01,-2.511302271740914804e+00,2.627992728013925472e+00
-2.759670359791123184e-01,-2.531132939675375670e+00,2.906641583142419272e+00
-2.639100805729480470e+00,6.190466145678709120e-01,4.771914067750424593e+00
-2.609988503870782406e+00,3.709042016107499951e-01,4.526140752320737093e+00
-2.285783968957697532e+00,5.221672571267376162e-01,4.754226684570312500e+00
-2.397408180490246288e+00,2.872145015628357889e-01,4.754226684570312500e+00
-2.750725017262029670e+00,3.840938590039691403e-01,4.771914067750424593e+00
-2.603921771049573231e+00,6.196200143537748950e-01,-1.510116994380957145e+00
-2.150132656097412109e+00,5.936420112848281860e-01,-1.777351200580596924e+00
-2.497382760047986316e+00,5.130809586487043994e-01,-1.829734206199652213e+00
-2.486877982319470881e+00,5.653234394062164325e-01,-2.137591183595038302e+00
-2.593416993321057795e+00,6.718624951112869281e-01,-1.817973971776343234e+00
-2.468539778197158974e+00,-1.175908357686634709e+00,1.606215361468383840e+00
-2.559701763967360044e+00,-9.507657784221572594e-01,1.670409716604479788e+00
-2.532455666484697332e+00,-1.029903185463406201e+00,1.892398955378589598e+00
1.866423240631014391e+00,-1.530228575228091081e+00,-3.133260388760905180e+00
1.955446145085551812e+00,-1.402765566534357466e+00,-2.857070310510631650e+00
2.036055088017240777e+00,-1.255890546944055330e+00,-3.131526220924443216e+00
6.904027587759812290e-01,2.105631650450682901e+00,2.498552447631618989e-01
8.432341147224100553e-01,2.050267303045575140e+00,5.285048310306508235e-01
5.341252099214119919e-01,2.143824286164875748e+00,5.290212093657378212e-01
-2.603921771049573231e+00,6.196200143537764493e-01,3.859320282936095303e+00
-2.603921771049499512e+00,6.196200143541796823e-01,3.546820282936094415e+00
-2.532580484443139213e+00,8.774395265124765864e-01,3.700421418827219533e+00
-3.393878251349910502e-02,7.834035584356784376e-01,-4.400796771049499512e+00
-1.592551539838577002e-01,4.842928622891194967e-01,-4.400796771049499512e+00
-3.545599381942843298e-01,7.401696708013730808e-01,-4.400796771049499512e+00
5.133438110351562500e-01,9.132591933012008667e-01,-3.801593542098999023e+00
8.718757331371307373e-02,9.132591933012008667e-01,-3.801593542098999023e+00
8.718757331371307373e-02,1.339415431022644043e+00,-3.801593542098999023e+00
3.922174552079440435e-01,1.209559796157121614e+00,-4.400796771049499512e+00
-3.393878251349910502e-02,1.209559796157121614e+00,-4.400796771049499512e+00
3.922174552079440435e-01,7.834035584356784376e-01,-4.400796771049499512e+00
-2.469757591735842084e+00,1.021348804702285396e+00,-3.705673447600194237e+00
-2.043593585491180420e+00,9.132591784000396729e-01,-4.014671921730041504e+00
-2.256679510128023480e+00,1.234426916112426387e+00,-4.131829849234410545e+00
-2.084074828844124649e+00,1.503310464388314394e+00,-4.137346723254916370e+00
-2.297152910451943253e+00,1.290232352978173402e+00,-3.711190321620700061e+00
2.137901268691989043e-01,2.169094641244620369e+00,1.937765183729306173e+00
5.343116173406746716e-01,2.143789188978371563e+00,1.938484587652242075e+00
5.133438110351562500e-01,1.339415431022644043e+00,1.738437414169311523e+00
5.343116173406746716e-01,2.143789188978371563e+00,1.512328305227315317e+00
2.137901268691989043e-01,2.169094641244620369e+00,1.511608901304379415e+00
1.893106816025135863e+00,1.555837138255821372e+00,-2.145821920662516646e+00
2.055168437170614482e+00,1.275250375575089468e+00,-2.146882134091980809e+00
1.982127584538389220e+00,1.419254757549672563e+00,-1.868075228287767509e+00
-2.001625951439959916e+00,-1.908175456702000616e+00,4.722470076551351426e+00
-2.190038369010279595e+00,-1.662353343576415732e+00,4.731119723423095280e+00
1.895546721349927743e+00,1.552495045277390462e+00,2.215819019363220121e+00
1.365656137466430664e+00,1.339415431022644043e+00,2.590749859809875488e+00
1.895546721349927743e+00,1.552495045277390462e+00,2.641975182578857329e+00
1.793826083731415721e+00,1.677518913439812298e+00,2.922512400536160460e+00
1.793826083731415721e+00,1.677518913439812298e+00,2.496356237320523253e+00
-2.012011050973379955e+00,1.911416281379672233e+00,-4.717956995978580537e+00
-2.209810947106146006e+00,1.651799987390865532e+00,-4.714582071070262614e+00
-1.003075520287468381e+00,1.464269426967319543e+00,-4.400796771049499512e+00
-1.287285740952974988e+00,1.665289345380567942e+00,-4.400796771049499512e+00
-1.329076069781350844e+00,1.366510397844911573e+00,-4.400796771049499512e+00
8.718757331371307373e-02,-2.069834470748901367e+00,2.164593696594238281e+00
-2.734049227384298120e-01,-2.531313075673048640e+00,1.923928253996534776e+00
1.527513149830133643e-01,-2.531313075673048640e+00,1.923928253996534776e+00
3.130492111123165389e-01,-2.533857394091227899e+00,2.203325860229660815e+00
-1.131070266091266097e-01,-2.533857394091227899e+00,2.203325860229660815e+00
1.623464399900853561e+00,-1.962008453198861968e+00,-4.161485185202027814e+00
2.150726651936848199e+00,-1.132063412050189566e+00,-4.226619523912098941e+00
2.150726651936848199e+00,-1.345141553262652945e+00,-4.439697784333851871e+00
-1.332036630933046029e+00,-2.169128064485357665e+00,-4.440207796080904323e+00
-1.578073274800106063e+00,-1.959949978699715212e+00,-4.440296471393436306e+00
-1.462187185542232815e+00,-2.069914055254007401e+00,-4.160401021162662971e+00
4.232569723543121443e-01,-2.640253923961870530e+00,1.306954656212999666e-01
7.417057637245216828e-01,-2.592918163120356390e+00,1.316189700555208120e-01
5.829362987947410701e-01,-2.625275906097917389e+00,4.093888515899921643e-01
8.429793465452097845e-01,2.050375519364092014e+00,1.938719457870700102e+00
8.429793465452097845e-01,2.050375519364092014e+00,1.512563175445773345e+00
-1.929946951478521022e+00,1.355000646027545219e+00,2.917589890279198350e+00
-1.868297313893641398e+00,1.463650242509130894e+00,3.202101099706195164e+00
1.898351430892944336e+00,-4.559235274791717529e-02,-4.121210932731628418e+00
1.681348563802729901e+00,-3.865110459076446237e-01,-4.400796771049499512e+00
2.214043857229243351e+00,-6.689384899011072139e-02,-4.720414161682128906e+00
2.431046724319458008e+00,6.094671040773391724e-02,-4.014671921730041504e+00
2.214043857229243351e+00,-2.799719827519935311e-01,-4.294257760047912598e+00
1.898351430892944336e+00,-2.586704865097999573e-01,-3.695054531097412109e+00
1.365656137466430664e+00,-7.913657873868942261e-01,-3.923437893390655518e-01
1.365656137466430664e+00,-3.652095496654510498e-01,-8.184998184442520142e-01
1.898351430892944336e+00,-2.586704865097999573e-01,-4.988828450441360474e-01
1.889919449892828895e+00,1.560174108773963120e+00,-3.127522111934750271e+00
1.789862688627955389e+00,1.681870918929875725e+00,-2.851087187617906249e+00
1.672238423293998411e+00,1.797123854427164380e+00,-3.125866083738683798e+00
1.577008929205660381e+00,1.396391147858023096e+00,4.754226684570312500e+00
1.428194295534796598e+00,1.102393097093860908e+00,4.754226684570312500e+00
1.791812479496002197e+00,1.126337319612503052e+00,4.508453369140625000e+00
1.641272496351904753e+00,6.762368444712565374e-01,4.754226684570312500e+00
1.790087130022768536e+00,9.702348952354187261e-01,4.754226684570312500e+00
5.133438110351562500e-01,-2.069834470748901367e+00,3.443062305450439453e+00
9.410043286141818175e-01,-2.369716521671357157e+00,3.604282480202368522e+00
9.410043286141818175e-01,-2.369716521671357157e+00,3.178126197777441764e+00
9.394999742507934570e-01,-1.643678247928619385e+00,3.443062305450439453e+00
1.367160491829819025e+00,-1.943560298851075174e+00,3.604282480202368522e+00
9.394999742507934570e-01,-1.643678247928619385e+00,3.869218587875366211e+00
-2.128599717284151094e+00,-6.449051182283369599e-01,4.754226684570312500e+00
-2.043593585491180420e+00,-7.913657724857330322e-01,4.508453369140625000e+00
-1.915521635676332490e+00,-8.579832296384779511e-01,4.754226684570312500e+00
-2.141916532971915643e+00,-9.155314075289230358e-01,4.754226684570312500e+00
-2.354994614579734247e+00,-7.024532961187820446e-01,4.754226684570312500e+00
6.783531017072045310e-01,2.109216301376680924e+00,-3.551865897149080631e+00
6.783531017072045310e-01,2.109216301376680924e+00,-3.125709614724153873e+00
5.133438110351562500e-01,1.339415431022644043e+00,-3.375437259674072266e+00
9.769034822980733335e-01,1.985483713091564129e+00,-3.553917672808596606e+00
9.769034822980733335e-01,1.985483713091564129e+00,-3.127761390383669848e+00
8.718757331371307373e-02,-1.217522025108337402e+00,2.164593696594238281e+00
3.483645302297838642e-02,-1.253341188255087335e+00,2.525540664850199679e+00
4.609926907444215627e-01,-1.253341188255087335e+00,2.525540664850199679e+00
8.718757331371307373e-02,-7.913657873868942261e-01,2.164593696594238281e+00
3.483645302297838642e-02,-8.271849505336440478e-01,2.525540664850199679e+00
-3.389686644077301025e-01,-7.913657873868942261e-01,2.164593696594238281e+00
9.863114851553277385e-01,1.980290060816662923e+00,-1.162975324980710656e+00
8.396132043591948424e-01,2.051800129970227982e+00,-1.439467700047836196e+00
-2.769072346940746776e+00,1.502020794780271062e-01,4.687499999999999112e+00
-1.937572306036761116e+00,-1.119633016741256704e+00,4.754226684570312500e+00
-2.685568237033214345e+00,-3.602386122536199720e-01,4.773325886076861480e+00
9.394999742507934570e-01,1.339415431022644043e+00,-3.801593542098999023e+00
9.394999742507934570e-01,1.339415431022644043e+00,-3.375437259674072266e+00
1.403059645513710540e+00,1.985483713091564129e+00,-3.553917672808596606e+00
-5.769193123683475921e-01,1.464269426967319543e+00,4.434609293937683105e+00
-2.237206227631552968e-01,1.455064374645998360e+00,4.434609293937683105e+00
-3.545599381942843298e-01,1.166325908522816146e+00,4.434609293937683105e+00
-2.603930063702084130e+00,-5.586279078789283536e-01,4.285397068289364952e+00
-2.542627811573535013e+00,-7.889219822179804886e-01,4.477179632875251336e+00
-2.610693447228354724e+00,-5.185254016552894862e-01,4.527552570647173980e+00
1.983532880791414987e+00,1.416813458956414085e+00,1.511158557722043883e+00
1.895885406226658798e+00,1.552029593259639961e+00,1.233398520864124492e+00
1.792941363698983936e+00,1.678493357925132656e+00,1.512440157268666097e+00
8.256963513955667411e-02,-1.779776099049259042e+00,-4.720414161682128906e+00
-4.972459586576213897e-02,-1.984664430031624960e+00,-4.720414161682128906e+00
1.633535080937982553e-01,-2.197742511639443563e+00,-4.720414161682128906e+00
8.718756586313247681e-02,-2.069834411144256592e+00,-4.440828323364257812e+00
-1.647248311834729861e+00,1.739343679040718404e+00,2.641589093867648952e+00
-1.527472296791118955e+00,1.845160639819557025e+00,2.917751516484396568e+00
-8.833342813081387357e-01,-2.354166358991300445e+00,-8.946159218609799346e-01
-7.369444235688502598e-01,-2.423437687045236544e+00,-1.173411006379312393e+00
-3.389686644077301025e-01,-2.069834470748901367e+00,-8.184998184442520142e-01
-7.369444235688502598e-01,-2.423437687045236544e+00,-7.472549772741259311e-01
-8.833342813081387357e-01,-2.354166358991300445e+00,-4.684598927557934722e-01
6.864479064515259799e-01,2.106820302966188940e+00,-2.143048892690549767e+00
8.396132043591948424e-01,2.051800129970227982e+00,-1.865623982472762954e+00
-2.532801860949042805e+00,8.768496604975525299e-01,-1.286937300562435382e+00
-2.543305404471730924e+00,8.479470523476770882e-01,-1.579477819018273888e+00
-1.330373284247773791e+00,-2.413754781676361816e+00,4.720052565408546563e+00
-1.042821222662047465e+00,-2.567614975242670461e+00,4.718775608432650870e+00
1.548261346010108008e+00,1.894871068938846159e+00,-1.440904472558006244e+00
1.412467648370964834e+00,1.980290060816662923e+00,-1.162975324980710656e+00
1.265769367574832049e+00,2.051800129970227982e+00,-1.439467700047836196e+00
-1.879955409571815395e+00,-1.383703149821614131e+00,-3.563996808303055985e+00
-2.306111691996742152e+00,-9.575469121001709549e-01,-3.563996808303055985e+00
-1.617437362670898438e+00,-7.913657873868942261e-01,-3.801593542098999023e+00
-1.956680231119244606e+00,-1.239293295258875771e+00,-3.842127760335659836e+00
-2.382836513544171364e+00,-8.131370575374325949e-01,-3.842127760335659836e+00
-5.984694725106839419e-01,2.603550274744008242e+00,4.484854934853101938e+00
-5.002783721779895387e-01,2.328877037362589775e+00,4.754226684570312500e+00
-9.728573065922455632e-01,2.527621413440216180e+00,4.730628250282789438e+00
-5.984694725106839419e-01,2.390472193136189638e+00,4.484854934853101938e+00
-5.002783721779895387e-01,2.115798955754771171e+00,4.754226684570312500e+00
-1.258905380964279175e-01,2.191727817058563232e+00,4.508453369140625000e+00
-1.606902952771670057e+00,1.558750274774336253e+00,-4.720414161682128906e+00
-1.840096736193592486e+00,1.441116543923419702e+00,-4.720414161682128906e+00
-1.648693281600045912e+00,1.259971327238679883e+00,-4.720414161682128906e+00
-5.328565407112249019e-01,2.125029205108889929e+00,-8.797503711021303907e-01
-3.389686644077301025e-01,1.339415431022644043e+00,-8.184998184442520142e-01
-5.328565407112249019e-01,2.125029205108889929e+00,-4.535943419969439283e-01
-6.876455299910596564e-01,2.077368531584476763e+00,-7.321301968451132680e-01
-6.876455299910596564e-01,2.077368531584476763e+00,-1.158286225950299730e+00
-1.723976373672485352e+00,1.019798249006271362e+00,-3.695054531097412109e+00
-1.215784780518279540e+00,1.360601437006998093e+00,-3.376438503370023270e+00
-1.748480073944793212e+00,1.040984254990625413e+00,-3.269899492368436356e+00
-1.723976373672485352e+00,5.936420112848281860e-01,-3.695054531097412109e+00
-1.215784780518279540e+00,9.344451992855549172e-01,-3.376438503370023270e+00
-1.191281080245971680e+00,9.132591933012008667e-01,-3.801593542098999023e+00
2.177049993358797231e+00,3.750841352108477134e-01,1.506455419391123041e+00
2.113679908669694907e+00,6.937325659648386766e-01,1.508352184814791608e+00
2.154182120768067144e+00,5.353000914294689938e-01,1.228747272147455494e+00
-1.693540253618397440e+00,-1.630825696958582149e+00,3.591753150860825805e+00
-2.226235547044911112e+00,-1.524286626352350460e+00,3.485214139859238891e+00
-1.191281080245971680e+00,-1.217522025108337402e+00,3.443062305450439453e+00
-2.551802325921038062e+00,-1.135642239744706489e-01,1.617727668959304754e+00
-2.521796822547912598e+00,2.435514777898784844e-01,1.593640565872187498e+00
-2.073599148468950659e+00,1.299872538154085433e-01,1.336368234831502022e+00
-2.551802325921038062e+00,-1.135642239744706489e-01,1.305227668959303422e+00
-2.521796822547912598e+00,2.435514777898784844e-01,1.281140565872186166e+00
-3.389686644077301025e-01,6.094670295715332031e-02,-2.949280977249145508e+00
-3.389686644077301025e-01,6.094670295715332031e-02,-3.375437259674072266e+00
-7.556559955539036144e-01,-5.451605891471514309e-02,-2.859323629541441036e+00
-7.556559955539036144e-01,-5.451605891471514309e-02,-3.285479911966367794e+00
-7.556559955539036144e-01,3.716401937078892548e-01,-2.859323629541441036e+00
-2.000636405173404242e+00,-1.909221069060970555e+00,-4.719882309711307400e+00
9.656443517209634120e-01,-1.019029165568996920e+00,-4.720414161682128906e+00
1.391800514936600619e+00,-1.019029165568996920e+00,-4.720414161682128906e+00
1.152578115463256836e+00,-1.004443883895874023e+00,-4.440828323364257812e+00
1.152578115463256836e+00,-1.217522025108337402e+00,-4.440828323364257812e+00
1.578734278678894043e+00,-1.217522025108337402e+00,-4.440828323364257812e+00
1.391800514936600619e+00,-1.232107306781460299e+00,-4.720414161682128906e+00
-2.324296012520790100e-01,-8.979048579931259155e-01,4.188835978507995605e+00
1.866607028611118324e-02,-1.029345520008971171e+00,4.754226684570312500e+00
-8.787299286953990929e-02,-4.966502116812964163e-01,4.434609293937683105e+00
-4.098292732472652578e-01,-5.384774202019844136e-01,4.434609293937683105e+00
-3.032902100916141652e-01,-1.071172728529659279e+00,4.754226684570312500e+00
-1.076171899193963666e-01,-1.322537501012841288e+00,4.754226684570312500e+00
2.286931388804758214e+00,6.341431654524536388e-01,-4.720414161682128906e+00
2.646078999907320650e+00,9.133892947076469593e-01,-4.720268238972175290e+00
2.364038291415672788e+00,9.794271962450920022e-01,-4.440682400654304196e+00
2.467358560390098710e+00,6.726262015767756619e-01,-4.440285427636678328e+00
-3.389686644077301025e-01,9.132591933012008667e-01,3.016906023025512695e+00
-1.258905380964279175e-01,7.001810818910598755e-01,3.229984164237976074e+00
-1.258905380964279175e-01,1.126337319612503052e+00,3.229984164237976074e+00
-3.389686644077301025e-01,9.132591933012008667e-01,3.443062305450439453e+00
-1.258905380964279175e-01,7.001810818910598755e-01,3.656140446662902832e+00
-3.389686644077301025e-01,4.871029555797576904e-01,3.443062305450439453e+00
-6.741135299226793665e-01,1.122453709104029862e+00,4.434609293937683105e+00
-2.492801063169091336e+00,-4.761120559596319635e-01,-1.429816743521277189e+00
-2.387661027093083366e+00,-8.026168511201050570e-01,-1.446045434396486140e+00
-2.492801063169091336e+00,-4.761120559596319635e-01,-1.855973025946203947e+00
-2.387661027093083366e+00,-8.026168511201050570e-01,-1.872201716821412898e+00
-2.043593645095825195e+00,-3.652095496654510498e-01,-1.670812129974365234e+00
1.952711534541790028e+00,-1.407131843224980861e+00,1.502537517087947361e+00
2.094723317366319115e+00,-1.115270446708425345e+00,1.503196769842219727e+00
2.031239585374231105e+00,-1.265865556587975060e+00,1.224635327714608923e+00
-2.123661108522442720e-01,2.169094641244620369e+00,1.937765183729306173e+00
-5.186396041464275131e-02,2.165089087650270638e+00,2.215767349315937551e+00
-3.726639797850921365e-01,2.155883354797865969e+00,2.215403370354069423e+00
-4.572761149874241537e-01,-2.657179448196040461e+00,4.720766209494726695e+00
-1.441536319263336807e-01,-2.639256367152723826e+00,4.754226684570312500e+00
-2.761696263538263585e-01,-2.318622606936560970e+00,4.754226684570312500e+00
-3.069970267300256572e-01,-2.621469334011555130e+00,4.474992894065039195e+00
5.887380935831930673e-01,5.253267810535134918e-01,-4.400796771049499512e+00
5.887380935831930673e-01,9.514830187749566681e-01,-4.400796771049499512e+00
-1.690269532862672452e+00,-1.634327864716278889e+00,1.212365510994111384e+00
-1.573919659115174063e+00,-1.745849384381032321e+00,9.377967212157987120e-01
-1.448434191562192330e+00,-1.842755740283985588e+00,1.214764452824980578e+00
2.113024580364612603e+00,6.958101848562908698e-01,-1.443302467187110416e+00
2.113024580364612603e+00,6.958101848562908698e-01,-1.869458749612037174e+00
1.365656137466430664e+00,4.871029555797576904e-01,-1.670812129974365234e+00
1.982127584538389220e+00,9.930985198282293869e-01,-1.441918945862840751e+00
1.982127584538389220e+00,9.930985198282293869e-01,-1.868075228287767509e+00
2.715337731487841744e+00,1.134145925889608331e-01,3.943548354605078465e+00
2.706730297891269288e+00,-2.516610555109755065e-02,4.218102837284393836e+00
1.898351430892944336e+00,-4.559235274791717529e-02,4.188835978507995605e+00
2.174035004464755616e+00,-3.447833024686314252e-01,3.898485446651764441e+00
2.182642438061328072e+00,-2.062026043285730414e-01,3.623930963972449071e+00
-8.337147036976111369e-01,2.014623331297412889e+00,-4.535082565053114578e-01
-1.113801737910180556e+00,2.077368531584476763e+00,-7.321301968451132680e-01
-1.259870911616731926e+00,2.014623331297412889e+00,-4.535082565053114578e-01
-7.651248723268508911e-01,1.339415431022644043e+00,-3.923437893390655518e-01
2.675423749371113935e+00,-4.205811096204015165e-01,-3.448712541481316229e+00
2.715413044922134311e+00,-9.425745548821315434e-02,-3.450886242098123446e+00
2.705684375757472448e+00,-2.475887525588943150e-01,-3.734880654617366069e+00
4.619890466203837587e-01,2.406745208093452160e+00,-4.720414161682128906e+00
7.200811146694066078e-01,2.647724546514616861e+00,-4.714206655956020064e+00
5.583577378717157202e-01,2.645785237087546093e+00,-4.434620817638148971e+00
7.170501403646831751e-01,2.271722423646278521e+00,-4.720414161682128906e+00
9.751422084137060242e-01,2.512701762067442779e+00,-4.714206655956020064e+00
1.751122240189191270e+00,-1.661731839896118501e+00,2.913630443042850793e+00
1.859183348442184247e+00,-1.539453365537061469e+00,2.634066777790877723e+00
1.952029144512821723e+00,-1.408216220329995050e+00,2.913058302467904426e+00
1.075550576651403745e+00,-2.291674062275382617e+00,1.926559872871548285e+00
1.182089647257635434e+00,-2.398213073276969531e+00,1.606942661052853216e+00
2.031506762518219489e+00,-1.265317012397574992e+00,2.208946911115557299e+00
1.952711534541790028e+00,-1.407131843224980861e+00,1.928693799512874119e+00
1.859183348442184247e+00,-1.539453365537061469e+00,2.207910614575240515e+00
-1.398097285008905066e+00,1.937013192729461153e+00,1.234259290095838013e+00
-1.527463987404608536e+00,1.845167226977451946e+00,1.511398883388634262e+00
-1.257466073693990438e+00,2.015808366693637943e+00,1.512241203358977160e+00
-2.628335833549499512e+00,1.370124220848079888e-01,4.441726684570311612e+00
-2.603921771049573231e+00,4.065419029436354581e-01,4.285476684570311612e+00
-1.879955409571815395e+00,-1.383703149821614131e+00,-3.137840525878129228e+00
-1.685994798367168368e+00,-1.638871487954151496e+00,-3.137261246974674123e+00
-1.793010051081905587e+00,-1.512257694466170976e+00,-2.858113610074437538e+00
-3.389686569571495056e-01,-1.430600166320800781e+00,4.508453369140625000e+00
-3.206953087801179825e-01,-1.322537501012841288e+00,4.754226684570312500e+00
-5.163683289523357534e-01,-1.071172728529659279e+00,4.754226684570312500e+00
-2.072705887349878928e+00,7.352453685368786074e-01,-4.720414161682128906e+00
-1.756488762264864611e+00,7.685123700379954403e-01,-4.720414161682128906e+00
-1.889454079015378207e+00,4.937555376618085745e-01,-4.720414161682128906e+00
-2.761696263538263585e-01,-2.318622606936560970e+00,-4.720414161682128906e+00
-1.441536319263336807e-01,-2.639256367152723826e+00,-4.720414161682128906e+00
5.793497335573716267e-03,-2.409268192618348792e+00,-4.720414161682128906e+00
2.467402424070057609e+00,1.137970530067812236e+00,4.719236208710546165e+00
-2.843897610049533897e-01,-2.411840608059289681e-01,4.434609293937683105e+00
-6.023965494055554259e-01,-2.826036631589652348e-01,4.434609293937683105e+00
-2.534684317455083047e+00,8.718030422739375673e-01,-3.405720304148033506e+00
-2.606708639483846124e+00,6.038893646069278809e-01,-3.456963868153595243e+00
-2.581354452270552713e+00,7.225645509108803433e-01,-3.701535995606882956e+00
2.715243396334587889e+00,1.080327896758090100e-01,-1.060683014313040129e+00
2.680239098364105566e+00,-1.864188876476786105e-01,-4.440286723760184628e+00
2.463236231273890908e+00,-5.273375808074060034e-01,-4.719872562078055722e+00
2.680239098364105566e+00,-3.994970214095613925e-01,-4.014130322125968320e+00
-1.191281080245971680e+00,4.871029555797576904e-01,-1.670812129974365234e+00
-7.651248723268508911e-01,6.094670295715332031e-02,-1.670812129974365234e+00
-7.651248723268508911e-01,6.094670295715332031e-02,-2.096968412399291992e+00
-7.651248723268508911e-01,4.871029555797576904e-01,-1.670812129974365234e+00
-3.389686644077301025e-01,6.094670295715332031e-02,-1.670812129974365234e+00
-7.651248723268508911e-01,4.871029555797576904e-01,-1.244655847549438477e+00
2.419988843321532190e+00,1.570161078962917789e-01,-4.720414161682128906e+00
2.074893944490705966e+00,2.167783393532216052e-01,-4.720414161682128906e+00
-3.389686644077301025e-01,-3.652095496654510498e-01,-2.523124694824218750e+00
-3.389686644077301025e-01,6.094670295715332031e-02,-2.523124694824218750e+00
-7.556559955539036144e-01,-5.451605891471514309e-02,-2.433167347116514279e+00
-7.354010979279342886e-01,-2.424067412379229847e+00,-2.154706323351776032e+00
-5.845821906267548718e-01,-2.476337981698274682e+00,-1.876922810008115228e+00
-1.579062821066661515e+00,-1.958904366340745273e+00,4.476696761121663926e+00
-2.005219103491588051e+00,-1.532748143520463291e+00,4.476696761121663926e+00
-1.404359221458435059e+00,-1.430600106716156006e+00,4.508453369140625000e+00
-1.084742009639739990e+00,-1.537139177322387695e+00,4.188835978507995605e+00
-1.510898292064666748e+00,-1.110982954502105713e+00,4.188835978507995605e+00
-1.685601891672893204e+00,-1.639287214126694980e+00,4.157079370489034531e+00
-1.313483864876785479e+00,-1.925841481282792422e+00,1.918758638574652675e+00
-1.450553993343032255e+00,-1.841288086294691206e+00,2.191621540202509877e+00
-8.873276569576646899e-01,-2.351997704103074405e+00,1.918758638574652675e+00
-1.024397785423911467e+00,-2.267444309114972967e+00,2.191621540202509877e+00
-7.651248723268508911e-01,-1.643678247928619385e+00,2.164593696594238281e+00
-2.521796822547912598e+00,-1.826047748327258857e-01,2.758453011512752795e+00
-2.043593645095825195e+00,6.094670295715332031e-02,3.016906023025512695e+00
-2.521796822547912598e+00,2.435514777898784844e-01,3.070953011512753683e+00
-2.521796822547912598e+00,-1.826047748327258857e-01,3.070953011512753683e+00
1.365656137466430664e+00,-7.913657873868942261e-01,-2.949280977249145508e+00
1.365656137466430664e+00,-1.217522025108337402e+00,-2.523124694824218750e+00
1.365656137466430664e+00,-7.913657873868942261e-01,-2.523124694824218750e+00
9.394999742507934570e-01,-3.652095496654510498e-01,-2.949280977249145508e+00
9.394999742507934570e-01,-7.913657873868942261e-01,-2.523124694824218750e+00
9.394999742507934570e-01,-7.913657873868942261e-01,-2.949280977249145508e+00
8.541388518687890175e-01,2.526931366577501059e+00,-4.438986672636401565e+00
1.270923322410779210e+00,2.393847891557397745e+00,-4.718572510954272659e+00
-2.628335833549499512e+00,-2.891438305377964091e-01,4.441726684570311612e+00
-2.521796822547912598e+00,-1.826047748327258857e-01,4.122109293937682217e+00
-2.150132656097412109e+00,-4.717486053705215454e-01,4.188835978507995605e+00
-2.150132656097412109e+00,-4.559235274791717529e-02,4.188835978507995605e+00
2.715523362159729004e+00,1.370124220848178698e-01,4.473462893280855113e+00
2.459801313912437060e+00,-1.368738661662713962e-01,4.754226684570312500e+00
2.744277951752708056e+00,-2.738862882510702534e-01,4.719236208710542613e+00
2.704465481161803186e+00,2.000368581149293903e-02,4.719236208710542613e+00
2.419988843321532190e+00,1.570161078962917789e-01,4.754226684570312500e+00
-1.180224443950830038e+00,-1.943239675802740596e+00,-4.720414161682128906e+00
-1.326057445565250736e+00,-2.416697853640656923e+00,-4.719793634398775417e+00
-1.534058135850367766e+00,-2.255611410751660273e+00,-4.719793634398775417e+00
7.402607857503080702e-01,-2.593294199131310318e+00,1.327530544941240676e+00
9.394999742507934570e-01,4.871029555797576904e-01,4.599687159061431885e-01
5.133438110351562500e-01,9.132591933012008667e-01,4.599687159061431885e-01
9.394999742507934570e-01,9.132591933012008667e-01,4.599687159061431885e-01
1.365656137466430664e+00,9.132591933012008667e-01,3.381246328353881836e-02
9.394999742507934570e-01,1.339415431022644043e+00,3.381246328353881836e-02
9.394999742507934570e-01,9.132591933012008667e-01,3.381246328353881836e-02
-7.651248723268508911e-01,-1.217522025108337402e+00,-3.801593542098999023e+00
-1.297820150852203369e+00,-1.110982954502105713e+00,-4.121210932731628418e+00
-8.716639429330825806e-01,-1.110982954502105713e+00,-4.121210932731628418e+00
-6.585858017206192017e-01,-1.324061095714569092e+00,-4.121210932731628418e+00
-1.191281080245971680e+00,-1.217522025108337402e+00,-4.440828323364257812e+00
-1.084742009639739990e+00,-1.324061095714569092e+00,-4.121210932731628418e+00
-2.180138159470537573e+00,-4.027080545122663224e-01,1.229829164225270333e+00
-2.534119867704485607e+00,-3.432046065753494579e-01,1.450452243121022278e+00
-2.610653375332947057e+00,-5.187842131386751765e-01,1.319826069427673110e+00
-2.256671667098999023e+00,-7.913657724857330322e-01,1.312281131744384766e+00
-2.610653375332947057e+00,-7.318623245488161677e-01,1.532904210640136489e+00
-2.180138159470537573e+00,-6.157861659224073136e-01,1.442907305437733712e+00
-1.758915599988867484e+00,-2.115456082882317901e+00,4.720052565408546563e+00
-3.752084174384240356e-01,2.155533277532114766e+00,3.195866602807893031e+00
-6.848314111568288842e-01,2.078401219512333586e+00,3.197485022317146708e+00
-5.303659877831448100e-01,2.125648796278795327e+00,2.919099479439326572e+00
-1.400766069406806702e+00,-1.806027419897693331e+00,-4.720414161682128906e+00
-1.404359221458435059e+00,-1.430600106716156006e+00,-4.440828323364257812e+00
-1.826922351831733460e+00,-1.379871197077411349e+00,-4.720414161682128906e+00
-2.004229557225032821e+00,-1.533793755879433229e+00,-4.440296471393436306e+00
1.412602475593228712e+00,1.980214989467524056e+00,8.078497988242838712e-01
-1.935149729251861572e-02,-1.324061095714569092e+00,-4.121210932731628418e+00
4.068047404289245605e-01,-1.324061095714569092e+00,-4.121210932731628418e+00
8.718757331371307373e-02,-1.217522025108337402e+00,-3.801593542098999023e+00
8.718757331371307373e-02,-1.643678247928619385e+00,-3.801593542098999023e+00
5.133438110351562500e-01,-1.643678247928619385e+00,-3.801593542098999023e+00
4.068047404289245605e-01,-1.750217318534851074e+00,-4.121210932731628418e+00
1.197308236685216354e+00,-2.388164616414499175e+00,-3.948406924780274885e+00
-1.191281080245971680e+00,1.339415431022644043e+00,3.443062305450439453e+00
-1.397427861702623231e+00,1.937436823386561535e+00,3.618278350984953207e+00
-1.397427861702623231e+00,1.937436823386561535e+00,3.192122068560026449e+00
-1.647013000383505510e+00,1.739574973541841540e+00,3.191943332798889976e+00
-1.647013000383505510e+00,1.739574973541841540e+00,3.618099615223816734e+00
2.283061601161187504e+00,3.777106291914515968e-01,4.754226684570312500e+00
2.069983579158013676e+00,5.907887406015925880e-01,4.754226684570312500e+00
2.217968702316284180e+00,4.871029555797576904e-01,4.508453369140625000e+00
2.074893944490705966e+00,2.167783393532216052e-01,4.754226684570312500e+00
1.861815922487532138e+00,4.298564507633625964e-01,4.754226684570312500e+00
1.657834993872435270e+00,-9.171808016533178343e-01,4.754226684570312500e+00
1.616609381648072885e+00,-1.170163189320962083e+00,4.754226684570312500e+00
1.892752987227002359e+00,-1.009597318222571261e+00,4.754226684570312500e+00
-1.949152916981674366e+00,1.209519422311801984e+00,-4.720414161682128906e+00
-1.756488762264864611e+00,9.815904814481364316e-01,-4.720414161682128906e+00
1.152578115463256836e+00,-1.004443883895874023e+00,4.295375108718872070e+00
1.472195208072662354e+00,-6.848267167806625366e-01,3.975757718086242676e+00
1.046039044857025146e+00,-6.848267167806625366e-01,4.188835978507995605e+00
1.152578115463256836e+00,-1.004443883895874023e+00,4.508453369140625000e+00
1.472195208072662354e+00,-6.848267167806625366e-01,4.188835978507995605e+00
1.578734278678894043e+00,-1.004443883895874023e+00,4.295375108718872070e+00
1.391800514936600619e+00,-1.019029165568996920e+00,4.754226684570312500e+00
-1.536951852841388799e+00,1.837583142322057217e+00,-3.819240743176922415e+00
-1.405584686880173351e+00,1.932241073143416754e+00,-3.543457746414537368e+00
9.394999742507934570e-01,-7.913657873868942261e-01,-3.923437893390655518e-01
9.394999742507934570e-01,-3.652095496654510498e-01,-8.184998184442520142e-01
9.394999742507934570e-01,-3.652095496654510498e-01,-3.923437893390655518e-01
1.365656137466430664e+00,-1.217522025108337402e+00,1.738437414169311523e+00
1.501706739867040952e+00,-1.865517839455100857e+00,1.926559872871548285e+00
1.501706739867040952e+00,-1.865517839455100857e+00,1.500403590446621527e+00
1.752293121587597202e+00,-1.660542596688049155e+00,1.501422434220632818e+00
1.752293121587597202e+00,-1.660542596688049155e+00,1.927578716645559576e+00
-1.500544900987148100e+00,2.012671437308421574e+00,2.210693245938521567e+00
-1.750789175131891362e+00,1.814310340601799965e+00,2.210794911820738839e+00
-1.631004850701770037e+00,1.920133888538533729e+00,1.932917146982288337e+00
2.254297972904579339e+00,-8.246776022644626281e-01,4.260384632859105736e+00
2.150730268845887139e+00,-1.132055594288324141e+00,4.260384632859101295e+00
2.254297972904579339e+00,-8.246776022644626281e-01,4.473462893280858665e+00
2.150730268845887139e+00,-1.132055594288324141e+00,4.473462893280854225e+00
-1.794376005607057234e+00,-1.510444595520325839e+00,2.462533283888855173e+00
-1.960233104616591282e+00,-1.231566867479092497e+00,2.469800979490497372e+00
-1.879644761065294878e+00,-1.384217755772211955e+00,2.188462459691909778e+00
-1.402905751604892615e+00,1.933955665215442377e+00,-2.137106080993962820e+00
-1.617437362670898438e+00,-3.652095496654510498e-01,3.016906023025512695e+00
-1.191281080245971680e+00,-3.652095496654510498e-01,3.443062305450439453e+00
-1.617437362670898438e+00,-3.652095496654510498e-01,3.443062305450439453e+00
-1.723976373672485352e+00,-6.848267167806625366e-01,3.762679576873779297e+00
-1.723976373672485352e+00,-6.848267167806625366e-01,3.336523294448852539e+00
-2.256969612650872925e+00,1.448731184378965420e+00,-2.712185526195048269e+00
-1.785420833518517103e+00,1.635420302127017500e+00,-2.837102522179925757e+00
-1.711837259922943444e+00,1.195098325243300064e+00,-2.826366468656170472e+00
-2.351780943722117989e+00,1.317948066578064736e+00,-2.988705219042586236e+00
-1.880232164589761723e+00,1.504637184326116817e+00,-3.113622215027463724e+00
8.256963513955667411e-02,-1.566698017441440438e+00,4.754226684570312500e+00
-1.258905380964279175e-01,-1.643678247928619385e+00,4.508453369140625000e+00
8.256963513955667411e-02,-1.779776099049259042e+00,4.754226684570312500e+00
-2.197618299017204124e-01,-1.806426245121401042e+00,4.754226684570312500e+00
-2.197618299017204124e-01,-1.593348163513582438e+00,4.754226684570312500e+00
-2.220028853077149478e+00,8.542951372425734435e-01,-3.144982496383558868e+00
-2.388423757743967535e+00,1.163833996325390086e+00,-3.432238242754852564e+00
7.707450505031200327e-01,-1.867834756458521150e+00,4.434609293937683105e+00
4.068047404289245605e-01,-1.750217318534851074e+00,4.188835978507995605e+00
6.642059798968883433e-01,-1.548217604244470857e+00,4.754226684570312500e+00
1.303440284324989040e+00,-1.548217604244470857e+00,4.754226684570312500e+00
9.394999742507934570e-01,-1.430600166320800781e+00,4.508453369140625000e+00
1.046039044857025146e+00,-1.750217318534851074e+00,4.188835978507995605e+00
-8.811709611847575729e-01,-2.355334647456635011e+00,-1.452016315670961344e+00
-7.651248723268508911e-01,-1.643678247928619385e+00,-1.244655847549438477e+00
-1.445106760760712206e+00,-1.845048657075239351e+00,-1.174915998040340970e+00
-1.018950552841591417e+00,-2.271204879895521334e+00,-1.174915998040340970e+00
-2.086688578017954931e+00,-1.439104976119363499e+00,4.207987041071556966e+00
-2.193631521061907730e+00,-1.286926030394878406e+00,4.485346407993407780e+00
1.760721721911058468e+00,1.919256092692583682e+00,-4.439962392942147673e+00
1.356284444792783761e+00,1.845566260430641314e+00,-4.720414161682128906e+00
1.538271888024948186e+00,2.212328780888117574e+00,-4.719548231260018767e+00
1.786054836365297049e+00,2.066066647338144602e+00,-4.719548231260018767e+00
1.604067393133132402e+00,1.699304126880668342e+00,-4.720414161682128906e+00
-1.778817267551457526e+00,2.029050012230588784e+00,-4.717956995978580537e+00
-2.002429818663149064e+00,1.596637027266433195e+00,-4.438371157660709443e+00
-2.547991812541734902e+00,8.344219296604237224e-01,1.669839390885076380e+00
-2.547991812541734902e+00,8.344219296604237224e-01,1.882917532097539759e+00
-2.256671667098999023e+00,7.001810669898986816e-01,1.738437414169311523e+00
-2.448747284423633985e+00,1.061788222405390503e+00,1.630528451321871630e+00
-2.448747284423633985e+00,1.061788222405390503e+00,1.843606592534335009e+00
-1.460269908928185423e+00,-6.429561492366270281e-01,-4.720414161682128906e+00
-1.297820150852203369e+00,-6.848267167806625366e-01,-4.121210932731628418e+00
-1.353730838321953733e+00,-3.233389821214155413e-01,-4.400796771049499512e+00
-1.673348050140648802e+00,-6.429561492366270281e-01,-4.720414161682128906e+00
-1.510898292064666748e+00,-6.848267167806625366e-01,-4.121210932731628418e+00
-1.617437362670898438e+00,-1.004443883895874023e+00,-4.440828323364257812e+00
-7.389178893145409432e-01,-2.422629534100769089e+00,-1.901249735805916607e-01
-1.020468602591712459e+00,-2.270160438777109491e+00,-1.909378794570684157e-01
-1.309490489227259413e+00,-1.928010136171018463e+00,-4.684598927557934722e-01
-7.651248723268508911e-01,-1.643678247928619385e+00,-3.923437893390655518e-01
-1.446624810510833248e+00,-1.844004215956827730e+00,-1.909378794570684157e-01
6.460781067533486466e-01,-1.071496143378567467e+00,4.754226684570312500e+00
8.772841211093517222e-01,-1.335139463032007479e+00,4.754226684570312500e+00
9.656443517209634120e-01,-1.019029165568996920e+00,4.754226684570312500e+00
-1.572297749354532481e+00,-1.747242762805813143e+00,-1.879597922650676711e+00
-1.443483377379123134e+00,-1.846162533206807677e+00,-2.155761580594364180e+00
-1.694449902495396287e+00,-1.629847681335392373e+00,-2.150752128200350999e+00
-5.863382230301765752e-01,-2.475831123746329077e+00,-4.679651655982617342e-01
-1.038850116748210928e+00,-2.569205495110550963e+00,-4.719266892967452165e+00
-3.389686644077301025e-01,-1.217522025108337402e+00,2.590749859809875488e+00
3.483645302297838642e-02,-1.253341188255087335e+00,2.951696828065836886e+00
-3.389686644077301025e-01,-7.913657873868942261e-01,2.590749859809875488e+00
3.002656996250152588e-01,1.126337319612503052e+00,-3.588515400886535645e+00
-1.258905380964279175e-01,1.126337319612503052e+00,-3.588515400886535645e+00
-1.017327169460002345e+00,-2.272318756027089659e+00,-2.155761580594364180e+00
-1.691174203710286816e+00,-1.633361418540320242e+00,2.188573370147093300e+00
-1.575873248945440119e+00,-1.744165714215472063e+00,1.914738512522177416e+00
-2.287534701493026734e+00,1.302066365414250138e+00,1.830172883787125393e+00
-2.379397161094664703e+00,1.177644492292156286e+00,2.111686438434981383e+00
2.094723317366319115e+00,-1.115270446708425345e+00,1.929353052267146484e+00
-7.651248723268508911e-01,-3.652095496654510498e-01,-1.244655847549438477e+00
-7.651248723268508911e-01,-7.913657873868942261e-01,-1.670812129974365234e+00
-3.389686644077301025e-01,-7.913657873868942261e-01,-1.670812129974365234e+00
-3.389686644077301025e-01,-1.217522025108337402e+00,-1.670812129974365234e+00
-7.651248723268508911e-01,-7.913657873868942261e-01,-1.244655847549438477e+00
5.133438110351562500e-01,4.871029555797576904e-01,-2.523124694824218750e+00
8.718757331371307373e-02,4.871029555797576904e-01,-2.523124694824218750e+00
8.718757331371307373e-02,4.871029555797576904e-01,-2.949280977249145508e+00
8.718757331371307373e-02,6.094670295715332031e-02,-2.523124694824218750e+00
8.718757331371307373e-02,6.094670295715332031e-02,-2.096968412399291992e+00
-1.675426828827449643e+00,9.073041609147917130e-01,2.178553435641412683e+00
-1.571885965530288143e+00,4.061812616322668656e-01,2.183191454472685145e+00
-1.294821943543133180e+00,9.882258548622825378e-01,2.159955677762965820e+00
-1.607985255687636394e+00,7.245771893592096724e-01,2.354430354542673243e+00
-1.988590140971952636e+00,6.436554954117188476e-01,2.373028112421120106e+00
-7.651248723268508911e-01,1.339415431022644043e+00,3.016906023025512695e+00
-7.651248723268508911e-01,1.339415431022644043e+00,2.590749859809875488e+00
-3.389686644077301025e-01,1.339415431022644043e+00,2.590749859809875488e+00
-3.389686644077301025e-01,9.132591933012008667e-01,2.590749859809875488e+00
-7.651248723268508911e-01,9.132591933012008667e-01,3.016906023025512695e+00
2.094144662513743871e+00,-1.116880557661151130e+00,2.489548107722471038e+00
2.031506762518219489e+00,-8.391607746761319264e-01,2.208946911115557299e+00
2.094144662513743871e+00,-6.907243199397078426e-01,2.489548107722471038e+00
1.365656137466430664e+00,-7.913657873868942261e-01,2.164593696594238281e+00
-1.191281080245971680e+00,6.094670295715332031e-02,3.016906023025512695e+00
-1.191281080245971680e+00,-3.652095496654510498e-01,2.590749859809875488e+00
-1.191281080245971680e+00,6.094670295715332031e-02,2.590749859809875488e+00
-7.651248723268508911e-01,4.871029555797576904e-01,3.016906023025512695e+00
-7.651248723268508911e-01,6.094670295715332031e-02,2.590749859809875488e+00
-7.651248723268508911e-01,6.094670295715332031e-02,3.016906023025512695e+00
1.616609381648072885e+00,-1.383241330533425462e+00,-4.720414161682128906e+00
1.616609381648072885e+00,-1.170163189320962083e+00,-4.720414161682128906e+00
1.542198651064192294e+00,-1.028388575643122693e-01,-4.400796771049499512e+00
1.365656137466430664e+00,-7.913657873868942261e-01,1.738437414169311523e+00
2.094723317366319115e+00,-6.891142089869821685e-01,1.929353052267146484e+00
1.365656137466430664e+00,-3.652095496654510498e-01,1.738437414169311523e+00
1.365656137466430664e+00,-7.913657873868942261e-01,1.312281131744384766e+00
9.394999742507934570e-01,1.339415431022644043e+00,2.164593696594238281e+00
9.394999742507934570e-01,9.132591933012008667e-01,2.164593696594238281e+00
5.133438110351562500e-01,9.132591933012008667e-01,1.738437414169311523e+00
9.394999742507934570e-01,1.339415431022644043e+00,1.738437414169311523e+00
8.718757331371307373e-02,-3.652095496654510498e-01,3.869218587875366211e+00
5.133438110351562500e-01,-3.652095496654510498e-01,3.443062305450439453e+00
8.718757331371307373e-02,-3.652095496654510498e-01,3.443062305450439453e+00
8.718757331371307373e-02,6.094670295715332031e-02,3.869218587875366211e+00
5.133438110351562500e-01,6.094670295715332031e-02,3.443062305450439453e+00
5.133438110351562500e-01,6.094670295715332031e-02,3.869218587875366211e+00
5.908705217180554303e-02,-2.638690585230628827e+00,4.202381171015490580e+00
-1.935149729251861572e-02,-2.176373481750488281e+00,4.188835978507995605e+00
-2.605301149434059438e-01,-2.532151574229041913e+00,3.882763780382861185e+00
-1.539910517877548513e-01,-2.638690585230628827e+00,4.202381171015490580e+00
-2.324296012520790100e-01,-2.176373481750488281e+00,4.188835978507995605e+00
8.718756586313247681e-02,-2.282912492752075195e+00,4.508453369140625000e+00
1.551436812662447373e+00,1.892621796700054482e+00,2.921309207559164456e+00
1.677842503434596289e+00,1.792181000153718839e+00,2.643259113484512923e+00
-1.682812606844454217e+00,1.703176097872664885e+00,-4.118753767028080048e+00
-1.510898292064666748e+00,1.232876360416412354e+00,-4.121210932731628418e+00
-2.326389770148075797e+00,-1.010853859146167544e+00,-4.451735132439974763e+00
-2.195615104880755730e+00,-1.283685344017954311e+00,-4.443765905519436288e+00
-2.433446572301474653e+00,-1.126042991991550002e+00,-4.731320970757845856e+00
-2.302671907034155030e+00,-1.398874476863336991e+00,-4.723351743837307382e+00
-1.937572306036761116e+00,-1.119633016741256704e+00,-4.720414161682128906e+00
-1.307159149493030137e+00,-1.929268971076236294e+00,3.873798834159994708e+00
-1.578819836523161602e+00,-1.741615138701950727e+00,3.870650173689431650e+00
-1.451738445530675214e+00,-1.840465675351451003e+00,3.593351208257614005e+00
2.177049993358797231e+00,3.750841352108477134e-01,1.932611701816049798e+00
2.182522499168952468e+00,2.132758222225739075e-01,2.211518085707794512e+00
2.154025224368548486e+00,5.360902431706492388e-01,2.212747294399258102e+00
1.673032745043063763e+00,1.796426269105833473e+00,3.618418519349842377e+00
1.673032745043063763e+00,1.796426269105833473e+00,3.192262236924915619e+00
1.365656137466430664e+00,1.339415431022644043e+00,3.443062305450439453e+00
1.408137944839702893e+00,1.982691182133195174e+00,3.609327703796249676e+00
-1.446624810510833248e+00,-1.844004215956827730e+00,2.352183731655359544e-01
-1.310926957619900968e+00,-1.927231846871116705e+00,5.130387090963899333e-01
-8.847707497007800681e-01,-2.353388069691398687e+00,5.130387090963899333e-01
-7.651248723268508911e-01,-1.643678247928619385e+00,4.599687159061431885e-01
-1.020468602591712459e+00,-2.270160438777109491e+00,2.352183731655359544e-01
-8.847707497007800681e-01,-2.353388069691398687e+00,9.391949170155107218e-01
-7.651248723268508911e-01,-1.643678247928619385e+00,8.861249238252639771e-01
-3.389686644077301025e-01,-2.069834470748901367e+00,8.861249238252639771e-01
2.464748977393995233e+00,-1.137209028615021600e+00,4.719236208710541725e+00
2.401351465964679299e+00,-1.421985058394342971e+00,4.719236208710541725e+00
-1.015986827494231193e+00,-2.273236065671068395e+00,-3.562584705205573243e+00
-8.741443138216150599e-01,-2.359097853834965619e+00,-3.840968915007416662e+00
-1.300300521740735959e+00,-1.932941631014683637e+00,-3.840968915007416662e+00
-7.651248723268508911e-01,-1.643678247928619385e+00,-3.801593542098999023e+00
1.751122240189191270e+00,-1.661731839896118501e+00,2.487474279827213586e+00
1.632187262883465939e+00,-1.770103821754960505e+00,2.206434385669699072e+00
-2.324857605159691865e+00,-1.193762894046191736e+00,8.301571832943359652e-01
-1.792162311733178193e+00,-1.513380076062564417e+00,5.105400459814468661e-01
-2.414102593248044659e+00,-1.061674632288964526e+00,1.104779582135528404e+00
-1.881407299821530987e+00,-1.381291814305337207e+00,7.851624448226393049e-01
1.787887634408961590e+00,-7.061282130228561105e-01,-4.720414161682128906e+00
-1.472280765916929912e+00,-2.061232290916001020e+00,4.190267564322061489e+00
-1.200620078886798447e+00,-2.248886123290286587e+00,4.193416224792624547e+00
-1.573919659115174063e+00,-1.745849384381032321e+00,5.116405132966779234e-01
8.432341147224100553e-01,2.050267303045575140e+00,9.546610389497716120e-01
6.908100179018872300e-01,2.105508571958826902e+00,1.233749002460540201e+00
9.864463123775915054e-01,1.980214989467524056e+00,1.234006006743404660e+00
6.416422790905099705e-01,-2.484675081178748357e+00,3.180349229241659526e+00
3.187130226351420625e-01,-2.533633652775289402e+00,3.176880750906642348e+00
6.416422790905099705e-01,-2.484675081178748357e+00,3.606505511666586283e+00
3.187130226351420625e-01,-2.533633652775289402e+00,3.603037033331569106e+00
-2.521796822547912598e+00,-1.826047748327258857e-01,-4.088296771049500400e+00
-2.521796822547912598e+00,-1.826047748327258857e-01,-3.775796771049502176e+00
-2.489184609949384619e+00,-4.936884956941888225e-01,-3.866505992670568936e+00
-2.628335833549499512e+00,-2.891438305377964091e-01,-4.407914161682129794e+00
-2.150132656097412109e+00,-4.717486053705215454e-01,-4.121210932731628418e+00
-2.595723620950971533e+00,-6.002275513992593181e-01,-4.186123383303198331e+00
-2.200229714795915115e+00,1.337020733277626494e+00,-4.434996232752391521e+00
-2.428986420407476032e+00,1.097290674625825746e+00,3.809315519165688446e+00
-2.287456214608692751e+00,1.302161929038997190e+00,3.788427953609417198e+00
-2.215908338799657429e+00,1.310368786035966737e+00,4.235471920799904311e+00
-2.074378133000874147e+00,1.515240040449138181e+00,4.214584355243633951e+00
-2.043593585491180420e+00,9.132591784000396729e-01,4.082296967506408691e+00
1.889190898142516506e+00,7.342318945716310719e-01,4.754226684570312500e+00
-1.191281080245971680e+00,9.132591933012008667e-01,3.443062305450439453e+00
-7.651248723268508911e-01,9.132591933012008667e-01,3.443062305450439453e+00
-3.389686644077301025e-01,1.339415431022644043e+00,3.443062305450439453e+00
-7.651248723268508911e-01,9.132591933012008667e-01,3.869218587875366211e+00
-7.651248723268508911e-01,1.339415431022644043e+00,3.443062305450439453e+00
-1.723976373672485352e+00,1.019798249006271362e+00,3.762679576873779297e+00
-1.754760921182179079e+00,1.621779111055369871e+00,3.894966964611004112e+00
-1.510898292064666748e+00,1.232876360416412354e+00,4.188835978507995605e+00
-2.567731314027764888e+00,8.961356136458715760e-01,4.714726975062304426e+00
-2.538619012169066380e+00,8.610713120988916502e-01,4.042797257998400617e+00
-1.764457617025429581e+00,1.609849534994546083e+00,-3.817729332622286975e+00
-1.654844126342478461e+00,1.731822475290021979e+00,-3.540544651766335704e+00
-1.855728464317453863e+00,1.483451178341762766e+00,-3.538777253756439478e+00
-6.929869196925555475e-01,2.075390838015339856e+00,-3.547363243478194761e+00
-6.929869196925555475e-01,2.075390838015339856e+00,-3.121206961053268003e+00
-3.389686644077301025e-01,1.339415431022644043e+00,-3.375437259674072266e+00
-3.816359344352424077e-01,2.154629160460737047e+00,-3.550890784089402175e+00
-3.816359344352424077e-01,2.154629160460737047e+00,-3.124734501664475417e+00
5.133438110351562500e-01,-7.913657873868942261e-01,2.164593696594238281e+00
5.133438110351562500e-01,-3.652095496654510498e-01,2.590749859809875488e+00
5.133438110351562500e-01,-7.913657873868942261e-01,2.590749859809875488e+00
9.394999742507934570e-01,-7.913657873868942261e-01,2.164593696594238281e+00
9.394999742507934570e-01,-3.652095496654510498e-01,2.590749859809875488e+00
9.394999742507934570e-01,-3.652095496654510498e-01,2.164593696594238281e+00
9.394999742507934570e-01,-7.913657873868942261e-01,-8.184998184442520142e-01
8.424479041320976913e-01,2.050601078319313153e+00,2.919956322839704299e+00
6.861736804313671723e-01,2.106902283183321067e+00,3.178283950904320143e+00
-2.400992607320155070e+00,1.144033060492758214e+00,3.521718371129535008e+00
1.365656137466430664e+00,-3.652095496654510498e-01,-2.523124694824218750e+00
1.365656137466430664e+00,-7.913657873868942261e-01,-2.096968412399291992e+00
9.394999742507934570e-01,-3.652095496654510498e-01,-2.523124694824218750e+00
-1.191281080245971680e+00,-3.652095496654510498e-01,8.861249238252639771e-01
-7.651248723268508911e-01,-3.652095496654510498e-01,8.861249238252639771e-01
-7.651248723268508911e-01,-3.652095496654510498e-01,4.599687159061431885e-01
-7.651248723268508911e-01,6.094670295715332031e-02,8.861249238252639771e-01
-3.389686644077301025e-01,6.094670295715332031e-02,8.861249238252639771e-01
-7.651248723268508911e-01,6.094670295715332031e-02,1.312281131744384766e+00
1.898351430892944336e+00,3.805638998746871948e-01,4.188835978507995605e+00
1.365656137466430664e+00,6.094670295715332031e-02,3.869218587875366211e+00
2.182642438061328072e+00,2.199536482940313287e-01,3.623930963972449071e+00
1.859742503730467567e+00,-1.538746180551539888e+00,2.412867602818922208e-01
1.633184195029977914e+00,-1.769288148475691047e+00,2.404134033683575922e-01
1.752009256920748603e+00,-1.660831156045511348e+00,5.191346191989496539e-01
-3.389686644077301025e-01,-7.913657873868942261e-01,4.599687159061431885e-01
-7.651248723268508911e-01,-7.913657873868942261e-01,4.599687159061431885e-01
-7.651248723268508911e-01,-1.217522025108337402e+00,4.599687159061431885e-01
-3.389686644077301025e-01,-1.217522025108337402e+00,8.861249238252639771e-01
-7.651248723268508911e-01,-1.217522025108337402e+00,8.861249238252639771e-01
-3.389686644077301025e-01,-7.913657873868942261e-01,8.861249238252639771e-01
1.631662167049451551e+00,-1.770532872203220087e+00,1.222402004087594252e+00
1.412602475593228712e+00,1.980214989467524056e+00,1.234006006743404660e+00
9.394999742507934570e-01,1.339415431022644043e+00,1.312281131744384766e+00
1.269135509760846992e+00,2.050375519364092014e+00,1.512563175445773345e+00
1.659412973754762488e-01,-2.532170706482854694e+00,-3.843591350749091085e+00
4.875925385205416296e-01,-2.517035874773304815e+00,-3.841117119185875950e+00
3.810534679143099401e-01,-2.623574885774891730e+00,-4.160734509818505344e+00
4.068047404289245605e-01,-2.176373481750488281e+00,-4.121210932731628418e+00
5.940222676924454548e-02,-2.638709717484441608e+00,-4.163208741381720479e+00
-1.028552757324676215e+00,1.435525894636391353e-01,-4.400796771049499512e+00
-7.651248723268508911e-01,6.094670295715332031e-02,-3.801593542098999023e+00
-1.191281080245971680e+00,6.094670295715332031e-02,-3.801593542098999023e+00
1.888683765171084605e+00,1.561846740197688543e+00,3.623807891024153349e+00
1.773490290876326148e+00,1.699492118767581994e+00,3.898932282222263623e+00
1.269135509760846992e+00,2.050375519364092014e+00,1.938719457870700102e+00
-2.043593645095825195e+00,-3.652095496654510498e-01,-8.184998184442520142e-01
-1.617437362670898438e+00,-3.652095496654510498e-01,-8.184998184442520142e-01
-1.617437362670898438e+00,-3.652095496654510498e-01,-3.923437893390655518e-01
-1.617437362670898438e+00,-7.913657873868942261e-01,-8.184998184442520142e-01
-1.191281080245971680e+00,-7.913657873868942261e-01,-8.184998184442520142e-01
-1.617437362670898438e+00,-7.913657873868942261e-01,-1.244655847549438477e+00
1.365656137466430664e+00,1.339415431022644043e+00,-3.375437259674072266e+00
9.394999742507934570e-01,1.339415431022644043e+00,-2.949280977249145508e+00
1.403059645513710540e+00,1.985483713091564129e+00,-3.127761390383669848e+00
2.057012774842720049e+00,1.271053201479857009e+00,2.464461362386618504e-01
1.895859921954986760e+00,1.552064629163249387e+00,2.474407371251392540e-01
2.057012774842720049e+00,1.271053201479857009e+00,-1.797101163839425197e-01
1.895859921954986760e+00,1.552064629163249387e+00,-1.787155154974651161e-01
1.365656137466430664e+00,1.339415431022644043e+00,3.381246328353881836e-02
8.718757331371307373e-02,-7.913657873868942261e-01,-2.949280977249145508e+00
3.002656996250152588e-01,-1.004443913698196411e+00,-3.588515400886535645e+00
5.133438110351562500e-01,-7.913657873868942261e-01,-3.375437259674072266e+00
5.133438110351562500e-01,-7.913657873868942261e-01,-3.801593542098999023e+00
5.133438110351562500e-01,-3.652095496654510498e-01,-3.375437259674072266e+00
3.002656996250152588e-01,-5.782876759767532349e-01,-3.588515400886535645e+00
8.718757331371307373e-02,4.871029555797576904e-01,-3.375437259674072266e+00
-1.258905380964279175e-01,7.001810818910598755e-01,-3.162359118461608887e+00
-7.414999818579428581e-01,-2.421567189959537458e+00,3.171121377109678452e+00
-3.389686644077301025e-01,-2.069834470748901367e+00,3.443062305450439453e+00
-7.414999818579428581e-01,-2.421567189959537458e+00,3.597277659534605210e+00
-4.285390200620091683e-01,-2.512378121049168023e+00,3.602908574055597057e+00
-4.285390200620091683e-01,-2.512378121049168023e+00,3.176752291630670300e+00
1.789862688627955389e+00,1.681870918929875725e+00,-2.424930905192979491e+00
1.674856272671437774e+00,1.794821062064061223e+00,-2.144900381667613321e+00
5.133438110351562500e-01,-1.643678247928619385e+00,3.869218587875366211e+00
8.718757331371307373e-02,-2.069834470748901367e+00,3.869218587875366211e+00
-1.935149729251861572e-02,-1.750217318534851074e+00,4.188835978507995605e+00
4.068047404289245605e-01,-1.324061095714569092e+00,4.188835978507995605e+00
-8.810029415739093483e-01,-2.355425193896518277e+00,3.873798834159994708e+00
-7.651248723268508911e-01,-1.643678247928619385e+00,3.869218587875366211e+00
-1.025582237611554426e+00,-2.266621898171733207e+00,3.593351208257614005e+00
-1.191281080245971680e+00,-7.913657873868942261e-01,3.016906023025512695e+00
-1.617437362670898438e+00,-3.652095496654510498e-01,2.590749859809875488e+00
-1.191281080245971680e+00,-7.913657873868942261e-01,2.590749859809875488e+00
2.500009410807932042e+00,4.210650540423125920e-01,4.754226684570312500e+00
3.002656996250152588e-01,-5.782876759767532349e-01,1.951515555381774902e+00
-1.258905380964279175e-01,-5.782876759767532349e-01,1.951515555381774902e+00
8.718757331371307373e-02,-3.652095496654510498e-01,2.164593696594238281e+00
5.133438110351562500e-01,-3.652095496654510498e-01,1.738437414169311523e+00
8.718757331371307373e-02,-3.652095496654510498e-01,1.738437414169311523e+00
3.002656996250152588e-01,-5.782876759767532349e-01,1.525359272956848145e+00
-2.150132656097412109e+00,5.936420112848281860e-01,3.762679576873779297e+00
-2.432080001167479466e+00,7.545322563938211546e-01,4.149336268999987531e+00
-1.937054574489593506e+00,8.067201226949691772e-01,4.188835978507995605e+00
-2.325540930561247777e+00,1.074149423509032530e+00,4.468953659632616926e+00
-2.497391052700497216e+00,-4.520888521738578580e-01,3.965779677656735114e+00
-2.603930063702084130e+00,-7.717060192890693449e-01,3.859240666655148200e+00
-2.150132656097412109e+00,-6.848267167806625366e-01,3.762679576873779297e+00
-2.150132656097412109e+00,-6.848267167806625366e-01,3.975757718086242676e+00
-2.603930063702084130e+00,-7.717060192890693449e-01,4.072318807867612023e+00
2.151721337134407275e+00,5.474471277187051843e-01,-3.130279135119852008e+00
1.898351430892944336e+00,1.674857661128044128e-01,-3.268898248672485352e+00
2.684416630560920947e+00,2.278299382517519067e-01,-3.449896406543191851e+00
2.684416630560920947e+00,4.409080720136346887e-01,-2.810661863696512164e+00
1.898351430892944336e+00,3.805638998746871948e-01,-2.629663705825805664e+00
-1.853491131988965535e+00,1.486905297826887296e+00,-2.132608514229906937e+00
-1.760917133246209243e+00,1.614234296142663450e+00,-2.409944996059047995e+00
2.057199374742991527e+00,1.270626606225353061e+00,8.046525538822839607e-01
2.057199374742991527e+00,8.444703685039099961e-01,8.046525538822839607e-01
1.365656137466430664e+00,9.132591933012008667e-01,4.599687159061431885e-01
1.984076481796485769e+00,1.415866255970600118e+00,5.269235789768287326e-01
1.984076481796485769e+00,9.897100182491569420e-01,5.269235789768287326e-01
5.133438110351562500e-01,4.871029555797576904e-01,-8.184998184442520142e-01
5.133438110351562500e-01,9.132591933012008667e-01,-3.923437893390655518e-01
5.133438110351562500e-01,9.132591933012008667e-01,-8.184998184442520142e-01
8.718757331371307373e-02,4.871029555797576904e-01,-8.184998184442520142e-01
8.718757331371307373e-02,9.132591933012008667e-01,-3.923437893390655518e-01
-2.186757588009105469e+00,1.358962692935428818e+00,4.489341382560355420e+00
-2.497382760047886840e+00,5.130809586492506291e-01,-2.880890488624576751e+00
-2.521796822547912598e+00,2.435514777898784844e-01,-3.037140488624576307e+00
-2.521796822547912598e+00,2.435514777898784844e-01,-2.724640488624577195e+00
1.365656137466430664e+00,4.871029555797576904e-01,8.861249238252639771e-01
9.394999742507934570e-01,4.871029555797576904e-01,8.861249238252639771e-01
1.365656137466430664e+00,6.094670295715332031e-02,4.599687159061431885e-01
-2.542627811573535013e+00,-1.002000093628121480e+00,4.264101372453498406e+00
-2.256671667098999023e+00,-7.913657724857330322e-01,4.295375108718872070e+00
-2.640950759054270236e+00,-9.130876172611703812e-01,4.722952948304938836e+00
-2.141916532971915643e+00,-9.155314075289230358e-01,-4.720414161682128906e+00
-2.637790799236629624e+00,-9.219413827792164451e-01,-4.731320970757845856e+00
9.394999742507934570e-01,6.094670295715332031e-02,1.738437414169311523e+00
9.394999742507934570e-01,4.871029555797576904e-01,1.738437414169311523e+00
5.133438110351562500e-01,4.871029555797576904e-01,1.738437414169311523e+00
1.365656137466430664e+00,-7.913657873868942261e-01,3.016906023025512695e+00
2.035223209549932299e+00,-8.314710038008633619e-01,3.188761685795492795e+00
2.035223209549932299e+00,-1.257627241522306427e+00,3.188761685795492795e+00
2.094144662513743871e+00,-1.116880557661151130e+00,2.915704270938108245e+00
2.094144662513743871e+00,-6.907243199397078426e-01,2.915704270938108245e+00
1.551041181012105419e+00,1.892902708824736324e+00,1.938600918729391109e+00
1.677842503434596289e+00,1.792181000153718839e+00,2.217102950268875716e+00
1.413820972231320194e+00,1.979535709957696010e+00,2.217994626407808312e+00
-2.581270503578003250e+00,8.570974839933960254e-01,-4.719401279283272466e+00
-2.339080120111486139e+00,1.035111293856556980e+00,-4.439815440965401372e+00
-2.072705887349878928e+00,9.483234799470195986e-01,-4.720414161682128906e+00
-2.442420098262432226e+00,1.159006923414465540e+00,-4.714582071070262614e+00
-1.706302913936296850e+00,-9.787165916015192479e-01,4.754226684570312500e+00
-1.673348050140648802e+00,-6.429561492366270281e-01,4.754226684570312500e+00
2.054059958107921524e+00,8.516000823947019738e-01,3.626195982204419632e+00
2.104307825507416574e+00,7.225037729938561526e-01,3.899918358473508206e+00
2.104307825507416574e+00,1.148660010715299329e+00,3.899918358473508206e+00
1.365656137466430664e+00,9.132591933012008667e-01,3.869218587875366211e+00
2.054059958107921524e+00,1.277756320116145261e+00,3.626195982204419632e+00
-2.536649414322032836e+00,-1.018606351290091361e+00,1.343021997309449267e+00
-6.308786449950429809e-01,-1.357420799404805534e+00,4.754226684570312500e+00
-4.328399487624420283e-01,-1.593348163513582438e+00,4.754226684570312500e+00
-2.521796822547912598e+00,2.435514777898784844e-01,-2.298484206199650437e+00
-2.521796822547912598e+00,2.435514777898784844e-01,-1.985984206199651769e+00
-2.222964826289186124e+00,-1.527788794110047199e+00,1.318904581600343073e+00
-2.326094912867907816e+00,-1.405202112223187028e+00,1.592565399081638411e+00
-1.793399619441393922e+00,-1.511741182829418717e+00,1.486026328475406721e+00
-1.723976373672485352e+00,-1.110982954502105713e+00,1.418820202350616455e+00
-2.043593585491180420e+00,-1.004443883895874023e+00,4.295375108718872070e+00
-2.406709602669726333e+00,-1.286926030394878406e+00,4.272268147571654850e+00
2.208296823783532759e+00,-9.886770278535195189e-01,-3.948299846300252547e+00
2.142594158623472467e+00,-1.149351476337823641e+00,-3.664221633560246438e+00
2.634453046603814741e+00,-5.625207975826569395e-01,-3.735221705087789168e+00
2.568750381443754449e+00,-7.231952460669610616e-01,-3.451143492347783059e+00
2.004890501499176025e+00,-5.782876536250114441e-01,-3.801593661308288574e+00
-1.191281080245971680e+00,-1.217522025108337402e+00,-3.375437259674072266e+00
-1.617437362670898438e+00,-7.913657873868942261e-01,-3.375437259674072266e+00
-1.381846055919121685e+00,-1.207191226285360131e+00,-4.720414161682128906e+00
-1.493224772723833471e+00,-9.787165916015192479e-01,-4.720414161682128906e+00
-1.245035275728678670e+00,-9.029453210964628607e-01,-4.720414161682128906e+00
1.268604067347734787e+00,2.050601078319313153e+00,2.919956322839704299e+00
1.365656137466430664e+00,9.132591933012008667e-01,-3.801593542098999023e+00
9.394999742507934570e-01,9.132591933012008667e-01,-3.375437259674072266e+00
1.365656137466430664e+00,9.132591933012008667e-01,-3.375437259674072266e+00
3.928058297404882770e-01,2.682642733145481184e+00,-4.720414161682128906e+00
2.706730297891267512e+00,2.991909497207298485e-01,-4.720414161682128906e+00
2.500009410807932042e+00,4.210650540423125920e-01,-4.720414161682128906e+00
-2.497382760047986316e+00,5.130809586487065088e-01,2.914703011512753239e+00
-2.441985168898242797e+00,7.263196011065637947e-01,2.864130989410598183e+00
-2.034141538112563374e+00,7.245771893592096724e-01,2.780586517758310450e+00
-2.432533061914980976e+00,9.637938348860158877e-01,2.627811484143395937e+00
-2.487930653064724051e+00,7.505551924281586018e-01,2.678383506245550993e+00
-5.777970167497978871e-01,-2.478274693400317918e+00,-3.842133148174745827e+00
-4.712579535941467945e-01,-2.584813704401904833e+00,-4.161750538807375221e+00
-2.324296012520790100e-01,-2.176373481750488281e+00,-4.121210932731628418e+00
-2.602149403459669275e-01,-2.532170706482854694e+00,-3.843591350749091085e+00
-1.536758771903158349e-01,-2.638709717484441608e+00,-4.163208741381720479e+00
-2.150132656097412109e+00,5.936420112848281860e-01,-3.695054531097412109e+00
-2.150132656097412109e+00,5.936420112848281860e-01,-3.268898248672485352e+00
-2.043593645095825195e+00,4.871029555797576904e-01,-3.375437259674072266e+00
-1.617437362670898438e+00,4.871029555797576904e-01,-3.801593542098999023e+00
-1.617437362670898438e+00,4.871029555797576904e-01,-3.375437259674072266e+00
3.002656996250152588e-01,-5.782876759767532349e-01,-1.457733988761901855e+00
3.002656996250152588e-01,-1.004443913698196411e+00,-1.457733988761901855e+00
5.133438110351562500e-01,-7.913657873868942261e-01,-1.244655847549438477e+00
8.718757331371307373e-02,-3.652095496654510498e-01,-1.244655847549438477e+00
8.718757331371307373e-02,-7.913657873868942261e-01,-1.244655847549438477e+00
-1.258905380964279175e-01,-5.782876759767532349e-01,-1.457733988761901855e+00
-1.191281080245971680e+00,-7.913657873868942261e-01,-3.801593542098999023e+00
-7.651248723268508911e-01,-7.913657873868942261e-01,-3.801593542098999023e+00
-8.716639429330825806e-01,-6.848267167806625366e-01,-4.121210932731628418e+00
6.460781067533486466e-01,-1.071496143378567467e+00,-4.720414161682128906e+00
7.674414628939195682e-01,-7.724914169791139429e-01,-4.720414161682128906e+00
1.955446145085551812e+00,-1.402765566534357466e+00,-2.430914028085704892e+00
1.861626698381756206e+00,-1.536356716909639708e+00,-2.578563829876587832e+00
1.861626698381756206e+00,-1.536356716909639708e+00,-2.152407547451661074e+00
9.394999742507934570e-01,-1.217522025108337402e+00,-2.949280977249145508e+00
9.394999742507934570e-01,-1.217522025108337402e+00,-2.523124694824218750e+00
5.133438110351562500e-01,-7.913657873868942261e-01,-2.949280977249145508e+00
-2.521796822547912598e+00,-1.826047748327258857e-01,-2.724640488624577195e+00
-2.521796822547912598e+00,-1.826047748327258857e-01,-3.037140488624576307e+00
-2.494846732014690538e+00,-4.656665423321819652e-01,-2.878791713300456578e+00
3.002656996250152588e-01,-1.004443913698196411e+00,-1.883890271186828613e+00
3.002656996250152588e-01,-5.782876759767532349e-01,-1.883890271186828613e+00
5.133438110351562500e-01,-7.913657873868942261e-01,-2.096968412399291992e+00
8.718757331371307373e-02,-1.217522025108337402e+00,-2.096968412399291992e+00
8.718757331371307373e-02,-7.913657873868942261e-01,-2.096968412399291992e+00
-1.258905380964279175e-01,-1.004443913698196411e+00,-1.883890271186828613e+00
-1.617437362670898438e+00,-3.652095496654510498e-01,-3.801593542098999023e+00
-1.510898292064666748e+00,-1.110982954502105713e+00,-4.121210932731628418e+00
-1.937054574489593506e+00,-6.848267167806625366e-01,-4.121210932731628418e+00
1.517598399231890660e+00,-1.855018809046986128e+00,3.883406448549263867e+00
1.632948050920252525e+00,-1.769481486849726393e+00,3.600011522133605979e+00
-1.258905380964279175e-01,1.126337319612503052e+00,-3.162359118461608887e+00
8.718757331371307373e-02,9.132591933012008667e-01,-2.949280977249145508e+00
8.718757331371307373e-02,1.339415431022644043e+00,-2.949280977249145508e+00
-1.886426131748467405e+00,-4.298780378264860369e-01,-4.720414161682128906e+00
-1.779887120746880491e+00,-3.233389821214155413e-01,-4.400796771049499512e+00
-2.043593585491180420e+00,-7.913657724857330322e-01,-4.440828323364257812e+00
1.049856554466053637e+00,-2.475067077819395944e+00,-3.667659386006397071e+00
1.516925329294621871e+00,-1.855469382592630279e+00,-3.841867794569398420e+00
1.369473647075459155e+00,-1.942371843997527048e+00,-3.561120255795520606e+00
1.046039044857025146e+00,-1.750217258930206299e+00,-3.908132672309875488e+00
-3.389686644077301025e-01,9.132591933012008667e-01,-2.949280977249145508e+00
9.394999742507934570e-01,-1.217522025108337402e+00,-3.923437893390655518e-01
9.394999742507934570e-01,-1.217522025108337402e+00,-8.184998184442520142e-01
5.133438110351562500e-01,-1.217522025108337402e+00,-8.184998184442520142e-01
5.133438110351562500e-01,-7.913657873868942261e-01,-3.923437893390655518e-01
5.133438110351562500e-01,-7.913657873868942261e-01,-8.184998184442520142e-01
2.686455004067235919e+00,4.308833203297462999e-01,-1.059518190624333833e+00
2.645719873791126275e+00,5.892711291512203742e-01,-1.336763396580878727e+00
2.588928275148096425e+00,7.401367417564788109e-01,-1.058463237469906115e+00
-3.389686644077301025e-01,4.871029555797576904e-01,-2.523124694824218750e+00
-3.389686644077301025e-01,6.094670295715332031e-02,-2.096968412399291992e+00
-7.556559955539036144e-01,3.716401937078892548e-01,-2.433167347116514279e+00
-2.339080120111486139e+00,8.220331824464160997e-01,-4.439815440965401372e+00
-1.830515503883361816e+00,9.132591784000396729e-01,-4.440828323364257812e+00
4.609926907444215627e-01,-8.271849505336440478e-01,2.951696828065836886e+00
8.718757331371307373e-02,-3.652095496654510498e-01,2.590749859809875488e+00
1.787887634408961590e+00,-7.061282130228561105e-01,4.541148424148559570e+00
1.787887634408961590e+00,-7.061282130228561105e-01,4.754226684570312500e+00
1.681348563802729901e+00,-3.865110459076446237e-01,4.434609293937683105e+00
-2.356103233903447780e+00,9.288444083061021539e-01,2.917589890279198350e+00
-2.294453596318568156e+00,1.037494004787687718e+00,3.202101099706195164e+00
-1.617437362670898438e+00,9.132591933012008667e-01,3.016906023025512695e+00
5.133438110351562500e-01,1.339415431022644043e+00,2.590749859809875488e+00
5.326666947929403761e-01,2.144098056056473744e+00,2.491642073999724261e+00
5.326666947929403761e-01,2.144098056056473744e+00,2.917798237215361468e+00
6.907203323830675146e-01,2.105535686800220407e+00,2.643020113235788671e+00
6.907203323830675146e-01,2.105535686800220407e+00,2.216863950020151464e+00
-1.109976445396845701e+00,2.078770729200248191e+00,2.641545752405853431e+00
-6.838202374777250236e-01,2.078770729200248191e+00,2.215389589190216224e+00
-6.838202374777250236e-01,2.078770729200248191e+00,2.641545752405853431e+00
-1.886426131748467405e+00,-4.298780378264860369e-01,4.754226684570312500e+00
5.133438110351562500e-01,6.094670295715332031e-02,1.312281131744384766e+00
5.133438110351562500e-01,6.094670295715332031e-02,1.738437414169311523e+00
8.718757331371307373e-02,4.871029555797576904e-01,1.312281131744384766e+00
8.718757331371307373e-02,4.871029555797576904e-01,1.738437414169311523e+00
8.718757331371307373e-02,6.094670295715332031e-02,1.312281131744384766e+00
-2.400961299286176853e+00,1.048250520100795669e+00,2.409893993864598905e+00
-2.263406043109815968e+00,1.308579670366537773e+00,2.408062166989648034e+00
-2.140680549114150288e+00,8.311162450642801680e-01,2.247891283936441553e+00
-2.516952417271026032e+00,9.173153420264141822e-01,2.113518265309932254e+00
1.014894256798830163e+00,5.253267810535134918e-01,4.434609293937683105e+00
1.141678527718194669e+00,8.123796779034730964e-01,4.434609293937683105e+00
1.321655224928564909e+00,5.696977887661860418e-01,4.434609293937683105e+00
-3.389686644077301025e-01,-2.069834470748901367e+00,-2.523124694824218750e+00
-8.797965346172224033e-01,-2.356074521658974241e+00,-2.858477749410996971e+00
-8.797965346172224033e-01,-2.356074521658974241e+00,-2.432321466986070213e+00
-1.305952742536343081e+00,-1.929918298838692037e+00,-2.432321466986070213e+00
-7.651248723268508911e-01,-1.643678247928619385e+00,-2.523124694824218750e+00
1.054609140401640277e-01,-1.322537501012841288e+00,4.754226684570312500e+00
8.718756586313247681e-02,-1.430600166320800781e+00,4.508453369140625000e+00
2.317441742456715637e-01,-1.029345520008971171e+00,4.754226684570312500e+00
-6.585858091711997986e-01,1.659032583236694336e+00,-4.121210932731628418e+00
-5.002783721779895387e-01,2.115798955754771171e+00,-4.720414161682128906e+00
-1.032973643252761420e+00,1.796181803540720656e+00,-4.400796771049499512e+00
2.182642438061328072e+00,-2.062026043285730414e-01,3.197774681547522313e+00
1.365656137466430664e+00,-3.652095496654510498e-01,3.443062305450439453e+00
1.365656137466430664e+00,6.094670295715332031e-02,3.443062305450439453e+00
1.365656137466430664e+00,6.094670295715332031e-02,3.016906023025512695e+00
-3.389686644077301025e-01,6.094670295715332031e-02,4.599687159061431885e-01
8.718757331371307373e-02,-3.652095496654510498e-01,4.599687159061431885e-01
8.718757331371307373e-02,6.094670295715332031e-02,4.599687159061431885e-01
-3.389686644077301025e-01,4.871029555797576904e-01,8.861249238252639771e-01
8.718757331371307373e-02,6.094670295715332031e-02,8.861249238252639771e-01
-1.723976373672485352e+00,1.019798249006271362e+00,3.336523294448852539e+00
-1.868297313893641398e+00,1.463650242509130894e+00,3.628257382131121922e+00
-7.651248723268508911e-01,-3.652095496654510498e-01,3.381246328353881836e-02
-1.191281080245971680e+00,-3.652095496654510498e-01,3.381246328353881836e-02
-1.191281080245971680e+00,6.094670295715332031e-02,3.381246328353881836e-02
-7.651248723268508911e-01,6.094670295715332031e-02,3.381246328353881836e-02
-2.703210623354359132e+00,-1.308570411361268671e-01,4.687499999999999112e+00
-1.191281080245971680e+00,9.132591933012008667e-01,-2.096968412399291992e+00
-7.651248723268508911e-01,9.132591933012008667e-01,-2.096968412399291992e+00
-7.651248723268508911e-01,1.339415431022644043e+00,-2.096968412399291992e+00
-7.651248723268508911e-01,9.132591933012008667e-01,-1.670812129974365234e+00
-3.389686644077301025e-01,9.132591933012008667e-01,-1.670812129974365234e+00
5.133438110351562500e-01,-2.069834470748901367e+00,-8.184998184442520142e-01
5.133438110351562500e-01,-1.643678247928619385e+00,-1.244655847549438477e+00
5.133438110351562500e-01,-1.643678247928619385e+00,-8.184998184442520142e-01
9.394999742507934570e-01,-1.643678247928619385e+00,-8.184998184442520142e-01
9.394999742507934570e-01,-1.217522025108337402e+00,-1.244655847549438477e+00
9.394999742507934570e-01,-1.643678247928619385e+00,-1.244655847549438477e+00
3.002656996250152588e-01,-1.004443913698196411e+00,-1.792656630277633667e-01
-1.258905380964279175e-01,-1.004443913698196411e+00,-1.792656630277633667e-01
8.718757331371307373e-02,-1.217522025108337402e+00,-3.923437893390655518e-01
8.718757331371307373e-02,-1.217522025108337402e+00,3.381246328353881836e-02
-3.389686644077301025e-01,-1.217522025108337402e+00,3.381246328353881836e-02
-1.191281080245971680e+00,1.339415431022644043e+00,-1.670812129974365234e+00
-1.191281080245971680e+00,9.132591933012008667e-01,-1.244655847549438477e+00
-1.191281080245971680e+00,9.132591933012008667e-01,-1.670812129974365234e+00
-7.651248723268508911e-01,9.132591933012008667e-01,-1.244655847549438477e+00
2.645719873791126275e+00,5.892711291512203742e-01,-1.975997760613624088e+00
1.898351430892944336e+00,3.805638998746871948e-01,-2.203507423400878906e+00
2.055168437170614482e+00,8.490941378536464024e-01,-2.146882134091980809e+00
-1.690269532862672452e+00,-1.634327864716278889e+00,7.862093030749905953e-01
-1.191281080245971680e+00,-1.217522025108337402e+00,8.861249238252639771e-01
-7.389178893145409432e-01,-2.422629534100769089e+00,2.360312790420127094e-01
-1.723976373672485352e+00,-4.717486053705215454e-01,7.795858532190322876e-01
-1.617437362670898438e+00,-3.652095496654510498e-01,4.599687159061431885e-01
-1.191281080245971680e+00,-7.913657873868942261e-01,4.599687159061431885e-01
2.706730297891267512e+00,2.991909497207298485e-01,4.754226684570312500e+00
1.607657524253692571e+00,-1.659867802251675073e+00,4.754226684570312500e+00
1.616609381648072885e+00,-1.383241330533425462e+00,4.754226684570312500e+00
-1.025582237611554426e+00,-2.266621898171733207e+00,3.167194925832687247e+00
-1.451738445530675214e+00,-1.840465675351451003e+00,3.167194925832687247e+00
-7.651248723268508911e-01,-1.643678247928619385e+00,3.016906023025512695e+00
-8.892758252187865642e-01,-2.350934031081614251e+00,2.894774683799693271e+00
-1.315432033137907464e+00,-1.924777808261332268e+00,2.894774683799693271e+00
-7.651248723268508911e-01,-3.652095496654510498e-01,1.312281131744384766e+00
-7.651248723268508911e-01,-3.652095496654510498e-01,1.738437414169311523e+00
-1.191281080245971680e+00,-3.652095496654510498e-01,1.738437414169311523e+00
-7.651248723268508911e-01,-7.913657873868942261e-01,1.312281131744384766e+00
-7.651248723268508911e-01,-7.913657873868942261e-01,1.738437414169311523e+00
-3.389686644077301025e-01,-7.913657873868942261e-01,1.312281131744384766e+00
-3.389686644077301025e-01,-2.069834470748901367e+00,2.590749859809875488e+00
-4.346017107236326282e-01,-2.511302271740914804e+00,2.201836564798288265e+00
-2.759670359791123184e-01,-2.531132939675375670e+00,2.480485419926782065e+00
-1.258905380964279175e-01,7.001810818910598755e-01,-3.588515400886535645e+00
-3.389686644077301025e-01,9.132591933012008667e-01,-3.375437259674072266e+00
-3.389686644077301025e-01,9.132591933012008667e-01,-3.801593542098999023e+00
-1.074432150863011137e-01,-2.533633652775289402e+00,3.603037033331569106e+00
1.656261227780372325e-01,-2.532151574229041913e+00,3.882763780382861185e+00
8.718757331371307373e-02,4.871029555797576904e-01,-3.801593542098999023e+00
-1.258905380964279175e-01,-1.004443913698196411e+00,-3.588515400886535645e+00
3.002656996250152588e-01,-1.004443913698196411e+00,-3.162359118461608887e+00
8.718757331371307373e-02,-1.217522025108337402e+00,-3.375437259674072266e+00
5.133438110351562500e-01,-1.217522025108337402e+00,-3.375437259674072266e+00
3.002656996250152588e-01,7.001810818910598755e-01,2.468905895948410034e-01
3.002656996250152588e-01,7.001810818910598755e-01,-1.792656630277633667e-01
-1.258905380964279175e-01,7.001810818910598755e-01,-1.792656630277633667e-01
-1.649287296300860683e+00,1.737335231640351862e+00,2.489853310227854166e-01
-1.649287296300860683e+00,1.737335231640351862e+00,-1.771709215998189535e-01
-1.191281080245971680e+00,1.339415431022644043e+00,3.381246328353881836e-02
-1.850007614603037975e+00,1.492242360654221667e+00,2.467791677487385371e-01
-1.850007614603037975e+00,1.492242360654221667e+00,-1.793770848738658330e-01
-1.257283850013398041e+00,2.015897943702442241e+00,2.918423007361154120e+00
-8.311276420942773635e-01,2.015897943702442241e+00,2.918423007361154120e+00
-1.258905380964279175e-01,7.001810818910598755e-01,1.951515555381774902e+00
-3.389686644077301025e-01,9.132591933012008667e-01,2.164593696594238281e+00
8.718757331371307373e-02,4.871029555797576904e-01,2.164593696594238281e+00
-1.987434445568583008e-01,2.269049555076156466e+00,-4.488690310037934950e+00
-5.731312786384199498e-01,2.406198775380183008e+00,-4.768276148355806043e+00
-6.805977168787480380e-01,2.677291665968597911e+00,-4.483668306429084538e+00
9.394999742507934570e-01,6.094670295715332031e-02,2.164593696594238281e+00
1.365656137466430664e+00,6.094670295715332031e-02,1.738437414169311523e+00
2.177049993358797231e+00,-5.107211741175662900e-02,1.506455419391123041e+00
2.182488870312144336e+00,2.116535122176974038e-01,1.226794857494710733e+00
2.182488870312144336e+00,-2.145027404049069664e-01,1.226794857494710733e+00
9.394999742507934570e-01,-1.643678247928619385e+00,-3.923437893390655518e-01
1.077285587087289942e+00,-2.290541855083941591e+00,-4.656715049249635641e-01
1.503441750302927149e+00,-1.864385632263659609e+00,-4.656715049249635641e-01
1.046039044857025146e+00,-1.750217258930206299e+00,-7.272659987211227417e-02
1.183824657693521631e+00,-2.397080866085528505e+00,-1.460543154580102865e-01
6.198828816413879395e-01,-2.176373481750488281e+00,-7.272659987211227417e-02
2.177049993358797231e+00,-5.107211741175662900e-02,1.932611701816049798e+00
1.077285587087289942e+00,-2.290541855083941591e+00,-8.918275340301500265e-01
9.376618557338128879e-01,-2.371424881332560908e+00,-1.171181524452727718e+00
1.363818018949450206e+00,-1.945268658512279147e+00,-1.171181524452727718e+00
1.503441750302927149e+00,-1.864385632263659609e+00,-8.918275340301500265e-01
2.306281038738809686e-01,-2.639294859736852850e+00,4.476169051249282660e+00
3.859465261185746066e-01,-2.622804248379355663e+00,4.206255682563487142e+00
5.514656459384033038e-01,-2.586770044411993652e+00,4.475393024305885703e+00
9.394999742507934570e-01,-1.643678247928619385e+00,3.016906023025512695e+00
1.046039044857025146e+00,-1.750217258930206299e+00,2.910367012023925781e+00
6.198828816413879395e-01,-2.176373481750488281e+00,2.910367012023925781e+00
5.675317613506531966e-01,-1.786036422076956232e+00,2.845157817064249972e+00
8.871488539600587142e-01,-1.253341188255087335e+00,2.951696828065836886e+00
-1.665225993693180584e+00,1.721366860629663487e+00,4.166350193492815990e+00
-1.984843205511875652e+00,1.614827790023431797e+00,4.485967584125445384e+00
-1.287285740952974988e+00,1.665289345380567942e+00,4.434609293937683105e+00
-1.606902952771670057e+00,1.558750274774336253e+00,4.754226684570312500e+00
-1.761230654400183893e+00,2.047240774987587386e+00,4.731740899555132884e+00
2.130782985049060607e-01,2.169074114170310708e+00,5.297082968430708583e-01
3.732963833989185187e-01,2.165167086794575813e+00,2.504603186624843048e-01
9.394999742507934570e-01,-1.217522025108337402e+00,1.312281131744384766e+00
9.394999742507934570e-01,-7.913657873868942261e-01,8.861249238252639771e-01
1.365656137466430664e+00,-7.913657873868942261e-01,8.861249238252639771e-01
1.365656137466430664e+00,-1.217522025108337402e+00,8.861249238252639771e-01
2.182522499168952468e+00,-2.128804304000304626e-01,2.211518085707794512e+00
2.170530194994588769e+00,-3.742878035999803177e-01,1.930840787426736815e+00
2.674069368622536302e+00,-2.131925850630005392e-01,-1.059858279184009433e+00
2.431046724319458008e+00,6.094671040773391724e-02,-8.184998035430908203e-01
2.674069368622536302e+00,-4.262707188248833212e-01,-8.467803763901251557e-01
2.715243396334587889e+00,-1.050453440860737719e-01,-8.476051115191558516e-01
-1.191281080245971680e+00,6.094670295715332031e-02,3.443062305450439453e+00
-7.651248723268508911e-01,6.094670295715332031e-02,3.443062305450439453e+00
-7.651248723268508911e-01,4.871029555797576904e-01,3.443062305450439453e+00
-1.191281080245971680e+00,6.094670295715332031e-02,3.869218587875366211e+00
-1.191281080245971680e+00,4.871029555797576904e-01,3.443062305450439453e+00
3.002656996250152588e-01,-5.782876759767532349e-01,3.656140446662902832e+00
5.133438110351562500e-01,-7.913657873868942261e-01,3.869218587875366211e+00
3.002656996250152588e-01,-1.004443913698196411e+00,3.656140446662902832e+00
3.002656996250152588e-01,-5.782876759767532349e-01,3.229984164237976074e+00
5.133438110351562500e-01,-7.913657873868942261e-01,3.443062305450439453e+00
9.394999742507934570e-01,-1.217522025108337402e+00,3.869218587875366211e+00
1.046039044857025146e+00,-1.324061095714569092e+00,4.188835978507995605e+00
1.472195208072662354e+00,-1.324061095714569092e+00,4.188835978507995605e+00
5.133438110351562500e-01,-7.913657873868942261e-01,1.738437414169311523e+00
3.002656996250152588e-01,-1.004443913698196411e+00,1.951515555381774902e+00
-2.596123014123426831e+00,6.592843118004665381e-01,2.088965499897175171e+00
-3.389686644077301025e-01,-2.069834470748901367e+00,1.738437414169311523e+00
-7.651248723268508911e-01,-1.643678247928619385e+00,1.738437414169311523e+00
-7.651248723268508911e-01,-1.217522025108337402e+00,1.738437414169311523e+00
-3.389686644077301025e-01,-1.643678247928619385e+00,1.312281131744384766e+00
-3.389686644077301025e-01,-1.643678247928619385e+00,1.738437414169311523e+00
3.002656996250152588e-01,1.126337319612503052e+00,-1.792656630277633667e-01
3.002656996250152588e-01,1.126337319612503052e+00,2.468905895948410034e-01
5.133438110351562500e-01,1.339415431022644043e+00,3.381246328353881836e-02
8.718757331371307373e-02,1.339415431022644043e+00,-3.923437893390655518e-01
8.718757331371307373e-02,1.339415431022644043e+00,3.381246328353881836e-02
-1.258905380964279175e-01,1.126337319612503052e+00,-1.792656630277633667e-01
6.908100179018872300e-01,2.105508571958826902e+00,8.075927945414194120e-01
5.133438110351562500e-01,1.339415431022644043e+00,8.861249238252639771e-01
9.394999742507934570e-01,1.339415431022644043e+00,8.861249238252639771e-01
9.394999742507934570e-01,9.132591933012008667e-01,1.312281131744384766e+00
5.133438110351562500e-01,9.132591933012008667e-01,8.861249238252639771e-01
5.133438110351562500e-01,9.132591933012008667e-01,1.312281131744384766e+00
-3.078211027166182223e-01,-2.621333209533855069e+00,-4.440845119995466384e+00
-2.521796822547912598e+00,2.435514777898784844e-01,2.299843579530631565e-01
-2.043593645095825195e+00,4.871029555797576904e-01,3.381246328353881836e-02
-2.150132656097412109e+00,5.936420112848281860e-01,1.403515264391899109e-01
-2.603921771049499512e+00,6.196200143541780170e-01,6.661716848611076713e-02
1.888683765171084605e+00,1.561846740197688543e+00,3.197651608599226591e+00
-1.877154994878899918e+00,-1.388325443664036651e+00,2.318124566494228489e-01
-2.303311277303826898e+00,-9.621692059425933641e-01,2.318124566494228489e-01
-1.015986827494231193e+00,-2.273236065671068395e+00,-3.136428422780646486e+00
-3.389686644077301025e-01,-3.652095496654510498e-01,8.861249238252639771e-01
8.718757331371307373e-02,-3.652095496654510498e-01,1.312281131744384766e+00
8.718757331371307373e-02,-3.652095496654510498e-01,8.861249238252639771e-01
-3.389686644077301025e-01,6.094670295715332031e-02,1.312281131744384766e+00
1.551436812662447373e+00,1.892621796700054482e+00,2.495153044343527249e+00
-1.191281080245971680e+00,6.094670295715332031e-02,4.599687159061431885e-01
-1.191281080245971680e+00,4.871029555797576904e-01,3.381246328353881836e-02
-1.617437362670898438e+00,6.094670295715332031e-02,3.381246328353881836e-02
-1.617437362670898438e+00,6.094670295715332031e-02,4.599687159061431885e-01
7.913101730412844814e-01,-2.436402848179394454e+00,-2.860020640019122151e+00
1.079122827228854220e+00,-2.289339206393881110e+00,-2.859507233335425891e+00
9.433174838598219480e-01,-2.368528066817809030e+00,-3.134963973370593848e+00
1.365656137466430664e+00,9.132591933012008667e-01,2.164593696594238281e+00
9.394999742507934570e-01,4.871029555797576904e-01,2.164593696594238281e+00
1.365656137466430664e+00,9.132591933012008667e-01,1.738437414169311523e+00
1.365656137466430664e+00,4.871029555797576904e-01,1.738437414169311523e+00
2.170530194994588769e+00,-3.742878035999803177e-01,1.504684505001810058e+00
1.969614097084094517e+00,1.440539550116620715e+00,3.898493675888271781e+00
5.133438110351562500e-01,-1.217522025108337402e+00,1.738437414169311523e+00
5.133438110351562500e-01,-1.643678247928619385e+00,1.738437414169311523e+00
8.718757331371307373e-02,-1.217522025108337402e+00,1.738437414169311523e+00
8.718757331371307373e-02,-1.643678247928619385e+00,1.312281131744384766e+00
8.718757331371307373e-02,-1.217522025108337402e+00,1.312281131744384766e+00
3.167179017480804548e-01,-2.533714912960283616e+00,2.372345287769510591e-01
4.763972281885093252e-01,-2.518736895096330475e+00,5.159279147456432568e-01
1.544575723762084407e-01,-2.531430593183349842e+00,5.149212951097950075e-01
-2.043593645095825195e+00,6.094670295715332031e-02,-3.923437893390655518e-01
-2.521796822547912598e+00,-1.826047748327258857e-01,-1.961718946695412136e-01
-2.521796822547912598e+00,-1.826047748327258857e-01,-5.086718946695407695e-01
-2.521796822547912598e+00,2.435514777898784844e-01,-5.086718946695407695e-01
2.217968702316284180e+00,4.871029555797576904e-01,-4.440828323364257812e+00
2.283061601161187504e+00,3.777106291914515968e-01,-4.720414161682128906e+00
-7.651248723268508911e-01,-1.217522025108337402e+00,2.164593696594238281e+00
-1.191281080245971680e+00,-7.913657873868942261e-01,2.164593696594238281e+00
-7.651248723268508911e-01,-7.913657873868942261e-01,2.164593696594238281e+00
-3.389686644077301025e-01,-1.217522025108337402e+00,1.738437414169311523e+00
-1.398097285008905066e+00,1.937013192729461153e+00,8.081030821767172245e-01
-1.530024049925920338e+00,1.843133237906480204e+00,5.244742313640644582e-01
-1.259454579490464798e+00,2.014828870329218535e+00,5.287598349507742768e-01
8.718757331371307373e-02,-3.652095496654510498e-01,-8.184998184442520142e-01
8.718757331371307373e-02,-3.652095496654510498e-01,-3.923437893390655518e-01
8.718757331371307373e-02,-7.913657873868942261e-01,-8.184998184442520142e-01
2.627477577498851247e+00,-5.824107460025669258e-01,-5.694507260068828458e-01
2.564338559574630416e+00,-7.323412355407941110e-01,-2.903768737320708837e-01
2.673699723085023017e+00,-4.278066681189804932e-01,-2.896045375277207512e-01
2.094367340547019118e+00,-1.116261637309801102e+00,5.206757293329924430e-01
1.952511791286132059e+00,-1.407449465384287057e+00,5.211214586175207941e-01
2.031239585374231105e+00,-1.265865556587975060e+00,7.984791197954881348e-01
3.928058297404882770e-01,2.682642733145481184e+00,4.754226684570312500e+00
5.507674132946309697e-01,2.647910450041384589e+00,4.475926021059683180e+00
7.124907900923218573e-01,2.649849759468454913e+00,4.721699336489370680e+00
4.619890466203837587e-01,2.406745208093452160e+00,4.754226684570312500e+00
-1.191281080245971680e+00,-1.217522025108337402e+00,1.738437414169311523e+00
-1.191281080245971680e+00,-7.913657873868942261e-01,1.738437414169311523e+00
-7.651248723268508911e-01,-1.217522025108337402e+00,1.312281131744384766e+00
1.365656137466430664e+00,4.871029555797576904e-01,3.381246328353881836e-02
1.898351430892944336e+00,1.674857661128044128e-01,-4.988828450441360474e-01
1.898351430892944336e+00,1.674857661128044128e-01,-7.272659242153167725e-02
1.898351430892944336e+00,-2.586704865097999573e-01,-7.272659242153167725e-02
1.365656137466430664e+00,6.094670295715332031e-02,3.381246328353881836e-02
9.394999742507934570e-01,1.339415431022644043e+00,-2.096968412399291992e+00
5.133438110351562500e-01,1.339415431022644043e+00,-2.523124694824218750e+00
9.394999742507934570e-01,1.339415431022644043e+00,-2.523124694824218750e+00
1.365656137466430664e+00,9.132591933012008667e-01,-2.096968412399291992e+00
9.394999742507934570e-01,9.132591933012008667e-01,-2.523124694824218750e+00
9.394999742507934570e-01,9.132591933012008667e-01,-2.096968412399291992e+00
2.113679908669694907e+00,6.937325659648386766e-01,1.934508467239718366e+00
4.068047404289245605e-01,1.872110664844512939e+00,-2.416585683822631836e+00
-1.935149729251861572e-02,1.872110664844512939e+00,-2.842741966247558594e+00
8.718757331371307373e-02,1.339415431022644043e+00,-2.523124694824218750e+00
8.718757331371307373e-02,1.339415431022644043e+00,-2.096968412399291992e+00
-3.389686644077301025e-01,1.339415431022644043e+00,-2.523124694824218750e+00
-1.935149729251861572e-02,1.872110664844512939e+00,-2.416585683822631836e+00
1.365656137466430664e+00,6.094670295715332031e-02,-3.923437893390655518e-01
1.365656137466430664e+00,6.094670295715332031e-02,-8.184998184442520142e-01
9.394999742507934570e-01,6.094670295715332031e-02,-3.923437893390655518e-01
2.170736887546965477e+00,-3.726767267253479066e-01,-1.444429450520436475e+00
1.898351430892944336e+00,-4.559235274791717529e-02,-1.138116776943206787e+00
1.898351430892944336e+00,-4.559235274791717529e-02,-1.777351140975952148e+00
-2.444032605981229622e+00,4.718235621479051622e-01,2.214102328381853724e+00
-2.480131896138577652e+00,7.902194898748480245e-01,2.385341228451841822e+00
-2.104581258956801815e+00,5.127203173373373613e-01,2.076652383866453455e+00
-6.898378578078465662e-01,2.076559594136611508e+00,-2.138909772476583093e+00
-8.362403312660214860e-01,2.013373015247318598e+00,-1.860737811810940556e+00
-5.351510732179791674e-01,2.124454371983202972e+00,-1.861893667706079114e+00
-2.610719052743747159e+00,-5.183598671741957986e-01,1.018351495265954032e+00
-2.536649414322032836e+00,-8.055282398799503696e-01,1.129943856096985888e+00
5.130013965298771961e-01,2.147643841342670612e+00,3.886000697109727842e+00
8.202090072791587971e-01,2.059824953350691601e+00,3.882876192490136269e+00
4.064623259236455066e-01,2.680339075164539508e+00,4.205618087742356792e+00
7.136699366729271077e-01,2.592520187172560497e+00,4.202493583122765664e+00
4.068047404289245605e-01,1.872110664844512939e+00,4.188835978507995605e+00
2.564856230923369562e+00,-7.312762192806111505e-01,-8.486236993708606846e-01
2.141374075196022631e+00,-5.328097819805344137e-01,-1.166397349790241122e+00
2.032160937496855890e+00,-8.378152824362622431e-01,-1.168240672770976651e+00
-2.392264526675578762e-01,2.443965631754153822e+00,4.754226684570312500e+00
9.541513627950540255e-03,2.502577323954869648e+00,4.754226684570312500e+00
5.688229427038560271e-03,2.265543008659592683e+00,4.754226684570312500e+00
-7.651248723268508911e-01,1.339415431022644043e+00,-1.670812129974365234e+00
-7.097172677552022746e-01,-1.625319597514174985e+00,4.754226684570312500e+00
2.709661894251785164e+00,2.694890121594187837e-01,-7.810012290689232195e-01
2.709661894251785164e+00,5.641087839753597399e-02,-5.679233262750389422e-01
8.718757331371307373e-02,6.094670295715332031e-02,3.381246328353881836e-02
8.718757331371307373e-02,-3.652095496654510498e-01,3.381246328353881836e-02
-3.389686644077301025e-01,6.094670295715332031e-02,3.381246328353881836e-02
-3.389686644077301025e-01,4.871029555797576904e-01,3.381246328353881836e-02
8.718757331371307373e-02,-2.069834470748901367e+00,-2.949280977249145508e+00
8.718757331371307373e-02,-1.643678247928619385e+00,-2.949280977249145508e+00
5.133438110351562500e-01,-1.643678247928619385e+00,-2.949280977249145508e+00
5.133438110351562500e-01,-2.069834470748901367e+00,-3.375437259674072266e+00
5.133438110351562500e-01,-1.643678247928619385e+00,-3.375437259674072266e+00
8.718757331371307373e-02,-2.069834470748901367e+00,-3.375437259674072266e+00
2.154080438001520825e+00,5.358124329693173538e-01,-1.807559747275315765e-01
2.686775731428034497e+00,2.161952435023640762e-01,-2.872950304326020721e-01
2.646368388889631440e+00,3.741370309648429648e-01,-5.670638703300245886e-01
1.634220868869552090e+00,-1.768438441776942094e+00,-7.443702524435060752e-01
1.634220868869552090e+00,-1.768438441776942094e+00,-1.170526281548692538e+00
5.133438110351562500e-01,-1.217522025108337402e+00,-2.523124694824218750e+00
8.718757331371307373e-02,-1.217522025108337402e+00,-2.523124694824218750e+00
5.133438110351562500e-01,-7.913657873868942261e-01,-2.523124694824218750e+00
8.718757331371307373e-02,-7.913657873868942261e-01,-2.523124694824218750e+00
-1.115994065726967355e+00,2.076559594136611508e+00,-2.138909772476583093e+00
-1.262396539185142164e+00,2.013373015247318598e+00,-1.860737811810940556e+00
-7.651248723268508911e-01,-1.643678247928619385e+00,-3.375437259674072266e+00
-3.389686644077301025e-01,-1.643678247928619385e+00,-3.801593542098999023e+00
-3.389686644077301025e-01,-1.643678247928619385e+00,-3.375437259674072266e+00
1.046039044857025146e+00,-1.750217258930206299e+00,-1.990429341793060303e+00
1.046039044857025146e+00,-1.750217258930206299e+00,-1.564273059368133545e+00
1.365656137466430664e+00,-1.217522025108337402e+00,-1.670812129974365234e+00
9.394999742507934570e-01,-1.217522025108337402e+00,-1.670812129974365234e+00
6.198828816413879395e-01,-1.750217258930206299e+00,-1.564273059368133545e+00
3.745179015570221370e-01,2.165071323874676157e+00,1.234057775292220382e+00
5.341252099214119919e-01,2.143824286164875748e+00,9.551774172848586097e-01
1.792941363698983936e+00,1.678493357925132656e+00,1.938596439693592854e+00
1.551041181012105419e+00,1.892902708824736324e+00,1.512444636304464352e+00
1.365656137466430664e+00,1.339415431022644043e+00,1.738437414169311523e+00
9.394999742507934570e-01,-3.652095496654510498e-01,3.016906023025512695e+00
5.133438110351562500e-01,6.094670295715332031e-02,2.590749859809875488e+00
9.394999742507934570e-01,6.094670295715332031e-02,2.590749859809875488e+00
1.365656137466430664e+00,-3.652095496654510498e-01,2.590749859809875488e+00
1.365656137466430664e+00,6.094670295715332031e-02,2.164593696594238281e+00
1.381226660339520018e+00,1.583495194508412585e+00,4.754226684570312500e+00
1.356284444792783761e+00,1.845566260430641314e+00,4.754226684570312500e+00
1.604067393133132402e+00,1.699304126880668342e+00,4.754226684570312500e+00
2.226196175875109207e-01,2.502577323954869648e+00,4.754226684570312500e+00
8.718756586313247681e-02,2.404805898666381836e+00,4.508453369140625000e+00
2.187663333865989546e-01,2.265543008659592683e+00,4.754226684570312500e+00
8.718757331371307373e-02,4.871029555797576904e-01,-2.096968412399291992e+00
1.982127584538389220e+00,1.419254757549672563e+00,-1.441918945862840751e+00
1.790671578609042136e+00,1.680985500111581432e+00,-1.440827954501652464e+00
1.893925922024717545e+00,1.554717314189616229e+00,-1.163394767347759817e+00
7.913101730412844814e-01,-2.436402848179394454e+00,-2.433864357594195393e+00
5.133438110351562500e-01,-2.069834470748901367e+00,-2.523124694824218750e+00
6.367696660174098078e-01,-2.485960202506372951e+00,-2.581501148873410756e+00
6.367696660174098078e-01,-2.485960202506372951e+00,-2.155344866448483998e+00
-2.628335833549499512e+00,3.500905334949489522e-01,-3.669257760047915262e+00
-3.389686644077301025e-01,9.132591933012008667e-01,-2.096968412399291992e+00
-1.258905380964279175e-01,7.001810818910598755e-01,-1.883890271186828613e+00
-1.258905380964279175e-01,1.126337319612503052e+00,-1.883890271186828613e+00
-1.258905380964279175e-01,7.001810818910598755e-01,-1.457733988761901855e+00
-3.389686644077301025e-01,4.871029555797576904e-01,-1.670812129974365234e+00
-1.193761451134504270e+00,-2.252558783228733930e+00,-4.160586305640046056e+00
-7.651248723268508911e-01,4.871029555797576904e-01,-2.096968412399291992e+00
-2.607814458345713682e+00,3.842835258780003538e-01,-4.348847056734330252e+00
-2.612940604843017045e+00,3.513688380198641825e-01,-4.536905211231442081e+00
-2.628335833549499512e+00,1.370124220848079888e-01,-4.407914161682129794e+00
-2.306111691996742152e+00,-9.575469121001709549e-01,-3.137840525878129228e+00
-1.617437362670898438e+00,-7.913657873868942261e-01,-2.949280977249145508e+00
-2.043593645095825195e+00,-3.652095496654510498e-01,-3.375437259674072266e+00
-2.552158201719304742e+00,6.089550710362751085e-01,-4.439815440965401372e+00
1.502205768406333464e+00,-1.865192540843072067e+00,5.179340997348633735e-01
1.631662167049451551e+00,-1.770532872203220087e+00,7.962457961684734631e-01
1.550205381831835760e+00,1.893495522576671863e+00,-8.833863492058395828e-01
1.675891098575641447e+00,1.793907795016825624e+00,-1.162808332587129900e+00
4.329999655408852677e-01,-1.284574284591030846e+00,4.754226684570312500e+00
8.718757331371307373e-02,-7.913657873868942261e-01,3.016906023025512695e+00
-1.617437362670898438e+00,-7.913657873868942261e-01,2.590749859809875488e+00
-2.043593645095825195e+00,-3.652095496654510498e-01,2.590749859809875488e+00
-1.617437362670898438e+00,-3.652095496654510498e-01,2.164593696594238281e+00
-2.421428203677154833e+00,-1.262427257844664474e+00,3.503233406165652042e+00
-1.888732910250641162e+00,-1.368966328450896164e+00,3.183616134742312198e+00
-3.389686644077301025e-01,-7.913657873868942261e-01,3.016906023025512695e+00
8.718757331371307373e-02,-3.652095496654510498e-01,3.016906023025512695e+00
-3.389686644077301025e-01,-3.652095496654510498e-01,2.590749859809875488e+00
-1.258905380964279175e-01,-5.782876759767532349e-01,1.525359272956848145e+00
-3.389686644077301025e-01,-3.652095496654510498e-01,1.738437414169311523e+00
-2.603930063702026843e+00,6.195746108363950899e-01,1.757087393971943134e+00
-7.651248723268508911e-01,-1.643678247928619385e+00,1.312281131744384766e+00
1.755217019296339664e+00,-1.657561250306869072e+00,-2.857958669718296818e+00
-4.305425261689501126e-01,-2.512025430248369773e+00,-1.896674834272551458e-01
-4.305425261689501126e-01,-2.512025430248369773e+00,2.364887691953492244e-01
-1.793399619441393922e+00,-1.511741182829418717e+00,1.912182610900333479e+00
2.233841647997476976e+00,-1.700289209763720111e+00,-4.720261504642849992e+00
-1.258905380964279175e-01,-5.782876759767532349e-01,3.656140446662902832e+00
-1.258905380964279175e-01,-5.782876759767532349e-01,3.229984164237976074e+00
-3.389686644077301025e-01,-3.652095496654510498e-01,3.443062305450439453e+00
-1.191281080245971680e+00,-7.913657873868942261e-01,1.312281131744384766e+00
-1.723976373672485352e+00,-6.848267167806625366e-01,1.418820202350616455e+00
-1.723976373672485352e+00,-6.848267167806625366e-01,1.844976484775543213e+00
-2.446885207094376291e+00,-1.217363570944888895e+00,4.035762980040750847e+00
8.718757331371307373e-02,6.094670295715332031e-02,3.016906023025512695e+00
-3.389686644077301025e-01,6.094670295715332031e-02,3.016906023025512695e+00
8.718757331371307373e-02,6.094670295715332031e-02,3.443062305450439453e+00
8.718757331371307373e-02,4.871029555797576904e-01,3.443062305450439453e+00
-2.446885207094376291e+00,-1.217363570944888895e+00,3.822684838828287024e+00
-2.543556739472772943e+00,-9.993635590327565321e-01,3.915850552622812675e+00
-2.543556739472772943e+00,-9.993635590327565321e-01,3.702772411410349296e+00
-2.603921771049499512e+00,-7.717514228071671312e-01,3.546820282936094415e+00
-4.808915573999549276e-01,4.430316331305639843e-01,-4.400796771049499512e+00
-2.843897610049533897e-01,1.849721918166754020e-01,-4.400796771049499512e+00
1.152578115463256836e+00,-1.856756329536437988e+00,-4.227750062942504883e+00
1.491815619193525011e+00,-2.040655180162971760e+00,-4.439721436014878897e+00
1.299837490399393225e+00,-2.441505181049503648e+00,-4.719307274332749991e+00
9.605999866691250499e-01,-2.257606330422969876e+00,-4.507335901260375977e+00
6.861736804313671723e-01,2.106902283183321067e+00,3.604440233329246901e+00
-1.110987619075949784e+00,2.078401219512333586e+00,3.623641304742073466e+00
-1.110987619075949784e+00,2.078401219512333586e+00,3.197485022317146708e+00
-2.197618299017204124e-01,-1.806426245121401042e+00,-4.720414161682128906e+00
-2.540738375128029247e+00,-1.007315062612343937e+00,3.437636552951535585e+00
-7.651248723268508911e-01,4.871029555797576904e-01,4.599687159061431885e-01
-7.651248723268508911e-01,9.132591933012008667e-01,4.599687159061431885e-01
-1.191281080245971680e+00,9.132591933012008667e-01,4.599687159061431885e-01
-7.651248723268508911e-01,4.871029555797576904e-01,8.861249238252639771e-01
-7.651248723268508911e-01,9.132591933012008667e-01,8.861249238252639771e-01
-1.258469946452068111e+00,2.015314336372499682e+00,3.891032553415514350e+00
6.198828816413879395e-01,-6.848267167806625366e-01,-4.121210932731628418e+00
5.694437367597704469e-01,-5.189674828802729456e-01,-4.720414161682128906e+00
6.609023922876878787e-01,-4.528742498639024561e-01,-4.400796771049499512e+00
1.428194295534796598e+00,1.102393097093860908e+00,-4.720414161682128906e+00
1.641272496351904753e+00,6.762368444712565374e-01,-4.720414161682128906e+00
1.685273408889770508e+00,5.936420112848281860e-01,-4.121210932731628418e+00
1.321655224928564909e+00,5.696977887661860418e-01,-4.400796771049499512e+00
1.472195208072662354e+00,1.019798263907432556e+00,-4.121210932731628418e+00
1.365656137466430664e+00,9.132591933012008667e-01,8.861249238252639771e-01
9.394999742507934570e-01,9.132591933012008667e-01,8.861249238252639771e-01
-6.585858017206192017e-01,-1.963295400142669678e+00,-4.121210932731628418e+00
-1.084742009639739990e+00,-1.537139177322387695e+00,-4.121210932731628418e+00
-1.168767914706658306e+00,-1.633347449105642113e+00,-4.720414161682128906e+00
-1.400766069406806702e+00,-1.592949338289874728e+00,-4.720414161682128906e+00
-9.782029390335083008e-01,-1.643678247928619385e+00,-4.440828323364257812e+00
-6.585858017206192017e-01,-1.750217318534851074e+00,-4.121210932731628418e+00
-4.455077201128005981e-01,-1.324061095714569092e+00,-4.121210932731628418e+00
-7.651248574256896973e-01,-1.430600166320800781e+00,-4.440828323364257812e+00
-4.455077201128005981e-01,-1.750217318534851074e+00,-4.121210932731628418e+00
-2.412340054491808772e+00,-1.277678685165980266e+00,1.868845247873214710e+00
5.133438110351562500e-01,-1.643678247928619385e+00,-3.923437893390655518e-01
5.133438110351562500e-01,-2.069834470748901367e+00,3.381246328353881836e-02
5.133438110351562500e-01,-1.643678247928619385e+00,3.381246328353881836e-02
8.718757331371307373e-02,-1.643678247928619385e+00,3.381246328353881836e-02
8.718757331371307373e-02,-2.069834470748901367e+00,4.599687159061431885e-01
-7.651248574256896973e-01,-1.643678247928619385e+00,-4.440828323364257812e+00
-2.521796822547912598e+00,-1.826047748327258857e-01,-2.298484206199650437e+00
-2.043593645095825195e+00,6.094670295715332031e-02,-2.096968412399291992e+00
-2.521796822547912598e+00,-1.826047748327258857e-01,-1.985984206199651769e+00
-1.648208540587634996e+00,1.738398786119591977e+00,1.228735902083628373e+00
1.391800514936600619e+00,-1.232107306781460299e+00,4.754226684570312500e+00
1.152578115463256836e+00,-1.217522025108337402e+00,4.508453369140625000e+00
1.578734278678894043e+00,-1.217522025108337402e+00,4.508453369140625000e+00
-9.425245517726177358e-01,-8.580945873171959004e-01,-4.720414161682128906e+00
-7.294464105601543569e-01,-1.071172728529659279e+00,-4.720414161682128906e+00
4.629046661535387019e-01,2.268059368575428836e-01,4.434609293937683105e+00
5.887380935831930673e-01,5.253267810535134918e-01,4.434609293937683105e+00
7.844391061165738588e-01,2.684240903095237996e-01,4.434609293937683105e+00
-1.915521635676332490e+00,-8.579832296384779511e-01,-4.720414161682128906e+00
-2.128599717284151094e+00,-6.449051182283369599e-01,-4.720414161682128906e+00
-1.032973643252761420e+00,1.796181803540720656e+00,4.434609293937683105e+00
-1.414710147300738186e+00,1.926340111479881489e+00,4.164418451690650613e+00
-1.256402710307527926e+00,2.383106483997957881e+00,4.729809157752967508e+00
-1.100162509458857851e+00,2.472080708890576073e+00,4.456423259477831245e+00
-2.476245425407302303e+00,1.626297838423876596e-01,2.038394606175561119e+00
-2.521796822547912598e+00,-1.826047748327258857e-01,2.019796848297114256e+00
-1.538373974532890820e+00,-2.252668338787365165e+00,4.720052565408546563e+00
-9.722237536657130086e-01,-2.104326118691736802e+00,4.754226684570312500e+00
-1.180224443950830038e+00,-1.943239675802740596e+00,4.754226684570312500e+00
-1.336352469615569305e+00,-2.166184992521062558e+00,4.474279249978859063e+00
-1.789343987128808600e+00,-1.517095796984676559e+00,-3.841804913042874858e+00
-3.389686644077301025e-01,-2.069834470748901367e+00,-1.670812129974365234e+00
9.433174838598219480e-01,-2.368528066817809030e+00,-3.561120255795520606e+00
9.394999742507934570e-01,-1.643678247928619385e+00,-3.801593542098999023e+00
9.394999742507934570e-01,-1.643678247928619385e+00,-3.375437259674072266e+00
8.718757331371307373e-02,4.871029555797576904e-01,4.599687159061431885e-01
8.718757331371307373e-02,4.871029555797576904e-01,8.861249238252639771e-01
8.718757331371307373e-02,9.132591933012008667e-01,4.599687159061431885e-01
8.718757331371307373e-02,-1.643678247928619385e+00,-2.523124694824218750e+00
8.718757331371307373e-02,-1.643678247928619385e+00,-2.096968412399291992e+00
5.133438110351562500e-01,-1.643678247928619385e+00,-2.523124694824218750e+00
3.922174552079440435e-01,1.209559796157121614e+00,4.434609293937683105e+00
-3.393878251349910502e-02,1.209559796157121614e+00,4.434609293937683105e+00
8.718757331371307373e-02,1.339415431022644043e+00,3.869218587875366211e+00
5.133438110351562500e-01,9.132591933012008667e-01,3.869218587875366211e+00
8.718757331371307373e-02,9.132591933012008667e-01,3.869218587875366211e+00
3.922174552079440435e-01,7.834035584356784376e-01,4.434609293937683105e+00
-2.538619012169066380e+00,6.479932006887506590e-01,4.468953659632616926e+00
-2.072705887349878928e+00,9.483234799470195986e-01,4.754226684570312500e+00
-2.043593585491180420e+00,7.001810669898986816e-01,4.508453369140625000e+00
-2.628335833549499512e+00,1.370124220848079888e-01,4.129226684570310724e+00
5.133438110351562500e-01,-7.913657873868942261e-01,8.861249238252639771e-01
9.394999742507934570e-01,-3.652095496654510498e-01,8.861249238252639771e-01
5.133438110351562500e-01,-7.913657873868942261e-01,1.312281131744384766e+00
1.785265414518693916e+00,2.066737046269353950e+00,4.721789081326656756e+00
7.170501403646831751e-01,2.271722423646278521e+00,4.754226684570312500e+00
9.675518838366212737e-01,2.514826975021281275e+00,4.721699336489370680e+00
9.394999742507934570e-01,-1.643678247928619385e+00,2.164593696594238281e+00
1.046039044857025146e+00,-1.750217258930206299e+00,1.844976484775543213e+00
-6.857616627606504256e-01,2.078060554097292290e+00,-1.736687586274530126e-01
-3.740543210714394329e-01,2.155692614376286897e+00,-1.747929648776698208e-01
9.394999742507934570e-01,1.339415431022644043e+00,3.869218587875366211e+00
8.329609036445617676e-01,1.872110664844512939e+00,4.188835978507995605e+00
1.046039044857025146e+00,1.445954501628875732e+00,4.188835978507995605e+00
9.394999742507934570e-01,1.978649735450744629e+00,4.508453369140625000e+00
1.472195208072662354e+00,1.445954501628875732e+00,4.188835978507995605e+00
2.094782284072337575e+00,-1.115106046879661195e+00,-4.629116703018123502e-01
2.032160937496855890e+00,-1.263971520157705530e+00,-7.420846436657901890e-01
5.133438110351562500e-01,9.132591933012008667e-01,3.016906023025512695e+00
5.133438110351562500e-01,4.871029555797576904e-01,2.590749859809875488e+00
5.133438110351562500e-01,9.132591933012008667e-01,2.590749859809875488e+00
9.394999742507934570e-01,9.132591933012008667e-01,2.590749859809875488e+00
9.394999742507934570e-01,9.132591933012008667e-01,3.016906023025512695e+00
-7.651248723268508911e-01,4.871029555797576904e-01,2.164593696594238281e+00
-3.389686644077301025e-01,4.871029555797576904e-01,1.738437414169311523e+00
-7.651248723268508911e-01,4.871029555797576904e-01,1.738437414169311523e+00
-7.651248723268508911e-01,9.132591933012008667e-01,2.164593696594238281e+00
-3.389686644077301025e-01,9.132591933012008667e-01,1.738437414169311523e+00
-7.023258268223665501e-01,-2.105544525328742367e+00,4.754226684570312500e+00
-5.520467385649681091e-01,-1.856756329536437988e+00,4.508453369140625000e+00
-2.761696263538263585e-01,-2.105544525328742367e+00,4.754226684570312500e+00
-1.258905380964279175e-01,-2.069834411144256592e+00,4.508453369140625000e+00
-5.520467385649681091e-01,-2.069834411144256592e+00,4.508453369140625000e+00
4.068047404289245605e-01,1.872110664844512939e+00,-3.268898248672485352e+00
-1.935149729251861572e-02,1.872110664844512939e+00,-3.268898248672485352e+00
8.718757331371307373e-02,1.339415431022644043e+00,-3.375437259674072266e+00
1.365656137466430664e+00,6.094670295715332031e-02,-2.096968412399291992e+00
1.365656137466430664e+00,6.094670295715332031e-02,-2.523124694824218750e+00
9.394999742507934570e-01,6.094670295715332031e-02,-2.523124694824218750e+00
-2.497382760046011008e+00,-4.521342557023668718e-01,2.176046848297114700e+00
-2.486379000091794467e+00,-5.066403364935119225e-01,2.480440085142980422e+00
-2.425916655483110418e+00,-7.102860183481947143e-01,2.212016167197284666e+00
1.858494268411740480e+00,-1.540323671173251752e+00,1.223487411508310529e+00
1.898351430892944336e+00,3.805638998746871948e-01,-7.119607478380203247e-01
1.898351430892944336e+00,-4.559235274791717529e-02,-7.119607478380203247e-01
-3.389686644077301025e-01,-1.643678247928619385e+00,3.381246328353881836e-02
-3.389686644077301025e-01,-1.643678247928619385e+00,4.599687159061431885e-01
-8.332983715713438988e-01,2.014828870329218535e+00,5.287598349507742768e-01
-5.312566760943637778e-01,2.125427733645294914e+00,5.307311891101504919e-01
-6.857616627606504256e-01,2.078060554097292290e+00,2.524874939951513575e-01
1.685273408889770508e+00,1.674857586622238159e-01,-4.121210932731628418e+00
1.365656137466430664e+00,6.094670295715332031e-02,-3.801593542098999023e+00
1.898351430892944336e+00,3.805638998746871948e-01,-4.121210932731628418e+00
-1.191281080245971680e+00,-1.217522025108337402e+00,-8.184998184442520142e-01
-1.309490489227259413e+00,-1.928010136171018463e+00,-8.946159218609799346e-01
-1.445106760760712206e+00,-1.845048657075239351e+00,-7.487599689351545074e-01
-1.756141015549273376e+00,1.620096397333323113e+00,9.473063241978225690e-01
-1.191281080245971680e+00,1.339415431022644043e+00,8.861249238252639771e-01
-1.648208540587634996e+00,1.738398786119591977e+00,8.025796941645075844e-01
-1.756141015549273376e+00,1.620096397333323113e+00,5.211501162787017805e-01
2.709208785317840373e+00,-5.963419485676053622e-01,4.719236208710546165e+00
1.983532880791414987e+00,9.906572212349707973e-01,1.511158557722043883e+00
2.057199374742991527e+00,8.444703685039099961e-01,1.230808761801404749e+00
-1.294821943543133180e+00,1.414382092583725825e+00,1.733799395338038840e+00
-1.827517236969646852e+00,1.094764910567353144e+00,2.053416607156734131e+00
-3.389686644077301025e-01,1.339415431022644043e+00,3.381246328353881836e-02
8.256963513955667411e-02,-1.566698017441440438e+00,-4.720414161682128906e+00
-1.258905380964279175e-01,-1.643678247928619385e+00,-4.440828323364257812e+00
8.718757331371307373e-02,1.339415431022644043e+00,-8.184998184442520142e-01
-5.448694700384518197e-02,2.165293086326762317e+00,-7.331233121738134351e-01
-5.448694700384518197e-02,2.165293086326762317e+00,-1.159279341278999897e+00
8.718757331371307373e-02,1.339415431022644043e+00,-1.244655847549438477e+00
-1.191281080245971680e+00,6.094670295715332031e-02,-1.244655847549438477e+00
-1.617437362670898438e+00,4.871029555797576904e-01,-1.244655847549438477e+00
-1.617437362670898438e+00,6.094670295715332031e-02,-1.244655847549438477e+00
-1.191281080245971680e+00,6.094670295715332031e-02,-8.184998184442520142e-01
-1.617437362670898438e+00,4.871029555797576904e-01,-8.184998184442520142e-01
-1.191281080245971680e+00,4.871029555797576904e-01,-8.184998184442520142e-01
-1.617437362670898438e+00,4.871029555797576904e-01,-3.923437893390655518e-01
-1.617437362670898438e+00,4.871029555797576904e-01,3.381246328353881836e-02
-2.043593645095825195e+00,6.094670295715332031e-02,4.599687159061431885e-01
-2.043593645095825195e+00,6.094670295715332031e-02,3.381246328353881836e-02
-2.497382760047912598e+00,5.130809586491091867e-01,3.227203011512754571e+00
-1.858380271363674563e+00,1.696650208991704378e+00,1.932073935562084399e+00
-1.754839408066513062e+00,1.621683547430622818e+00,1.510555671968430325e+00
-6.459180303702606318e-01,-1.806426245121401042e+00,-4.720414161682128906e+00
-5.520467385649681091e-01,-1.856756329536437988e+00,-4.440828323364257812e+00
-3.389686569571495056e-01,-1.643678247928619385e+00,-4.440828323364257812e+00
-1.530503784492869279e+00,1.842751071200367186e+00,-8.806954747129576155e-01
-1.401059902244877975e+00,1.935132407509690067e+00,-1.157808117039146101e+00
-1.530503784492869279e+00,1.842751071200367186e+00,-4.545394456077711531e-01
-1.401059902244877975e+00,1.935132407509690067e+00,-7.316520879339596384e-01
-1.191281080245971680e+00,1.339415431022644043e+00,-8.184998184442520142e-01
-8.686657356240123917e-01,1.414382092583725825e+00,2.159955677762965820e+00
-1.213517308694007202e+00,2.153737390761329973e+00,2.210751570358943319e+00
5.718140311009728416e-01,2.641911535198549821e+00,-3.019170603722566959e+00
4.068047404289245605e-01,1.872110664844512939e+00,-2.842741966247558594e+00
6.198828816413879395e-01,-2.176373481750488281e+00,-1.564273059368133545e+00
1.044200926340044688e+00,-2.477963892334147822e+00,-1.490798736271422786e+00
1.184572152188298588e+00,-2.396592023275875505e+00,-1.769002353672368244e+00
1.078033081582066899e+00,-2.290053012274288591e+00,-1.449385141853673176e+00
2.114131825870450676e+00,6.922936697050521282e-01,2.920059061742621420e+00
5.688229427038560271e-03,2.052464927051774080e+00,4.754226684570312500e+00
-1.171815596075041904e-01,1.774681526860048653e+00,4.754226684570312500e+00
2.371316348401721896e-01,1.856421014452700247e+00,4.754226684570312500e+00
-2.346651126920185959e+00,1.166318642085554247e+00,2.681270385011996105e+00
-7.651248723268508911e-01,4.871029555797576904e-01,1.312281131744384766e+00
-7.651248723268508911e-01,9.132591933012008667e-01,1.312281131744384766e+00
-2.521796822547912598e+00,-1.826047748327258857e-01,-1.559827923774725011e+00
-2.043593645095825195e+00,6.094670295715332031e-02,-1.670812129974365234e+00
-2.521796822547912598e+00,-1.826047748327258857e-01,-1.247327923774726344e+00
-1.215784780518279540e+00,9.344451992855549172e-01,-2.524125938520169754e+00
-7.896285725991587512e-01,1.360601437006998093e+00,-2.524125938520169754e+00
-1.215784780518279540e+00,1.360601437006998093e+00,-2.524125938520169754e+00
-1.264479671693887752e+00,2.012337305561936684e+00,-2.415258424154549388e+00
-8.383234637747669638e-01,2.012337305561936684e+00,-2.415258424154549388e+00
2.010166149633697330e+00,-1.936159714949518662e+00,-4.719912567736685105e+00
-2.113489842075562564e+00,7.477560815375029479e-01,-2.825365224960219024e+00
-1.641941062943206298e+00,9.344451992855549172e-01,-2.950282220945096512e+00
-1.677864682877688196e+00,6.322933196656345123e-01,-2.735407877252514552e+00
-1.206315903745332374e+00,8.189824374136864815e-01,-2.860324873237392040e+00
-1.607968485897951272e+00,3.716401937078892548e-01,-2.859323629541441036e+00
-2.318867127894227664e+00,1.420202865779248036e+00,-4.714582071070262614e+00
-1.100269737841800044e+00,1.122453709104029862e+00,4.434609293937683105e+00
-1.419886949660495112e+00,1.015914638497798173e+00,4.754226684570312500e+00
-1.191281080245971680e+00,9.132591933012008667e-01,3.869218587875366211e+00
-1.510898292064666748e+00,8.067201226949691772e-01,4.188835978507995605e+00
-1.100269737841800044e+00,6.962974713825866857e-01,4.434609293937683105e+00
1.365656137466430664e+00,-1.217522025108337402e+00,2.590749859809875488e+00
1.952029144512821723e+00,-1.408216220329995050e+00,2.486902139252267219e+00
9.394999742507934570e-01,4.871029555797576904e-01,-3.923437893390655518e-01
9.394999742507934570e-01,6.094670295715332031e-02,3.381246328353881836e-02
9.394999742507934570e-01,4.871029555797576904e-01,3.381246328353881836e-02
-3.784400138595750973e-01,2.155082255182645845e+00,-2.140495545418871437e+00
-1.329076069781350844e+00,1.366510397844911573e+00,4.434609293937683105e+00
-1.648693281600045912e+00,1.259971327238679883e+00,4.754226684570312500e+00
1.381226660339520018e+00,1.583495194508412585e+00,-4.720414161682128906e+00
2.680436582393272538e+00,4.595480901666346707e-01,-4.440285427636678328e+00
2.715523310036037863e+00,1.366169842636413279e-01,-4.440725017629199911e+00
2.707325099169535232e+00,2.936252486812438445e-01,-4.163196579274255349e+00
2.096198819243263234e+00,-1.111138481796833499e+00,-2.856429932820111706e+00
2.096198819243263234e+00,-6.849822440753903230e-01,-2.856429932820111706e+00
2.096198819243263234e+00,-1.111138481796833499e+00,-2.430273650395184948e+00
-1.756488762264864611e+00,9.815904814481364316e-01,4.754226684570312500e+00
-5.097337173773368590e-01,2.732367868082848261e+00,-4.196727615727613880e+00
-3.618656990657883599e-01,2.762591328284061731e+00,-4.478393587183557401e+00
-1.840096736193592486e+00,1.441116543923419702e+00,4.754226684570312500e+00
4.780069006077766192e-01,-2.518497640997422682e+00,-4.670322181047774635e-01
6.363319777052793835e-01,-2.486074783536065702e+00,-7.453612104643050351e-01
4.780069006077766192e-01,-2.518497640997422682e+00,-8.931882472099639259e-01
6.363319777052793835e-01,-2.486074783536065702e+00,-1.171517239569491498e+00
-2.256671667098999023e+00,-1.521314084529876709e-01,-4.440828323364257812e+00
-2.331546456903858644e+00,6.155380948681843378e-03,-4.720414161682128906e+00
-2.703210623354359132e+00,-1.308570411361268671e-01,-4.687500000000000888e+00
1.983771582884554574e+00,-1.622712902796370704e+00,4.475515616426831933e+00
2.072011815054310979e+00,-1.493003520120988581e+00,4.210257083886411067e+00
1.871894205382110599e+00,-1.753632954298102176e+00,4.200775552467666429e+00
2.072011815054310979e+00,-1.279925378908525202e+00,3.997178823464657693e+00
1.472195208072662354e+00,-1.110982954502105713e+00,3.975757718086242676e+00
1.871894205382110599e+00,-1.540554813085638797e+00,3.987697292045913944e+00
2.095573379907585299e+00,-6.867383739459287373e-01,-1.869879190877535624e+00
2.095573379907585299e+00,-6.867383739459287373e-01,-1.443722908452608866e+00
1.365656137466430664e+00,-3.652095496654510498e-01,-1.670812129974365234e+00
1.365656137466430664e+00,-7.913657873868942261e-01,-1.670812129974365234e+00
2.095573379907585299e+00,-1.112894611667371914e+00,-1.869879190877535624e+00
1.674856272671437774e+00,1.794821062064061223e+00,-2.571056664092540078e+00
1.365656137466430664e+00,1.339415431022644043e+00,-2.523124694824218750e+00
1.564910591857228139e-01,-2.531568095805243779e+00,-4.676979309530420181e-01
3.180167259481925801e-01,-2.533662314767986423e+00,-7.458156801143740466e-01
3.002656996250152588e-01,7.001810818910598755e-01,-1.883890271186828613e+00
8.718757331371307373e-02,9.132591933012008667e-01,-2.096968412399291992e+00
-2.696651785357203623e-01,-2.531568095805243779e+00,-4.676979309530420181e-01
-1.902222544149733963e-01,2.778737035410398626e+00,-4.197347248010384391e+00
2.108484634720180217e+00,8.582274112223582385e-01,4.754226684570312500e+00
1.792697352982727921e+00,1.678761813109401757e+00,-8.843966111966459209e-01
1.792697352982727921e+00,1.678761813109401757e+00,-4.582405820914594585e-01
1.365656137466430664e+00,1.339415431022644043e+00,-8.184998184442520142e-01
1.675891098575641447e+00,1.793907795016825624e+00,-7.366523034819434379e-01
-4.287089728850715376e-01,-2.512348311825633118e+00,-7.464035756728715221e-01
1.536951455542857614e-01,2.797974495398364514e+00,4.719236208710544389e+00
2.313411977894676841e-01,2.700203070109877146e+00,4.473462893280856889e+00
1.983532880791414987e+00,1.416813458956414085e+00,1.937314840146970640e+00
-1.081395117732505823e-01,-2.533662314767986423e+00,-7.458156801143740466e-01
-3.393878251349910502e-02,7.834035584356784376e-01,4.434609293937683105e+00
-3.389686644077301025e-01,9.132591933012008667e-01,3.869218587875366211e+00
-3.545599381942843298e-01,7.401696708013730808e-01,4.434609293937683105e+00
1.578734278678894043e+00,-1.217522025108337402e+00,4.295375108718872070e+00
2.031643266148116744e+00,-8.388802986964452035e-01,-1.838378180270003881e-01
2.141004429658509345e+00,-5.343457312746315857e-01,-1.830654818226502556e-01
1.752009256920748603e+00,-1.660831156045511348e+00,9.452908271180704425e-01
-1.191281080245971680e+00,9.132591933012008667e-01,3.381246328353881836e-02
-7.651248723268508911e-01,9.132591933012008667e-01,3.381246328353881836e-02
-7.651248723268508911e-01,4.871029555797576904e-01,3.381246328353881836e-02
-1.191281080245971680e+00,9.132591933012008667e-01,-3.923437893390655518e-01
5.133438110351562500e-01,-1.217522025108337402e+00,3.381246328353881836e-02
8.718757331371307373e-02,-1.643678247928619385e+00,4.599687159061431885e-01
1.858494268411740480e+00,-1.540323671173251752e+00,7.973312035891897409e-01
1.043278440789128236e+00,-2.478433524980160563e+00,1.326973470006338474e-01
1.182588675796927946e+00,-2.397887774664940963e+00,4.113950365792122810e-01
1.313567102420572397e+00,-2.301983382297559722e+00,1.338743402127064996e-01
-8.686657356240123917e-01,9.882258548622825378e-01,1.733799395338038840e+00
-1.617437362670898438e+00,4.871029555797576904e-01,4.599687159061431885e-01
-1.617437362670898438e+00,-3.652095496654510498e-01,-1.244655847549438477e+00
-1.191281080245971680e+00,-7.913657873868942261e-01,-1.244655847549438477e+00
-1.617437362670898438e+00,-3.652095496654510498e-01,-1.670812129974365234e+00
-1.191281080245971680e+00,-7.913657873868942261e-01,-1.670812129974365234e+00
-1.191281080245971680e+00,-3.652095496654510498e-01,-1.670812129974365234e+00
1.365656137466430664e+00,-1.217522025108337402e+00,3.381246328353881836e-02
1.859742503730467567e+00,-1.538746180551539888e+00,-1.848694923407121493e-01
1.633184195029977914e+00,-1.769288148475691047e+00,-1.857428492542467779e-01
-2.150132656097412109e+00,3.805638998746871948e-01,4.188835978507995605e+00
-7.097172677552022746e-01,-1.625319597514174985e+00,-4.720414161682128906e+00
-9.227953493630208781e-01,-1.625319597514174985e+00,-4.720414161682128906e+00
-7.651248574256896973e-01,-1.643678247928619385e+00,4.508453369140625000e+00
-3.389686569571495056e-01,-1.643678247928619385e+00,4.508453369140625000e+00
-6.459180303702606318e-01,-1.806426245121401042e+00,4.754226684570312500e+00
-1.191281080245971680e+00,-7.913657873868942261e-01,8.861249238252639771e-01
-7.651248723268508911e-01,-3.652095496654510498e-01,2.164593696594238281e+00
-7.651248723268508911e-01,-3.652095496654510498e-01,2.590749859809875488e+00
-3.389686644077301025e-01,6.094670295715332031e-02,2.590749859809875488e+00
-2.324296012520790100e-01,-1.324061095714569092e+00,4.188835978507995605e+00
-3.389686644077301025e-01,-7.913657873868942261e-01,3.869218587875366211e+00
-1.935149729251861572e-02,-8.979048579931259155e-01,4.188835978507995605e+00
-1.935149729251861572e-02,-1.324061095714569092e+00,4.188835978507995605e+00
3.150686914554738371e-01,-2.533780076128107961e+00,7.937549183556544818e-01
-1.110875462659693391e-01,-2.533780076128107961e+00,1.219911126274775270e+00
8.718757331371307373e-02,-2.069834470748901367e+00,8.861249238252639771e-01
-1.110875462659693391e-01,-2.533780076128107961e+00,7.937549183556544818e-01
1.805899207411366225e+00,1.547490496972887986e+00,4.754226684570312500e+00
1.759932300064455557e+00,1.919926491623793030e+00,4.476015765896969256e+00
1.983506737897908323e+00,1.684008108908207291e+00,4.473462893280859554e+00
1.952511791286132059e+00,-1.407449465384287057e+00,9.472776665366415827e-01
-2.552158201719304742e+00,8.220331824464160997e-01,-4.013659039331185063e+00
-1.400766069406806702e+00,-1.806027419897693331e+00,4.754226684570312500e+00
-1.168767914706658306e+00,-1.633347449105642113e+00,4.754226684570312500e+00
-9.782029390335083008e-01,-1.643678247928619385e+00,4.508453369140625000e+00
-1.168767914706658306e+00,-1.420269367497823509e+00,4.754226684570312500e+00
-1.400766069406806702e+00,-1.592949338289874728e+00,4.754226684570312500e+00
-7.651248723268508911e-01,-1.643678247928619385e+00,-2.949280977249145508e+00
-1.305952742536343081e+00,-1.929918298838692037e+00,-2.858477749410996971e+00
-1.191281080245971680e+00,-1.217522025108337402e+00,-2.523124694824218750e+00
-1.399686936687079664e+00,1.936005228804424938e+00,-1.754834746029838577e-01
-2.504135022965159330e+00,-4.121117672834092582e-01,-3.166902780891699187e+00
-2.521796822547912598e+00,-1.826047748327258857e-01,-3.463296771049503064e+00
-2.504135022965159330e+00,-4.121117672834092582e-01,-3.593059063316625945e+00
-1.191281080245971680e+00,-3.652095496654510498e-01,-8.184998184442520142e-01
-7.651248723268508911e-01,-1.217522025108337402e+00,-1.244655847549438477e+00
-1.191281080245971680e+00,-7.913657873868942261e-01,-2.096968412399291992e+00
-1.191281080245971680e+00,-7.913657873868942261e-01,-2.523124694824218750e+00
-1.191281080245971680e+00,-3.652095496654510498e-01,-2.523124694824218750e+00
-7.651248723268508911e-01,-7.913657873868942261e-01,-2.096968412399291992e+00
-7.651248723268508911e-01,-7.913657873868942261e-01,-2.523124694824218750e+00
-7.651248723268508911e-01,-1.217522025108337402e+00,-2.096968412399291992e+00
5.688229427038560271e-03,2.052464927051774080e+00,-4.720414161682128906e+00
-1.171815596075041904e-01,1.774681526860048653e+00,-4.720414161682128906e+00
-2.642756808477418895e-01,1.991543907798859703e+00,-4.720414161682128906e+00
2.625491362776560811e-01,2.698184542744180625e+00,-2.461562776584327761e+00
-5.882284674436361049e-02,2.687777489004514742e+00,-2.460112816842211281e+00
1.028335072734082589e-01,2.701657021732195574e+00,-2.182687594401201636e+00
-1.399686936687079664e+00,1.936005228804424938e+00,2.506727780196205124e-01
-2.397408180490246288e+00,2.872145015628357889e-01,-4.720414161682128906e+00
-2.753677118234264309e+00,3.645584954130832722e-01,-4.816491049549313175e+00
-2.769072346940746776e+00,1.502020794780271062e-01,-4.687500000000000888e+00
-5.845821906267548718e-01,-2.476337981698274682e+00,-1.450766527583188470e+00
-1.573379200391174404e+00,-1.746314137562828606e+00,-4.729266833501601930e-01
-1.573379200391174404e+00,-1.746314137562828606e+00,-8.990827124553466554e-01
2.188716012951341106e-01,-2.409268192618348792e+00,4.754226684570312500e+00
1.492340353463222080e-01,-2.765650559603126002e+00,4.721942366678970160e+00
5.793497335573716267e-03,-2.409268192618348792e+00,4.754226684570312500e+00
1.754999991432057427e-02,-2.639294859736852850e+00,4.476169051249282660e+00
1.889919449892828895e+00,1.560174108773963120e+00,-3.553678394359677029e+00
1.672238423293998411e+00,1.797123854427164380e+00,-3.552022366163610556e+00
3.928058297405001564e-01,-2.621696030188325643e+00,4.754226684570312500e+00
9.394999742507934570e-01,-3.652095496654510498e-01,3.443062305450439453e+00
9.394999742507934570e-01,-7.913657873868942261e-01,3.869218587875366211e+00
9.394999742507934570e-01,-3.652095496654510498e-01,3.869218587875366211e+00
4.749801370001870415e-01,-2.518946047785764808e+00,1.924993469796428380e+00
-1.706302913936296850e+00,-9.787165916015192479e-01,-4.720414161682128906e+00
2.056822426194766962e+00,8.453317580116705976e-01,2.214359034639619139e+00
1.365656137466430664e+00,4.871029555797576904e-01,3.443062305450439453e+00
2.151654673539905804e+00,5.477691712464733964e-01,3.624504775154699043e+00
-2.716986653452347356e-01,-2.531430593183349842e+00,5.149212951097950075e-01
2.297239159426793353e+00,-1.415513179984398739e+00,-4.720261504642849992e+00
1.983220450878685037e+00,-1.623437886870164881e+00,-4.440675666324978899e+00
1.892752987227002359e+00,-1.222675459435034639e+00,-4.720414161682128906e+00
1.829355475797685981e+00,-1.507451489214356011e+00,-4.720414161682128906e+00
1.953418765328918560e+00,-1.406005819200436990e+00,-4.638924137656967872e-01
9.953921538457172202e-01,-2.562384331298392937e+00,-4.718861660286202131e+00
-1.851447118694099059e+00,1.490042913596540508e+00,-1.155418006825543298e+00
-2.384142412120612953e+00,1.170425731580167827e+00,-1.261957077431774987e+00
-1.723976373672485352e+00,1.019798249006271362e+00,-1.351194918155670166e+00
-1.617437362670898438e+00,9.132591933012008667e-01,-1.244655847549438477e+00
-2.277603401119026039e+00,1.063886675875097332e+00,-1.155418006825543298e+00
-2.503245541446791123e+00,-4.177849042503102295e-01,-1.134018103611987183e+00
-2.521796822547912598e+00,-1.826047748327258857e-01,-9.348279237747272319e-01
-9.227953493630208781e-01,-1.838397679121993589e+00,4.754226684570312500e+00
6.405308247884856643e-01,-2.484969762042423369e+00,-3.137934040463243868e+00
6.405308247884856643e-01,-2.484969762042423369e+00,-3.564090322888170626e+00
-1.723976373672485352e+00,1.019798249006271362e+00,-1.777351200580596924e+00
-1.918885723512358643e+00,1.376122738452386862e+00,-1.865517685909062973e+00
-2.451581016938872537e+00,1.056505556436014182e+00,-1.545900474090367904e+00
-2.291251511725756806e+00,1.297522391441395584e+00,-1.538731435622218591e+00
1.500602820120163550e+00,-7.129352649935823960e-01,4.754226684570312500e+00
-1.084742009639739990e+00,-1.324061095714569092e+00,4.188835978507995605e+00
-6.585858017206192017e-01,-1.963295400142669678e+00,4.188835978507995605e+00
-6.585858017206192017e-01,-1.750217318534851074e+00,4.188835978507995605e+00
2.056822426194766962e+00,1.271487995733113774e+00,2.214359034639619139e+00
1.984329667086125237e+00,1.415424544800309548e+00,2.495158648602503249e+00
-3.389686644077301025e-01,9.132591933012008667e-01,4.599687159061431885e-01
-7.651248723268508911e-01,1.339415431022644043e+00,4.599687159061431885e-01
2.214043857229243351e+00,-6.689384899011072139e-02,4.754226684570312500e+00
2.463451328634646664e+00,-5.263619313914447151e-01,4.719236208710546165e+00
2.680454195724861322e+00,-1.854432382317173222e-01,4.473462893280858665e+00
4.924855967248062960e-01,-2.516265237377768749e+00,3.886638291930858191e+00
-7.651248574256896973e-01,-1.430600166320800781e+00,4.508453369140625000e+00
-4.455077201128005981e-01,-1.750217318534851074e+00,4.188835978507995605e+00
1.983532880791414987e+00,9.906572212349707973e-01,1.937314840146970640e+00
2.154182120768067144e+00,5.353000914294689938e-01,8.025910642283347052e-01
2.113923691625256396e+00,6.929569941548217038e-01,9.513758222835950740e-01
2.113923691625256396e+00,6.929569941548217038e-01,5.252196143644742854e-01
-1.258905380964279175e-01,1.126337319612503052e+00,3.656140446662902832e+00
3.002656996250152588e-01,1.126337319612503052e+00,3.656140446662902832e+00
3.002656996250152588e-01,7.001810818910598755e-01,3.656140446662902832e+00
-3.389686644077301025e-01,-1.643678247928619385e+00,3.016906023025512695e+00
-7.651248723268508911e-01,-1.217522025108337402e+00,3.016906023025512695e+00
-7.651248723268508911e-01,-1.643678247928619385e+00,3.443062305450439453e+00
-3.389686644077301025e-01,-1.643678247928619385e+00,3.443062305450439453e+00
2.094367340547019118e+00,-6.901053995883579262e-01,5.206757293329924430e-01
2.170377430572426825e+00,-3.754697433774418225e-01,5.216647197882817721e-01
2.141004429658509345e+00,-5.343457312746315857e-01,2.430907707999541145e-01
-1.191281080245971680e+00,9.132591933012008667e-01,-8.184998184442520142e-01
-7.651248723268508911e-01,9.132591933012008667e-01,-8.184998184442520142e-01
2.956477390991170684e-01,-1.566698017441440438e+00,4.754226684570312500e+00
-3.389686644077301025e-01,6.094670295715332031e-02,2.164593696594238281e+00
-3.389686644077301025e-01,4.871029555797576904e-01,2.590749859809875488e+00
8.718757331371307373e-02,6.094670295715332031e-02,2.164593696594238281e+00
8.718757331371307373e-02,4.871029555797576904e-01,2.590749859809875488e+00
-7.118053870818139561e-01,2.642710007831780228e+00,4.730628250282789438e+00
-4.007654424064993059e-01,2.724669832143052695e+00,4.730961535508592775e+00
1.365656137466430664e+00,4.871029555797576904e-01,2.590749859809875488e+00
9.394999742507934570e-01,4.871029555797576904e-01,2.590749859809875488e+00
1.365656137466430664e+00,9.132591933012008667e-01,3.016906023025512695e+00
1.365656137466430664e+00,9.132591933012008667e-01,2.590749859809875488e+00
9.394999742507934570e-01,-1.217522025108337402e+00,2.164593696594238281e+00
9.394999742507934570e-01,-1.217522025108337402e+00,1.738437414169311523e+00
2.182517960282896130e+00,-2.131044335801013101e-01,2.440569492531499129e-01
2.177095056670919959e+00,-5.158504822799081513e-02,5.232296246269507733e-01
1.984076481796485769e+00,1.415866255970600118e+00,9.530797868959495212e-01
2.057199374742991527e+00,1.270626606225353061e+00,1.230808761801404749e+00
-2.463577217650044560e+00,1.033559952112389491e+00,-3.502925702393193674e-01
-2.534207658876604263e+00,8.730861460496186499e-01,-6.917559374018988905e-02
-2.576795473846541285e+00,7.399169954373949754e-01,-3.464766679901671864e-01
-2.276163897027964733e+00,1.066086122932778490e+00,2.467791677487385371e-01
-2.382702908029551647e+00,1.172625178637848986e+00,-7.283802171821474047e-02
-2.451881638635026839e+00,1.055942148099961786e+00,2.084848889255108695e-01
-2.345342627633439925e+00,9.494030923948912903e-01,5.281020783924641471e-01
1.547044202211171227e+00,1.895729931719662975e+00,-2.849662966404935549e+00
-2.427668647875017349e+00,7.665470903445481543e-01,2.504415957267633885e-01
-2.497382760047912598e+00,5.130809586491075214e-01,3.862343579530640447e-01
-1.111917870679771214e+00,2.078060554097292290e+00,-1.736687586274530126e-01
-7.651248723268508911e-01,1.339415431022644043e+00,3.381246328353881836e-02
-9.695760819916783291e-01,2.122350896243386131e+00,-3.829248238421308237e+00
2.377895197578351549e+00,1.401077363195737835e+00,4.719236208710546165e+00
-5.303659877831448100e-01,2.125648796278795327e+00,2.492943316223689365e+00
-8.439567266028615844e-01,-1.357420799404805534e+00,4.754226684570312500e+00
-9.227953493630208781e-01,-1.625319597514174985e+00,4.754226684570312500e+00
3.674842843209552568e-02,2.268059368575428836e-01,4.434609293937683105e+00
-1.592551539838577002e-01,4.842928622891194967e-01,4.434609293937683105e+00
2.669010837375854761e-01,4.842928622891194967e-01,4.434609293937683105e+00
8.718757331371307373e-02,4.871029555797576904e-01,3.869218587875366211e+00
8.056083503439037674e-01,-2.430864504987968466e+00,3.887283640773683047e+00
6.580047165446349933e-01,-2.480231033410406738e+00,4.155775633673256308e+00
-7.651248723268508911e-01,-1.643678247928619385e+00,2.590749859809875488e+00
-8.892758252187865642e-01,-2.350934031081614251e+00,2.468618520584056064e+00
7.481813496967416599e-01,-2.591214092180335271e+00,3.073810218240072611e+00
1.047543399220413507e+00,-2.476255532672944071e+00,3.071587186775854850e+00
1.678089603609817182e+00,1.791961910065777985e+00,2.484617708746372777e-01
1.633535080937982553e-01,-2.197742511639443563e+00,4.754226684570312500e+00
8.718756586313247681e-02,-2.069834411144256592e+00,4.508453369140625000e+00
-4.972459586576213897e-02,-1.984664430031624960e+00,4.754226684570312500e+00
1.826309382990728980e-02,2.700203070109877146e+00,4.473462893280856889e+00
6.198828816413879395e-01,-1.110982954502105713e+00,4.188835978507995605e+00
5.133438110351562500e-01,-1.217522025108337402e+00,4.508453369140625000e+00
7.897654110764573687e-01,-2.436991168635798122e+00,-4.664030570262589492e-01
6.351666931182899933e-01,-2.486379152118769476e+00,-1.879982194114324656e-01
1.984329667086125237e+00,9.892683070788662603e-01,2.921314811818140456e+00
2.056822426194766962e+00,8.453317580116705976e-01,2.640515197855256346e+00
6.198828816413879395e-01,-2.176373481750488281e+00,-3.908132672309875488e+00
-1.258905380964279175e-01,1.126337319612503052e+00,2.468905895948410034e-01
-3.389686644077301025e-01,9.132591933012008667e-01,-3.923437893390655518e-01
-3.389686644077301025e-01,9.132591933012008667e-01,3.381246328353881836e-02
-1.679347826614786321e+00,1.753008481274376029e+00,-3.115389613037359950e+00
8.718757331371307373e-02,-2.069834470748901367e+00,3.016906023025512695e+00
-1.074432150863011137e-01,-2.533633652775289402e+00,3.176880750906642348e+00
-6.741135299226793665e-01,6.962974713825866857e-01,4.434609293937683105e+00
-4.808915573999549276e-01,4.430316331305639843e-01,4.434609293937683105e+00
-2.505008092985205437e+00,-4.064000546037533912e-01,1.622354271163528594e-01
-2.521796822547912598e+00,-1.826047748327258857e-01,2.299843579530631565e-01
-2.501933120398050825e+00,-4.259081652457813449e-01,3.888075362706127081e-01
-1.534216625394455580e+00,1.839782470454989216e+00,-2.412755703919875039e+00
-1.994424437822106322e+00,1.929607044136670835e+00,4.731740899555132884e+00
5.133438110351562500e-01,-1.643678247928619385e+00,4.599687159061431885e-01
5.133438110351562500e-01,-2.069834470748901367e+00,8.861249238252639771e-01
8.718757331371307373e-02,-1.217522025108337402e+00,8.861249238252639771e-01
8.718757331371307373e-02,-1.643678247928619385e+00,8.861249238252639771e-01
-2.497382760047986316e+00,5.130809586487059537e-01,3.965859293937682217e+00
-2.444178343659560326e+00,1.157331556010654072e+00,4.714726975062304426e+00
-2.305395001107418018e+00,1.442144825437050137e+00,4.735114697990042920e+00
-2.324296012520790100e-01,-1.963295400142669678e+00,4.188835978507995605e+00
-2.276297442937939675e+00,-1.132754224652644082e+00,-4.161745150968289231e+00
-2.108961198947503668e+00,-1.410556726378444869e+00,-4.161422303675504253e+00
1.472195208072662354e+00,-6.848267167806625366e-01,-3.908132672309875488e+00
1.787887634408961590e+00,-7.061282130228561105e-01,-4.507335901260375977e+00
-2.539467851755894401e+00,-7.977757477360264415e-01,-4.451735132439974763e+00
-2.192021952829127152e+00,-1.659112657199491636e+00,-4.723351743837307382e+00
-2.150132656097412109e+00,3.805638998746871948e-01,-4.121210932731628418e+00
-1.723976373672485352e+00,3.805638998746871948e-01,-4.121210932731628418e+00
-2.043593585491180420e+00,4.871029555797576904e-01,-4.440828323364257812e+00
-1.510898292064666748e+00,5.936420112848281860e-01,-4.121210932731628418e+00
-1.937054574489593506e+00,5.936420112848281860e-01,-4.121210932731628418e+00
-2.102532160623196589e+00,-1.454788263709367868e-01,-4.720414161682128906e+00
-2.102532160623196589e+00,2.806774262516675833e-01,-4.720414161682128906e+00
-1.886426131748467405e+00,-3.721785203881666781e-03,-4.720414161682128906e+00
-1.935149729251861572e-02,-8.979048579931259155e-01,-4.121210932731628418e+00
8.718757331371307373e-02,-7.913657873868942261e-01,-3.801593542098999023e+00
6.198828816413879395e-01,-1.110982954502105713e+00,-4.121210932731628418e+00
1.937266439199447632e-01,-6.848267167806625366e-01,-4.121210932731628418e+00
5.133438110351562500e-01,-1.217522025108337402e+00,-4.440828323364257812e+00
-6.308786449950429809e-01,-1.357420799404805534e+00,-4.720414161682128906e+00
-2.381116274885910933e+00,-8.168370875506478779e-01,-2.862171004568349719e+00
-1.954959992460984175e+00,-1.242993325272091054e+00,-2.862171004568349719e+00
-2.489375524545758278e+00,-9.196761132425030905e-01,-4.161745150968289231e+00
-2.170065383867750830e-01,2.777524808127469935e+00,-4.768276148355806043e+00
-3.120793591279882317e-01,2.521287369771747500e+00,-4.768276148355806043e+00
-4.023487071764879630e-01,2.724429323354240040e+00,-4.710117438827752245e+00
5.799088358452942904e-01,2.639515536788057837e+00,-2.462666164113889611e+00
7.313329404829345126e-01,2.585228476029735489e+00,-2.742094191096171585e+00
4.217791798596556285e-01,2.677600652448344221e+00,-2.741081181985051796e+00
-1.754599761306344430e+00,-2.118399154846613008e+00,-4.719793634398775417e+00
-3.389686644077301025e-01,-1.643678247928619385e+00,-3.923437893390655518e-01
8.718757331371307373e-02,-1.643678247928619385e+00,-3.923437893390655518e-01
-2.628335833549499512e+00,3.500905334949489522e-01,-3.356757760047916150e+00
-4.287089728850715376e-01,-2.512348311825633118e+00,-1.172559604778057984e+00
-5.863382230301765752e-01,-2.475831123746329077e+00,-8.941211947034481966e-01
-8.974141540626869862e-01,-2.371735622794086229e+00,-4.161750538807375221e+00
-2.197618299017204124e-01,-2.019504326729219645e+00,-4.720414161682128906e+00
-1.258905380964279175e-01,-2.069834411144256592e+00,-4.440828323364257812e+00
-4.972459586576213897e-02,-2.197742511639443563e+00,-4.720414161682128906e+00
-2.687386110126668282e-01,-2.531629829073770210e+00,-1.876575532817868819e+00
-2.687386110126668282e-01,-2.531629829073770210e+00,-1.450419250392942061e+00
5.133438110351562500e-01,-1.643678247928619385e+00,-2.096968412399291992e+00
5.133438110351562500e-01,-1.643678247928619385e+00,-1.670812129974365234e+00
5.133438110351562500e-01,-1.217522025108337402e+00,-1.670812129974365234e+00
8.718757331371307373e-02,-1.217522025108337402e+00,-1.670812129974365234e+00
2.170338641123822576e+00,-3.757686871615220081e-01,2.917385626786261454e+00
2.143903675203623571e+00,-5.221015674201214818e-01,3.194175367730171633e+00
4.789974590038287849e-01,-2.518349521751901854e+00,-2.861594081374646326e+00
-1.807248426269385977e+00,-1.493072230524319810e+00,-1.881962844383421984e+00
-1.895138348246976356e+00,-1.357964220422997803e+00,-2.143191848015667311e+00
-6.331139283247984306e-02,2.579899061972462881e+00,-4.768276148355806043e+00
2.226196175875109207e-01,2.502577323954869648e+00,-4.720414161682128906e+00
1.433465940270209349e-02,2.482127636683975069e+00,-4.488690310037934950e+00
-6.716467703339182305e-02,2.342864746677186361e+00,-4.768276148355806043e+00
2.187663333865989546e-01,2.265543008659592683e+00,-4.720414161682128906e+00
1.362895533398533754e+00,-1.945738291158291444e+00,-1.869198424663194302e-01
1.753279134923855676e+00,-1.659539064709485423e+00,-4.648577836863894142e-01
1.632948050920252525e+00,-1.769481486849726393e+00,3.173855239708679221e+00
1.864030313380944381e+00,-1.533294006686431121e+00,3.183146165549300299e+00
4.786752740800157002e-01,-2.518397772606716156e+00,-1.450309396989098776e+00
3.180167259481925801e-01,-2.533662314767986423e+00,-1.171971709219560509e+00
1.044828672291509886e+00,-2.477643851568900324e+00,-2.048084317631586604e+00
8.965750080129841759e-01,-2.543427290829853860e+00,-1.769803137803378945e+00
9.394999742507934570e-01,4.871029555797576904e-01,3.016906023025512695e+00
9.394999742507934570e-01,6.094670295715332031e-02,3.016906023025512695e+00
5.133438110351562500e-01,6.094670295715332031e-02,3.016906023025512695e+00
1.074446656904526343e+00,-7.129352649935823960e-01,4.754226684570312500e+00
7.674414628939195682e-01,-7.724914169791139429e-01,4.754226684570312500e+00
-3.752084174384240356e-01,2.155533277532114766e+00,3.622022885232819789e+00
-6.848314111568288842e-01,2.078401219512333586e+00,3.623641304742073466e+00
-6.023965494055554259e-01,1.435525894636391353e-01,4.434609293937683105e+00
-1.028552757324676215e+00,1.435525894636391353e-01,4.434609293937683105e+00
-7.651248723268508911e-01,4.871029555797576904e-01,3.869218587875366211e+00
-7.651248723268508911e-01,6.094670295715332031e-02,3.869218587875366211e+00
-1.028552757324676215e+00,-2.826036631589652348e-01,4.434609293937683105e+00
5.133438110351562500e-01,6.094670295715332031e-02,4.599687159061431885e-01
5.133438110351562500e-01,4.871029555797576904e-01,8.861249238252639771e-01
5.133438110351562500e-01,6.094670295715332031e-02,8.861249238252639771e-01
9.394999742507934570e-01,-3.652095496654510498e-01,4.599687159061431885e-01
9.394999742507934570e-01,6.094670295715332031e-02,4.599687159061431885e-01
-4.135360898856767498e-01,-2.514930323009968216e+00,4.155375503432409801e+00
-7.651248723268508911e-01,1.339415431022644043e+00,3.869218587875366211e+00
-5.824413017339338250e-01,-2.476952790177640029e+00,3.879535850105752637e+00
-1.950242730965312532e+00,1.572228335869610527e+00,2.213587490209940167e+00
2.004890501499176025e+00,-3.652095198631286621e-01,4.295375108718872070e+00
1.181141300745041534e+00,-2.398830488224902080e+00,2.803361791333611741e+00
1.500758393354447051e+00,-1.866135254403033183e+00,2.909900802335198655e+00
1.313330958310847008e+00,-2.302176720671595511e+00,3.067316228707092307e+00
2.516318380612136973e+00,8.839610949997545042e-01,-7.789337817561223787e-01
2.646368388889631440e+00,5.872151647267257468e-01,-7.801417731239088660e-01
-1.191281080245971680e+00,-7.913657873868942261e-01,3.869218587875366211e+00
-1.191281080245971680e+00,-7.913657873868942261e-01,3.443062305450439453e+00
-2.874295278353693472e-01,2.685510099055280708e+00,4.485188220078905275e+00
-4.277511241086571769e-01,2.657365728277593764e+00,4.219296070273405697e+00
-1.048800408029842757e+00,-2.320045186087371203e+00,4.473002293002963370e+00
-2.628335833549499512e+00,3.500905334949489522e-01,1.700179636478419187e+00
-2.150132656097412109e+00,5.936420112848281860e-01,1.418820202350616455e+00
-2.628335833549499512e+00,3.500905334949489522e-01,1.387679636478417855e+00
8.718756586313247681e-02,-1.430600166320800781e+00,-4.440828323364257812e+00
1.866607028611118324e-02,-1.029345520008971171e+00,-4.720414161682128906e+00
-7.291832707169537686e-01,-2.426584256693602892e+00,4.153384902370333975e+00
-6.226442075613026761e-01,-2.533123267695189806e+00,4.473002293002963370e+00
-1.191281080245971680e+00,6.094670295715332031e-02,-2.096968412399291992e+00
-1.181812203473024514e+00,3.716401937078892548e-01,-2.433167347116514279e+00
-1.181812203473024514e+00,-5.451605891471514309e-02,-2.433167347116514279e+00
-1.617437362670898438e+00,6.094670295715332031e-02,-2.096968412399291992e+00
-1.607968485897951272e+00,3.716401937078892548e-01,-2.433167347116514279e+00
-1.617437362670898438e+00,4.871029555797576904e-01,-2.096968412399291992e+00
5.133438110351562500e-01,6.094670295715332031e-02,-1.244655847549438477e+00
5.133438110351562500e-01,6.094670295715332031e-02,-1.670812129974365234e+00
5.133438110351562500e-01,-3.652095496654510498e-01,-1.670812129974365234e+00
8.718757331371307373e-02,-3.652095496654510498e-01,-1.670812129974365234e+00
8.718757331371307373e-02,-3.652095496654510498e-01,-2.096968412399291992e+00
8.718757331371307373e-02,6.094670295715332031e-02,-1.670812129974365234e+00
-1.617437362670898438e+00,-3.652095496654510498e-01,-3.375437259674072266e+00
-1.617437362670898438e+00,6.094670295715332031e-02,-3.801593542098999023e+00
-1.617437362670898438e+00,6.094670295715332031e-02,-3.375437259674072266e+00
-2.150132656097412109e+00,-4.559235274791717529e-02,-4.121210932731628418e+00
-1.723976373672485352e+00,-4.559235274791717529e-02,-4.121210932731628418e+00
-2.043593645095825195e+00,6.094670295715332031e-02,-2.949280977249145508e+00
-1.607968485897951272e+00,-5.451605891471514309e-02,-2.859323629541441036e+00
-2.043593645095825195e+00,4.871029555797576904e-01,-2.523124694824218750e+00
-2.043593645095825195e+00,6.094670295715332031e-02,-2.523124694824218750e+00
-1.191281080245971680e+00,-7.913657873868942261e-01,3.381246328353881836e-02
-1.689088848655056152e+00,-1.635586604642890851e+00,-1.908235521907672982e-01
-1.877154994878899918e+00,-1.388325443664036651e+00,-1.943437959731815212e-01
-1.791545532846344990e+00,-1.514195299722123300e+00,-4.653159447317793962e-01
2.715285297777819018e+00,1.102890901241314198e-01,-2.255530679009777550e+00
2.709255077770460929e+00,2.739998732568749706e-01,-2.534290181270207665e+00
-1.053406363341836405e-01,-2.533545136582811885e+00,-3.563343655270958088e+00
-1.053406363341836405e-01,-2.533545136582811885e+00,-3.137187372846031330e+00
9.876648090156830984e-01,1.979535709957696010e+00,2.217994626407808312e+00
-1.191281080245971680e+00,6.094670295715332031e-02,8.861249238252639771e-01
-1.191281080245971680e+00,6.094670295715332031e-02,1.312281131744384766e+00
-1.617437362670898438e+00,-3.652095496654510498e-01,-2.949280977249145508e+00
-1.181812203473024514e+00,-5.451605891471514309e-02,-2.859323629541441036e+00
-1.191281080245971680e+00,6.094670295715332031e-02,-3.375437259674072266e+00
-1.181812203473024514e+00,3.716401937078892548e-01,-3.285479911966367794e+00
8.718757331371307373e-02,9.132591933012008667e-01,1.312281131744384766e+00
-7.651248723268508911e-01,4.871029555797576904e-01,-3.923437893390655518e-01
-6.843417253706911563e-01,2.078580266419125078e+00,8.086070063575747646e-01
-1.110497933289811945e+00,2.078580266419125078e+00,8.086070063575747646e-01
-3.389686644077301025e-01,-1.643678247928619385e+00,-2.523124694824218750e+00
-7.651248723268508911e-01,-1.217522025108337402e+00,-2.523124694824218750e+00
9.394999742507934570e-01,-1.643678247928619385e+00,1.312281131744384766e+00
-1.617437362670898438e+00,9.132591933012008667e-01,4.599687159061431885e-01
-2.043593645095825195e+00,4.871029555797576904e-01,8.861249238252639771e-01
-1.617437362670898438e+00,9.132591933012008667e-01,8.861249238252639771e-01
-1.617437362670898438e+00,4.871029555797576904e-01,8.861249238252639771e-01
-2.287534701493026734e+00,1.302066365414250138e+00,1.617094742574662014e+00
1.365656137466430664e+00,-3.652095496654510498e-01,3.381246328353881836e-02
-7.651248723268508911e-01,-7.913657873868942261e-01,2.590749859809875488e+00
-1.191281080245971680e+00,9.132591933012008667e-01,3.016906023025512695e+00
-1.191281080245971680e+00,9.132591933012008667e-01,2.590749859809875488e+00
-1.191281080245971680e+00,4.871029555797576904e-01,2.590749859809875488e+00
-1.607985255687636394e+00,7.245771893592096724e-01,2.780586517758310450e+00
5.133438110351562500e-01,-1.643678247928619385e+00,2.164593696594238281e+00
8.718757331371307373e-02,-1.643678247928619385e+00,2.164593696594238281e+00
4.609926907444215627e-01,-1.679497411075369318e+00,2.525540664850199679e+00
3.483645302297838642e-02,-1.679497411075369318e+00,2.525540664850199679e+00
-3.389686644077301025e-01,-1.643678247928619385e+00,2.590749859809875488e+00
-3.389686644077301025e-01,-1.643678247928619385e+00,2.164593696594238281e+00
-2.505008092985205437e+00,-4.064000546037533912e-01,-2.639208255062515107e-01
-2.497968592032966839e+00,5.098537627507183645e-01,7.003657103106890602e-01
-2.497968592032966839e+00,5.098537627507183645e-01,1.126521918229809849e+00
-2.450775893194975019e+00,6.996422753868687394e-01,5.465587556541318115e-01
-2.450775893194975019e+00,6.996422753868687394e-01,9.727149635732526001e-01
9.394999742507934570e-01,-1.643678247928619385e+00,-2.949280977249145508e+00
9.394999742507934570e-01,-1.643678247928619385e+00,-2.523124694824218750e+00
1.042197948446042854e+00,-2.478982579356696192e+00,1.328201727552206668e+00
-2.123661108522442720e-01,2.169094641244620369e+00,1.511608901304379415e+00
-5.163833616442103924e-02,2.165071323874676157e+00,1.234057775292220382e+00
8.718757331371307373e-02,1.339415431022644043e+00,1.312281131744384766e+00
1.550205381831835760e+00,1.893495522576671863e+00,-4.572303201006531204e-01
1.678089603609817182e+00,1.791961910065777985e+00,-1.776944817479670924e-01
1.414208336479902295e+00,1.979319453375176341e+00,-1.769640734489197342e-01
-3.389686644077301025e-01,6.094670295715332031e-02,-3.801593542098999023e+00
3.674842843209552568e-02,2.268059368575428836e-01,-4.400796771049499512e+00
-2.285783968957697532e+00,5.221672571267376162e-01,-4.720414161682128906e+00
-7.651248723268508911e-01,-7.913657873868942261e-01,3.016906023025512695e+00
6.972548517138729141e-01,-2.591496899920822994e+00,-4.718861660286202131e+00
6.624626845372807438e-01,-2.286718899045399489e+00,-4.507335901260375977e+00
4.493845433248173649e-01,-2.286718899045399489e+00,-4.720414161682128906e+00
5.133438110351562500e-01,-2.282912492752075195e+00,-4.227750062942504883e+00
5.481359782117484203e-01,-2.587690493627498256e+00,-4.439275821968331037e+00
-7.729232958187011171e-01,-2.568833381879675137e+00,4.718775608432650870e+00
8.718757331371307373e-02,-2.069834470748901367e+00,-3.801593542098999023e+00
-1.935149729251861572e-02,-2.176373481750488281e+00,-4.121210932731628418e+00
-2.324296012520790100e-01,-1.963295400142669678e+00,-4.121210932731628418e+00
1.937266364693641663e-01,-1.963295400142669678e+00,-4.121210932731628418e+00
8.718756586313247681e-02,-1.643678247928619385e+00,-4.440828323364257812e+00
-7.210807249894475301e-01,2.639129661038776664e+00,-4.715392158073278495e+00
1.548261346010108008e+00,1.894871068938846159e+00,-1.867060754982933002e+00
1.365656137466430664e+00,1.339415431022644043e+00,-1.670812129974365234e+00
1.265769367574832049e+00,2.051800129970227982e+00,-1.865623982472762954e+00
5.133438110351562500e-01,4.871029555797576904e-01,-1.670812129974365234e+00
5.133438110351562500e-01,6.094670295715332031e-02,-2.096968412399291992e+00
1.981284457213335903e+00,1.420714378075085049e+00,-2.425762585802794913e+00
2.112318840672738673e+00,6.980359472052222181e-01,-2.852857156021239682e+00
5.133438110351562500e-01,9.132591933012008667e-01,-2.096968412399291992e+00
5.133438110351562500e-01,9.132591933012008667e-01,-2.523124694824218750e+00
9.394999742507934570e-01,4.871029555797576904e-01,-2.096968412399291992e+00
-5.881592316165630274e-01,-2.475303061673004290e+00,9.402534134419240353e-01
-4.326513287568712340e-01,-2.511651176179384493e+00,1.218780947919924085e+00
-4.326513287568712340e-01,-2.511651176179384493e+00,7.926247400008032962e-01
-5.881592316165630274e-01,-2.475303061673004290e+00,5.140972055228032467e-01
9.394999742507934570e-01,-1.217522025108337402e+00,3.443062305450439453e+00
1.365656137466430664e+00,6.094670295715332031e-02,2.590749859809875488e+00
1.937266364693641663e-01,1.659032583236694336e+00,-4.121210932731628418e+00
8.718756586313247681e-02,2.191727817058563232e+00,-4.440828323364257812e+00
4.594984399376955686e-02,2.485366930755544601e+00,-3.869781354150337194e+00
9.394999742507934570e-01,6.094670295715332031e-02,-2.096968412399291992e+00
5.133438110351562500e-01,-3.652095496654510498e-01,-2.523124694824218750e+00
5.133438110351562500e-01,6.094670295715332031e-02,-2.523124694824218750e+00
1.365656137466430664e+00,-3.652095496654510498e-01,-3.375437259674072266e+00
1.365656137466430664e+00,6.094670295715332031e-02,-3.375437259674072266e+00
9.394999742507934570e-01,-3.652095496654510498e-01,-3.375437259674072266e+00
9.394999742507934570e-01,6.094670295715332031e-02,-3.375437259674072266e+00
-7.896285725991587512e-01,9.344451992855549172e-01,-2.524125938520169754e+00
-7.896285725991587512e-01,9.344451992855549172e-01,-2.950282220945096512e+00
9.394999742507934570e-01,-1.217522025108337402e+00,-3.375437259674072266e+00
-2.716986653452347356e-01,-2.531430593183349842e+00,9.410775030289157961e-01
5.133438110351562500e-01,-3.652095496654510498e-01,8.861249238252639771e-01
8.718757331371307373e-02,-7.913657873868942261e-01,8.861249238252639771e-01
8.718757331371307373e-02,-7.913657873868942261e-01,1.312281131744384766e+00
2.278531408956943616e-01,-2.639441411201677745e+00,-4.440544083006360943e+00
1.477503693613398117e-02,-2.639441411201677745e+00,-4.440544083006360943e+00
8.718756586313247681e-02,-2.282912492752075195e+00,-4.440828323364257812e+00
-1.935149729251861572e-02,-1.750217318534851074e+00,-4.121210932731628418e+00
2.210654056448218441e+00,1.679028198978056885e+00,-4.719248923363716486e+00
-3.389686644077301025e-01,-7.913657873868942261e-01,-3.923437893390655518e-01
-7.651248723268508911e-01,-7.913657873868942261e-01,-3.923437893390655518e-01
-7.651248723268508911e-01,-1.217522025108337402e+00,3.381246328353881836e-02
-7.651248723268508911e-01,-7.913657873868942261e-01,3.381246328353881836e-02
9.394999742507934570e-01,-3.652095496654510498e-01,1.312281131744384766e+00
-1.262396539185142164e+00,2.013373015247318598e+00,-1.434581529386013798e+00
-1.113801737910180556e+00,2.077368531584476763e+00,-1.158286225950299730e+00
2.177111498240986709e+00,3.743835545084484573e-01,2.492607684540964819e+00
-7.651248723268508911e-01,-1.217522025108337402e+00,2.590749859809875488e+00
8.718757331371307373e-02,4.871029555797576904e-01,3.016906023025512695e+00
-3.389686644077301025e-01,-7.913657873868942261e-01,3.381246328353881836e-02
2.592903855892450538e-01,-2.637852086674635554e+00,1.604311042177839708e+00
-3.389686644077301025e-01,-3.652095496654510498e-01,3.381246328353881836e-02
-3.389686644077301025e-01,6.094670295715332031e-02,-3.923437893390655518e-01
8.424479041320976913e-01,2.050601078319313153e+00,2.493800159624067092e+00
1.386756149884762257e+00,-1.831450167207332669e+00,4.754226684570312500e+00
-2.073599148468950659e+00,-2.961689988071958268e-01,1.762524517256428780e+00
-2.150132656097412109e+00,-6.848267167806625366e-01,1.844976484775543213e+00
-1.647442866044023901e+00,-2.961689988071958268e-01,1.762524517256428780e+00
-2.734049227384298120e-01,-2.531313075673048640e+00,1.497771971571608018e+00
-3.389686644077301025e-01,1.339415431022644043e+00,1.738437414169311523e+00
8.718757331371307373e-02,1.339415431022644043e+00,1.738437414169311523e+00
2.114131825870450676e+00,6.922936697050521282e-01,2.493902898526984213e+00
-2.300688323215307030e+00,-1.402115163240261086e+00,4.731119723423095280e+00
8.718757331371307373e-02,-2.069834470748901367e+00,1.738437414169311523e+00
9.394999742507934570e-01,4.871029555797576904e-01,3.443062305450439453e+00
5.133438110351562500e-01,4.871029555797576904e-01,3.443062305450439453e+00
9.394999742507934570e-01,4.871029555797576904e-01,-1.244655847549438477e+00
9.394999742507934570e-01,4.871029555797576904e-01,-8.184998184442520142e-01
9.394999742507934570e-01,6.094670295715332031e-02,-8.184998184442520142e-01
5.133438110351562500e-01,6.094670295715332031e-02,-8.184998184442520142e-01
2.154080438001520825e+00,5.358124329693173538e-01,2.454002778950727937e-01
2.177095056670919959e+00,3.745712043946135550e-01,5.232296246269507733e-01
5.133438110351562500e-01,-2.069834470748901367e+00,1.738437414169311523e+00
8.718757331371307373e-02,-2.069834470748901367e+00,1.312281131744384766e+00
1.527513149830133643e-01,-2.531313075673048640e+00,1.497771971571608018e+00
1.898351430892944336e+00,3.805638998746871948e-01,-1.138116776943206787e+00
1.898351430892944336e+00,3.805638998746871948e-01,-1.777351140975952148e+00
1.365656137466430664e+00,6.094670295715332031e-02,-1.244655847549438477e+00
-5.900522092023670062e-01,-2.474751483069987934e+00,1.922673876507095869e+00
1.365656137466430664e+00,-1.217522025108337402e+00,3.443062305450439453e+00
2.031643266148116744e+00,-1.265036536417888380e+00,2.423184345956039820e-01
-5.900522092023670062e-01,-2.474751483069987934e+00,1.496517594082169111e+00
-8.873276569576646899e-01,-2.351997704103074405e+00,1.492602356149725917e+00
9.394999742507934570e-01,1.339415431022644043e+00,4.599687159061431885e-01
4.763972281885093252e-01,-2.518736895096330475e+00,9.420841226647640454e-01
3.150686914554738371e-01,-2.533780076128107961e+00,1.219911126274775270e+00
1.655435652513487788e-01,2.797285070334174506e+00,-4.709852295746362216e+00
-4.274139293346007618e-02,2.776835383063280815e+00,-4.478128444102168260e+00
2.431896174865307014e-01,2.699513645045687138e+00,-4.430266457428491123e+00
-1.758556218299243357e+00,1.617139573457768265e+00,-1.432192365015986901e+00
-5.285985432252467142e-02,2.165167086794575813e+00,-1.756959339601200654e-01
4.502097387997325839e-01,2.069499096060519072e+00,4.754226684570312500e+00
-2.414102593248044659e+00,-1.274752743699105517e+00,1.317857723347991783e+00
6.904027587759812290e-01,2.105631650450682901e+00,-1.763010078594424712e-01
9.880521732642650878e-01,1.979319453375176341e+00,-1.769640734489197342e-01
9.880521732642650878e-01,1.979319453375176341e+00,2.491921791736846359e-01
-2.128597510396251224e-01,2.169080442034257761e+00,2.919717598358874788e+00
1.074446656904526343e+00,-7.129352649935823960e-01,-4.720414161682128906e+00
-3.389686644077301025e-01,4.871029555797576904e-01,-3.375437259674072266e+00
-7.651248723268508911e-01,4.871029555797576904e-01,-3.801593542098999023e+00
-7.651248723268508911e-01,4.871029555797576904e-01,-3.375437259674072266e+00
-7.896285725991587512e-01,9.344451992855549172e-01,-3.376438503370023270e+00
1.970044044907787173e+00,1.439821363410736854e+00,-3.840115499662582366e+00
1.776455730407410227e+00,1.696342284197294381e+00,-3.839679927767662093e+00
5.941316091267733190e-01,-2.623574885774891730e+00,-3.947656249396752415e+00
-2.043593645095825195e+00,6.094670295715332031e-02,-1.244655847549438477e+00
-2.521796822547912598e+00,2.435514777898784844e-01,-1.559827923774725011e+00
-1.569999213234840374e+00,-1.749210562570172822e+00,-2.859425141699178941e+00
-1.031957134516215291e+00,-1.116023462308926240e+00,4.754226684570312500e+00
4.068047404289245605e-01,-2.176373481750488281e+00,4.188835978507995605e+00
-1.297820150852203369e+00,-1.110982954502105713e+00,4.188835978507995605e+00
-8.716639429330825806e-01,-1.110982954502105713e+00,4.188835978507995605e+00
-7.651248723268508911e-01,-1.217522025108337402e+00,3.869218587875366211e+00
-7.651248723268508911e-01,-7.913657873868942261e-01,3.869218587875366211e+00
-1.297820150852203369e+00,-6.848267167806625366e-01,4.188835978507995605e+00
-5.460675531971728169e-01,-2.317404200299555406e+00,4.754226684570312500e+00
-1.848512911087083710e+00,1.494517282668977876e+00,1.223582211053012792e+00
2.707155747497431264e+00,2.952300791644028033e-01,4.216224051459002808e+00
2.174460454070917592e+00,4.017691348694732989e-01,3.896606660826373414e+00
1.685273408889770508e+00,5.936420112848281860e-01,4.188835978507995605e+00
2.494077725494257436e+00,5.083081905745437945e-01,4.216224051459002808e+00
8.718757331371307373e-02,1.339415431022644043e+00,3.016906023025512695e+00
3.002656996250152588e-01,1.126337319612503052e+00,3.229984164237976074e+00
8.718757331371307373e-02,1.339415431022644043e+00,3.443062305450439453e+00
2.704465429038112045e+00,1.960824799031640753e-02,-4.720310855947071005e+00
1.087058555503324975e+00,-4.528742498639024561e-01,-4.400796771049499512e+00
1.046039044857025146e+00,-6.848267167806625366e-01,-4.121210932731628418e+00
1.394063749513931860e+00,-3.933180978783709092e-01,-4.400796771049499512e+00
2.680454195724857325e+00,4.594680824013525067e-01,4.473462893280858665e+00
2.467376173721683497e+00,6.725461938114934979e-01,4.473462893280858665e+00
2.286931388804758214e+00,6.341431654524536388e-01,4.754226684570312500e+00
2.749416882213331359e+00,6.065082922740483440e-01,4.719236208710546165e+00
-2.150132656097412109e+00,1.674857586622238159e-01,3.336523294448852539e+00
-2.521796822547912598e+00,-1.826047748327258857e-01,3.383453011512755015e+00
-2.628335833549499512e+00,3.500905334949489522e-01,3.703070282936094859e+00
-2.628335833549499512e+00,3.500905334949489522e-01,3.390570282936093527e+00
-1.442143035413351981e+00,-1.847079842850786413e+00,-3.136428422780646486e+00
1.542198651064192294e+00,3.233173950582921008e-01,4.434609293937683105e+00
1.542198651064192294e+00,-1.028388575643122693e-01,4.434609293937683105e+00
1.685273408889770508e+00,1.674857586622238159e-01,4.188835978507995605e+00
-1.617437362670898438e+00,9.132591933012008667e-01,-2.096968412399291992e+00
-2.279647414413892292e+00,1.060749060105444119e+00,-2.132608514229906937e+00
-2.349543611393629661e+00,1.321402186063189266e+00,-2.434849044365907211e+00
-2.113489842075562564e+00,7.477560815375029479e-01,-2.399208942535292266e+00
-1.687333559650635584e+00,1.173912319258946013e+00,-2.399208942535292266e+00
-2.499174419930520141e+00,5.030807338516845029e-01,-7.090115879813891908e-01
-2.470256462844954370e+00,6.333779397323244797e-01,-4.530157311458182789e-01
-1.617437362670898438e+00,6.094670295715332031e-02,8.861249238252639771e-01
-1.617437362670898438e+00,4.871029555797576904e-01,1.312281131744384766e+00
-1.191281080245971680e+00,4.871029555797576904e-01,8.861249238252639771e-01
1.547044202211171227e+00,1.895729931719662975e+00,-2.423506683980008791e+00
1.410482247130647737e+00,1.981393423545360744e+00,-2.144080707565836352e+00
8.329609036445617676e-01,1.872110664844512939e+00,-2.416585683822631836e+00
8.777870133087788407e-01,2.514088657367229640e+00,-2.463697978989176196e+00
1.264028174304803409e+00,2.052533242207866593e+00,-2.422476919672831741e+00
9.843260839150105301e-01,1.981393423545360744e+00,-2.144080707565836352e+00
-1.448434191562192330e+00,-1.842755740283985588e+00,7.886082449058597899e-01
-1.694449902495396287e+00,-1.629847681335392373e+00,-2.576908410625277757e+00
-1.569999213234840374e+00,-1.749210562570172822e+00,-2.433268859274252183e+00
1.464590723681356010e-01,-2.765797111067950897e+00,-4.720129921324232036e+00
2.188716012951341106e-01,-2.409268192618348792e+00,-4.720414161682128906e+00
8.329609036445617676e-01,1.872110664844512939e+00,-2.842741966247558594e+00
1.264028174304803409e+00,2.052533242207866593e+00,-2.848633202097758499e+00
1.300097362545718838e+00,-2.441367414158818860e+00,4.721625342618192001e+00
-4.703802492126964441e-01,1.783886579181369836e+00,-4.720414161682128906e+00
-2.324296012520790100e-01,1.659032583236694336e+00,-4.121210932731628418e+00
-2.237206227631552968e-01,1.455064374645998360e+00,-4.400796771049499512e+00
-5.769193123683475921e-01,1.464269426967319543e+00,-4.400796771049499512e+00
-2.321294630671903114e+00,-9.318079827015546268e-01,-2.143191848015667311e+00
-1.961504744668156608e+00,-1.228773088841548233e+00,-1.872201716821412898e+00
-1.617437362670898438e+00,-7.913657873868942261e-01,-2.096968412399291992e+00
9.394999742507934570e-01,4.871029555797576904e-01,-3.375437259674072266e+00
5.133438110351562500e-01,6.094670295715332031e-02,-2.949280977249145508e+00
5.133438110351562500e-01,6.094670295715332031e-02,-3.375437259674072266e+00
-1.779887120746880491e+00,-3.233389821214155413e-01,4.434609293937683105e+00
-1.937054574489593506e+00,-6.848267167806625366e-01,4.188835978507995605e+00
1.983623087185623302e+00,1.416656388426268176e+00,-4.593168232571676057e-01
4.789974590038287849e-01,-2.518349521751901854e+00,-2.435437798949719568e+00
3.184697373921609453e-01,-2.533643704072325420e+00,-2.155490575647217355e+00
9.394999742507934570e-01,4.871029555797576904e-01,-1.670812129974365234e+00
-1.969566843872683215e+00,5.554342586278544491e-01,4.754226684570312500e+00
9.394999742507934570e-01,9.132591933012008667e-01,-1.670812129974365234e+00
5.133438110351562500e-01,9.132591933012008667e-01,-1.670812129974365234e+00
5.567488094059642734e-01,1.536803862238649954e+00,4.434609293937683105e+00
1.937266364693641663e-01,1.659032583236694336e+00,4.188835978507995605e+00
8.718756586313247681e-02,2.191727817058563232e+00,4.508453369140625000e+00
-1.949152916981674366e+00,1.209519422311801984e+00,4.754226684570312500e+00
1.753279134923855676e+00,-1.659539064709485423e+00,-8.910138127915758766e-01
9.376618557338128879e-01,-2.371424881332560908e+00,-7.450254953475412556e-01
-2.628335833549499512e+00,1.370124220848079888e-01,-4.095414161682131571e+00
-1.886426131748467405e+00,-3.721785203881666781e-03,4.754226684570312500e+00
-1.617437362670898438e+00,-3.652095496654510498e-01,-2.096968412399291992e+00
1.755217019296339664e+00,-1.657561250306869072e+00,-2.431802387293370060e+00
-2.505032550150461557e+00,-1.198013554027927530e+00,4.731119723423095280e+00
-2.354994614579734247e+00,-9.155314075289230358e-01,4.541148424148559570e+00
1.638677764917046753e+00,2.012641327225280552e+00,4.207080816081185226e+00
1.491109167777621369e+00,2.101976066748964200e+00,4.474095787859933004e+00
1.551630432640358492e+00,1.892484249661924522e+00,9.547672538899014683e-01
-1.723976373672485352e+00,1.019798249006271362e+00,1.418820202350616455e+00
-2.381208204513597160e+00,1.174900100652605195e+00,1.330121281659244481e+00
-1.617437362670898438e+00,9.132591933012008667e-01,1.312281131744384766e+00
-2.274669193512010246e+00,1.068361044947534699e+00,1.223582211053012792e+00
7.475218454566616710e-01,-2.257606330422969876e+00,4.754226684570312500e+00
8.540609160628933605e-01,-2.151067319421382962e+00,4.434609293937683105e+00
1.568682077208544801e+00,-2.259211665350380205e+00,4.719438375688957521e+00
1.789583451577475115e+00,-2.087629300394722609e+00,4.719438375688957521e+00
1.532138694310815064e+00,1.906102256619048863e+00,3.887463425448555832e+00
-5.303831966130085895e-01,2.125644530647264219e+00,1.938039590203633145e+00
-2.043593645095825195e+00,-3.652095496654510498e-01,3.443062305450439453e+00
-1.617437362670898438e+00,-3.652095496654510498e-01,3.869218587875366211e+00
1.384570097171389680e+00,1.995436996142732511e+00,4.154478397227303610e+00
-1.689088848655056152e+00,-1.635586604642890851e+00,2.353327004318370719e-01
-1.044829302116006220e+00,-2.321635705955252149e+00,-4.439681054649581071e+00
-2.324296012520790100e-01,-1.537139177322387695e+00,-4.121210932731628418e+00
-2.324296012520790100e-01,-1.324061095714569092e+00,-4.121210932731628418e+00
-2.150650387644579720e+00,-1.119633016741256704e+00,4.541148424148559570e+00
3.742922773068004250e-01,2.165089087650270638e+00,2.215767349315937551e+00
-1.617437362670898438e+00,-7.913657873868942261e-01,-1.670812129974365234e+00
5.852143446862474452e-01,-2.624936783608303070e+00,-1.769926608807793844e+00
7.433087366236414972e-01,-2.592499213507959865e+00,-2.048805795842252309e+00
2.150730268845887139e+00,-1.345133735500787520e+00,4.473462893280854225e+00
1.892752987227002359e+00,-1.222675459435034639e+00,4.754226684570312500e+00
-1.758205578520634305e+00,2.934484545663632593e-01,4.754226684570312500e+00
1.685273408889770508e+00,1.019798249006271362e+00,-4.121210932731628418e+00
-1.436871550446169543e+00,6.619733143329249447e-01,4.434609293937683105e+00
-1.723976373672485352e+00,3.805638998746871948e-01,4.188835978507995605e+00
-1.225510285094120633e+00,3.999875102714337549e-01,4.434609293937683105e+00
-7.442169164471944542e-01,-2.420443293090069226e+00,2.196482641659362578e+00
9.394999742507934570e-01,-1.643678247928619385e+00,4.599687159061431885e-01
1.303440284324989040e+00,-1.548217604244470857e+00,-4.720414161682128906e+00
-7.651248723268508911e-01,-3.652095496654510498e-01,3.016906023025512695e+00
-7.651248723268508911e-01,-3.652095496654510498e-01,3.443062305450439453e+00
7.897654110764573687e-01,-2.436991168635798122e+00,-8.925590861314454116e-01
1.624137469838122350e+00,-1.961557879653217817e+00,4.203023839181893706e+00
1.760660206002676587e+00,-1.858361664463848317e+00,4.473665060259270021e+00
-1.310926957619900968e+00,-1.927231846871116705e+00,9.391949170155107218e-01
-1.848512911087083710e+00,1.494517282668977876e+00,7.974260031338920029e-01
-1.577678407930709348e+00,-1.742604752313603012e+00,2.463434144839840023e+00
-1.315432033137907464e+00,-1.924777808261332268e+00,2.468618520584056064e+00
-3.389686644077301025e-01,6.094670295715332031e-02,1.738437414169311523e+00
-2.167836598418032279e-01,2.168961787910326677e+00,-1.863070322977861792e+00
-1.919186345208513389e+00,1.375559330116334467e+00,5.281020783924641471e-01
1.472195208072662354e+00,-1.110982954502105713e+00,3.549601435661315918e+00
1.365656137466430664e+00,-7.913657873868942261e-01,3.443062305450439453e+00
1.365656137466430664e+00,-7.913657873868942261e-01,3.869218587875366211e+00
8.718757331371307373e-02,-3.652095496654510498e-01,-2.523124694824218750e+00
-2.411452326212021546e+00,8.082262347394444379e-01,-2.133639164608853278e+00
-2.345042005937285623e+00,9.499665007309436859e-01,-1.865517685909062973e+00
-5.937685995920247706e-01,-2.473660735949481104e+00,2.474593891368424448e+00
-7.651248723268508911e-01,-1.643678247928619385e+00,-8.184998184442520142e-01
-7.651248723268508911e-01,-1.217522025108337402e+00,-8.184998184442520142e-01
-3.389686644077301025e-01,-1.643678247928619385e+00,-8.184998184442520142e-01
-7.651248723268508911e-01,-1.217522025108337402e+00,-3.923437893390655518e-01
-3.389686644077301025e-01,-1.217522025108337402e+00,-8.184998184442520142e-01
2.605641081259148173e+00,-9.037199405914669859e-01,4.719236208710541725e+00
-1.532477185692595611e+00,1.841175640602692676e+00,-1.433461646139860157e+00
5.133438110351562500e-01,9.132591933012008667e-01,-1.244655847549438477e+00
8.718757331371307373e-02,9.132591933012008667e-01,-1.244655847549438477e+00
8.718757331371307373e-02,4.871029555797576904e-01,-1.244655847549438477e+00
-3.389686644077301025e-01,4.871029555797576904e-01,-8.184998184442520142e-01
8.718757331371307373e-02,9.132591933012008667e-01,-8.184998184442520142e-01
-7.651248723268508911e-01,-7.913657873868942261e-01,-2.949280977249145508e+00
-7.651248723268508911e-01,-3.652095496654510498e-01,-2.949280977249145508e+00
2.459801313912437060e+00,-1.368738661662713962e-01,-4.720414161682128906e+00
7.005845194405277976e-01,-2.590576450705317946e+00,4.721166339735573203e+00
-7.651248723268508911e-01,1.339415431022644043e+00,-1.244655847549438477e+00
-8.362403312660214860e-01,2.013373015247318598e+00,-1.434581529386013798e+00
-2.498041503433233501e+00,1.025917112526612218e+00,-2.962187280435767178e+00
-2.570065825461996134e+00,7.580034348596027538e-01,-3.013430844441328915e+00
2.036055088017240777e+00,-8.297343092226121541e-01,-3.131526220924443216e+00
2.033645091092155077e+00,-7.761082301990167576e-01,4.754226684570312500e+00
1.321655224928564909e+00,9.958540264876292181e-01,4.434609293937683105e+00
1.685273408889770508e+00,1.019798249006271362e+00,4.188835978507995605e+00
2.011281403121468525e+00,-1.935212987357403547e+00,4.719438375688957521e+00
2.234392780003346513e+00,-1.699564225689925934e+00,4.721288931856519433e+00
1.829355475797685981e+00,-1.507451489214356011e+00,4.754226684570312500e+00
6.609023922876878787e-01,-4.528742498639024561e-01,4.434609293937683105e+00
1.087058555503324975e+00,-4.528742498639024561e-01,4.434609293937683105e+00
7.844391061165738588e-01,-1.577321623130805428e-01,4.434609293937683105e+00
1.210595269332211066e+00,-1.577321623130805428e-01,4.434609293937683105e+00
-1.793010051081905587e+00,-1.512257694466170976e+00,-2.431957327649510781e+00
2.095573379907585299e+00,-1.112894611667371914e+00,-1.443722908452608866e+00
2.032160937496855890e+00,-1.263971520157705530e+00,-1.168240672770976651e+00
2.033208713687947977e+00,-1.261809336747439669e+00,-2.151124461662513365e+00
1.365656137466430664e+00,4.871029555797576904e-01,-8.184998184442520142e-01
2.033208713687947977e+00,-8.356530990259966041e-01,-2.151124461662513365e+00
2.141855629383589310e+00,-5.307980792810159665e-01,-2.150015503826425256e+00
-2.504114364331360143e+00,-4.122451574336046809e-01,1.852521422458831557e+00
-2.453162752965773130e+00,-6.311486113069457726e-01,1.990026928423174857e+00
9.394999742507934570e-01,9.132591933012008667e-01,1.738437414169311523e+00
1.365656137466430664e+00,9.132591933012008667e-01,1.312281131744384766e+00
-4.703802492126964441e-01,1.783886579181369836e+00,4.754226684570312500e+00
-2.324296012520790100e-01,1.659032583236694336e+00,4.188835978507995605e+00
-2.130779392165371156e-01,2.169074114170310708e+00,9.558645047621916468e-01
-3.730585699945023759e-01,2.155829355791134549e+00,1.234424891110377676e+00
2.154025224368548486e+00,5.360902431706492388e-01,2.638903457614895309e+00
2.363808469662987743e+00,9.799241858353526791e-01,4.473462893280858665e+00
2.645849178154635606e+00,9.138862842979076362e-01,4.719236208710546165e+00
-1.885247908442539533e+00,-1.374863378805517122e+00,-1.176359601645029951e+00
-1.692158412925968136e+00,-1.632308058186963562e+00,-1.176860838427268519e+00
-1.807248426269385977e+00,-1.493072230524319810e+00,-1.455806561958495227e+00
-1.111917870679771214e+00,2.078060554097292290e+00,2.524874939951513575e-01
1.893925922024717545e+00,1.554717314189616229e+00,-7.372387382425733549e-01
-1.617437362670898438e+00,-7.913657873868942261e-01,-3.923437893390655518e-01
-1.191281080245971680e+00,-7.913657873868942261e-01,-3.923437893390655518e-01
-2.149604500688484798e-01,2.169018197934469150e+00,-4.540924848206375763e-01
-7.651248723268508911e-01,9.132591933012008667e-01,-3.923437893390655518e-01
-7.651248723268508911e-01,9.132591933012008667e-01,-3.801593542098999023e+00
-7.896285725991587512e-01,1.360601437006998093e+00,-3.376438503370023270e+00
-1.258905380964279175e-01,-1.004443913698196411e+00,1.525359272956848145e+00
-1.791545532846344990e+00,-1.514195299722123300e+00,-8.914719738369658586e-01
-1.692158412925968136e+00,-1.632308058186963562e+00,-7.507048093220820562e-01
-1.191281080245971680e+00,-1.217522025108337402e+00,3.381246328353881836e-02
-7.651248723268508911e-01,-1.643678247928619385e+00,3.381246328353881836e-02
-2.043593645095825195e+00,-3.652095496654510498e-01,3.381246328353881836e-02
-1.617437362670898438e+00,-3.652095496654510498e-01,3.381246328353881836e-02
-1.617437362670898438e+00,-7.913657873868942261e-01,3.381246328353881836e-02
-2.628335833549499512e+00,-2.891438305377964091e-01,1.174601495265954476e+00
8.718757331371307373e-02,-1.217522025108337402e+00,-1.244655847549438477e+00
-1.258905380964279175e-01,-1.004443913698196411e+00,-1.457733988761901855e+00
-4.972459586576213897e-02,-2.197742511639443563e+00,4.754226684570312500e+00
8.528411869117499267e-01,-2.466673576487924180e+00,4.475852027188504501e+00
9.593802575179816161e-01,-2.360134565486337266e+00,4.156234636555875106e+00
-1.191281080245971680e+00,6.094670295715332031e-02,1.738437414169311523e+00
-1.617437362670898438e+00,6.094670295715332031e-02,1.738437414169311523e+00
-1.617437362670898438e+00,6.094670295715332031e-02,1.312281131744384766e+00
-7.651248723268508911e-01,4.871029555797576904e-01,-8.184998184442520142e-01
-7.651248723268508911e-01,6.094670295715332031e-02,-1.244655847549438477e+00
-3.389686644077301025e-01,6.094670295715332031e-02,-1.244655847549438477e+00
-3.389686644077301025e-01,-1.217522025108337402e+00,-3.375437259674072266e+00
8.718757331371307373e-02,-1.217522025108337402e+00,-2.949280977249145508e+00
-1.885247908442539533e+00,-1.374863378805517122e+00,-7.502035725398434884e-01
-2.521796822547912598e+00,2.435514777898784844e-01,9.686405658721852774e-01
-2.486379000091794467e+00,-5.066403364935119225e-01,2.906596248358617629e+00
-2.497382760047912598e+00,-4.521342556919556444e-01,3.227203011512754571e+00
-2.521796822547912598e+00,-1.826047748327258857e-01,3.809609293937681773e+00
-2.497382760047912598e+00,-4.521342556919556444e-01,3.653359293937681329e+00
-1.258905380964279175e-01,-5.782876759767532349e-01,-1.792656630277633667e-01
-1.572297749354532481e+00,-1.747242762805813143e+00,-1.453441640225749953e+00
-2.305801043490221858e+00,-9.580615180507686679e-01,2.188462459691909778e+00
-2.386389387041518262e+00,-8.054106297576493212e-01,2.469800979490497372e+00
6.198828816413879395e-01,-2.176373481750488281e+00,1.418820202350616455e+00
-1.961504744668156608e+00,-1.228773088841548233e+00,-1.446045434396486140e+00
2.182517960282896130e+00,2.130518190425030600e-01,2.440569492531499129e-01
2.031506762518219489e+00,-1.265317012397574992e+00,2.635103074331194506e+00
-2.311404190867466291e+00,-9.487071410840739460e-01,-1.176359601645029951e+00
-6.023965494055554259e-01,1.435525894636391353e-01,-4.400796771049499512e+00
-2.628335833549499512e+00,3.500905334949489522e-01,-1.666366994380956701e+00
2.471271944963245648e+00,6.543082269515438920e-01,3.944122165787328438e+00
2.054059958107921524e+00,8.516000823947019738e-01,3.200039699779492874e+00
-1.617437362670898438e+00,4.871029555797576904e-01,-1.670812129974365234e+00
-1.617437362670898438e+00,6.094670295715332031e-02,-1.670812129974365234e+00
-2.043593645095825195e+00,4.871029555797576904e-01,-1.670812129974365234e+00
8.963044816826890582e-01,-2.543530179637385036e+00,-1.467858675593056716e-01
1.632187262883465939e+00,-1.770103821754960505e+00,2.632590548885336279e+00
-1.191281080245971680e+00,6.094670295715332031e-02,-1.670812129974365234e+00
3.002656996250152588e-01,1.126337319612503052e+00,1.525359272956848145e+00
-2.167836598418032279e-01,2.168961787910326677e+00,-1.436914040552935035e+00
8.718757331371307373e-02,1.339415431022644043e+00,-1.670812129974365234e+00
-3.389686644077301025e-01,1.339415431022644043e+00,-1.670812129974365234e+00
8.518748633495206724e-01,2.528132229964601407e+00,4.474095787859933004e+00
1.268659333891510865e+00,2.395048754944498093e+00,4.719869103289620504e+00
1.248217598324426358e+00,1.345074986231147962e+00,4.754226684570312500e+00
-4.281076182389811913e-01,-2.512453697164953592e+00,-2.581170192951520281e+00
8.718757331371307373e-02,-2.069834470748901367e+00,-2.096968412399291992e+00
-1.076865003292822032e-01,-2.533643704072325420e+00,-2.155490575647217355e+00
8.718757331371307373e-02,-2.069834470748901367e+00,-2.523124694824218750e+00
3.184697373921609453e-01,-2.533643704072325420e+00,-2.581646858072144113e+00
8.948024802258549570e-01,-2.544100346911353228e+00,4.102510418823221983e-01
-4.281076182389811913e-01,-2.512453697164953592e+00,-2.155013910526593524e+00
-5.836822717123503201e-01,-2.476596834629058108e+00,-2.432119776198986560e+00
1.635087071861840435e+00,-1.767727272184049570e+00,-2.153245678870370661e+00
2.141026686045435223e+00,-5.342534524482260849e-01,2.636380833188019857e+00
2.141026686045435223e+00,-5.342534524482260849e-01,2.210224669972382650e+00
5.133438110351562500e-01,-3.652095496654510498e-01,3.381246328353881836e-02
2.715213253709409802e+00,-1.065653704244502176e-01,-2.886383590745249528e-01
2.031643266148116744e+00,-1.265036536417888380e+00,-1.838378180270003881e-01
2.628894112669776906e+00,-3.653650471578564485e-01,-2.536812661396771862e+00
2.051905065817213547e+00,8.564366024710565739e-01,-3.129942104769572353e+00
-2.436766393470144010e+00,7.414079966426065926e-01,-1.899095030836968956e+00
4.250088079983926348e-01,-2.640182715073912334e+00,-2.048951505040985666e+00
9.394999742507934570e-01,-3.652095496654510498e-01,-2.096968412399291992e+00
9.394999742507934570e-01,-3.652095496654510498e-01,-1.670812129974365234e+00
5.133438110351562500e-01,-7.913657873868942261e-01,-1.670812129974365234e+00
9.394999742507934570e-01,-7.913657873868942261e-01,-1.244655847549438477e+00
9.394999742507934570e-01,-7.913657873868942261e-01,-1.670812129974365234e+00
3.208156013872595080e-01,-2.533545136582811885e+00,-3.563343655270958088e+00
2.464745360484956294e+00,-1.137216846376886803e+00,-4.719283622651722965e+00
-3.389686644077301025e-01,-1.643678247928619385e+00,-2.096968412399291992e+00
-7.651248723268508911e-01,-1.217522025108337402e+00,-1.670812129974365234e+00
8.417575043314671213e-01,2.050893742830087518e+00,-8.824739161063988035e-01
-2.481348523191758915e+00,1.068879360697189806e+00,-2.435879694744853552e+00
1.365656137466430664e+00,-7.913657873868942261e-01,2.590749859809875488e+00
-4.277511241086571769e-01,2.444287646669775160e+00,4.219296070273405697e+00
-7.257746753772962300e-01,2.334931488586549975e+00,4.210649944048143745e+00
-6.264960893524623708e-02,2.165898325662354296e+00,3.189643587804737557e+00
-2.567278957027623765e+00,7.737340846069958866e-01,-2.756974736335650711e+00
-2.509562683466727506e+00,9.937407271147231658e-01,-2.660832823329833730e+00
-1.493224772723833471e+00,-9.787165916015192479e-01,4.754226684570312500e+00
-1.460269908928185423e+00,-6.429561492366270281e-01,4.754226684570312500e+00
-1.617437362670898438e+00,-1.004443883895874023e+00,4.508453369140625000e+00
9.394999742507934570e-01,6.094670295715332031e-02,3.869218587875366211e+00
7.155223645025574619e-01,8.123796779034730964e-01,4.434609293937683105e+00
9.394999742507934570e-01,4.871029555797576904e-01,3.869218587875366211e+00
3.002656996250152588e-01,7.001810818910598755e-01,3.229984164237976074e+00
8.718757331371307373e-02,9.132591933012008667e-01,3.016906023025512695e+00
9.394999742507934570e-01,1.339415431022644043e+00,2.590749859809875488e+00
5.133438110351562500e-01,-1.856756329536437988e+00,-4.227750062942504883e+00
7.155223645025574619e-01,1.238535915624916273e+00,4.434609293937683105e+00
9.394999742507934570e-01,9.132591933012008667e-01,3.869218587875366211e+00
1.141678527718194669e+00,1.238535915624916273e+00,4.434609293937683105e+00
1.639361745344062538e+00,2.012171205231869209e+00,-4.157594804862860371e+00
1.493373156296889714e+00,2.100775203361863852e+00,-4.438986672636401565e+00
1.532822674737830848e+00,1.905632134625637519e+00,-3.837977414230230977e+00
-1.545127496912815701e+00,5.065265659765042505e-01,-4.720414161682128906e+00
-1.173693479545430129e-01,2.488337215784986345e+00,-4.149485261336708142e+00
9.570875600501738134e-02,2.701415297392804948e+00,-4.149485261336708142e+00
9.394999742507934570e-01,-1.217522025108337402e+00,-3.801593542098999023e+00
2.371316348401721896e-01,1.856421014452700247e+00,-4.720414161682128906e+00
5.567488094059642734e-01,1.536803862238649954e+00,-4.400796771049499512e+00
4.502097387997325839e-01,2.069499096060519072e+00,-4.720414161682128906e+00
2.669010837375854761e-01,4.842928622891194967e-01,-4.400796771049499512e+00
-5.434198740725575405e-01,2.122350896243386131e+00,-3.829248238421308237e+00
-7.651248723268508911e-01,1.339415431022644043e+00,-3.801593542098999023e+00
-1.617437362670898438e+00,-3.652095496654510498e-01,-2.523124694824218750e+00
1.502205768406333464e+00,-1.865192540843072067e+00,9.440903076539841621e-01
-2.043593645095825195e+00,-3.652095496654510498e-01,-2.523124694824218750e+00
-1.617437362670898438e+00,-7.913657873868942261e-01,-2.523124694824218750e+00
-6.201876732003092085e-02,2.687324394282605944e+00,-3.018195490662888503e+00
-1.792162311733178193e+00,-1.513380076062564417e+00,9.366962539005676547e-01
8.718757331371307373e-02,6.094670295715332031e-02,-1.244655847549438477e+00
-3.389686644077301025e-01,-3.652095496654510498e-01,-1.670812129974365234e+00
-1.258905380964279175e-01,-5.782876759767532349e-01,-1.883890271186828613e+00
1.898351430892944336e+00,8.067201375961303711e-01,-7.119607478380203247e-01
2.056232981721582753e+00,1.272832035182992483e+00,-7.388462789709513423e-01
2.056232981721582753e+00,1.272832035182992483e+00,-1.165002308076137805e+00
1.898351430892944336e+00,8.067201375961303711e-01,-1.138116776943206787e+00
9.394999742507934570e-01,1.339415431022644043e+00,-3.923437893390655518e-01
2.250442745809855261e+00,-8.417187345353329686e-01,3.726870780365974856e+00
2.209826261968425243e+00,-9.841927719160101784e-01,4.001239700101457686e+00
2.141762280156163989e+00,-1.151088170916074738e+00,3.721457098431296018e+00
8.772841211093517222e-01,-1.974373767460108064e+00,-4.507335901260375977e+00
1.046039044857025146e+00,-1.110982954502105713e+00,4.188835978507995605e+00
1.365656137466430664e+00,9.132591933012008667e-01,-3.923437893390655518e-01
9.394999742507934570e-01,9.132591933012008667e-01,-3.923437893390655518e-01
-1.530246681282542820e+00,1.842955924931154454e+00,3.881386844557183746e+00
5.133438110351562500e-01,9.132591933012008667e-01,3.443062305450439453e+00
9.394999742507934570e-01,9.132591933012008667e-01,3.443062305450439453e+00
1.046039044857025146e+00,-1.750217258930206299e+00,2.484210848808288574e+00
8.871488539600587142e-01,-1.253341188255087335e+00,2.525540664850199679e+00
2.094367340547019118e+00,-6.901053995883579262e-01,9.468319372521132316e-01
1.880029361482557837e+00,1.806031189373813683e+00,4.218549672854893018e+00
1.937266439199447632e-01,-6.848267167806625366e-01,4.188835978507995605e+00
6.198828816413879395e-01,-6.848267167806625366e-01,4.188835978507995605e+00
3.382832448519032531e-01,-4.966502116812964163e-01,4.434609293937683105e+00
4.448223154581349426e-01,-8.162673787965079031e-01,4.754226684570312500e+00
-1.138496205122446980e+00,-5.833281539812513738e-01,-4.400796771049499512e+00
-1.510714808007741716e+00,2.252214025837805167e+00,4.729809157752967508e+00
7.260028064215198751e-02,1.529176948371171907e+00,4.754226684570312500e+00
-3.389686644077301025e-01,9.132591933012008667e-01,-1.244655847549438477e+00
3.002656996250152588e-01,-1.004443913698196411e+00,1.525359272956848145e+00
-1.258905380964279175e-01,-5.782876759767532349e-01,2.468905895948410034e-01
3.002656996250152588e-01,-5.782876759767532349e-01,-1.792656630277633667e-01
-1.954959992460984175e+00,-1.242993325272091054e+00,-2.436014722143422961e+00
-3.389686644077301025e-01,6.094670295715332031e-02,3.869218587875366211e+00
-7.651248723268508911e-01,-3.652095496654510498e-01,3.869218587875366211e+00
-2.150132656097412109e+00,1.674857586622238159e-01,-3.695054531097412109e+00
-2.043593645095825195e+00,6.094670295715332031e-02,-3.801593542098999023e+00
-2.043593645095825195e+00,6.094670295715332031e-02,-3.375437259674072266e+00
2.707325099169535232e+00,8.054711491936106249e-02,-3.737040177640039040e+00
-1.258905380964279175e-01,1.126337319612503052e+00,1.525359272956848145e+00
7.264219522476196289e-01,-1.643678188323974609e+00,-4.227750062942504883e+00
1.046039044857025146e+00,-1.110982954502105713e+00,-4.121210932731628418e+00
1.472195208072662354e+00,-1.324061095714569092e+00,-4.121210932731628418e+00
2.076153167690326207e+00,1.547078620722852405e+00,4.218111066520901176e+00
2.289231368507434361e+00,1.120922368100248034e+00,4.218111066520901176e+00
2.132964866818180538e-01,2.169080442034257761e+00,2.493561435143237581e+00
-2.128597510396251224e-01,2.169080442034257761e+00,2.493561435143237581e+00
-1.650376655434119488e+00,1.736259039667069848e+00,-1.156759972796067348e+00
-1.757124094840136319e+00,1.618894710850813823e+00,-8.806895888214931745e-01
1.365656137466430664e+00,-7.913657873868942261e-01,-3.801593542098999023e+00
1.472195208072662354e+00,-1.110982954502105713e+00,-3.908132672309875488e+00
1.472195208072662354e+00,-6.848267167806625366e-01,-3.481976389884948730e+00
1.365656137466430664e+00,-7.913657873868942261e-01,-3.375437259674072266e+00
-2.503245541446791123e+00,-4.177849042503102295e-01,-7.078620745068007203e-01
-2.480515986926871808e+00,-5.320878208786685715e-01,-4.814580186540089457e-01
-1.003075520287468381e+00,1.464269426967319543e+00,4.434609293937683105e+00
-6.585858091711997986e-01,1.659032583236694336e+00,4.188835978507995605e+00
1.537482466178345275e+00,2.212999179819326923e+00,4.721789081326656756e+00
2.150726651936848199e+00,-1.132063412050189566e+00,-4.439697784333851871e+00
-2.508646031163769496e+00,-3.807951652112704921e-01,-2.142234206199650881e+00
1.091442236016253453e+00,-2.281175031867268110e+00,3.883406448549263867e+00
-3.389686644077301025e-01,-1.643678247928619385e+00,8.861249238252639771e-01
-4.098292732472652578e-01,-9.646336579234275899e-01,4.434609293937683105e+00
-8.716639429330825806e-01,-6.848267167806625366e-01,4.188835978507995605e+00
3.635066287861969392e-01,2.165898325662354296e+00,3.189643587804737557e+00
3.635066287861969392e-01,2.165898325662354296e+00,3.615799870229664315e+00
2.051905065817213547e+00,1.282592840192499750e+00,-3.556098387194499111e+00
2.051905065817213547e+00,1.282592840192499750e+00,-3.129942104769572353e+00
-2.150132656097412109e+00,5.936420112848281860e-01,3.336523294448852539e+00
-2.432926632897283170e+00,7.521895203538899732e-01,3.111426840512424352e+00
-2.539465643898870084e+00,8.587285760589604688e-01,3.431044111935764196e+00
2.628894112669776906e+00,-5.784431809197392305e-01,-3.176047204243451549e+00
1.953418765328918560e+00,-1.406005819200436990e+00,-8.900484428708832496e-01
2.709255077770460929e+00,6.092173949499218866e-02,-3.173524724116887352e+00
9.394999742507934570e-01,4.871029555797576904e-01,-2.949280977249145508e+00
9.394999742507934570e-01,9.132591933012008667e-01,-2.949280977249145508e+00
1.365656137466430664e+00,4.871029555797576904e-01,-3.375437259674072266e+00
-1.225510285094120633e+00,-2.616874235117058745e-02,4.434609293937683105e+00
1.635087071861840435e+00,-1.767727272184049570e+00,-2.579401961295297419e+00
-1.419886949660495112e+00,1.015914638497798173e+00,-4.720414161682128906e+00
-1.419886949660495112e+00,8.028365270876571813e-01,-4.720414161682128906e+00
7.428710483115110730e-01,-2.592613794537652616e+00,-1.491134451388186566e+00
-2.524050342989524243e+00,8.996185201695054978e-01,1.348558573564451413e+00
-2.417511331987937329e+00,7.930794644644350022e-01,1.242019502958219723e+00
8.772841211093517222e-01,-1.335139463032007479e+00,-4.720414161682128906e+00
1.639869799135838635e+00,-1.763780980462928527e+00,-3.559634123852260856e+00
5.133438110351562500e-01,6.094670295715332031e-02,2.164593696594238281e+00
1.504189244797704106e+00,-1.863896789454006608e+00,-1.449385141853673176e+00
-2.603930063702026843e+00,6.195746108363950899e-01,1.544009252759479756e+00
-9.425245517726177358e-01,-8.580945873171959004e-01,4.754226684570312500e+00
-1.245035275728678670e+00,-9.029453210964628607e-01,4.754226684570312500e+00
-8.359854811663860463e-01,-5.384774202019844136e-01,4.434609293937683105e+00
-1.138496205122446980e+00,-5.833281539812513738e-01,4.434609293937683105e+00
9.394999742507934570e-01,-3.652095496654510498e-01,1.738437414169311523e+00
-1.510898292064666748e+00,-6.848267167806625366e-01,4.188835978507995605e+00
-1.353730838321953733e+00,-3.233389821214155413e-01,4.434609293937683105e+00
-2.642052906701715109e+00,5.995112509769850995e-01,-4.816491049549313175e+00
-2.196338820319335916e+00,1.673741947048667855e+00,4.735114697990042920e+00
-7.409279603330127806e-01,-2.421803020098844073e+00,1.217556777217168706e+00
-1.191281080245971680e+00,9.132591933012008667e-01,8.861249238252639771e-01
9.394999742507934570e-01,9.132591933012008667e-01,-1.244655847549438477e+00
1.365656137466430664e+00,9.132591933012008667e-01,-1.670812129974365234e+00
1.365656137466430664e+00,9.132591933012008667e-01,-1.244655847549438477e+00
8.417575043314671213e-01,2.050893742830087518e+00,-4.563178870012123411e-01
6.886154413805222196e-01,2.106170308768180011e+00,-7.344045262171805533e-01
5.325903443749930855e-01,2.144112346234681610e+00,-4.552256357653621244e-01
5.133438110351562500e-01,-2.069834470748901367e+00,2.590749859809875488e+00
8.718757331371307373e-02,-2.069834470748901367e+00,2.590749859809875488e+00
1.937266439199447632e-01,-2.176373481750488281e+00,2.484210848808288574e+00
1.860523093209838441e+00,-1.537757476122790790e+00,-7.441183465969150035e-01
1.860523093209838441e+00,-1.537757476122790790e+00,-1.170274375702101466e+00
1.898351430892944336e+00,-4.559235274791717529e-02,-2.203507423400878906e+00
2.170736887546965477e+00,-3.726767267253479066e-01,-1.870585732945363233e+00
2.674550922810102982e+00,-2.111808823634820920e-01,-2.256554514828012170e+00
-1.100269737841800044e+00,1.122453709104029862e+00,-4.400796771049499512e+00
-6.741135299226793665e-01,1.122453709104029862e+00,-4.400796771049499512e+00
-7.651248723268508911e-01,1.339415431022644043e+00,1.312281131744384766e+00
-7.651248723268508911e-01,1.339415431022644043e+00,8.861249238252639771e-01
1.210595269332211066e+00,-1.577321623130805428e-01,-4.400796771049499512e+00
9.394999742507934570e-01,-3.652095496654510498e-01,-3.801593542098999023e+00
-1.757124094840136319e+00,1.618894710850813823e+00,-4.545335597163067121e-01
1.765293132007629717e+00,-1.647158521598907299e+00,-3.841513359434150843e+00
1.866423240631014391e+00,-1.530228575228091081e+00,-3.559416671185831937e+00
-3.389686644077301025e-01,9.132591933012008667e-01,-8.184998184442520142e-01
5.133438110351562500e-01,-3.652095496654510498e-01,-8.184998184442520142e-01
-1.258905380964279175e-01,7.001810818910598755e-01,2.468905895948410034e-01
-1.617437362670898438e+00,9.132591933012008667e-01,-8.184998184442520142e-01
-7.651248723268508911e-01,1.339415431022644043e+00,-8.184998184442520142e-01
-3.389686644077301025e-01,-1.643678247928619385e+00,-1.244655847549438477e+00
-6.741135299226793665e-01,6.962974713825866857e-01,-4.400796771049499512e+00
-1.558720325666763440e+00,1.860968476439343267e+00,-2.839913230040752801e+00
-1.430088387152481211e+00,1.953427079127770805e+00,-3.118302707685561614e+00
1.954278374769448989e+00,-1.404634192954392624e+00,-1.873339804040724310e+00
1.954278374769448989e+00,-1.404634192954392624e+00,-1.447183521615797552e+00
1.754196986820805826e+00,-1.658603210865812860e+00,-1.874757384751503331e+00
1.754196986820805826e+00,-1.658603210865812860e+00,-1.448601102326576573e+00
9.394999742507934570e-01,-3.652095496654510498e-01,-1.244655847549438477e+00
-2.447952736895310455e+00,-6.474480903401533816e-01,-2.578937033281268665e+00
-2.447952736895310455e+00,-6.474480903401533816e-01,-2.152780750856341907e+00
-2.381116274885910933e+00,-8.168370875506478779e-01,-2.436014722143422961e+00
-3.371285873081723006e-01,2.281943727424271984e+00,-4.768276148355806043e+00
-1.617437362670898438e+00,4.871029555797576904e-01,3.016906023025512695e+00
1.657834993872435270e+00,-9.171808016533178343e-01,-4.720414161682128906e+00
-7.651248723268508911e-01,-7.913657873868942261e-01,8.861249238252639771e-01
-1.607968485897951272e+00,-5.451605891471514309e-02,-2.433167347116514279e+00
-2.556774179299208249e+00,8.259765653639616900e-01,-2.439831713731038576e+00
7.155223645025574619e-01,1.238535915624916273e+00,-4.400796771049499512e+00
8.485314265176511217e-01,1.476956123902180895e+00,-4.400796771049499512e+00
1.248217598324426358e+00,1.345074986231147962e+00,-4.720414161682128906e+00
1.046039044857025146e+00,1.445954501628875732e+00,-4.121210932731628418e+00
1.805899207411366225e+00,1.547490496972887986e+00,-4.720414161682128906e+00
1.987886650643530650e+00,1.914253017430364245e+00,-4.719548231260018767e+00
1.500758393354447051e+00,-1.866135254403033183e+00,2.483744639119561448e+00
-1.676938115542842889e+00,1.755406147656416671e+00,-2.562757499517876347e+00
-2.709016394709089948e+00,-6.426910366984794898e-01,4.773325886076861480e+00
9.394999742507934570e-01,9.132591933012008667e-01,-3.801593542098999023e+00
-1.288983371966195612e+00,2.033523311546290735e+00,-2.842415950275427150e+00
1.583351164147850099e-01,-2.531690389833386234e+00,-2.859608124428787868e+00
3.208156013872595080e-01,-2.533545136582811885e+00,-3.137187372846031330e+00
-2.568415330814929565e+00,-7.088711724584131346e-01,8.803647918049222199e-01
1.492075491339850402e+00,-2.040517413272286973e+00,4.475852027188504501e+00
1.394063749513931860e+00,-3.933180978783709092e-01,4.434609293937683105e+00
1.937266439199447632e-01,-1.110982954502105713e+00,4.188835978507995605e+00
8.718757331371307373e-02,-1.217522025108337402e+00,3.869218587875366211e+00
8.718757331371307373e-02,-7.913657873868942261e-01,3.869218587875366211e+00
-6.585858017206192017e-01,-1.324061095714569092e+00,4.188835978507995605e+00
-3.389686644077301025e-01,-1.643678247928619385e+00,3.869218587875366211e+00
-2.604507603034553753e+00,6.163928184557888601e-01,1.233060988836041538e+00
-1.191281080245971680e+00,-1.217522025108337402e+00,2.590749859809875488e+00
-2.504180041742160245e+00,-4.118208114691253030e-01,6.987343579530649329e-01
-2.461876319813342651e+00,-6.023321167533426390e-01,5.607476544920331207e-01
1.210595269332211066e+00,2.684240903095237996e-01,4.434609293937683105e+00
2.639667102452511571e+00,6.079844031886563194e-01,-4.160196687490494760e+00
2.639667102452511571e+00,3.949062694267735929e-01,-3.734040285856278452e+00
1.882994801013641917e+00,1.802881354803526071e+00,-4.159297318400291488e+00
-7.279981178173630108e-01,-2.655824917081335279e+00,-4.720430958313337477e+00
7.900359374067524865e-01,-2.436888279828266946e+00,-1.450185925984683877e+00
7.470698953947173537e-01,-2.591508773044010283e+00,-3.670629453099047090e+00
-1.826922351831733460e+00,-1.379871197077411349e+00,4.754226684570312500e+00
1.574176267087763481e-01,-2.531629829073770210e+00,-1.450419250392942061e+00
8.718757331371307373e-02,-2.069834470748901367e+00,-1.244655847549438477e+00
-1.081395117732505823e-01,-2.533662314767986423e+00,-1.171971709219560509e+00
-3.545599381942843298e-01,1.166325908522816146e+00,-4.400796771049499512e+00
2.590279479533299511e-01,2.698445012363363205e+00,-3.017468670091194127e+00
9.394999742507934570e-01,-7.913657873868942261e-01,-2.096968412399291992e+00
1.790671578609042136e+00,1.680985500111581432e+00,-1.866984236926579221e+00
2.426589080449337743e+00,8.210625145987973106e-01,-4.160196687490494760e+00
-1.258905380964279175e-01,1.126337319612503052e+00,-1.457733988761901855e+00
3.002656996250152588e-01,1.126337319612503052e+00,-1.457733988761901855e+00
-1.723976373672485352e+00,-1.110982954502105713e+00,1.844976484775543213e+00
2.031643266148116744e+00,-8.388802986964452035e-01,2.423184345956039820e-01
8.718757331371307373e-02,4.871029555797576904e-01,-1.670812129974365234e+00
3.002656996250152588e-01,7.001810818910598755e-01,1.525359272956848145e+00
-2.591693019527649966e+00,5.042046037476237696e-01,-2.600724736335650711e+00
3.002656996250152588e-01,7.001810818910598755e-01,-1.457733988761901855e+00
-2.437389308062535065e+00,-6.786873435191620452e-01,-3.144846726827179140e+00
2.096198819243263234e+00,-6.849822440753903230e-01,-2.430273650395184948e+00
-2.445619190717717828e+00,7.154941267413456041e-01,-4.120198050332771977e+00
-2.474815441268965799e+00,6.160254952058098477e-01,-3.808075006608469870e+00
-2.581354452270552713e+00,5.094864395007393520e-01,-4.127692397241099265e+00
-3.389686644077301025e-01,-7.913657873868942261e-01,-2.096968412399291992e+00
-1.076865003292822032e-01,-2.533643704072325420e+00,-2.581646858072144113e+00
-7.651248723268508911e-01,-3.652095496654510498e-01,-1.670812129974365234e+00
9.394999742507934570e-01,6.094670295715332031e-02,-1.244655847549438477e+00
-3.389686644077301025e-01,-1.643678247928619385e+00,-2.949280977249145508e+00
8.718757331371307373e-02,-1.643678247928619385e+00,-3.375437259674072266e+00
-2.409546891786978229e+00,1.220627084809667640e+00,-2.697572948544420868e+00
-1.119143127611676336e+00,2.075390838015339856e+00,-3.547363243478194761e+00
-2.357038206648457646e+00,9.270208964073189950e-01,-4.568316333949704600e-01
-2.426262849947455891e+00,7.703106047924820343e-01,-7.542422008510172304e-01
-2.357038206648457646e+00,9.270208964073189950e-01,-8.829876625001569224e-01
-2.426262849947455891e+00,7.703106047924820343e-01,-1.180398229956203693e+00
-2.043593645095825195e+00,4.871029555797576904e-01,-8.184998184442520142e-01
8.176292932346651554e-01,2.060867954004940827e+00,-3.837308343904764385e+00
-2.179758416422023504e-01,2.656533618236778249e+00,-2.737302588989869889e+00
-5.375930087574138927e-01,2.123838384414909353e+00,-2.843841599991456803e+00
-5.375930087574138927e-01,2.123838384414909353e+00,-2.417685317566530045e+00
1.365656137466430664e+00,9.132591933012008667e-01,-2.523124694824218750e+00
-1.673348050140648802e+00,2.093563262062593244e-01,-4.720414161682128906e+00
-1.650376655434119488e+00,1.736259039667069848e+00,-7.306039436908808860e-01
-2.440313387703492598e+00,-6.702632151156913132e-01,-1.165780059541608793e+00
-7.651248723268508911e-01,-3.652095496654510498e-01,-2.096968412399291992e+00
8.718757331371307373e-02,9.132591933012008667e-01,-2.523124694824218750e+00
-3.389686644077301025e-01,9.132591933012008667e-01,-2.523124694824218750e+00
-7.896285725991587512e-01,1.360601437006998093e+00,-2.950282220945096512e+00
-7.651248723268508911e-01,6.094670295715332031e-02,1.738437414169311523e+00
-2.043593645095825195e+00,6.094670295715332031e-02,8.861249238252639771e-01
-7.651248723268508911e-01,6.094670295715332031e-02,2.164593696594238281e+00
-2.480515986926871808e+00,-5.320878208786685715e-01,-9.076140477591954081e-01
-1.881407299821530987e+00,-1.381291814305337207e+00,1.211318652741760094e+00
1.365656137466430664e+00,-1.217522025108337402e+00,-3.375437259674072266e+00
-2.440268494090068963e+00,-6.703937835571958104e-01,-1.842776701657200533e-01
-2.379547027860252406e+00,-8.201895770153835308e-01,-4.675521792532042475e-01
-2.345342627633439925e+00,9.494030923948912903e-01,9.542582863115849356e-01
-1.258905380964279175e-01,-1.004443913698196411e+00,1.951515555381774902e+00
1.574176267087763481e-01,-2.531629829073770210e+00,-1.876575532817868819e+00
-1.191281080245971680e+00,6.094670295715332031e-02,2.164593696594238281e+00
-7.651248723268508911e-01,4.871029555797576904e-01,2.590749859809875488e+00
-3.389686644077301025e-01,-1.217522025108337402e+00,-2.523124694824218750e+00
-3.389686644077301025e-01,-7.913657873868942261e-01,-2.523124694824218750e+00
9.394999742507934570e-01,-7.913657873868942261e-01,3.016906023025512695e+00
-3.389686644077301025e-01,6.094670295715332031e-02,3.443062305450439453e+00
-2.750968712795913151e-01,2.474246312674787340e+00,-3.870508174722031569e+00
2.280574075070987305e+00,-6.644004695838429120e-01,4.005024576862640906e+00
-1.258905380964279175e-01,7.001810818910598755e-01,1.525359272956848145e+00
3.483645302297838642e-02,-1.253341188255087335e+00,3.377853110490763644e+00
-3.389686644077301025e-01,-1.217522025108337402e+00,3.443062305450439453e+00
1.361815041055448372e+00,-1.946287345534827073e+00,1.221662656945974978e+00
1.046039044857025146e+00,-1.750217258930206299e+00,1.418820202350616455e+00
2.703259744826889133e+00,-2.674826798079923407e-01,-5.685406003645065987e-01
9.394999742507934570e-01,1.339415431022644043e+00,-1.670812129974365234e+00
8.871488539600587142e-01,-8.271849505336440478e-01,3.377853110490763644e+00
8.718757331371307373e-02,9.132591933012008667e-01,2.590749859809875488e+00
8.703644116918416440e-01,2.518178946913432803e+00,-3.021222379382082934e+00
2.151721337134407275e+00,5.474471277187051843e-01,-3.556435417544778765e+00
1.898351430892944336e+00,1.674857661128044128e-01,-3.695054531097412109e+00
2.051905065817213547e+00,8.564366024710565739e-01,-3.556098387194499111e+00
9.394999742507934570e-01,1.339415431022644043e+00,-1.244655847549438477e+00
9.394999742507934570e-01,-7.913657873868942261e-01,-3.375437259674072266e+00
8.718757331371307373e-02,-1.643678247928619385e+00,-8.184998184442520142e-01
8.718757331371307373e-02,-2.069834470748901367e+00,-8.184998184442520142e-01
-7.651248723268508911e-01,-1.217522025108337402e+00,3.443062305450439453e+00
5.133438110351562500e-01,1.339415431022644043e+00,-8.184998184442520142e-01
2.141855629383589310e+00,-5.307980792810159665e-01,-2.576171786251352014e+00
-1.631013160088280456e+00,1.920127301380638585e+00,2.486957334437486900e+00
3.732963833989185187e-01,2.165167086794575813e+00,-1.756959339601200654e-01
2.423925096930756418e+00,8.290428286989266482e-01,4.219535749106137601e+00
1.365656137466430664e+00,6.094670295715332031e-02,-2.949280977249145508e+00
9.394999742507934570e-01,6.094670295715332031e-02,-2.949280977249145508e+00
-3.389686644077301025e-01,-7.913657873868942261e-01,-3.801593542098999023e+00
8.718757331371307373e-02,6.094670295715332031e-02,-2.949280977249145508e+00
8.718757331371307373e-02,-2.069834470748901367e+00,-1.670812129974365234e+00
5.133438110351562500e-01,-2.069834470748901367e+00,-1.670812129974365234e+00
-2.303311277303826898e+00,-9.621692059425933641e-01,-1.943437959731815212e-01
-1.022277983643071542e+00,-2.268911963104267571e+00,1.214764452824980578e+00
-1.313483864876785479e+00,-1.925841481282792422e+00,1.492602356149725917e+00
-2.642756808477418895e-01,2.204621989406678306e+00,4.754226684570312500e+00
-3.389686644077301025e-01,-7.913657873868942261e-01,1.738437414169311523e+00
1.472195208072662354e+00,-1.110982954502105713e+00,4.188835978507995605e+00
-4.455077201128005981e-01,-1.324061095714569092e+00,4.188835978507995605e+00
-2.324296012520790100e-01,-1.537139177322387695e+00,4.188835978507995605e+00
-1.397004037689986600e+00,1.937704775747339792e+00,2.641487427985431680e+00
-3.389686644077301025e-01,-7.913657873868942261e-01,3.443062305450439453e+00
8.718757331371307373e-02,1.339415431022644043e+00,2.590749859809875488e+00
1.365656137466430664e+00,-7.913657873868942261e-01,3.381246328353881836e-02
2.182488870312144336e+00,-2.145027404049069664e-01,8.006386495755899446e-01
9.394999742507934570e-01,-7.913657873868942261e-01,1.312281131744384766e+00
-2.434199364126442333e+00,-6.876978954971325608e-01,3.118019281528195741e+00
-6.843417253706911563e-01,2.078580266419125078e+00,1.234763214276695553e+00
-5.312566760943637778e-01,2.125427733645294914e+00,9.568873970292712805e-01
-1.530024049925920338e+00,1.843133237906480204e+00,9.506304392831852468e-01
-3.763497866174346784e-01,2.155374799272104624e+00,-1.158088743997867542e+00
-5.351510732179791674e-01,2.124454371983202972e+00,-1.435737385281152356e+00
-1.723976373672485352e+00,-4.717486053705215454e-01,1.205742061138153076e+00
-1.723976373672485352e+00,-8.979048430919647217e-01,1.205742061138153076e+00
1.937266364693641663e-01,-1.963295400142669678e+00,4.188835978507995605e+00
3.483645302297838642e-02,-1.679497411075369318e+00,2.951696828065836886e+00
2.140682507261581602e+00,-5.356776229294627489e-01,7.991640318315722524e-01
1.501892017423308578e-01,-2.531132939675375670e+00,2.906641583142419272e+00
-1.571885965530288143e+00,-1.997499099033750447e-02,2.183191454472685145e+00
-2.043593645095825195e+00,6.094670295715332031e-02,1.738437414169311523e+00
-1.998042247955214901e+00,4.061812616322668656e-01,1.757035172047758387e+00
-7.651248723268508911e-01,-1.217522025108337402e+00,-2.949280977249145508e+00
-7.651248723268508911e-01,-1.217522025108337402e+00,-3.375437259674072266e+00
-1.575873248945440119e+00,-1.744165714215472063e+00,1.488582230097250658e+00
9.394999742507934570e-01,-1.217522025108337402e+00,-2.096968412399291992e+00
9.394999742507934570e-01,-1.643678247928619385e+00,-2.096968412399291992e+00
2.479145793342805715e-01,-1.040263076844946344e+00,3.164774969278300265e+00
-1.258905380964279175e-01,-1.004443913698196411e+00,3.656140446662902832e+00
-1.617437362670898438e+00,-7.913657873868942261e-01,2.164593696594238281e+00
2.182488870312144336e+00,2.116535122176974038e-01,8.006386495755899446e-01
1.365656137466430664e+00,9.132591933012008667e-01,3.443062305450439453e+00
8.718757331371307373e-02,-7.913657873868942261e-01,-3.923437893390655518e-01
8.718757331371307373e-02,-1.217522025108337402e+00,-8.184998184442520142e-01
4.388945422040485544e-02,2.485515477876404589e+00,3.935417260862293709e+00
-6.264960893524623708e-02,2.165898325662354296e+00,3.615799870229664315e+00
-1.647442866044023901e+00,-2.961689988071958268e-01,1.336368234831502022e+00
6.198828816413879395e-01,-2.176373481750488281e+00,3.534296527504920959e-01
7.882634096196232676e-01,-2.437561335909766314e+00,5.167901050379732908e-01
-1.723976373672485352e+00,-1.110982954502105713e+00,9.926639944314956665e-01
1.141678527718194669e+00,1.238535915624916273e+00,-4.400796771049499512e+00
1.321655224928564909e+00,9.958540264876292181e-01,-4.400796771049499512e+00
1.141678527718194669e+00,8.123796779034730964e-01,-4.400796771049499512e+00
-1.723976373672485352e+00,-4.559235274791717529e-02,4.188835978507995605e+00
-5.520467385649681091e-01,-2.069834411144256592e+00,-4.440828323364257812e+00
-5.460675531971728169e-01,-2.317404200299555406e+00,-4.720414161682128906e+00
-6.186731016474660283e-01,-2.534713787563070753e+00,-4.439681054649581071e+00
-2.521796822547912598e+00,2.435514777898784844e-01,5.424843579530644888e-01
-2.521796822547912598e+00,-1.826047748327258857e-01,5.424843579530644888e-01
-5.342901872643082140e-01,2.124670494455724867e+00,3.899678679640776302e+00
-2.686693542827729431e-01,2.475150429746165059e+00,3.941640275865449183e+00
-2.686693542827729431e-01,2.688228511353983663e+00,3.941640275865449183e+00
-8.323137385329473226e-01,2.015314336372499682e+00,3.891032553415514350e+00
-1.510898292064666748e+00,1.674857586622238159e-01,-4.121210932731628418e+00
-1.528150672284338318e+00,2.240675440080724279e+00,-4.717161970211905420e+00
-1.225510285094120633e+00,-2.616874235117058745e-02,-4.400796771049499512e+00
-2.628335833549499512e+00,-2.891438305377964091e-01,8.621014952659535879e-01
-1.723976373672485352e+00,1.019798249006271362e+00,1.403515264391899109e-01
-2.277603401119026039e+00,1.063886675875097332e+00,-7.292619777203568354e-01
-9.070477653190757161e-01,4.430316331305639843e-01,4.434609293937683105e+00
8.718757331371307373e-02,6.094670295715332031e-02,2.590749859809875488e+00
9.356588778398110540e-01,-2.372443568355109278e+00,7.955064490268541899e-01
8.718756586313247681e-02,-1.643678247928619385e+00,4.508453369140625000e+00
3.002656698226928711e-01,-1.856756329536437988e+00,4.508453369140625000e+00
-2.043593645095825195e+00,6.094670295715332031e-02,3.443062305450439453e+00
-1.617437362670898438e+00,6.094670295715332031e-02,3.869218587875366211e+00
-2.043593645095825195e+00,6.094670295715332031e-02,3.869218587875366211e+00
-2.494846732014690538e+00,-4.656665423321819652e-01,-2.452635430875529821e+00
-2.521796822547912598e+00,2.435514777898784844e-01,-3.775796771049502176e+00
-5.303831966130085895e-01,2.125644530647264219e+00,1.511883307778706387e+00
-8.313098657748696496e-01,2.015808366693637943e+00,1.512241203358977160e+00
2.057012774842720049e+00,8.448969637584138326e-01,2.464461362386618504e-01
2.705684375757472448e+00,-3.451061879701153301e-02,-4.161037056251582378e+00
6.198828816413879395e-01,-2.176373481750488281e+00,-1.990429341793060303e+00
5.133438110351562500e-01,9.132591933012008667e-01,3.381246328353881836e-02
1.365656137466430664e+00,4.871029555797576904e-01,-2.523124694824218750e+00
9.394999742507934570e-01,6.094670295715332031e-02,3.443062305450439453e+00
1.981284457213335903e+00,1.420714378075085049e+00,-2.851918868227721671e+00
2.112318840672738673e+00,1.124192184926665394e+00,-2.852857156021239682e+00
-7.354010979279342886e-01,-2.424067412379229847e+00,-2.580862605776702789e+00
9.382896016852781962e-01,-2.371104840567313410e+00,-2.154623388237818293e+00
9.382896016852781962e-01,-2.371104840567313410e+00,-2.580779670662745051e+00
-2.678211213066581386e-01,-2.531690389833386234e+00,-2.433451842003861110e+00
2.177111498240986709e+00,-5.177269811415591283e-02,2.492607684540964819e+00
1.046039044857025146e+00,-1.750217258930206299e+00,3.534296527504920959e-01
9.394999742507934570e-01,-1.217522025108337402e+00,3.381246328353881836e-02
1.361078166082443364e+00,-1.946661160340154462e+00,2.205354706166047674e+00
2.177111498240986709e+00,-5.177269811415591283e-02,2.918763847756602026e+00
-7.651248723268508911e-01,-3.652095496654510498e-01,-2.523124694824218750e+00
-3.389686644077301025e-01,-1.643678247928619385e+00,-1.670812129974365234e+00
-2.628335833549499512e+00,3.500905334949489522e-01,1.913257777690882566e+00
-2.150132656097412109e+00,5.936420112848281860e-01,1.631898343563079834e+00
1.365656137466430664e+00,6.094670295715332031e-02,-1.670812129974365234e+00
1.893106816025135863e+00,1.555837138255821372e+00,-2.571978203087443404e+00
2.076583115514019084e+00,1.546360434016968544e+00,-4.159732890295211760e+00
2.289661316331127239e+00,1.120204181394364173e+00,-4.159732890295211760e+00
1.152578115463256836e+00,-1.004443883895874023e+00,-4.227750062942504883e+00
3.928058297405001564e-01,-2.621696030188325643e+00,-4.720414161682128906e+00
1.365656137466430664e+00,9.132591933012008667e-01,-2.949280977249145508e+00
2.143903675203623571e+00,-5.221015674201214818e-01,3.620331650155098391e+00
1.984329667086125237e+00,1.415424544800309548e+00,2.921314811818140456e+00
-2.696651785357203623e-01,-2.531568095805243779e+00,-8.938539600582284805e-01
-1.684612345406337752e+00,-1.640332826485664919e+00,-4.120679080760806912e+00
1.965471032227144699e+00,-1.386467273426170710e+00,-3.842100953018289466e+00
-2.440268494090068963e+00,-6.703937835571958104e-01,2.418785824568843168e-01
-1.110497933289811945e+00,2.078580266419125078e+00,1.234763214276695553e+00
-1.443483377379123134e+00,-1.846162533206807677e+00,-2.581917863019290937e+00
-1.191281080245971680e+00,-1.217522025108337402e+00,4.508453369140625000e+00
-7.294464105601543569e-01,-1.071172728529659279e+00,4.754226684570312500e+00
1.005906468108384022e-01,2.701584583291603003e+00,-2.739646731706975924e+00
4.195882817185482283e-01,-2.640396405092814813e+00,2.522943012443711108e+00
2.035223209549932299e+00,-1.257627241522306427e+00,3.614917968220419553e+00
2.467632245822742654e+00,1.137473540477551559e+00,-4.720268238972175290e+00
1.983489127715746259e+00,1.684031274240276321e+00,-4.439663085045845392e+00
-7.651248723268508911e-01,1.339415431022644043e+00,1.738437414169311523e+00
1.504189244797704106e+00,-1.863896789454006608e+00,-1.875541424278599933e+00
1.079122827228854220e+00,-2.289339206393881110e+00,-2.433350950910499133e+00
-2.440313387703492598e+00,-6.702632151156913132e-01,-7.396240304364223306e-01
-1.225510285094120633e+00,3.999875102714337549e-01,-4.400796771049499512e+00
1.246365170494796004e+00,2.059824953350691601e+00,3.882876192490136269e+00
-9.070477653190757161e-01,4.430316331305639843e-01,-4.400796771049499512e+00
-1.617437362670898438e+00,9.132591933012008667e-01,3.869218587875366211e+00
-1.617437362670898438e+00,4.871029555797576904e-01,3.869218587875366211e+00
-1.100269737841800044e+00,6.962974713825866857e-01,-4.400796771049499512e+00
-1.617437362670898438e+00,6.094670295715332031e-02,2.590749859809875488e+00
4.448223154581349426e-01,-8.162673787965079031e-01,-4.720414161682128906e+00
-2.437389308062535065e+00,-6.786873435191620452e-01,-3.571003009252105898e+00
-1.510898292064666748e+00,8.067201226949691772e-01,-4.121210932731628418e+00
-1.937054574489593506e+00,8.067201226949691772e-01,-4.121210932731628418e+00
-1.617437362670898438e+00,6.094670295715332031e-02,3.016906023025512695e+00
-4.581001909740166633e-01,-2.657043323718340844e+00,-4.720430958313337477e+00
-2.311404190867466291e+00,-9.487071410840739460e-01,-7.502035725398434884e-01
-1.953390745435325648e+00,-1.246345814736826707e+00,-4.675521792532042475e-01
-1.617437362670898438e+00,6.094670295715332031e-02,-8.184998184442520142e-01
-2.043593645095825195e+00,6.094670295715332031e-02,-8.184998184442520142e-01
-1.617437362670898438e+00,6.094670295715332031e-02,-3.923437893390655518e-01
5.887380935831930673e-01,9.514830187749566681e-01,4.434609293937683105e+00
-1.258905380964279175e-01,-1.004443913698196411e+00,3.229984164237976074e+00
-1.268150454207493394e-01,2.701042549659474545e+00,4.209864135994932255e+00
8.626305853881105490e-02,2.701042549659474545e+00,4.209864135994932255e+00
1.089444043227833170e+00,1.643342932844881643e+00,4.754226684570312500e+00
-1.427409451877200475e+00,1.955141671199796427e+00,-2.564263607114840582e+00
7.260028064215198751e-02,1.529176948371171907e+00,-4.720414161682128906e+00
-2.843897610049533897e-01,1.849721918166754020e-01,4.434609293937683105e+00
-2.043593645095825195e+00,4.871029555797576904e-01,3.443062305450439453e+00
-3.763497866174346784e-01,2.155374799272104624e+00,-7.319327148926810800e-01
-1.143646827883984196e+00,2.096576843999693907e+00,-3.122208204749219007e+00
-9.882529169488425413e-01,2.145024390399263403e+00,-2.844842843687407807e+00
-1.617437362670898438e+00,9.132591933012008667e-01,-3.923437893390655518e-01
-1.723976373672485352e+00,1.019798249006271362e+00,-2.858047261834144592e-01
-1.930881924223530666e+00,1.353177134128762171e+00,-4.568316333949704600e-01
-1.851447118694099059e+00,1.490042913596540508e+00,-7.292619777203568354e-01
2.513979750639849797e+00,8.880190846485713774e-01,-2.532301596804381827e+00
2.132964866818180538e-01,2.169080442034257761e+00,2.919717598358874788e+00
-7.651248723268508911e-01,6.094670295715332031e-02,4.599687159061431885e-01
6.198828816413879395e-01,-1.750217258930206299e+00,-7.272659987211227417e-02
9.394999742507934570e-01,-7.913657873868942261e-01,1.738437414169311523e+00
1.412467648370964834e+00,1.980290060816662923e+00,-7.368192958755241939e-01
-1.361006936991151939e+00,2.090775028254719725e+00,1.933759466952631234e+00
-1.617437362670898438e+00,6.094670295715332031e-02,3.443062305450439453e+00
-1.617437362670898438e+00,4.871029555797576904e-01,3.443062305450439453e+00
-7.651248723268508911e-01,-7.913657873868942261e-01,3.443062305450439453e+00
9.394999742507934570e-01,-7.913657873868942261e-01,-3.801593542098999023e+00
1.014894256798830163e+00,5.253267810535134918e-01,-4.400796771049499512e+00
1.542198651064192294e+00,3.233173950582921008e-01,-4.400796771049499512e+00
-1.441536319263446997e-01,2.700203070109876258e+00,4.754226684570312500e+00
9.394999742507934570e-01,4.871029555797576904e-01,-2.523124694824218750e+00
1.365656137466430664e+00,9.132591933012008667e-01,-8.184998184442520142e-01
9.394999742507934570e-01,9.132591933012008667e-01,-8.184998184442520142e-01
9.863114851553277385e-01,1.980290060816662923e+00,-7.368192958755241939e-01
-8.313098657748696496e-01,2.015808366693637943e+00,1.938397485783903917e+00
2.196584938715016477e+00,1.257851856285602921e+00,4.473462893280859554e+00
3.716692907175980221e-01,2.165293086326762317e+00,-7.331233121738134351e-01
9.394999742507934570e-01,6.094670295715332031e-02,-1.670812129974365234e+00
2.054059958107921524e+00,1.277756320116145261e+00,3.200039699779492874e+00
4.629046661535387019e-01,-1.993503157650614865e-01,4.434609293937683105e+00
-2.642756808477418895e-01,1.991543907798859703e+00,4.754226684570312500e+00
3.674842843209552568e-02,-1.993503157650614865e-01,4.434609293937683105e+00
1.076049605190696257e+00,-2.291348763663354049e+00,5.179340997348633735e-01
2.639566973150080376e-01,-2.638168840075357124e+00,-1.770036462211637129e+00
2.569675581799652497e-01,2.698593559484223192e+00,3.935417260862293709e+00
3.002656996250152588e-01,1.126337319612503052e+00,-1.883890271186828613e+00
2.196567328532854191e+00,1.257875021617671951e+00,-4.439663085045845392e+00
-2.500169628482259210e+00,4.973503089018574408e-01,-3.137346596730255399e+00
1.983623087185623302e+00,1.416656388426268176e+00,-8.854728523623540681e-01
-2.521796822547912598e+00,2.435514777898784844e-01,-9.348279237747272319e-01
-2.470256462844954370e+00,6.333779397323244797e-01,-8.791717602510047413e-01
1.500602820120163550e+00,-7.129352649935823960e-01,-4.720414161682128906e+00
1.578734278678894043e+00,-1.004443883895874023e+00,-4.227750062942504883e+00
2.106971809025997899e+00,1.140679696615169991e+00,-3.840579296857865366e+00
3.382832448519032531e-01,-4.966502116812964163e-01,-4.400796771049499512e+00
8.718757331371307373e-02,6.094670295715332031e-02,-3.375437259674072266e+00
1.505278990444491427e+00,-1.863182983573599127e+00,-2.433350950910499133e+00
2.106971809025997899e+00,7.145234588937268150e-01,-3.840579296857865366e+00
2.036055088017240777e+00,-1.255890546944055330e+00,-3.557682503349369973e+00
1.364445764900915403e+00,-1.944948617747031205e+00,-2.154623388237818293e+00
-3.389686644077301025e-01,6.094670295715332031e-02,-8.184998184442520142e-01
8.871488539600587142e-01,-8.271849505336440478e-01,2.525540664850199679e+00
1.898351430892944336e+00,8.067201375961303711e-01,-2.629663705825805664e+00
2.254082875543823583e+00,-8.256532516804240274e-01,-4.227208463338431699e+00
1.267913667547104328e+00,2.050893742830087518e+00,-4.563178870012123411e-01
1.413820972231320194e+00,1.979535709957696010e+00,2.644150789623445519e+00
8.718757331371307373e-02,6.094670295715332031e-02,-8.184998184442520142e-01
8.718757331371307373e-02,-1.643678247928619385e+00,-1.670812129974365234e+00
-2.512344715564650777e+00,4.810257115693304941e-01,2.522133506245550549e+00
-1.613844210619270081e+00,-1.379871197077411349e+00,-4.720414161682128906e+00
8.718757331371307373e-02,-1.643678247928619385e+00,-1.244655847549438477e+00
-8.686657356240123917e-01,9.882258548622825378e-01,2.586111840978603027e+00
8.718757331371307373e-02,-1.643678247928619385e+00,1.738437414169311523e+00
-2.551802325921038062e+00,-1.135642239744706489e-01,9.927276689593026449e-01
-1.131070266091266097e-01,-2.533857394091227899e+00,2.629482023445298022e+00
1.312570170274060422e+00,-2.302799055576829623e+00,2.526051537883749365e+00
6.337217151440763807e-01,-2.486755188129723404e+00,7.948352664158881975e-01
2.567282723485625473e-01,-2.637671950676962584e+00,2.800102572140832358e+00
9.394999742507934570e-01,1.339415431022644043e+00,-8.184998184442520142e-01
8.718757331371307373e-02,6.094670295715332031e-02,1.738437414169311523e+00
1.895885406226658798e+00,1.552029593259639961e+00,8.072423129450037038e-01
2.111957876525946964e-01,2.169018197934469150e+00,-4.540924848206375763e-01
9.987218215723721038e-01,-2.561463882082888333e+00,4.721166339735573203e+00
1.472195208072662354e+00,-1.110982954502105713e+00,-4.121210932731628418e+00
6.198828816413879395e-01,-1.750217258930206299e+00,1.844976484775543213e+00
4.216077620617055266e-01,-2.640319087129694875e+00,1.326450196881006960e+00
2.744277899629016915e+00,-2.742817260722467676e-01,-4.720310855947071005e+00
2.018977408228474602e+00,1.121334244350283615e+00,4.754226684570312500e+00
4.252520932413737520e-01,-2.640172663776876316e+00,3.070341739905055434e+00
-1.617437362670898438e+00,9.132591933012008667e-01,3.381246328353881836e-02
-6.585858017206192017e-01,-8.979048579931259155e-01,-4.121210932731628418e+00
-1.724494164824297737e+00,-1.119633016741256704e+00,-4.720414161682128906e+00
-1.571885965530288143e+00,4.061812616322668656e-01,2.609347617688322352e+00
-1.571885965530288143e+00,4.061812616322668656e-01,1.757035172047758387e+00
3.130492111123165389e-01,-2.533857394091227899e+00,2.629482023445298022e+00
2.300161282939924057e+00,1.415921365850131508e+00,-4.719248923363716486e+00
2.031239585374231105e+00,-8.397093188665317731e-01,7.984791197954881348e-01
-1.404359221458435059e+00,-1.217522025108337402e+00,-4.440828323364257812e+00
-1.723976373672485352e+00,-6.848267167806625366e-01,3.975757718086242676e+00
8.235892109709148645e-01,1.739027189824409625e+00,-4.400796771049499512e+00
-1.404359221458435059e+00,-1.217522025108337402e+00,4.508453369140625000e+00
-6.058921916188153567e-02,2.165749778541494308e+00,-3.550163963517707799e+00
-1.647442866044023901e+00,-2.961689988071958268e-01,9.102120269123813445e-01
-2.073599148468950659e+00,-2.961689988071958268e-01,9.102120269123813445e-01
-2.521796822547912598e+00,2.435514777898784844e-01,3.809609293937681773e+00
9.864463123775915054e-01,1.980214989467524056e+00,8.078497988242838712e-01
6.198828816413879395e-01,-1.537139177322387695e+00,-4.121210932731628418e+00
4.388945422040485544e-02,2.698593559484223192e+00,3.935417260862293709e+00
-6.585858017206192017e-01,-8.979048579931259155e-01,4.188835978507995605e+00
2.035223209549932299e+00,-8.314710038008633619e-01,3.614917968220419553e+00
2.130782985049060607e-01,2.169074114170310708e+00,9.558645047621916468e-01
1.500602820120163550e+00,-7.129352649935823960e-01,-4.507335901260375977e+00
1.984329667086125237e+00,9.892683070788662603e-01,2.495158648602503249e+00
-1.617437362670898438e+00,9.132591933012008667e-01,-1.670812129974365234e+00
-1.641941062943206298e+00,9.344451992855549172e-01,-2.524125938520169754e+00
2.514822877964903114e+00,8.865594641231588913e-01,-1.335379875256609061e+00
1.981284457213335903e+00,9.945581403536418730e-01,-2.425762585802794913e+00
-1.617437362670898438e+00,9.132591933012008667e-01,3.443062305450439453e+00
2.170338641123822576e+00,-3.757686871615220081e-01,2.491229463570624247e+00
1.361815041055448372e+00,-1.946287345534827073e+00,7.955064490268541899e-01
1.206791887704615318e+00,-2.195637709670008597e+00,3.173855239708679221e+00
4.239704089812498800e-01,2.677195471360445556e+00,-2.183873218239656744e+00
-1.511416023611834358e+00,-1.332711157953720083e+00,4.754226684570312500e+00
-1.280146631511370092e+00,-1.191794732813982627e+00,4.754226684570312500e+00
