-3.000000000000000000e+00,-7.347880794884108889e-16,-5.000000000000000000e+00
-3.000000000000000000e+00,-7.347880794884108889e-16,5.000000000000000000e+00
-2.740636372927803155e+00,1.220209929227398682e+00,-5.000000000000000000e+00
-2.007391819076578265e+00,2.229434476432179402e+00,-5.000000000000000000e+00
-9.270509831248493482e-01,2.853169548885458706e+00,-5.000000000000000000e+00
3.135853898029500875e-01,2.983565686104821424e+00,-5.000000000000000000e+00
1.499999999999990008e+00,2.598076211353321785e+00,-5.000000000000000000e+00
2.427050983124833472e+00,1.763355756877431402e+00,-5.000000000000000000e+00
2.934442802201413070e+00,6.237350724532960689e-01,-5.000000000000000000e+00
2.934442802201421507e+00,-6.237350724532577662e-01,-5.000000000000000000e+00
2.427050983124853456e+00,-1.763355756877404090e+00,-5.000000000000000000e+00
1.500000000000012879e+00,-2.598076211353308462e+00,-5.000000000000000000e+00
3.135853898029759557e-01,-2.983565686104818759e+00,-5.000000000000000000e+00
-9.270509831248290311e-01,-2.853169548885465368e+00,-5.000000000000000000e+00
-2.007391819076569384e+00,-2.229434476432187395e+00,-5.000000000000000000e+00
-2.740636372927800934e+00,-1.220209929227405343e+00,-5.000000000000000000e+00
-2.934442802201417066e+00,6.237350724532770840e-01,-5.000000000000000000e+00
-2.427050983124844130e+00,1.763355756877416747e+00,-5.000000000000000000e+00
-1.500000000000005773e+00,2.598076211353312459e+00,-5.000000000000000000e+00
-3.135853898029689613e-01,2.983565686104819203e+00,-5.000000000000000000e+00
9.270509831248319177e-01,2.853169548885464479e+00,-5.000000000000000000e+00
2.007391819076564943e+00,2.229434476432191836e+00,-5.000000000000000000e+00
2.740636372927796049e+00,1.220209929227416001e+00,-5.000000000000000000e+00
3.000000000000000000e+00,1.901914085344683532e-14,-5.000000000000000000e+00
2.740636372927810704e+00,-1.220209929227382473e+00,-5.000000000000000000e+00
2.007391819076587147e+00,-2.229434476432171408e+00,-5.000000000000000000e+00
9.270509831248578969e-01,-2.853169548885455598e+00,-5.000000000000000000e+00
-3.135853898029457021e-01,-2.983565686104821424e+00,-5.000000000000000000e+00
-1.499999999999990896e+00,-2.598076211353321341e+00,-5.000000000000000000e+00
-2.427050983124838801e+00,-1.763355756877424074e+00,-5.000000000000000000e+00
-2.934442802201416178e+00,-6.237350724532821911e-01,-5.000000000000000000e+00
-3.000000000000000000e+00,-7.347880794884108889e-16,3.749999999999997335e+00
-3.000000000000000000e+00,-7.347880794884108889e-16,2.499999999999992450e+00
-3.000000000000000000e+00,-7.347880794884108889e-16,1.249999999999987566e+00
-3.000000000000000000e+00,-7.347880794884108889e-16,-1.687538997430237941e-14
-3.000000000000000000e+00,-7.347880794884108889e-16,-1.250000000000014211e+00
-3.000000000000000000e+00,-7.347880794884108889e-16,-2.500000000000008882e+00
-3.000000000000000000e+00,-7.347880794884108889e-16,-3.750000000000005329e+00
-3.000000000000000000e+00,-7.347880794884108889e-16,4.374999999999998224e+00
-3.000000000000000000e+00,-7.347880794884108889e-16,3.124999999999994671e+00
-3.000000000000000000e+00,-7.347880794884108889e-16,1.874999999999990230e+00
-3.000000000000000000e+00,-7.347880794884108889e-16,6.249999999999857891e-01
-3.000000000000000000e+00,-7.347880794884108889e-16,-6.250000000000150990e-01
-3.000000000000000000e+00,-7.347880794884108889e-16,-1.875000000000011546e+00
-3.000000000000000000e+00,-7.347880794884108889e-16,-3.125000000000007105e+00
-3.000000000000000000e+00,-7.347880794884108889e-16,-4.375000000000003553e+00
-2.740636372927803155e+00,1.220209929227398682e+00,5.000000000000000000e+00
-2.007391819076578265e+00,2.229434476432179402e+00,5.000000000000000000e+00
-9.270509831248493482e-01,2.853169548885458706e+00,5.000000000000000000e+00
3.135853898029500875e-01,2.983565686104821424e+00,5.000000000000000000e+00
1.499999999999990008e+00,2.598076211353321785e+00,5.000000000000000000e+00
2.427050983124833472e+00,1.763355756877431402e+00,5.000000000000000000e+00
2.934442802201413070e+00,6.237350724532960689e-01,5.000000000000000000e+00
2.934442802201421507e+00,-6.237350724532577662e-01,5.000000000000000000e+00
2.427050983124853456e+00,-1.763355756877404090e+00,5.000000000000000000e+00
1.500000000000012879e+00,-2.598076211353308462e+00,5.000000000000000000e+00
3.135853898029759557e-01,-2.983565686104818759e+00,5.000000000000000000e+00
-9.270509831248290311e-01,-2.853169548885465368e+00,5.000000000000000000e+00
-2.007391819076569384e+00,-2.229434476432187395e+00,5.000000000000000000e+00
-2.740636372927800934e+00,-1.220209929227405343e+00,5.000000000000000000e+00
-2.934442802201417066e+00,6.237350724532770840e-01,5.000000000000000000e+00
-2.427050983124844130e+00,1.763355756877416747e+00,5.000000000000000000e+00
-1.500000000000005773e+00,2.598076211353312459e+00,5.000000000000000000e+00
-3.135853898029689613e-01,2.983565686104819203e+00,5.000000000000000000e+00
9.270509831248319177e-01,2.853169548885464479e+00,5.000000000000000000e+00
2.007391819076564943e+00,2.229434476432191836e+00,5.000000000000000000e+00
2.740636372927796049e+00,1.220209929227416001e+00,5.000000000000000000e+00
3.000000000000000000e+00,1.901914085344683532e-14,5.000000000000000000e+00
2.740636372927810704e+00,-1.220209929227382473e+00,5.000000000000000000e+00
2.007391819076587147e+00,-2.229434476432171408e+00,5.000000000000000000e+00
9.270509831248578969e-01,-2.853169548885455598e+00,5.000000000000000000e+00
-3.135853898029457021e-01,-2.983565686104821424e+00,5.000000000000000000e+00
-1.499999999999990896e+00,-2.598076211353321341e+00,5.000000000000000000e+00
-2.427050983124838801e+00,-1.763355756877424074e+00,5.000000000000000000e+00
-2.934442802201416178e+00,-6.237350724532821911e-01,5.000000000000000000e+00
2.034817108988807632e+00,2.204431748312120298e+00,3.952953111945094022e+00
2.740636372927810704e+00,-1.220209929227382473e+00,3.921650068093994967e+00
9.860869828567717654e-01,-2.833307689298927734e+00,-3.898783851869964678e+00
2.713082617629076321e+00,1.280305709554932170e+00,-3.890944295511934214e+00
-2.804786128339323170e+00,-1.064506822089604565e+00,6.250493687056222214e-01
-2.804687499999597655e+00,1.064766653941607411e+00,-6.250000000000159872e-01
-2.804687500000000888e+00,1.064766653940544483e+00,1.874999999999989786e+00
-2.804867063980226227e+00,-1.064293546630320275e+00,-1.874641912074030081e+00
-3.283539242027351257e-01,-2.981976475504235502e+00,3.916667099296624599e+00
-3.135853898029696274e-01,2.983565686104819203e+00,-3.921650068093997632e+00
-3.508223928709690020e-01,2.979416662479467348e+00,3.902913283988969084e+00
2.736433352831354249e+00,-1.229606646660692526e+00,-4.021259184075256954e+00
-1.557708385798689310e+00,-2.563892467482292936e+00,-3.905163171678703193e+00
-2.812194467823168509e+00,-1.044778577089310545e+00,3.093139382163236473e+00
-2.745412194586614785e+00,1.209426261421136850e+00,-3.123257601685814677e+00
-2.393550202514513892e+00,1.808567783646145344e+00,3.855423642160240139e+00
-2.805695906969303266e+00,-1.062106622526994393e+00,1.870601031584929075e+00
-2.245896427789461747e+00,-1.988956820959805416e+00,1.249541138826747222e+00
-2.244717947211031017e+00,-1.990286747548879465e+00,8.847871667585494038e-04
-1.393580157992381885e+00,-2.656677312593671125e+00,6.256967689245129804e-01
-1.392733126968895174e+00,-2.657121456961168526e+00,-6.229465501896829238e-01
-3.606875090349731527e-01,-2.978238492939432991e+00,1.736345006246864386e-03
-3.598052659379181728e-01,-2.978345206755480312e+00,-1.246548717854777166e+00
7.187690631949212872e-01,-2.912622707079290496e+00,-6.219087713262956285e-01
7.180961545002687574e-01,-2.912788683185226546e+00,6.261498735435502283e-01
1.704047673651610140e+00,-2.469052758837391615e+00,2.501812982343309955e-03
1.704570191324532580e+00,-2.468692055086629811e+00,-1.245428019588464608e+00
2.468545751676375577e+00,-1.704782059936259753e+00,-6.210309510825249291e-01
2.468235161841505487e+00,-1.705231710310723958e+00,6.266211412111690748e-01
2.912342731060114431e+00,-7.199026440021684126e-01,3.133126157297105863e-03
2.913727915230136745e+00,-7.142756022773300018e-01,-1.237833760773810354e+00
2.978220330158591889e+00,3.608374495947556104e-01,-6.166390821745872941e-01
2.978531960054896288e+00,3.582560019476846991e-01,6.277582871316820246e-01
2.658180751073598636e+00,1.390710284215155745e+00,4.009667389093252154e-03
2.657441772122886459e+00,1.392121843725028452e+00,-1.240394664392896473e+00
1.992790339456078197e+00,2.242495632765096225e+00,-6.190368764055005357e-01
1.993155664666256488e+00,2.242170933806968414e+00,6.283573965465141242e-01
1.069105689955482497e+00,2.803036393574798613e+00,4.897000123365025104e-03
1.992483897081756217e+00,2.242767914847610289e+00,-1.867248745381862918e+00
1.069506026573386004e+00,2.802883668496287672e+00,1.252743885994326956e+00
6.540036440012293034e-03,2.999992871312090692e+00,6.291811202208998921e-01
6.104128848226562237e-03,2.999993789928740107e+00,-6.189978697446951728e-01
-1.057428945499608197e+00,2.807462203702765002e+00,5.329942468312864889e-03
-1.057851038565317703e+00,2.807303186370556425e+00,-1.243102360668591366e+00
-1.057109693241426118e+00,2.807582429147009062e+00,1.253830237215344923e+00
-1.394022528305912223e+00,-2.656445216934764986e+00,1.874458907235785787e+00
1.740123245966960358e-02,2.999949532426984700e+00,-1.847635575651385587e+00
2.024516813926219072e+00,2.213895135305651518e+00,1.895342368560847035e+00
-1.379767019824880814e+00,-2.663877431678035368e+00,-1.848756678729007064e+00
-1.983999495718269612e+00,2.250276872073668333e+00,6.298776164193533589e-01
1.002193766918379580e+00,2.827650553648726639e+00,2.469889277287873774e+00
-3.478919156987342887e-01,-2.979760261328328053e+00,-2.459399132334050719e+00
-9.556646152741375966e-01,2.843713266683709495e+00,-2.656365610371459240e+00
-1.984412617589423222e+00,2.249912567890560045e+00,-1.867066423406059883e+00
2.676479977061547277e+00,1.355158637351590034e+00,-2.506493944281441344e+00
2.013742271143681428e+00,2.223700084410910272e+00,-3.113581887440032503e+00
2.989695981683586190e+00,2.484309503765943505e-01,-3.022896473496119896e+00
-1.947878122456361272e+00,2.281615835335975451e+00,1.875498657927749946e+00
-9.885351188989703886e-01,2.832454468955043936e+00,2.649289194517157942e+00
-2.046958461577387034e+00,2.193162341591870845e+00,-3.083320950790415793e+00
-2.804864192434974868e+00,-1.064301114345041155e+00,-6.242398303114873315e-01
-2.240732175959578409e+00,-1.994772998518741902e+00,-1.247450989046933856e+00
-2.804954252014550953e+00,1.064063740621534082e+00,-1.873719138135156115e+00
-2.804954252014549176e+00,1.064063740621538967e+00,6.237191381351321340e-01
-3.613633785767416118e-01,-2.978156562141017538e+00,1.249732118941548897e+00
7.206907643121085449e-01,-2.912147802264718255e+00,1.879972770727570630e+00
1.703751470475707075e+00,-2.469257160939675622e+00,1.250227778867736284e+00
2.467968503632710142e+00,-1.705617619830694487e+00,1.874552321219927986e+00
2.914866204771771496e+00,-7.096160992250730715e-01,1.289350062022453169e+00
2.978691225807001075e+00,3.569293785896391347e-01,1.875133085941592448e+00
2.675381938306753860e+00,1.357325121031065951e+00,1.217476819253179521e+00
-2.814329277506859128e+00,-1.039014301041001342e+00,-3.117776203940916702e+00
-2.145401634761987530e+00,-2.096962523642373455e+00,-2.655137056426377207e+00
1.068812739548311352e+00,2.803148110210952115e+00,-1.240223123051950260e+00
1.079517249223914455e+00,2.799043141616083474e+00,-2.467170111987514680e+00
1.036314825301817510e+00,2.815324418758815561e+00,-3.753643522028738744e+00
7.137058349494906917e-03,2.999991510387673976e+00,1.877753783936943144e+00
7.039863434011579546e-01,-2.916230997075620390e+00,-1.844439649358816879e+00
1.607274379616665083e+00,-2.533114499707398881e+00,-2.632464609515194454e+00
2.457860209746464797e+00,-1.720152083202256765e+00,-1.868142044631720289e+00
-1.983664426787407065e+00,2.250572247651291935e+00,-6.198712582460910170e-01
-2.253270217897029415e+00,-1.980599233852794017e+00,2.495658184215833852e+00
-1.395855012459676026e+00,-2.655482777988062537e+00,3.123530434231411412e+00
-3.585652796473166037e-01,-2.978494744032871289e+00,2.524209423203680913e+00
7.805842006882446338e-01,-2.896668483902825830e+00,3.143357306900017800e+00
1.703038255588245509e+00,-2.469749116813880985e+00,2.498347144416984023e+00
1.860467906438975749e+00,-2.353435609722640098e+00,3.779352026454705804e+00
2.979279925022828124e+00,3.519817159398658246e-01,-1.844041687865999535e+00
-3.301443589757043218e-01,-2.981778781572590464e+00,-3.771112969096558132e+00
2.026852592128098873e+00,-2.211756896628471303e+00,-3.941469459034564693e+00
2.999999190355333578e+00,2.204057018520517303e-03,3.932938754274210247e+00
2.925916687088745416e+00,-6.625794595485292593e-01,2.758444458348531469e+00
2.745549775444890983e+00,1.209113903052358108e+00,3.949327681270858648e+00
9.524811002292414841e-01,2.844781143375724408e+00,3.801731345188426925e+00
-1.500162783963149948e+00,2.597982221188576801e+00,3.921546095986623293e+00
2.427050983124758421e+00,1.763355756877535097e+00,2.895238112928983032e+00
-2.354336606221264727e+00,-1.859327605508652059e+00,3.836621545262231869e+00
2.901305401600800415e+00,-7.631690288802461808e-01,-2.403555032731999219e+00
-2.420957503936897570e+00,-1.771712381886977550e+00,-3.965687248227435902e+00
-2.816564655005493023e+00,1.032939274194658585e+00,3.067066416843611698e+00
-2.427050983124844130e+00,1.763355756877416747e+00,-4.049639451978388038e+00
2.929403030018073117e+00,6.469914124012248191e-01,2.953577218617070343e+00
-1.443391668863241328e+00,2.629946860728594515e+00,-3.980125641183308360e+00
2.536480903599101389e+00,-1.601956499308607063e+00,-2.998616114624323536e+00
2.424259922581870619e+00,-1.767190942644100371e+00,2.994445350455582577e+00
-1.879073459748587194e+00,2.338607049691861839e+00,2.934218154384657051e+00
3.000000000000000000e+00,1.901914085344683532e-14,-4.118171631572474567e+00
1.150635991861628515e-01,2.997792582575106834e+00,-2.895331214296659184e+00
4.146517311358109692e-02,2.999713426215687928e+00,2.884737757970200267e+00
6.078190658609682329e-01,-2.937780792226659443e+00,-2.891922901900514375e+00
2.007391819076564943e+00,2.229434476432191836e+00,-4.164658129611924053e+00
-1.499999999999990896e+00,-2.598076211353321341e+00,4.165761778312190522e+00
-1.270142543261199020e+00,-2.717855389787685816e+00,-2.887805192151679634e+00
9.194140834171693477e-01,-2.855639638192145391e+00,4.182464511222818260e+00
-2.860459901928193993e+00,-9.043058937444478085e-01,-4.084205897640012850e+00
-2.859735062385211357e+00,-9.065954847475528044e-01,4.077396355534736117e+00
-2.861142092099398848e+00,9.021451816737012797e-01,4.083196256204685071e+00
-2.859141123343968527e+00,9.084668605972315847e-01,-4.100795789857365037e+00
-2.463221117243850067e+00,1.712466562465953412e+00,1.255699532358014014e+00
-2.466204687832610265e+00,1.708166981800215423e+00,4.954252418637672406e-03
-2.461771202001911352e+00,1.714550246856027638e+00,-2.413344554041903400e+00
-2.465254074904368320e+00,1.709538635470812862e+00,-1.236621316058874598e+00
2.740946145475345652e+00,1.219513930877316410e+00,2.182340864487158694e+00
1.761657093149101350e+00,2.428284226806544766e+00,3.026067347801840057e+00
-2.466538129974912508e+00,1.707685466758988024e+00,2.497165790179059375e+00
2.935420791027135046e+00,-6.191161277221168824e-01,-3.310959971412877678e+00
-2.288963927101665519e+00,-1.939238030884120612e+00,-3.310412152326906110e+00
-2.028381839679062271e+00,-2.210354521894662305e+00,-3.935425209953070436e+00
-1.866215917092073351e+00,-2.348880190812676183e+00,-3.280150114052540644e+00
1.538191329969983645e+00,-2.575648934230978071e+00,-3.920126655452264686e+00
1.824153883024909995e+00,-2.381693223537646453e+00,-3.286967034274880461e+00
1.305338950947915411e+00,-2.701127583646909969e+00,-3.265624230692580454e+00
-1.416019549514561993e+00,-2.644785177550830646e+00,-3.396484181915191414e+00
-1.735759918829373305e+00,-2.446862788181112691e+00,-2.771471124289028864e+00
2.163966985717463931e+00,-2.077798566927235413e+00,4.389676013227353124e+00
2.369301639330738229e+00,-1.840220025394973202e+00,3.850501047274350164e+00
2.598076211353325782e+00,-1.499999999999983125e+00,4.460825034046997928e+00
2.920486142550695163e+00,-6.861200267951367282e-01,2.023897260185492541e+00
2.746903986968284528e+00,-1.206034197847532852e+00,2.316498389784229950e+00
2.737102871973058793e+00,-1.228115576090798022e+00,1.581951191621190578e+00
-1.249859440765537677e+00,2.727242449495324017e+00,3.285417645251890839e+00
-9.449389342521730129e-01,2.847295279828625070e+00,3.912229689987796188e+00
-6.736980834654484607e-01,2.923376625126325123e+00,3.276101239253063291e+00
-8.961047174214393785e-01,2.863039702032621481e+00,-3.950887854638652996e+00
-1.204280607953770676e+00,2.747673236996440060e+00,-3.318245625777382912e+00
-6.384657928593697740e-01,2.931273005257008624e+00,-3.289007839232727548e+00
1.125876745085721886e+00,-2.780719610977557821e+00,-2.762193755707854415e+00
7.986631206858038068e-01,-2.891736021779376387e+00,-3.395353376885239527e+00
2.995988688065798655e+00,-1.550863662021106926e-01,2.316788772145061959e+00
2.994642651627121843e+00,-1.792076701921014315e-01,1.582241573982022587e+00
2.410024194672715225e+00,1.786556291050502843e+00,-3.502263091475983359e+00
2.384981602802168865e+00,1.819852399040976954e+00,-2.810037915860736923e+00
2.695041183492751902e+00,1.317859256247793098e+00,-3.198719119896686891e+00
-4.273027333851541210e-01,2.969412799534880243e+00,-2.775848412334059212e+00
-9.951545851384038799e-02,2.998348991281165166e+00,-3.408490641195328408e+00
1.684680501918142337e+00,-2.482307717922344281e+00,4.389676013227353124e+00
-1.550111673672129042e-01,2.995992579762415620e+00,3.393825520979584454e+00
-4.808630368914460496e-01,2.961211025872951375e+00,2.767013476243679104e+00
-2.567451122338759717e+00,-1.551835923801689665e+00,4.418310772631116379e+00
-2.188701324527624781e+00,-2.051727689536557264e+00,4.418310772631116379e+00
3.710266031481678217e-01,2.976968132136508238e+00,-3.837646795061367300e+00
6.801719846439737704e-01,2.921877148564853588e+00,-4.376821761014369372e+00
-9.509570426723417662e-15,3.000000000000000000e+00,-4.460825034046997928e+00
2.162323714113114193e+00,-2.079508633159302011e+00,3.386898688455143969e+00
2.596889580460055580e+00,-1.502053430107596288e+00,3.458047709274788772e+00
1.272801013185744790e+00,2.716611415133445728e+00,-4.376821761014369372e+00
-8.919539354087897554e-01,-2.864335555955128232e+00,2.823869928717546163e+00
-3.434640137889367062e-01,-2.980273891982411882e+00,3.220438261250152756e+00
-8.774244400209479933e-01,-2.868819679250322885e+00,3.520098766764018006e+00
2.886624160181679777e+00,8.169461168617004887e-01,-2.764695208888780620e+00
2.897690859607346514e+00,7.767803306907546945e-01,-3.456920384504027055e+00
-1.758786851015808672e+00,2.430363925977732098e+00,-3.531723295986861189e+00
-1.536144674809241994e+00,2.576870105002424971e+00,-2.869843280580937517e+00
-2.804572794261914304e+00,-1.065068749746193255e+00,4.538698177767368058e+00
-2.650200080149358151e+00,-1.405859002594618046e+00,3.957008950398483993e+00
2.731508570518000223e+00,-1.240508334992840744e+00,2.876444904402057023e+00
2.446307945064575939e+00,-1.736541804251752641e+00,2.434498835837755060e+00
2.149392394162948361e-01,-2.992290280597647012e+00,2.833783365051849579e+00
2.301030619098912711e-01,-2.991162412992596664e+00,3.530012203098321422e+00
-8.195470810329441580e-01,-2.885886792992819583e+00,-2.673602162242865177e+00
-8.109521758713986728e-01,-2.888313793279643882e+00,-3.329459080624118883e+00
-3.390196396222375785e-01,-2.980782730081212861e+00,-3.115256050715304426e+00
-2.643155035257820806e+00,-1.419060062009789291e+00,-3.541731726084176302e+00
-2.535655002352477538e+00,-1.603263455906376755e+00,-2.886456630183646510e+00
2.407474004205724771e+00,1.789991318155944366e+00,-4.027801212561929134e+00
2.010569089510682250e+00,2.226569544457165151e+00,-3.639120008525978278e+00
-1.454911013932292940e+00,2.623591801622064068e+00,2.791753674450907496e+00
-1.694587934455155320e+00,2.475554833244258734e+00,3.427882125185639950e+00
1.405694364987490341e-01,-2.996704895968641313e+00,-3.331517935498535365e+00
1.316476350124830552e-01,-2.997110091437353407e+00,-2.675661017117282547e+00
2.301948583146314675e+00,-1.923806830362829290e+00,-3.470042786829443671e+00
2.123544387862263072e+00,-2.119093965065892871e+00,-2.815540362069759439e+00
-2.247303618313993390e+00,1.987366711785430118e+00,-3.566480201384401028e+00
-2.601019665953978155e+00,1.494890195740361527e+00,-3.586448526832100470e+00
-2.446147643821374729e+00,1.736767602365709262e+00,-3.103289276238115235e+00
5.288737125308438092e-01,2.953014154418133419e+00,2.677313517629037243e+00
5.029744542613688862e-01,2.957535578545163801e+00,3.343234551579313596e+00
9.773749655790970881e-01,2.836324765723992058e+00,3.135810311238150128e+00
7.506773824076772295e-01,-2.904562526016879698e+00,2.511665038813794215e+00
1.840766031613586540e-01,-2.994347308541307928e+00,2.202091096965625994e+00
-9.667751751902012858e-01,-2.839955239195849579e+00,-3.838138070387630663e+00
5.828736799648169820e-01,2.942831675989007856e+00,-3.324487368162699852e+00
2.957605184907721618e+00,5.025649910279887944e-01,2.414355152279331396e+00
2.999989369072793455e+00,-7.986579381804520886e-03,2.856010838482800906e+00
1.231886658625272801e+00,-2.735407695445243981e+00,2.189159957572277548e+00
1.260023873912365922e+00,-2.722561264172190132e+00,2.820852225658501133e+00
1.372954461577903240e+00,2.667394992578588919e+00,3.413899346495133713e+00
1.396277644284184216e+00,2.655260578563281015e+00,2.747978312544856916e+00
-1.983135551569948030e+00,2.251038290233943862e+00,-4.014882546580848199e+00
-1.736974154284751215e+00,2.446000978607075993e+00,-4.490062820591653292e+00
-2.229434476432185619e+00,2.007391819076571160e+00,-4.524819725989193131e+00
2.872019498788203062e+00,8.668933028812477737e-01,-2.175267816073720439e+00
2.984937023451684102e+00,3.002515046213761751e-01,-2.433469080681059715e+00
-2.615812931306864542e+00,1.468850812168407183e+00,-2.768301077863858595e+00
-2.267030696553717029e+00,1.964833789632896011e+00,-2.748332752416159153e+00
-9.341115411130838098e-01,-2.850865768281512835e+00,4.041214438804408005e+00
-1.448211980951042088e+00,-2.627295578771041029e+00,3.644646106271800967e+00
1.782701952005567358e+00,-2.412876654600383475e+00,3.138849585435845135e+00
1.348170815229955188e+00,-2.680006614350456395e+00,3.461354666677361802e+00
-2.193662035535549393e+00,-2.046422945984048170e+00,-1.951294022736655975e+00
-1.785231536540489827e+00,-2.411005674182721936e+00,-2.251946867577691691e+00
-1.840904340884483403e+00,-2.368769977797056114e+00,-1.548103833887970460e+00
-2.528416767753590477e+00,-1.614654343363460143e+00,-2.264889484250203644e+00
-2.565339339174629973e+00,-1.555324427533713028e+00,-1.561046450560482413e+00
-8.909657572671378922e-01,-2.864643087607493754e+00,2.199334165219733350e+00
-1.394938853387215572e+00,-2.655964155501870039e+00,2.498994670733598600e+00
-2.804865628210152728e+00,-1.064297330488650495e+00,-1.249440871192758706e+00
-2.950812818301502993e+00,-5.410209897476617735e-01,-9.371199151557512153e-01
-2.950813548154192834e+00,-5.410170090021765299e-01,-1.562320956037021702e+00
-2.565337240987724865e+00,-1.555327888260699787e+00,-9.358454096792101495e-01
-2.951024205331761241e+00,-5.398667794428984035e-01,2.185300515792460985e+00
-2.808958549193303789e+00,-1.053447610901392606e+00,2.481870206874082996e+00
-2.952675346484057606e+00,-5.307619977591165883e-01,2.796569691081614462e+00
-2.950835708409030644e+00,5.408961286404010416e-01,-2.186859569067582498e+00
-2.776134810938099662e+00,1.137134781588217791e+00,-2.498488369910485396e+00
-2.935663177525637657e+00,6.179657823213818846e-01,-2.811628800842911780e+00
-2.804820898026824771e+00,1.064415205637348150e+00,1.249359569067561182e+00
-2.950835708409030200e+00,5.408961286404037061e-01,9.368595690675594057e-01
-2.950767908528219241e+00,5.412658773652720967e-01,1.562499999999988454e+00
-2.809626601723056893e+00,-1.051664565767121307e+00,-2.496209058007472947e+00
-2.953217553154574126e+00,-5.277367561007210162e-01,-2.808888101970462792e+00
-2.950813548154192834e+00,-5.410170090021765299e-01,-2.187320956037019926e+00
-2.950812818301502993e+00,-5.410209897476617735e-01,-3.121199151557521034e-01
-1.855504159586448765e+00,-2.357351122289037981e+00,2.809594309223622410e+00
-1.854690821225509101e+00,-2.357991085153174460e+00,2.185058545725810042e+00
1.703394880792141741e+00,-2.469503164624642366e+00,1.874287461642360153e+00
1.232281651043731330e+00,-2.735229776911061172e+00,1.565100274797653235e+00
-2.953217553154574126e+00,-5.277367561007210162e-01,-3.433888101970460127e+00
1.231063171594702466e+00,-2.735778402492276662e+00,9.381888262056428118e-01
7.193935307733133611e-01,-2.912468531655150183e+00,1.253061322135560651e+00
2.120211919251744792e+00,-2.122428189000238330e+00,2.186449732818456226e+00
2.120518385390720795e+00,-2.122121998665470244e+00,1.562390050043831913e+00
-2.952675346484057606e+00,-5.307619977591165883e-01,3.421569691081616682e+00
-2.935663177525637657e+00,6.179657823213818846e-01,-3.436628800842910891e+00
1.560979914254157386e+00,2.561901970664584915e+00,-2.167209428684689243e+00
1.074166955298993198e+00,2.801100739377949012e+00,-1.853696617519732470e+00
1.556081863270536880e+00,2.564879964988711514e+00,-1.553735934216906145e+00
-2.242726183348012992e+00,-1.992530869654283165e+00,-6.232831009400872091e-01
-1.846671031070921565e+00,-2.364277078306064261e+00,-9.351987696183083898e-01
-1.849034805427526962e+00,-2.362428895928422978e+00,-3.110308815114617431e-01
-3.599643688267231689e-01,-2.978325981684204038e+00,1.886970771072614905e+00
-8.923113066240746516e-01,-2.864224246121597872e+00,1.562095513088667342e+00
-1.386254189097898104e+00,-2.660507343197632935e+00,-1.235851614459344994e+00
2.870752578801988086e+00,8.710795780534255073e-01,9.226175531924312168e-01
2.870946489689691905e+00,8.704402640838919680e-01,1.546304952597385984e+00
2.978611666787905676e+00,3.575926991354474449e-01,1.251445686536637236e+00
-1.849411358210189205e+00,-2.362134125769141058e+00,3.132907780456353208e-01
-1.850110839477058899e+00,-2.361586306203839136e+00,9.376189538756296571e-01
-2.245307285966989586e+00,-1.989621871508139517e+00,6.252129629967528857e-01
-1.916885510110768021e+00,-2.307715307642470126e+00,3.480075989746821641e+00
-2.304601237389166002e+00,-1.920628318187651562e+00,3.166139864739032639e+00
-8.912912090837185053e-01,-2.864541844799981529e+00,-3.106051025917180297e-01
-8.917478119237185474e-01,-2.864399734661568164e+00,3.137165569653799224e-01
-1.393156660180030482e+00,-2.656899418532064239e+00,1.375109367415028316e-03
-2.950767908528219241e+00,5.412658773652720967e-01,2.187499999999991118e+00
1.171399203977936843e+00,-2.761851535640512445e+00,-2.238452129437005667e+00
1.656235544347754995e+00,-2.501376385440442718e+00,-1.938946314551829531e+00
1.224891391671772967e+00,-2.738547256960957910e+00,-1.544933834473640744e+00
1.826700074723681122e-01,-2.994433446976246582e+00,1.564852444834559542e+00
1.813361746986010825e-01,-2.994514516870085075e+00,9.379409962425491187e-01
7.113799910657931935e-01,-2.914436224780228901e+00,-1.233174210342555810e+00
1.231832736847167320e+00,-2.735431978396029695e+00,-9.336683954573796740e-01
-8.908669255343799609e-01,-2.864673824537258273e+00,-9.347476340222300450e-01
-3.602463914378505327e-01,-2.978291882515212485e+00,-6.224061864242651509e-01
-4.977978539282463255e-01,2.958411279153801310e+00,2.263521489227050765e+00
-5.337283458290796867e-01,2.952140588261093157e+00,1.565792010576144033e+00
-1.022898005155099543e+00,2.820226882903167809e+00,1.951559715866251210e+00
-1.393801347980214267e+00,-2.656561273972151138e+00,1.250077838080149384e+00
-1.850307458620299439e+00,-2.361432257883780306e+00,1.562000023031266505e+00
2.388658644019454158e+00,1.815023383417179170e+00,1.556409593907013278e+00
2.375825933373488130e+00,1.831789052896100722e+00,9.229171078998472666e-01
2.008885988926468080e+00,2.228088212682551639e+00,1.261849882553680580e+00
-2.950792976897732789e+00,-5.411291966721227809e-01,3.125246843528026730e-01
-2.950792976897732789e+00,-5.411291966721227809e-01,9.375246843528053375e-01
1.748705157594543091e-01,-2.994899047166368788e+00,-1.545494183606797023e+00
1.824653766505124619e-01,-2.994445923092248218e+00,-9.342287445905359533e-01
-2.950767908528116656e+00,5.412658773658313160e-01,-3.125000000000159872e-01
-2.950767908528116656e+00,5.412658773658313160e-01,-9.375000000000150990e-01
1.820218604890974368e-01,-2.994472915607033325e+00,-3.100862131600248262e-01
6.838547428607592502e-03,2.999992205701385917e+00,1.253467452078921518e+00
-5.340220927185509447e-01,2.952087465589137594e+00,9.415056787181228515e-01
-2.570834831801002807e+00,-1.546223873699636542e+00,2.183129607900381686e+00
-2.575591814705101346e+00,-1.538286970634570539e+00,2.794398783189535163e+00
1.808585143539052087e-01,-2.994543403890766342e+00,-2.151919390846433799e+00
-3.538492981750512301e-01,-2.979058689281066208e+00,-1.852973925094413943e+00
2.463214969017001543e+00,-1.712475406074660089e+00,-1.244586497857122609e+00
2.732478109668380561e+00,-1.238371261045374760e+00,-1.552987902702765766e+00
2.736328419074513629e+00,-1.229840145289285758e+00,-9.294323559281671976e-01
-8.781496682745013604e-01,-2.868597768964722405e+00,-2.154077905531528891e+00
-8.838837195802635716e-01,-2.866836160344877094e+00,-1.547652698291892115e+00
2.072813735016151071e+00,-2.168742312938167327e+00,-2.250303327073456927e+00
2.114600372012920726e+00,-2.128019094529656208e+00,-1.556785032110092004e+00
1.556257097480629348e+00,2.564773644308824263e+00,-9.296299997287249539e-01
1.992637122919634018e+00,2.242631779040546114e+00,-1.243142810893681727e+00
-1.493816080069284347e+00,2.601636700026819238e+00,2.262393926222453722e+00
-1.525335424611365509e+00,2.583283151810049638e+00,1.564664447571547434e+00
1.231543263483564798e+00,-2.735562316995950205e+00,-3.097034791719757152e-01
1.231227263222663293e+00,-2.735704557567799622e+00,3.143258432629467691e-01
7.184326136406811170e-01,-2.912705714564624238e+00,2.120551108626855807e-03
-1.545831113197607909e+00,2.571071016030137990e+00,-3.072706578888890760e-01
-1.983831966750200237e+00,2.250424566098591317e+00,5.003179086631170946e-03
-1.546022514133578163e+00,2.570955928403303226e+00,3.176037794438331119e-01
5.472686345953277076e-01,2.949660495987320274e+00,1.565248834965634828e+00
5.469751291332443088e-01,2.949714936754002537e+00,9.409625031076132018e-01
2.468101840279652848e+00,-1.705424670282504884e+00,1.250586731215548753e+00
2.120684285168486394e+00,-2.121956211291700090e+00,9.384244600394531233e-01
1.175270148669203124e-02,2.999976978912965553e+00,-1.233316722698040380e+00
-5.290672012311323780e-01,2.952979494778359637e+00,-1.545368968159988476e+00
-5.346263252962452084e-01,2.951978098208086987e+00,-9.310501152066432695e-01
1.816759597815566785e-01,-2.994493921456086394e+00,3.139431092748985463e-01
-2.566834620665257027e+00,-1.552855444062404056e+00,3.129670779361903854e-01
-2.567294396986578242e+00,-1.552095190122475099e+00,9.372952537661847217e-01
1.574792433129148073e+00,2.553434704972731062e+00,1.574043127277587217e+00
1.556783174195241148e+00,2.564454356884245279e+00,9.405506412704207619e-01
5.575826246682374920e-01,2.947728212822219973e+00,-2.157402843819450133e+00
5.519491808064416194e-01,2.948788242957960826e+00,-1.543929349351667923e+00
2.121229310707532179e+00,-2.121411372505400461e+00,-9.332294853354952124e-01
2.121004808710317935e+00,-2.121635831481856194e+00,-3.092645690500912536e-01
1.704308942030589691e+00,-2.468872420785361399e+00,-6.214631033030606488e-01
2.667024911068892390e+00,1.373673223054874715e+00,-1.873444304337168909e+00
2.376293010528807592e+00,1.831183095190630272e+00,-2.186871344831652131e+00
2.363546459636689967e+00,1.847606054639048256e+00,-1.553821704887379695e+00
2.468390466997670174e+00,-1.705006892195754187e+00,2.795095064321628797e-03
2.120811557725182261e+00,-2.121829007394159472e+00,3.145614770967561924e-01
2.735139316724876313e+00,-1.232482421012882856e+00,-3.089489124626139116e-01
2.735027048791937254e+00,-1.232731537025181456e+00,3.148771336842326463e-01
2.913036681847804843e+00,-7.170894576056251468e-01,-6.173503173082561801e-01
2.003135772553362948e+00,2.233259294555167251e+00,-2.490415316410947710e+00
1.035923915274907570e+00,2.815468281078922885e+00,1.861316581641100143e+00
1.544156133114631402e+00,2.572077338760339504e+00,2.182615822924360405e+00
-4.755911968970442105e-01,2.962062290606670700e+00,-2.252000593011421969e+00
-1.006922412875607353e+00,2.825970143941503920e+00,-1.949733985520024859e+00
1.703899575128704047e+00,-2.469154964330149582e+00,6.263647959250402408e-01
2.994682485408322048e+00,-1.785407841044626964e-01,9.585541745770678190e-01
2.994616928784257226e+00,-1.796369946273413398e-01,-9.272364214741983801e-01
2.994442031835905293e+00,-1.825292249872694228e-01,-3.067529780086450941e-01
1.248595444344007932e+00,-2.727821368118409140e+00,-4.449391925934982339e+00
6.541646852779385846e-01,-2.927809516436343351e+00,-4.449391925934982339e+00
1.773973775139464637e+00,-2.419300941412092065e+00,-4.470734729517282346e+00
2.431743824242185603e+00,-1.756878474243449118e+00,-3.981364321554909935e+00
2.238209141243344469e+00,-1.997603524239665251e+00,-4.470734729517282346e+00
2.595498921225082078e+00,-1.504455167135077875e+00,-4.510629592037627589e+00
2.851574860062064065e+00,-9.319446429171751589e-01,-4.510629592037627589e+00
2.581390651461805241e+00,1.528536000408755591e+00,-4.445472147755967995e+00
2.842781576604839433e+00,9.584325264284920820e-01,-4.445472147755967995e+00
2.853169548885467144e+00,-9.270509831248228139e-01,4.460825034046997928e+00
2.241808137510986398e+00,1.993563712197210291e+00,4.476476555972547011e+00
1.778334048856043292e+00,2.416097682354600540e+00,4.476476555972547011e+00
2.978376424783962140e+00,3.595467595335870570e-01,5.559602478546921134e-03
2.994362648889400624e+00,-1.838268939411528691e-01,3.154457066444891211e-01
1.553453221420760144e+00,2.566472888782864725e+00,-3.433612704734386512e+00
1.057947357808655342e+00,2.807266889361552220e+00,-3.110406817008126268e+00
1.573155594165669857e+00,2.554443476874220575e+00,-2.790375999713774036e+00
2.855038706280119687e+00,9.212784517410257390e-01,4.474663840635429324e+00
2.601104699934603914e+00,1.494742231951085909e+00,4.474663840635429324e+00
2.441442461071061221e+00,1.743375664989986973e+00,3.951140396607976335e+00
2.864621913650575280e+00,8.910338331583811389e-01,-9.285168732837423278e-01
2.657811355307878376e+00,1.391416113028916213e+00,-6.181924985019016106e-01
2.864858425996145819e+00,8.902731036029816192e-01,-3.063147073927474651e-01
2.934671728839564064e+00,-6.226570837546163695e-01,3.927294411184102607e+00
2.983680678156799715e+00,-3.124893770894948131e-01,4.466469377137105567e+00
2.983450291448153102e+00,3.146813602009678190e-01,4.466469377137105567e+00
2.935471184276105650e+00,6.188771495899942909e-01,3.941133217772534447e+00
2.865243970099665471e+00,8.890314908975416319e-01,3.158839772603876384e-01
2.846962210967036278e+00,-9.459419481795303675e-01,3.340047263221263218e+00
2.981543899997243230e+00,-3.322588936194610376e-01,3.345691606311370858e+00
-2.015885250090362124e+00,2.221757560686611122e+00,-2.475193687098237838e+00
-1.499721091160776787e+00,2.598237219486998484e+00,-2.261716016888759562e+00
-2.804825162272991612e+00,-1.064403968932981837e+00,4.047691970674449635e-04
2.363672686342512819e+00,1.847444568001532783e+00,-9.297157703991985045e-01
1.992973008673738278e+00,2.242333290725967210e+00,4.660260070506794250e-03
2.364313626096958387e+00,1.846624238293284259e+00,3.161835319678036882e-01
2.364163190483429489e+00,1.846816831405652337e+00,-3.075136045082036418e-01
1.069305860991080603e+00,2.802960038182871205e+00,6.288204430588457683e-01
1.556600034367398244e+00,2.564565525192798567e+00,3.166271983349400188e-01
-1.966001254763140027e+00,2.266018328758564682e+00,1.252688137173551652e+00
-1.545876335862601092e+00,2.571043825806946348e+00,9.418539268173491408e-01
-8.920728283659438151e-01,-2.864298529987959530e+00,9.377144439330304948e-01
1.232429193753718177e+00,2.735163300862228031e+00,4.400865672594213684e+00
6.368252323995489128e-01,2.931629857840048370e+00,4.400865672594213684e+00
1.527579616464857848e+00,2.581956722209161725e+00,3.877342228566760696e+00
-8.327551979282024272e-03,-2.999988441957407215e+00,-4.385556484548278178e+00
-6.318782443896215906e-01,-2.932700101317400332e+00,-4.385556484548278178e+00
3.362678958304367027e-01,-2.981094413505511742e+00,-3.834948410483260517e+00
-2.249587204073232094e+00,-1.984781451764899174e+00,1.872599661521290315e+00
-2.566891562665427617e+00,-1.552761316338425068e+00,-3.116775215723643910e-01
-1.057639995021016688e+00,2.807382702969429822e+00,-6.188862091001396948e-01
-5.344044072146462154e-01,2.952018280693661456e+00,-3.068339636381907098e-01
5.119692667059289048e-01,2.955991791251896039e+00,2.173821530612408459e+00
5.465501739159974726e-01,2.949793705904260932e+00,-3.070504348106650738e-01
6.322082660804129867e-03,2.999993338537742638e+00,5.091625238102359674e-03
5.467644791945550642e-01,2.949753990469562215e+00,3.170390601721324586e-01
2.666833587359314528e+00,1.374044619847641480e+00,6.107432433211368306e-01
1.556391117252939216e+00,2.564692318804762117e+00,-3.070699381410673112e-01
-3.610254461300190232e-01,-2.978197546712880506e+00,6.257342319738974368e-01
-1.220295788257767855e+00,2.740598144413068038e+00,4.460773047993312090e+00
-1.763431791526837600e+00,2.426995738898700239e+00,4.460773047993312090e+00
-1.057269321079419511e+00,2.807522320962785312e+00,6.295800898418288938e-01
-5.341899374647932630e-01,2.952057098145521863e+00,3.172555313446068226e-01
-6.309977626123361993e-01,-2.932889671224989669e+00,4.458333549648312299e+00
-7.426897041325456091e-03,-2.999990806852637526e+00,4.458333549648312299e+00
-6.237350724532861879e-01,2.934442802201415290e+00,-4.460825034046997928e+00
5.463960321019405431e-01,2.949822261781759103e+00,-9.296104963983227165e-01
-1.873371822764602346e-02,2.999941507396663987e+00,4.451456641994484542e+00
-6.420472526944120961e-01,2.930490628769789829e+00,4.451456641994484542e+00
-2.951024205331761241e+00,-5.398667794428984035e-01,1.560300515792458320e+00
2.737198876966706163e+00,-1.227901587234173864e+00,9.579856016168113442e-01
-1.546451781913158019e+00,2.570697743068527164e+00,-1.555084392037326069e+00
-2.950835708409030644e+00,5.408961286404010416e-01,-1.561859569067585163e+00
-2.567958158096060650e+00,-1.550996743474301276e+00,1.560071085205838148e+00
-2.805241274359425496e+00,-1.063306819610552623e+00,1.247825200145275648e+00
-1.250770797476334240e+00,-2.726824602386522134e+00,-4.452581585839350709e+00
-1.790377168265034014e+00,-2.407187071117506516e+00,-4.452581585839350709e+00
-2.210510091048157655e+00,2.028212300863562412e+00,4.427711821080119847e+00
-2.583894190766542476e+00,1.524300105268944217e+00,4.427711821080119847e+00
-2.950835708409030200e+00,5.408961286404037061e-01,3.118595690675576293e-01
3.082693315691494296e-01,2.984119638890825321e+00,3.852322314588698227e+00
2.913609007521532401e+00,-7.147604852601956438e-01,6.462415940898749156e-01
1.068959216211331498e+00,2.803092255719896286e+00,-6.176630614642926176e-01
-2.804820898026623599e+00,1.064415205637877282e+00,-1.249359569067586051e+00
-1.986465200756436955e+00,2.248100532935235485e+00,3.888484869073431938e+00
-2.804820898026622711e+00,1.064415205637879724e+00,-6.404309324423707039e-04
-1.546024390501895773e+00,2.570954800064217505e+00,-9.314868094573416357e-01
-1.984038549605812829e+00,2.250242438866990824e+00,-1.243468840826075450e+00
-2.615173677729913493e+00,-1.469988651421703318e+00,3.464880463712733949e+00
-2.430567621022935665e+00,1.758505342509628866e+00,3.176294716169649757e+00
-2.663008517684827492e+00,1.381443315788981607e+00,2.782116103511335758e+00
-2.633766144384531938e+00,1.436410768789289083e+00,3.461245029501926140e+00
2.907619431898661677e+00,-7.387484275755200613e-01,-1.820694396752904787e+00
2.992692974871210332e+00,-2.092576358379920065e-01,-2.123798360298999377e+00
2.994346592911992566e+00,-1.840882438298026558e-01,-1.540937724319904945e+00
2.865943255566227865e+00,8.867746364632054235e-01,-1.542218176129448004e+00
2.978753418567289479e+00,3.564099765350116633e-01,-1.230340385020292970e+00
-2.195586603424568573e+00,2.044357959571309280e+00,2.715691972281858213e+00
-2.152687540197185001e+00,2.089482317292920222e+00,3.394820898272448595e+00
2.988613048551576945e+00,-2.611360680320716776e-01,-2.713225753114059557e+00
-2.225970981530795090e+00,-2.011231759241790762e+00,-4.482843624113717951e+00
-2.595486770577759561e+00,-1.504476129340653001e+00,-4.482843624113717951e+00
-2.953785195729073276e+00,5.245503002494232847e-01,3.408533208421804517e+00
-2.953785195729073276e+00,5.245503002494232847e-01,2.783533208421801852e+00
2.997422888503618488e+00,1.243222726409997786e-01,-3.570534052534297231e+00
2.927392000816358753e+00,6.560305431581654467e-01,-4.004557963542204391e+00
2.601104699934571496e+00,1.494742231951142308e+00,3.422282897099920618e+00
2.241808137510944210e+00,1.993563712197258253e+00,3.424095612437038305e+00
2.721969535837359455e+00,-1.261301647494900591e+00,-2.135848538681859310e+00
-1.190464902346170417e+00,2.753687221941141683e+00,-4.490062820591653292e+00
2.982178793459176358e+00,3.265113226863233242e-01,3.443257986445640295e+00
1.549791692579409075e+00,2.568685599603783842e+00,-3.959150825820330510e+00
1.763355756877409419e+00,2.427050983124849459e+00,-4.582329064805961139e+00
-2.810671128585457978e+00,1.048869775966563722e+00,2.471033208421800964e+00
8.502466601142433245e-01,-2.876991591396223846e+00,3.662910909061418252e+00
3.022056866906284167e-01,-2.984739808246582360e+00,4.049565805259721429e+00
2.983565686104822312e+00,-3.135853898029405951e-01,-4.559085815786236395e+00
2.933368375988096854e+00,-6.287686146373370200e-01,-4.069715407823865760e+00
2.983565686104817871e+00,3.135853898029797859e-01,-4.559085815786236395e+00
6.624119574634476648e-02,2.999268594838764290e+00,-2.371483394974022829e+00
6.055007728462583616e-01,2.938259487193495723e+00,-2.681250663142087376e+00
2.430151350223407059e-02,2.999901571125542787e+00,2.381245770953571927e+00
6.559912014349797982e-01,-2.927400817045710646e+00,-2.368181275629665627e+00
-1.325229632223858589e+00,-2.691424608246684169e+00,-2.368280935440343349e+00
2.229434476432173184e+00,2.007391819076584927e+00,-4.582329064805961139e+00
2.093333360911440177e+00,-2.148942865712165862e+00,2.746396247436283300e+00
-1.913687958566829383e+00,2.310367589202272143e+00,2.404858406156203721e+00
-1.220209929227389578e+00,-2.740636372927807596e+00,4.582880889156095705e+00
2.851362439200241461e+00,9.325943600076342932e-01,3.451452449943964496e+00
2.735775435983917259e+00,1.231069764012993950e+00,2.924407665773026466e+00
2.497869760040833054e+00,-1.661519383538317740e+00,-2.433379079628021913e+00
2.751049087237776192e+00,-1.196548753544208310e+00,-2.701085573678161822e+00
2.779733950923799490e+00,-1.128308097144376188e+00,-3.154788043018600163e+00
2.919251782822144037e+00,-6.913530418604756367e-01,-2.857257502072438449e+00
-2.804998878780529559e+00,-1.063946093578040264e+00,-4.542102948820005537e+00
-2.964909754594950542e+00,-4.575042591142828297e-01,-4.542102948820005537e+00
-2.964726394387485087e+00,-4.586909705043070717e-01,4.538698177767368058e+00
-2.805400468510641510e+00,1.062886734925349907e+00,4.541598128102342535e+00
-2.965082315577275196e+00,4.563845547900382549e-01,4.541598128102342535e+00
-2.964909754594950542e+00,-4.575042591142828297e-01,-3.917102948820009090e+00
-2.964726394387485087e+00,-4.586909705043070717e-01,3.913698177767366726e+00
6.198089977355345503e-01,-2.935274570858077858e+00,4.591232255611409130e+00
2.434051724858608434e+00,1.753679617465184082e+00,2.038841616524003086e+00
2.709040505201899762e+00,1.288836506767028212e+00,1.699908841870168885e+00
-2.965082315577275196e+00,4.563845547900382549e-01,3.916598128102341203e+00
-2.836806265973188523e+00,-9.759765413857317551e-01,3.585267868848986517e+00
1.901534005719248244e+00,2.320381094797427934e+00,3.489510229873467040e+00
-2.964576139183467518e+00,4.596610870892235967e-01,-4.550397894928682518e+00
-2.804224123915147526e+00,1.065986427142636028e+00,-4.550397894928682518e+00
-2.964576139183467518e+00,4.596610870892235967e-01,-3.925397894928686071e+00
-2.598076211353317344e+00,1.499999999999997558e+00,-4.524819725989193131e+00
2.598266645906755379e+00,1.499670109313531174e+00,2.538789488708070863e+00
2.237154531053659134e+00,1.998784531705726897e+00,2.395290240744914811e+00
2.643022378283736540e+00,-1.419307122469052551e+00,-3.509937649349790689e+00
2.852307316144186533e+00,-9.297004755674520560e-01,-3.666109577744066428e+00
-1.962247447233312680e+00,-2.269269696582216778e+00,4.001191661787211196e+00
-1.763355756877410085e+00,-2.427050983124849015e+00,4.582880889156095705e+00
1.896119427750568631e+00,2.324807758871011210e+00,2.460704858181343546e+00
1.216542583089714524e+00,-2.742266242276523602e+00,4.591232255611409130e+00
1.412440508812457196e+00,-2.646698284479287899e+00,3.980908268838762254e+00
2.120578059065734600e+00,2.122062368406971267e+00,2.960652730365411323e+00
-2.676086874087166834e+00,-1.355934748554802338e+00,-4.024946572933725264e+00
-2.839606530875307566e+00,9.677989201328452973e-01,3.575131336524148384e+00
2.849589523342840103e+00,9.379976271050610714e-01,2.567959041552114741e+00
2.983811519942355162e+00,-3.112375514928933939e-01,-3.714565801492675234e+00
-2.666148581964315145e+00,1.375373308920043947e+00,3.969309949182462383e+00
-2.806314061828744766e+00,1.060472246870351354e+00,-3.612026695771589857e+00
-2.838193905727264710e+00,-9.719338215602000286e-01,-3.600991050790465664e+00
-2.654794419960150087e+00,1.397163765543771419e+00,-1.555170227097015356e+00
-2.463513912865222810e+00,1.712045326829719105e+00,-1.824982935050389443e+00
-2.653371897359003029e+00,1.399863412731928936e+00,-2.143531846088530202e+00
-2.464880782837937989e+00,1.710076818858215830e+00,1.876432661268536695e+00
-2.225784519989765897e+00,2.011438110053085815e+00,2.186332224053404438e+00
-2.223832693644705039e+00,2.013595826047753334e+00,1.565599095142881758e+00
-2.241179246575751627e+00,1.994270689931069818e+00,-1.551843869732467240e+00
-2.239149580330626055e+00,1.996549312415093258e+00,-2.140205488723982086e+00
-2.653788630012563932e+00,1.399073231541522411e+00,1.565349766179001900e+00
-2.653963919340119659e+00,1.398740688920155906e+00,9.397093352465732963e-01
-2.464713840091158126e+00,1.710317422721026936e+00,6.303268923883260655e-01
-2.655182929405595083e+00,1.396425297462461135e+00,3.143366952768849032e-01
-2.241402385208427717e+00,1.994019896485983434e+00,-3.074585029137271164e-01
-2.241550825233840971e+00,1.993853028157664298e+00,3.174159344189959597e-01
-2.239810879821972911e+00,1.995807411207584314e+00,9.427885743886834646e-01
-2.654619328221392571e+00,1.397496412243481645e+00,-9.308106580294452925e-01
-2.655007930197156973e+00,1.396757992849945840e+00,-3.100228737906896015e-01
2.892157662058509437e+00,7.971349056441194847e-01,2.028736975214375349e+00
-2.240847674664904865e+00,1.994643251047386823e+00,-9.282462871524828074e-01
-2.465729476747658300e+00,1.708852874737237126e+00,-6.158335318201189068e-01
-2.655144263593802290e+00,1.396498814716620185e+00,2.186082895089524580e+00
-2.677436367660132266e+00,1.353268080289680153e+00,-4.075217620917875649e+00
2.994146234862933298e+00,-1.873187771050165984e-01,-3.166928222454497899e+00
1.324987003222387605e+00,1.410594117372250267e+00,-5.000000000000000000e+00
-9.270509831248353594e-01,-1.605699403978906314e+00,-5.000000000000000000e+00
-1.500000000000003331e+00,1.089813792008041737e+00,-5.000000000000000000e+00
1.801665044270633897e+00,-7.659703027462382297e-01,-5.000000000000000000e+00
-1.642585050505600108e+00,-4.092598251590503500e-01,-5.000000000000000000e+00
-1.938064292736199346e-01,1.843945001680681539e+00,-5.000000000000000000e+00
5.729490168751663060e-01,-1.763355756877416969e+00,-5.000000000000000000e+00
-2.220805355858351593e+00,4.751909740190974896e-01,-5.000000000000000000e+00
-6.000598982405407344e-01,1.275466687660753995e-01,-5.000000000000000000e+00
6.672377062718672924e-01,2.030395819183520523e+00,-5.000000000000000000e+00
3.095862713956413770e-01,9.383092893257447553e-01,-5.000000000000000000e+00
1.230924700848944342e+00,2.616411220871606158e-01,-5.000000000000000000e+00
3.085830445061270577e-01,-1.135006617830547071e-01,-5.000000000000000000e+00
-3.346809640606149827e-01,-8.586284088817215387e-01,-5.000000000000000000e+00
2.161410901435790066e+00,7.230597736735233649e-02,-5.000000000000000000e+00
-1.120857412398460928e+00,1.941381986314307806e+00,-5.000000000000000000e+00
1.500000000000009104e+00,-1.665918772243780932e+00,-5.000000000000000000e+00
-1.829416056408701197e+00,-1.366150908699387267e+00,-5.000000000000000000e+00
-2.476529541928272904e-01,-2.118949417510491262e+00,-5.000000000000000000e+00
-6.028585561209114374e-01,1.044181648979027877e+00,-5.000000000000000000e+00
2.020571085688214641e+00,8.642133996950314145e-01,-5.000000000000000000e+00
8.465734737400441023e-01,-8.176221300741751685e-01,-5.000000000000000000e+00
-1.050029949120272033e+00,6.086802303870585407e-01,-5.000000000000000000e+00
-1.121322474373070310e+00,-1.408565781964875030e-01,-5.000000000000000000e+00
-1.571292525252801831e+00,3.402769834244957492e-01,-5.000000000000000000e+00
-9.886330072831075455e-01,-6.339441170203858888e-01,-5.000000000000000000e+00
-6.308659735927251155e-01,-1.232163906430313816e+00,-5.000000000000000000e+00
-1.284818016815217678e+00,-1.007479614568978388e+00,-5.000000000000000000e+00
-1.931695203181975851e+00,3.296557443002356980e-02,-5.000000000000000000e+00
-1.860402677929177351e+00,7.825023830135695579e-01,-5.000000000000000000e+00
-1.378233519766768334e+00,-1.485925156339146902e+00,-5.000000000000000000e+00
-1.736000553457150541e+00,-8.877053669292187532e-01,-5.000000000000000000e+00
-4.673704311505778586e-01,-3.655408700578230419e-01,-5.000000000000000000e+00
1.626480313411695078e-01,-1.941152587193954115e+00,-5.000000000000000000e+00
-2.911669591267211366e-01,-1.488788913196106289e+00,-5.000000000000000000e+00
1.191340264072756616e-01,-1.310992082879569143e+00,-5.000000000000000000e+00
-1.467221401100702316e+00,-1.917566940205546855e+00,-5.000000000000000000e+00
-9.270509831248321397e-01,-2.229434476432185619e+00,-5.000000000000000000e+00
-2.321292525252800054e+00,-2.046299125795251750e-01,-5.000000000000000000e+00
-2.191610711716700521e+00,-8.147348771932279021e-01,-5.000000000000000000e+00
2.114358013697743566e+00,-1.264663029811821104e+00,-5.000000000000000000e+00
2.368053923236027813e+00,-6.948526875997480534e-01,-5.000000000000000000e+00
4.432672033390711031e-01,-2.373460721491118086e+00,-5.000000000000000000e+00
1.036474508437589481e+00,-2.180715984115362716e+00,-5.000000000000000000e+00
-1.753695909538290909e+00,1.659624134220110570e+00,-5.000000000000000000e+00
-2.120318186463903132e+00,1.155011860617720210e+00,-5.000000000000000000e+00
1.876018993173610649e+00,1.586974937124840945e+00,-5.000000000000000000e+00
1.412493501611188806e+00,2.004335164362785804e+00,-5.000000000000000000e+00
5.988948026466506258e-02,2.413755343892751704e+00,-5.000000000000000000e+00
-5.604287061992346830e-01,2.348557275283070123e+00,-5.000000000000000000e+00
-5.873519686588313249e-01,-1.862324410744698788e+00,-5.000000000000000000e+00
8.172866373090145187e-01,1.174451703348997622e+00,-5.000000000000000000e+00
4.884119888337543625e-01,1.484352554254632750e+00,-5.000000000000000000e+00
9.961123547471274486e-01,1.720494968277885395e+00,-5.000000000000000000e+00
5.788992106101070734e-02,1.391127145503213036e+00,-5.000000000000000000e+00
2.367156384991236651e-01,1.937170410432101031e+00,-5.000000000000000000e+00
2.559462548397145598e-01,-8.381252694779484091e-01,-5.000000000000000000e+00
7.097612453076052041e-01,-1.290488943475796013e+00,-5.000000000000000000e+00
-1.051429278060457495e+00,1.066997720493534807e+00,-5.000000000000000000e+00
-6.014592271807260859e-01,5.858641588725516103e-01,-5.000000000000000000e+00
1.277955852035665973e+00,8.361176197297054413e-01,-5.000000000000000000e+00
7.702554861222928873e-01,5.999752057064526856e-01,-5.000000000000000000e+00
1.324119259005339000e+00,-7.917962164102066991e-01,-5.000000000000000000e+00
1.038749087294494222e+00,-2.779905039935072208e-01,-5.000000000000000000e+00
1.516294872559789120e+00,-2.521645903295388624e-01,-5.000000000000000000e+00
1.981537972853212093e+00,-3.468321626894429466e-01,-5.000000000000000000e+00
2.547926851818605787e+00,-2.757145475429527148e-01,-5.000000000000000000e+00
2.547926851818601790e+00,3.480205249103242027e-01,-5.000000000000000000e+00
1.500000000000011102e+00,-2.131997491798544697e+00,-5.000000000000000000e+00
1.963525491562431391e+00,-1.714637264560592511e+00,-5.000000000000000000e+00
-2.610402677929175574e+00,2.375954870095487448e-01,-5.000000000000000000e+00
1.083618853135928539e+00,2.314236015268421376e+00,-5.000000000000000000e+00
4.904115480374087177e-01,2.506980752644170973e+00,-5.000000000000000000e+00
-5.873519686588282163e-01,-2.486059483197978537e+00,-5.000000000000000000e+00
-2.480720864393077374e+00,8.477004516232480302e-01,-5.000000000000000000e+00
-1.023954197761655083e+00,2.397275767599883256e+00,-5.000000000000000000e+00
-1.564124615737519708e+00,2.085408231373243382e+00,-5.000000000000000000e+00
-1.918403937742635179e+00,-1.797792692565787220e+00,-5.000000000000000000e+00
-2.285026214668250955e+00,-1.293180418963396416e+00,-5.000000000000000000e+00
3.296621780507436039e-02,-2.551257551807655233e+00,-5.000000000000000000e+00
-6.573319208360404176e-01,1.892663493997494673e+00,-5.000000000000000000e+00
1.650832522135321501e+00,-1.215944537495009525e+00,-5.000000000000000000e+00
-1.310428706199232129e+00,1.515597889161174772e+00,-5.000000000000000000e+00
1.036474508437587705e+00,-1.714637264560598950e+00,-5.000000000000000000e+00
2.477506943944813855e+00,7.439742360741636862e-01,-5.000000000000000000e+00
2.223811034406524278e+00,1.313784578286231408e+00,-5.000000000000000000e+00
5.775782591230855800e-01,-4.655613959286149517e-01,-5.000000000000000000e+00
7.697538726775356999e-01,7.407023015205296823e-02,-5.000000000000000000e+00
1.672779044455301012e+00,1.137403758533640730e+00,-5.000000000000000000e+00
-1.304895977724396250e-02,-4.860645353323881368e-01,-5.000000000000000000e+00
1.625747893268579602e+00,5.629272608910960152e-01,-5.000000000000000000e+00
3.090846579508842451e-01,4.124043137713450102e-01,-5.000000000000000000e+00
-1.457384268672068384e-01,7.023003491510346197e-03,-5.000000000000000000e+00
-1.452368134224496510e-01,5.329279790459100496e-01,-5.000000000000000000e+00
1.696167801142367093e+00,1.669735497272564761e-01,-5.000000000000000000e+00
-1.466361423626350025e-01,9.912454691523863159e-01,-5.000000000000000000e+00
-3.983324926972656721e-01,1.444063325329854708e+00,-5.000000000000000000e+00
2.090990993562002132e+00,4.682596885311918755e-01,-5.000000000000000000e+00
-8.618579842596861829e-01,1.492781817646667841e+00,-5.000000000000000000e+00
1.173286736870026603e+00,-1.241770451158977995e+00,-5.000000000000000000e+00
1.324987003222387605e+00,1.410594117372250267e+00,5.000000000000000000e+00
-9.270509831248353594e-01,-1.605699403978906314e+00,5.000000000000000000e+00
-1.500000000000003331e+00,1.089813792008041737e+00,5.000000000000000000e+00
1.801665044270633897e+00,-7.659703027462382297e-01,5.000000000000000000e+00
-1.642585050505600108e+00,-4.092598251590503500e-01,5.000000000000000000e+00
-1.938064292736199346e-01,1.843945001680681539e+00,5.000000000000000000e+00
5.729490168751663060e-01,-1.763355756877416969e+00,5.000000000000000000e+00
-2.220805355858351593e+00,4.751909740190974896e-01,5.000000000000000000e+00
-6.000598982405407344e-01,1.275466687660753995e-01,5.000000000000000000e+00
6.672377062718672924e-01,2.030395819183520523e+00,5.000000000000000000e+00
3.095862713956413770e-01,9.383092893257447553e-01,5.000000000000000000e+00
1.230924700848944342e+00,2.616411220871606158e-01,5.000000000000000000e+00
3.085830445061270577e-01,-1.135006617830547071e-01,5.000000000000000000e+00
-3.346809640606149827e-01,-8.586284088817215387e-01,5.000000000000000000e+00
2.161410901435790066e+00,7.230597736735233649e-02,5.000000000000000000e+00
-1.120857412398460928e+00,1.941381986314307806e+00,5.000000000000000000e+00
1.500000000000009104e+00,-1.665918772243780932e+00,5.000000000000000000e+00
-1.829416056408701197e+00,-1.366150908699387267e+00,5.000000000000000000e+00
-2.476529541928272904e-01,-2.118949417510491262e+00,5.000000000000000000e+00
-6.028585561209114374e-01,1.044181648979027877e+00,5.000000000000000000e+00
2.020571085688214641e+00,8.642133996950314145e-01,5.000000000000000000e+00
8.465734737400441023e-01,-8.176221300741751685e-01,5.000000000000000000e+00
-1.571292525252801831e+00,3.402769834244956382e-01,5.000000000000000000e+00
-1.121322474373070310e+00,-1.408565781964874475e-01,5.000000000000000000e+00
-1.050029949120272033e+00,6.086802303870586517e-01,5.000000000000000000e+00
-1.284818016815217678e+00,-1.007479614568978388e+00,5.000000000000000000e+00
-6.308659735927251155e-01,-1.232163906430313816e+00,5.000000000000000000e+00
-9.886330072831075455e-01,-6.339441170203858888e-01,5.000000000000000000e+00
-1.860402677929177351e+00,7.825023830135695579e-01,5.000000000000000000e+00
-1.931695203181975851e+00,3.296557443002356980e-02,5.000000000000000000e+00
-1.736000553457150541e+00,-8.877053669292187532e-01,5.000000000000000000e+00
-1.378233519766768334e+00,-1.485925156339146902e+00,5.000000000000000000e+00
-4.673704311505778586e-01,-3.655408700578230974e-01,5.000000000000000000e+00
1.191340264072756616e-01,-1.310992082879569143e+00,5.000000000000000000e+00
-2.911669591267211366e-01,-1.488788913196106289e+00,5.000000000000000000e+00
1.626480313411695078e-01,-1.941152587193954115e+00,5.000000000000000000e+00
-9.270509831248321397e-01,-2.229434476432185619e+00,5.000000000000000000e+00
-1.467221401100702316e+00,-1.917566940205546855e+00,5.000000000000000000e+00
-2.191610711716700521e+00,-8.147348771932279021e-01,5.000000000000000000e+00
-2.321292525252800054e+00,-2.046299125795251750e-01,5.000000000000000000e+00
2.368053923236027813e+00,-6.948526875997480534e-01,5.000000000000000000e+00
2.114358013697743566e+00,-1.264663029811821104e+00,5.000000000000000000e+00
1.036474508437589481e+00,-2.180715984115362716e+00,5.000000000000000000e+00
4.432672033390711031e-01,-2.373460721491118086e+00,5.000000000000000000e+00
-2.120318186463903132e+00,1.155011860617720210e+00,5.000000000000000000e+00
-1.753695909538290909e+00,1.659624134220110570e+00,5.000000000000000000e+00
1.412493501611188806e+00,2.004335164362785804e+00,5.000000000000000000e+00
1.876018993173610649e+00,1.586974937124840945e+00,5.000000000000000000e+00
-5.604287061992345720e-01,2.348557275283070123e+00,5.000000000000000000e+00
5.988948026466509034e-02,2.413755343892751704e+00,5.000000000000000000e+00
-5.873519686588313249e-01,-1.862324410744698788e+00,5.000000000000000000e+00
9.961123547471274486e-01,1.720494968277885395e+00,5.000000000000000000e+00
4.884119888337543625e-01,1.484352554254632750e+00,5.000000000000000000e+00
8.172866373090144076e-01,1.174451703348997622e+00,5.000000000000000000e+00
2.367156384991236928e-01,1.937170410432101031e+00,5.000000000000000000e+00
5.788992106101073509e-02,1.391127145503213036e+00,5.000000000000000000e+00
7.097612453076052041e-01,-1.290488943475796013e+00,5.000000000000000000e+00
2.559462548397145598e-01,-8.381252694779484091e-01,5.000000000000000000e+00
-6.014592271807260859e-01,5.858641588725517213e-01,5.000000000000000000e+00
-1.051429278060457495e+00,1.066997720493534807e+00,5.000000000000000000e+00
7.702554861222927762e-01,5.999752057064526856e-01,5.000000000000000000e+00
1.277955852035665973e+00,8.361176197297054413e-01,5.000000000000000000e+00
1.516294872559789120e+00,-2.521645903295387514e-01,5.000000000000000000e+00
1.038749087294494222e+00,-2.779905039935073319e-01,5.000000000000000000e+00
1.324119259005339000e+00,-7.917962164102066991e-01,5.000000000000000000e+00
2.547926851818605787e+00,-2.757145475429527148e-01,5.000000000000000000e+00
1.981537972853212093e+00,-3.468321626894429466e-01,5.000000000000000000e+00
2.547926851818601790e+00,3.480205249103242027e-01,5.000000000000000000e+00
1.963525491562431391e+00,-1.714637264560592511e+00,5.000000000000000000e+00
1.500000000000011102e+00,-2.131997491798544697e+00,5.000000000000000000e+00
-2.610402677929175574e+00,2.375954870095487448e-01,5.000000000000000000e+00
4.904115480374087177e-01,2.506980752644170973e+00,5.000000000000000000e+00
1.083618853135928539e+00,2.314236015268421376e+00,5.000000000000000000e+00
-5.873519686588282163e-01,-2.486059483197978537e+00,5.000000000000000000e+00
-2.480720864393077374e+00,8.477004516232480302e-01,5.000000000000000000e+00
-1.564124615737519708e+00,2.085408231373243382e+00,5.000000000000000000e+00
-1.023954197761655083e+00,2.397275767599883256e+00,5.000000000000000000e+00
-1.918403937742635179e+00,-1.797792692565787220e+00,5.000000000000000000e+00
-2.285026214668250955e+00,-1.293180418963396416e+00,5.000000000000000000e+00
3.296621780507430488e-02,-2.551257551807655233e+00,5.000000000000000000e+00
-6.573319208360404176e-01,1.892663493997494673e+00,5.000000000000000000e+00
1.650832522135321501e+00,-1.215944537495009525e+00,5.000000000000000000e+00
-1.310428706199232129e+00,1.515597889161174772e+00,5.000000000000000000e+00
1.036474508437587705e+00,-1.714637264560598950e+00,5.000000000000000000e+00
2.223811034406524278e+00,1.313784578286231408e+00,5.000000000000000000e+00
2.477506943944813855e+00,7.439742360741636862e-01,5.000000000000000000e+00
7.697538726775356999e-01,7.407023015205294048e-02,5.000000000000000000e+00
5.775782591230855800e-01,-4.655613959286148962e-01,5.000000000000000000e+00
1.672779044455301012e+00,1.137403758533640730e+00,5.000000000000000000e+00
-1.304895977724396250e-02,-4.860645353323881368e-01,5.000000000000000000e+00
1.625747893268579602e+00,5.629272608910960152e-01,5.000000000000000000e+00
-1.452368134224497065e-01,5.329279790459100496e-01,5.000000000000000000e+00
-1.457384268672068384e-01,7.023003491510346197e-03,5.000000000000000000e+00
3.090846579508842451e-01,4.124043137713450102e-01,5.000000000000000000e+00
1.696167801142367093e+00,1.669735497272564761e-01,5.000000000000000000e+00
-1.466361423626350580e-01,9.912454691523863159e-01,5.000000000000000000e+00
-3.983324926972656721e-01,1.444063325329854708e+00,5.000000000000000000e+00
2.090990993562002132e+00,4.682596885311918755e-01,5.000000000000000000e+00
-8.618579842596861829e-01,1.492781817646667841e+00,5.000000000000000000e+00
1.173286736870026603e+00,-1.241770451158977995e+00,5.000000000000000000e+00
1.182607262608178188e-02,-1.278529972318587893e+00,-3.090589454708917660e+00
8.718758821487426758e-02,9.210266470909118652e-01,-3.375437259674072266e+00
7.830765027494679398e-01,-7.068677629994184475e-01,-1.647790299398441016e+00
8.718758821487426758e-02,-7.835983633995056152e-01,3.443062305450439453e+00
8.718758821487426758e-02,9.210266470909118652e-01,3.443062305450439453e+00
8.718758821487426758e-02,-7.835983633995056152e-01,1.738437414169311523e+00
8.718758821487426758e-02,9.210266470909118652e-01,1.738437414169311523e+00
8.718758821487426758e-02,-7.835983633995056152e-01,3.381246328353881836e-02
1.365656137466430664e+00,1.347182869911193848e+00,-2.949280977249145508e+00
8.718758821487426758e-02,9.210266470909118652e-01,-1.670812129974365234e+00
8.718758821487426758e-02,9.210266470909118652e-01,3.381246328353881836e-02
-2.043593645095825195e+00,-3.574421107769012451e-01,-1.244655847549438477e+00
-2.043593645095825195e+00,-3.574421107769012451e-01,2.164593696594238281e+00
1.365656137466430664e+00,1.347182869911193848e+00,-2.096968412399291992e+00
-3.389686644077301025e-01,-2.062067031860351562e+00,-3.923437893390655518e-01
-3.389686644077301025e-01,2.199495315551757812e+00,1.312281131744384766e+00
-3.389686644077301025e-01,-2.062067031860351562e+00,-2.096968412399291992e+00
1.365656137466430664e+00,1.347182869911193848e+00,-1.244655847549438477e+00
-3.389686644077301025e-01,2.199495315551757812e+00,-1.244655847549438477e+00
-3.389686644077301025e-01,-2.062067031860351562e+00,4.599687159061431885e-01
5.133438110351562500e-01,1.347182869911193848e+00,-3.801593542098999023e+00
1.365656137466430664e+00,4.948703944683074951e-01,-3.801593542098999023e+00
5.133438110351562500e-01,-3.574421107769012451e-01,-3.801593542098999023e+00
-3.389686644077301025e-01,4.948703944683074951e-01,-3.801593542098999023e+00
5.133438110351562500e-01,4.948703944683074951e-01,-3.801593542098999023e+00
-3.389686644077301025e-01,1.347182869911193848e+00,-3.801593542098999023e+00
-3.389686644077301025e-01,1.347182869911193848e+00,-2.949280977249145508e+00
-3.389686644077301025e-01,-3.574421107769012451e-01,-3.801593542098999023e+00
1.365656137466430664e+00,-3.574421107769012451e-01,-3.801593542098999023e+00
5.133438110351562500e-01,1.347182869911193848e+00,3.869218587875366211e+00
-1.191281080245971680e+00,4.948703944683074951e-01,3.869218587875366211e+00
1.365656137466430664e+00,4.948703944683074951e-01,3.869218587875366211e+00
5.133438110351562500e-01,-3.574421107769012451e-01,3.869218587875366211e+00
-3.389686644077301025e-01,4.948703944683074951e-01,3.869218587875366211e+00
5.133438110351562500e-01,4.948703944683074951e-01,3.869218587875366211e+00
-8.402142190123431664e-01,1.682240468526852384e+00,3.963911491702390322e+00
-3.389686644077301025e-01,1.347182869911193848e+00,3.016906023025512695e+00
-6.461087249915160591e-01,-7.697582047771124314e-01,3.637016995882342396e+00
-1.191281080245971680e+00,-3.574421107769012451e-01,3.869218587875366211e+00
-3.389686644077301025e-01,4.948703944683074951e-01,-3.923437893390655518e-01
-7.629810221532933312e-01,-6.080352598293113919e-01,4.434609293937683105e+00
-1.416933065375785894e+00,-3.833509679679757975e-01,4.434609293937683105e+00
-8.956704892432562071e-01,-1.149477210054129228e-01,4.434609293937683105e+00
2.269049198550994184e+00,-9.977884747034653223e-01,-4.510629592037628477e+00
2.400832522135317060e+00,-3.829851513731096224e-01,-4.559085815786237283e+00
-9.194843322038667166e-01,7.923420932381746162e-01,-4.400796771049499512e+00
-4.709136102643207700e-01,7.695260217236676858e-01,-4.400796771049499512e+00
-4.709136102643207700e-01,1.195682259445110862e+00,-4.400796771049499512e+00
-3.389686644077301025e-01,9.210266321897506714e-01,-3.801593542098999023e+00
-9.194843322038667166e-01,1.218498330959617793e+00,-4.400796771049499512e+00
2.011918444270014650e+00,1.368946577063174797e+00,-6.203230900801726122e-01
2.171938233812511498e+00,8.540101597529747846e-01,-9.306474648620128853e-01
1.532703959186733078e+00,6.409320483428337933e-01,-2.914133094455242379e-01
7.264218628406524658e-01,1.134104758501052856e+00,-6.054216921329498291e-01
1.372684169644236452e+00,1.155868465653033805e+00,1.891106533631603526e-02
-1.963525491562423841e+00,1.426584774442729131e+00,-4.524819725989194019e+00
-1.773954197761652640e+00,1.852368871595862387e+00,-4.524819725989194019e+00
-2.521796822547912598e+00,-1.787210553884509834e-01,2.332296848297115588e+00
-2.521796822547912598e+00,-1.787210553884509834e-01,1.707296848297112923e+00
-2.424644776032564231e+00,-7.097743666519478190e-01,2.017597364089583678e+00
-2.430079150050659109e+00,3.377485817088786701e-01,2.615830056718924990e+00
-2.424140572547913042e+00,3.536622715818216189e-01,2.019796848297113812e+00
2.013981452382389570e+00,1.546823938063611514e+00,-4.582329064805962027e+00
1.666189411149476385e+00,1.820014296902221052e+00,-4.582329064805962027e+00
5.133438110351562500e-01,6.871414184570312500e-02,3.869218587875366211e+00
8.721342559420502960e-01,3.782557582777340555e-01,4.434609293937683105e+00
8.721342559420502960e-01,-4.790049434487031466e-02,4.434609293937683105e+00
9.394999742507934570e-01,6.871414184570312500e-02,3.869218587875366211e+00
1.298290419157687392e+00,3.782557582777340555e-01,4.434609293937683105e+00
9.394999742507934570e-01,4.948703944683074951e-01,3.869218587875366211e+00
-1.310510098180805549e+00,2.269682103751442526e+00,4.460773047993312090e+00
-1.161690640998576551e+00,1.798547718900876946e+00,-2.408173700327602695e+00
-1.400369933204820727e+00,1.530866558383610743e+00,-2.681312765645524454e+00
-1.258905380964279175e-01,1.134104758501052856e+00,-2.310046553611755371e+00
-1.187291806893518542e+00,1.317788446973469751e+00,-2.042078342008134317e+00
-9.486125146872744773e-01,1.585469607490735955e+00,-1.768939276690212559e+00
-1.258905380964279175e-01,1.560260981321334839e+00,1.525359272956848145e+00
5.446906775666269240e-01,1.874338600369819252e+00,2.104163345728592649e+00
3.316125512553247390e-01,2.513572934600242448e+00,1.891085204516129270e+00
-3.389686644077301025e-01,1.773339092731475830e+00,2.164593577384948730e+00
3.316125512553247390e-01,2.087416711779960465e+00,2.743397650156693235e+00
-1.258905380964279175e-01,1.134104758501052856e+00,2.377671718597412109e+00
-1.571961458211140528e+00,1.205623305266363854e+00,-2.411500057692150811e+00
-1.358883331899838343e+00,9.925451938562229737e-01,-1.772265634054760675e+00
-2.424273948555187186e+00,3.533108149223188610e-01,1.394156417364685208e+00
1.274080460011981941e+00,1.775807309111657073e+00,3.911085849910230117e+00
1.137500452092128800e+00,1.887733548358869307e+00,3.447642967838603134e+00
1.563656615307766007e+00,1.461577310637426130e+00,3.447642967838603134e+00
9.394999742507934570e-01,9.210266321897506714e-01,3.869218587875366211e+00
1.700236623227619148e+00,1.349651071390213897e+00,3.911085849910230117e+00
-2.321292525252800054e+00,-2.046299125795255358e-01,4.374999999999998224e+00
-2.095640540122985840e+00,-1.787210553884509834e-01,3.809609293937681773e+00
-2.025508071315591518e+00,-6.320187977622270248e-01,3.973307471705051164e+00
-2.251160056445405733e+00,-6.579276549533015217e-01,4.538698177767368058e+00
2.147529583742251891e+00,5.709309034347661571e-01,3.411397903246218277e+00
2.053301141470888158e+00,8.571921626728119525e-01,3.025779726181262674e+00
1.896353560295594542e+00,1.129113075672921296e+00,3.382228350402174399e+00
1.365656137466430664e+00,1.347182869911193848e+00,-2.523124694824218750e+00
2.177676059575008427e+00,7.978069101438940436e-01,-2.559932442947705944e+00
2.177676059575008427e+00,7.978069101438940436e-01,-2.986088725372632702e+00
2.021068057263988749e+00,1.351170753631391941e+00,-2.727887460765293426e+00
2.021068057263988749e+00,1.351170753631391941e+00,-2.301731178340366668e+00
2.182828068733215332e+00,-1.787210553884411024e-01,-3.959882586835736795e+00
2.051044745148892456e+00,-7.935243787187968856e-01,-3.911426363087127989e+00
2.150538464246782855e+00,-4.882791192495090637e-01,-3.556276756755938351e+00
-1.617437362670898438e+00,6.871414184570312500e-02,3.016906142234802246e+00
-7.651248723268508911e-01,9.210266321897506714e-01,3.443062305450439453e+00
-1.191281154751777649e+00,4.948703795671463013e-01,2.590749859809875488e+00
-2.255065887535368852e+00,6.751216779910433896e-01,2.330879743386648606e+00
-1.402753397191321305e+00,1.527434168335090936e+00,2.757035906602285813e+00
-1.828909605110442094e+00,1.101277930613647760e+00,3.183192189027212571e+00
1.848402208989802453e+00,-7.105716826383742246e-01,-1.442812030086125574e+00
1.500457751722505506e+00,-7.489369828384178085e-01,-6.020106487451357680e-01
4.351320454821711037e-01,-7.452330631994620314e-01,-8.069889180574510990e-01
1.625811127212921647e+00,-1.205824911467839211e+00,-1.134410625240482862e+00
1.277866669945624922e+00,-1.244190211667882684e+00,-2.936092438994930554e-01
-1.614274457172666100e-01,-1.068579190600154716e+00,-4.045294727354458608e+00
2.923875447506240621e-01,-1.520942864598002320e+00,-4.045294727354458608e+00
5.431464139551612780e-01,-1.060398933827159107e+00,-4.400796771049499512e+00
2.625849418306190342e-01,-8.179860415477445690e-01,-3.446091498403958120e+00
8.933142348727063364e-02,-6.080352598293113919e-01,-4.400796771049499512e+00
-4.695142813241354185e-01,-1.149477210054129228e-01,-4.400796771049499512e+00
-1.519280995080152241e-02,-2.354713862799779900e-01,-4.400796771049499512e+00
-3.368248142341725426e-01,-6.080352598293113919e-01,-4.400796771049499512e+00
-6.230843116160283968e-01,-3.211057680055184882e-01,4.318508497941171420e+00
-4.695142813241354185e-01,3.112085316171914195e-01,4.434609293937683105e+00
-4.925386946996230808e-01,-1.374439051544024681e-01,3.753117791878854526e+00
-9.186949026187438694e-01,-5.636001577770068938e-01,3.753117791878854526e+00
-7.651248723268508911e-01,6.871414184570312500e-02,3.869218587875366211e+00
-1.669484332203865051e+00,2.474351972341533867e-01,-1.961718946695412136e-01
-1.571828082203663879e+00,7.798185242049574528e-01,-5.086718946695407695e-01
-1.191281154751777649e+00,6.871414184570312500e-02,-8.184998184442520142e-01
-2.424140572547711425e+00,3.536622715823530827e-01,-9.348279237747272319e-01
-2.521796822547912598e+00,-1.787210553884509834e-01,-6.223279237747276760e-01
-2.424230354538025711e+00,-7.108678287036107601e-01,-1.559648879811734279e+00
-2.521796822547912598e+00,-1.787210553884509834e-01,-1.872327923774723679e+00
-2.521796822547912598e+00,-1.787210553884509834e-01,-1.247327923774726344e+00
-1.416933065375785894e+00,4.280528465462857257e-02,4.434609293937683105e+00
-8.956704892432562071e-01,3.112085316171914195e-01,4.434609293937683105e+00
-1.191281080245971680e+00,6.871414184570312500e-02,3.869218587875366211e+00
1.951068520532766026e+00,-9.796993050427541538e-01,-3.400104828361661280e+00
-1.591591431748112795e-01,-2.130154376945589068e+00,-3.430851211902737674e+00
-6.291582353175586562e-01,-1.998192681053136965e+00,-2.989197323430298425e+00
-8.045556038344645611e-01,-2.389961210824018689e+00,-2.492386802275485813e+00
-1.635712958908241699e-01,-1.670298502089469839e+00,-2.593778933554104604e+00
-3.345565116917171844e-01,-2.521922906716470791e+00,-2.934040690747925062e+00
-2.653139738083508670e-01,1.310274878926298570e+00,4.481955745851195161e+00
-1.634352039885934582e-01,1.514711669219023005e+00,3.916565039788878266e+00
4.114650412153988412e-01,1.142746079618469413e+00,4.434609293937683105e+00
-1.469119650604436278e-02,7.165898418970261252e-01,4.434609293937683105e+00
8.718757331371307373e-02,9.210266321897506714e-01,3.869218587875366211e+00
-5.895914417100366345e-01,1.088555431497579828e+00,3.916565039788878266e+00
-6.638245697817990454e-02,-5.636001577770068938e-01,3.753117791878854526e+00
-1.687628402426945007e-01,-4.416294332800835831e-01,4.318508497941171420e+00
4.109634277706416539e-01,-2.354713862799779900e-01,4.434609293937683105e+00
8.718757331371307373e-02,6.871414184570312500e-02,3.869218587875366211e+00
-1.519280995080152241e-02,1.906848663426263801e-01,4.434609293937683105e+00
3.002656996250152588e-01,7.079485207796096802e-01,3.656140446662902832e+00
8.718757331371307373e-02,4.948703944683074951e-01,3.869218587875366211e+00
-1.258905380964279175e-01,7.079485207796096802e-01,3.656140446662902832e+00
8.718758821487426758e-02,6.871414184570312500e-02,3.443062305450439453e+00
-1.258905380964279175e-01,-1.443639844655990601e-01,3.656140446662902832e+00
3.002656996250152588e-01,-1.443639844655990601e-01,3.656140446662902832e+00
1.501026896493322882e+00,-7.466072313122893434e-01,6.615812626529959939e-01
1.277711375028189877e+00,-1.244415036855114787e+00,3.302168022473539466e-01
1.277711375028189877e+00,-1.244415036855114787e+00,1.182529277690240299e+00
8.718758821487426758e-02,-7.835983633995056152e-01,8.861249387264251709e-01
1.501026896493322882e+00,-7.466072313122893434e-01,1.513893738095882346e+00
-7.651248723268508911e-01,4.948703795671463013e-01,3.443062305450439453e+00
-3.389686644077301025e-01,9.210266321897506714e-01,3.443062305450439453e+00
-7.651248723268508911e-01,4.948703944683074951e-01,3.869218587875366211e+00
-3.501660214922358572e-01,-2.520111797000684550e+00,8.548504174238460429e-01
1.908610499521892212e-01,-2.487107417062534687e+00,1.169970743316856909e+00
-1.258905380964279175e-01,-1.422832697629928589e+00,1.099203065037727356e+00
4.039391762634914063e-01,-1.847873082832111935e+00,1.809205092448441077e+00
-1.370878951809336721e-01,-1.880877462770261577e+00,1.494084766555430210e+00
-2.142162910527702024e+00,-1.176107554647821463e+00,-1.246053418298186166e+00
-2.424228918765400032e+00,-7.108716125609712000e-01,-9.344478389304629040e-01
1.200985481384124087e+00,2.081253644335004704e+00,-3.351462249638942126e+00
1.222586693345172559e+00,2.073113005763638661e+00,-2.708225544618330094e+00
1.689699204305056046e+00,1.785441477161052060e+00,-3.031431432344589005e+00
4.109634277706416539e-01,1.906848663426263801e-01,4.434609293937683105e+00
-6.981988049536691499e-01,2.503478759627261407e+00,6.588055371063488153e-01
-1.662143139838589134e-01,2.599744093431924252e+00,9.707311259826423289e-01
-6.980391788245781104e-01,2.503538872349383659e+00,1.283055684479864844e+00
1.209707041708589337e+00,-2.260779205217962939e+00,4.591232255611409130e+00
7.461815501461678268e-01,-2.309497697534781402e+00,4.591232255611409130e+00
-1.292432546098595925e+00,-2.025511926410078267e+00,8.547549273664452052e-01
-8.664955963568211628e-01,-2.359256124397558274e+00,1.167213811570964488e+00
-6.534174700455189777e-01,-1.720021790167135300e+00,1.806448160702548655e+00
-1.079354419787293740e+00,-1.386277592179655516e+00,1.493989276498029373e+00
2.055602956455660824e+00,8.519921487603328014e-01,3.909273134573112429e+00
-9.782030284404754639e-01,2.817922681570053101e-01,1.951515555381774902e+00
-9.782030284404754639e-01,-5.705202370882034302e-01,1.951515555381774902e+00
8.718758821487426758e-02,6.871414184570312500e-02,1.738437414169311523e+00
-1.258905380964279175e-01,2.817922532558441162e-01,2.377671718597412109e+00
-8.970698181834415585e-01,7.695260217236676858e-01,4.434609293937683105e+00
-4.709136102643207700e-01,7.695260217236676858e-01,4.434609293937683105e+00
4.338858944515594507e-01,-1.840133423651165723e+00,3.293209806175228849e+00
-1.356888457162211681e-01,-1.881046553716188452e+00,2.983635864327060183e+00
-1.205831679939304291e-01,-1.882787419451870559e+00,3.679864702373532026e+00
-1.059166031685403464e+00,-9.815707573779037798e-01,4.434609293937683105e+00
-4.903948445260655209e-01,-8.141933068294169296e-01,4.318508497941171420e+00
1.257119285669816344e+00,1.342191201984223481e+00,3.169150209189711020e+00
9.244223406819878086e-01,1.674655436948728315e+00,3.234564826626139755e+00
1.257119285669816344e+00,1.342191201984223481e+00,2.316837763549147056e+00
9.244223406819878086e-01,1.674655436948728315e+00,2.382252380985575790e+00
8.718758821487426758e-02,9.210266470909118652e-01,2.590749859809875488e+00
9.987921061609331130e-02,2.165374278008006748e+00,-3.861621805096498328e+00
3.142037051106595369e-01,2.172487726243150341e+00,-3.348462378197829103e+00
-1.119525326107836255e-01,2.172487726243150341e+00,-3.348462378197829103e+00
8.718757331371307373e-02,1.347182869911193848e+00,-3.801593542098999023e+00
-3.262770271053498927e-01,2.165374278008006748e+00,-3.861621805096498328e+00
-1.669484332203865051e+00,-1.787210553884509834e-01,-3.775796771049502176e+00
-1.669484332203865051e+00,-1.787210553884509834e-01,-3.150796771049503953e+00
-1.576648970957294615e+00,-6.982282059089512938e-01,-3.459684873019957863e+00
1.763426296064054100e+00,-1.938837834436126117e+00,-4.470734729517282346e+00
7.748293181684868802e-01,2.081253644335004704e+00,-3.777618532063868884e+00
-6.543337121224008790e-01,-1.719540570693784076e+00,3.283296369840925433e+00
-1.542190429497172444e+00,1.278304565666165349e+00,-3.036269289467480093e+00
-1.469119650604436278e-02,7.165898418970261252e-01,-4.400796771049499512e+00
-1.469119650604436278e-02,1.142746079618469413e+00,-4.400796771049499512e+00
-1.119525326107836255e-01,2.172487726243150341e+00,-2.922306095772902346e+00
8.718757331371307373e-02,1.347182869911193848e+00,-3.375437259674072266e+00
-3.389686644077301025e-01,1.347182869911193848e+00,-3.375437259674072266e+00
-2.540973723978875221e+00,6.886680778463993846e-01,4.541598128102342535e+00
-2.610402677929175574e+00,2.375954870095483840e-01,4.374999999999998224e+00
-1.946775101257258722e+00,1.449190787827093541e+00,4.427711821080119847e+00
-2.888986565842658338e-01,-2.550364099541540863e+00,-4.385556484548279066e+00
2.580705450717895033e+00,3.615298868368567453e-02,-4.559085815786237283e+00
-2.610402677929175574e+00,2.375954870095483840e-01,-4.375000000000002665e+00
-2.540632628893273015e+00,-2.145574598626751595e-01,-4.542102948820006425e+00
2.182827663910882343e+00,2.485372257434139975e-01,3.901078671074788229e+00
-2.179570561671985818e+00,9.991403263026366055e-01,-4.550397894928682518e+00
-2.539973239601160060e+00,6.918289173081645371e-01,-4.550397894928682518e+00
4.989565277414267919e-01,-2.055918830808757924e+00,-3.494686653289440947e+00
3.098225692435250256e-01,-2.108155382272623779e+00,-2.991256178304715796e+00
8.095502261213733952e-01,-1.905822236012993276e+00,-2.861527032112055835e+00
1.216708461657070917e+00,-2.058395683300028534e+00,4.389676013227353124e+00
1.680233953219492538e+00,-2.009677190983210515e+00,4.389676013227353124e+00
-1.161690640998576551e+00,2.224703941721158706e+00,-1.555861135477749180e+00
-6.473166398409337940e-01,2.521604291117733432e+00,-1.950510728960448859e+00
-6.984098514865239027e-01,2.503399250961157119e+00,-1.243879104109014921e+00
1.019339332377090290e+00,-1.745143434473529709e+00,-3.516029456871740955e+00
-2.321292525252800054e+00,-2.046299125795255358e-01,-4.375000000000002665e+00
-1.669484332203865051e+00,2.474351972341533867e-01,-3.775796771049502176e+00
-1.279887010133040848e+00,4.850306842437024923e-01,-4.400796771049499512e+00
-9.907768574566651054e-01,4.280528465462857257e-02,-4.400796771049499512e+00
1.763533519451110365e+00,2.835881859178299158e-01,-4.400796771049499512e+00
1.298290419157687392e+00,3.782557582777340555e-01,-4.400796771049499512e+00
1.693113611577322652e+00,6.795418970816694548e-01,-4.400796771049499512e+00
-7.215363875666273019e-01,1.363211058752940019e+00,4.481955745851195161e+00
-6.981988049536691499e-01,1.651166299085536249e+00,-1.935069234353763434e-01
-1.161484080062999968e+00,1.372573633270987914e+00,1.187669135401439036e-01
-1.258905380964279175e-01,7.079485207796096802e-01,-1.792656630277633667e-01
-9.484059537516976723e-01,1.585651759582290099e+00,3.318450398514460886e-01
-4.851206786423669648e-01,1.864244425396838434e+00,1.957120287592584162e-02
-1.599054893875849315e+00,7.016686275327694844e-01,-3.951194665978182030e+00
8.517762657868424014e-01,2.422860118971168042e+00,-4.376821761014369372e+00
1.337314762674216118e+00,2.129915147807856179e+00,-4.582329064805962027e+00
1.260367815055860596e+00,1.788308673171692842e+00,-3.983125835855461538e+00
5.902907586535117712e-01,1.688789344547357185e+00,-4.400796771049499512e+00
-9.303452671207435021e-01,1.601321241213443658e+00,1.806968036048530735e+00
-1.143423393432045687e+00,2.240555575443866410e+00,1.593889894836067356e+00
-1.401094890825790085e+00,1.955980939008855612e+00,1.283990332051199390e+00
-1.188016764514487900e+00,1.316746604778432639e+00,1.497068473263662769e+00
-1.161316545597568695e+00,1.372721321059799715e+00,-5.061075237925782844e-01
-1.258905380964279175e-01,7.079485207796096802e-01,6.730468124151229858e-01
-1.401094890825790085e+00,1.103668478467130454e+00,4.316778715094742314e-01
8.718758821487426758e-02,9.210266470909118652e-01,8.861249387264251709e-01
-1.188016764514487900e+00,1.316746604778432639e+00,6.447559978207764164e-01
-2.148431931496427083e+00,-1.169020672314847520e+00,2.330125940405036289e+00
-1.083041314841077574e+00,-1.382098798626149705e+00,2.117047799192572910e+00
-1.718808086700868820e+00,-1.506943663855833115e+00,2.019526301915012034e+00
-7.865798540581756537e-01,-1.187728804378009428e+00,4.318508497941171420e+00
3.692170143319722375e-01,-2.476128553404709720e+00,-4.449391925934982339e+00
-8.738264770964090378e-01,-2.358512814431906079e+00,4.582880889156095705e+00
-2.880034391977812080e-01,-2.550462946507363604e+00,4.458333549648312299e+00
-1.170107109506173249e+00,1.386027130267446950e+00,4.481955745851195161e+00
-1.345640540122987616e+00,7.923420932381746162e-01,4.434609293937683105e+00
-1.015747649629157312e+00,1.088555431497579828e+00,3.916565039788878266e+00
8.126070908209362398e-02,2.163299766195330598e+00,3.886065935932167648e+00
1.582076567004491452e-01,2.504906240831493935e+00,4.451456641994484542e+00
5.902907586535117712e-01,1.688789344547357185e+00,4.434609293937683105e+00
7.329124556321988671e-01,2.095982006643459350e+00,3.835474966531896790e+00
8.098594032505543883e-01,2.437588481279622243e+00,4.400865672594213684e+00
-3.493869651728241377e-01,-2.520206119307915937e+00,-8.194462535969213590e-01
-3.498280867213516276e-01,-2.520152762399892055e+00,-1.953037221664093437e-01
1.899001993935955923e-01,-2.487344869469820807e+00,-5.071262803326805901e-01
2.011548954794658783e+00,1.369652356818111150e+00,-1.668681538396094233e+00
1.679070017274093551e+00,1.794975392379402068e+00,-1.982108578890577455e+00
2.220539191708689186e-01,-1.059986842655554762e-01,-1.020067044368753173e+00
-1.258905380964279175e-01,-1.443639844655990601e-01,-1.792656630277633667e-01
-9.782030284404754639e-01,-5.705202370882034302e-01,-6.054216921329498291e-01
-6.302585711731786278e-01,-5.321549368881598463e-01,-1.446223073473939635e+00
1.686523978271497803e+00,1.788308673171692842e+00,-3.556969553430534781e+00
-1.161484080062999968e+00,2.224886093812712851e+00,9.710793740818690623e-01
-9.484059537516976723e-01,1.585651759582290099e+00,1.184157515294332441e+00
-2.003922867625732351e+00,7.639048343314830403e-01,3.468142502359488955e+00
-2.095640540122985840e+00,2.474351972341533867e-01,3.809609293937681773e+00
-2.026211586172685486e+00,6.985077880710044429e-01,3.976207422040025641e+00
-6.543337121224008790e-01,-1.719540570693784076e+00,2.430983924200361468e+00
-2.251522476216897051e+00,-6.567828594517490792e-01,-4.542102948820006425e+00
4.114650412153988412e-01,7.165898418970261252e-01,-4.400796771049499512e+00
8.718757331371307373e-02,4.948703944683074951e-01,-3.801593542098999023e+00
-1.519280995080152241e-02,1.906848663426263801e-01,-4.400796771049499512e+00
4.109634277706416539e-01,1.906848663426263801e-01,-4.400796771049499512e+00
-9.907768574566651054e-01,-3.833509679679757975e-01,-4.400796771049499512e+00
-4.695142813241354185e-01,3.112085316171914195e-01,-4.400796771049499512e+00
-3.389686644077301025e-01,6.871414184570312500e-02,-3.801593542098999023e+00
-6.330098237662826755e-01,-9.815707573779037798e-01,-4.400796771049499512e+00
-1.282124540630851239e+00,2.285664423521451383e+00,-4.490062820591654180e+00
1.074366320107949413e+00,3.201575534558877001e-01,-1.872379355898866393e+00
1.074366320107949413e+00,3.201575534558877001e-01,-1.446223073473939635e+00
1.365656137466430664e+00,1.347182869911193848e+00,-1.670812129974365234e+00
7.264218628406524658e-01,1.134104758501052856e+00,-1.883890271186828613e+00
7.264218628406524658e-01,1.134104758501052856e+00,-1.457733988761901855e+00
4.351320454821711037e-01,1.070794420457467089e-01,-1.659301214686403014e+00
3.300683025450202868e-01,-1.273477060138461292e+00,4.221531152725219727e+00
9.738277473269250084e-01,-1.568516986561072857e+00,3.611207165952572851e+00
5.033008358160218076e-01,-1.819619000795825503e+00,3.812763408336628856e+00
-1.664708028204346046e+00,-1.982113560026354193e+00,4.582880889156095705e+00
-1.213525491562413183e+00,-2.101887807666114050e+00,4.582880889156095705e+00
8.951129219015598881e-01,-1.626673740106693300e+00,2.970704724933711738e+00
8.951129219015598881e-01,-1.626673740106693300e+00,2.118392279293147773e+00
8.718758821487426758e-02,-7.835983633995056152e-01,2.590749859809875488e+00
4.338858944515594507e-01,-1.840133423651165723e+00,2.440897360534664884e+00
-2.424273948555188074e+00,3.533108149223164185e-01,-1.559187492842297296e+00
-2.254423860000096980e+00,6.760482623469558083e-01,-1.240638581804156537e+00
1.055852201070546670e+00,1.567460891198281692e+00,1.816889891365079279e+00
-2.794605683883208957e-01,-7.766782840883090788e-01,3.540039650666391147e+00
-4.925386946996230808e-01,2.887123325670407081e-01,3.326961509453927768e+00
-1.258905380964279175e-01,2.817922532558441162e-01,3.229984164237976074e+00
-2.794605683883208957e-01,-7.766782840883090788e-01,2.687727205025827182e+00
5.133437365293502808e-01,1.347182869911193848e+00,-2.949280977249145508e+00
-1.258905380964279175e-01,1.134104758501052856e+00,-3.162359118461608887e+00
7.264218628406524658e-01,1.134104758501052856e+00,-3.162359118461608887e+00
7.264218628406524658e-01,1.134104758501052856e+00,-2.310046553611755371e+00
8.718758821487426758e-02,9.210266470909118652e-01,-2.523124694824218750e+00
-1.242379684461762279e+00,-2.084795935730599403e+00,-4.452581585839351597e+00
-9.026806699957583557e-01,-2.341420942496392321e+00,-4.452581585839351597e+00
-1.356888457162211681e-01,-1.881046553716188452e+00,2.131323418686496218e+00
-1.291843305809380560e+00,-2.026176889704615292e+00,2.304267515364508689e-01
-8.662744112000559937e-01,-2.359372172227011344e+00,5.428327424153280845e-01
1.074366320107949413e+00,-5.321549368881598463e-01,-2.724691920748719909e+00
1.365656137466430664e+00,4.948703795671463013e-01,-2.949280977249145508e+00
2.133480769533615540e+00,2.920069205154738334e-01,-2.250261722565645606e+00
2.133480769533615540e+00,-5.603055698285737130e-01,-3.102574287415499121e+00
1.842190952175134289e+00,-7.350183959398323141e-01,-2.025672666065220007e+00
-1.706043218052161636e+00,5.887443162109812222e-02,4.434609293937683105e+00
-1.706043218052161636e+00,4.850306842437024923e-01,4.434609293937683105e+00
1.414066866845109960e+00,1.070270288984114249e+00,1.960389139328235109e+00
7.264218628406524658e-01,7.079485207796096802e-01,2.803828001022338867e+00
1.532939407010937671e+00,6.389780128402755555e-01,1.806785250055451986e+00
2.172173681636715870e+00,4.258998865289733149e-01,2.872175836908479329e+00
-1.616882210763428418e+00,1.745404126086498753e+00,3.909667566931315008e+00
-1.792415641380242786e+00,1.151719089057226419e+00,3.862321115017802953e+00
3.652686810828279507e-01,2.501189492024022520e+00,1.282512508869355861e+00
-1.659158030291175978e-01,2.599743412969715894e+00,1.595017457840663955e+00
-5.170103241429815366e-01,1.763092735103767073e+00,4.481955745851195161e+00
1.597686908807681716e-01,1.595563935795937693e+00,4.434609293937683105e+00
2.177676059575008427e+00,-5.450558020015344729e-02,-3.412245007797559460e+00
2.172468031244629394e+00,8.495822929255298916e-01,-1.544348767707719006e+00
2.172468031244629394e+00,8.495822929255298916e-01,-1.970505050132645763e+00
2.011548954794658783e+00,1.369652356818111150e+00,-1.242525255971167475e+00
1.217234438507371008e+00,2.075165490061072759e+00,-1.242439485300694368e+00
1.679223238461254430e+00,1.794839251338145036e+00,-9.318463619774695061e-01
1.217380913710956580e+00,2.075109631742996008e+00,-6.198794237130367257e-01
-1.191281154751777649e+00,6.871414184570312500e-02,8.861249536275863647e-01
-1.358883331899837454e+00,9.925451938562254162e-01,1.181078276152221829e+00
-1.571961458211139639e+00,7.794670675449232311e-01,1.156876743980332911e-01
-3.389686644077301025e-01,9.210266321897506714e-01,-3.375437259674072266e+00
-1.542190429497172444e+00,8.521483279447221726e-01,-3.462425571892406850e+00
-1.542190429497172444e+00,1.278304565666165349e+00,-3.462425571892406850e+00
1.365656137466430664e+00,6.871414184570312500e-02,-3.801593542098999023e+00
1.298290419157687392e+00,-4.790049434487031466e-02,-4.400796771049499512e+00
1.763533519451110365e+00,-1.425680667047744543e-01,-4.400796771049499512e+00
-1.669484332203865051e+00,2.474351972341533867e-01,-3.150796771049503953e+00
-2.180571046049700978e+00,9.959794868408715640e-01,4.541598128102342535e+00
3.650685127738761970e-01,2.501265854563277991e+00,6.585890659338748954e-01
-1.258905380964279175e-01,1.560260981321334839e+00,6.730467975139617920e-01
5.781466390851783821e-01,1.862031520332855239e+00,1.935473170345192173e-02
4.686381232744327857e-02,1.960509759201501279e+00,3.314967917522193552e-01
-1.289850420183654256e+00,-2.028420015189546621e+00,-1.672209700723112924e+00
-1.242185149584858816e+00,-2.079514777751362509e+00,-2.376052734412834599e+00
-2.094497639928906363e+00,-1.227202317209637350e+00,-1.949896451987907842e+00
-1.191281154751777649e+00,-1.209754571318626404e+00,-1.670812129974365234e+00
-8.593678421163054582e-01,-2.362972231769193243e+00,-1.972862545564149528e+00
-1.289850420183654256e+00,-2.028420015189546621e+00,-8.198973891929997038e-01
-3.389686644077301025e-01,-2.062067031860351562e+00,-1.244656100869178772e+00
-8.593678421163054582e-01,-2.362972231769193243e+00,-1.120550234034036308e+00
-2.344937979168447484e+00,-1.135228401221917593e+00,-4.542102948820006425e+00
-2.125186780172799494e+00,-1.568931645293182520e+00,-4.482843624113717951e+00
3.002656996250152588e-01,-5.705202370882034302e-01,2.803828001022338867e+00
7.264218628406524658e-01,-1.443639844655990601e-01,2.803828001022338867e+00
3.002656996250152588e-01,-1.443639844655990601e-01,2.803828001022338867e+00
2.145786412277588262e+00,-8.385453254011088209e-02,3.313831523111948840e+00
-1.402111369656049211e+00,1.954516975511285448e+00,-1.240638581804156537e+00
-1.161316545597568695e+00,2.225033781601524652e+00,-9.322635528977647468e-01
1.217234438507371008e+00,2.075165490061072759e+00,-1.668595767725621126e+00
3.649220375702906249e-01,2.501321712881354742e+00,-1.242439485300694368e+00
5.133437365293502808e-01,1.773339092731475830e+00,-1.244655847549438477e+00
5.133437365293502808e-01,1.773339092731475830e+00,-1.670812129974365234e+00
1.532939407010937671e+00,-2.133344924049332403e-01,1.806785250055451986e+00
3.002656996250152588e-01,1.134104758501052856e+00,3.656140446662902832e+00
5.133438110351562500e-01,9.210266321897506714e-01,3.869218587875366211e+00
7.264218628406524658e-01,7.079485207796096802e-01,3.656140446662902832e+00
-3.389686644077301025e-01,1.347182855010032654e+00,-8.184998184442520142e-01
-1.258905380964279175e-01,1.560260981321334839e+00,-6.054216921329498291e-01
8.718758821487426758e-02,9.210266470909118652e-01,-8.184998333454132080e-01
-1.258905380964279175e-01,1.560260981321334839e+00,-1.457733988761901855e+00
-1.258905380964279175e-01,7.079485207796096802e-01,-1.031577959656715393e+00
-1.500081391981576751e+00,1.843898006598309269e+00,4.460773047993312090e+00
-1.170188501487746446e+00,2.140111344857714482e+00,3.942728793844506807e+00
-1.640693794673049988e+00,-1.732513504743779187e+00,4.418310772631116379e+00
-1.772808843233618203e+00,-1.108384858142776652e+00,3.852920066568799040e+00
-1.345640540122981399e+00,-1.477759161065111293e+00,4.017490183093778811e+00
-7.172214011007153056e-01,2.462473836209563505e+00,-4.460825034046998816e+00
-7.299130384030955154e-01,1.644282428112750827e+00,-4.400796771049499512e+00
-8.911801666354857154e-01,1.988564865319894182e+00,-3.890859591641153692e+00
-6.473166398409337940e-01,2.095448068297451449e+00,-3.228979576235229132e+00
-1.291843305809380560e+00,-2.026176889704615292e+00,-1.957295010861535012e-01
-1.191281154751777649e+00,-1.209754571318626404e+00,-8.184998184442520142e-01
-2.144155796153428106e+00,-1.173864429162890355e+00,-6.218855301913399636e-01
-4.199316974549805459e-01,-1.194648883689205965e+00,4.221531152725219727e+00
-8.023268298897651141e-02,-1.451273890454998439e+00,4.221531152725219727e+00
-1.237466879228703576e-01,-8.211133861406135770e-01,4.221531152725219727e+00
-8.658508956883126384e-01,-2.359594244410760044e+00,-5.076451697643742378e-01
-1.722275649071500547e+00,-1.169020672314847520e+00,3.182438386045600254e+00
-2.001737774034570094e+00,-7.011103439331058951e-01,3.481178985019301564e+00
-9.805358157054020474e-01,1.811811227420580206e+00,4.481955745851195161e+00
1.679070017274093551e+00,1.794975392379402068e+00,-1.555952296465650697e+00
-2.253407381169837631e+00,6.775122258445260837e-01,1.710146614476126148e+00
-1.143423393432045687e+00,1.814399352623584649e+00,2.446202340476631321e+00
-1.189675270880019120e+00,1.314356056924949945e+00,2.117801602174185227e+00
-1.607837159740302391e-01,2.173566201169089496e+00,-2.398458276450265547e+00
5.229441033727193211e-02,1.960488089758948282e+00,-1.759223852812875410e+00
-1.607837159740302391e-01,2.599722423989371478e+00,-1.546145711600412032e+00
-3.389686644077301025e-01,1.773339092731475830e+00,-2.096968412399291992e+00
-2.144745036442643471e+00,-1.173199465868353331e+00,1.707067417710492752e+00
-2.424189886717574183e+00,-7.109744664332529052e-01,1.394821532649930251e+00
1.506552137651809842e+00,-7.230889114740174373e-01,2.248440936258921496e+00
-1.669484332203865051e+00,2.474351972341533867e-01,4.288281053304610069e-01
1.911758173606447730e+00,-1.038797096989579005e+00,-2.834867793365359656e+00
1.620468356247966479e+00,-1.213509923100837717e+00,-1.757966172015080542e+00
1.719630249061950833e+00,-5.100107851627152522e-01,3.313831523111948840e+00
1.895637450462693274e-01,-2.487427857522789054e+00,1.169030421022423383e-01
3.002656996250152588e-01,2.817922681570053101e-01,-2.736202836036682129e+00
6.482101568923120949e-01,-5.321549368881598463e-01,-2.724691920748719909e+00
3.974512876877748790e-01,-9.926988676590031702e-01,-2.369189877053679449e+00
4.950683042047802213e-02,-1.787516626138380138e-01,-2.380700792341641225e+00
7.264218628406524658e-01,2.817922532558441162e-01,-6.054216921329498291e-01
1.532703959186733078e+00,-2.113804569023750024e-01,-2.914133094455242379e-01
8.718758821487426758e-02,6.871414184570312500e-02,3.381246328353881836e-02
8.956176309332422036e-01,-1.626325561118448615e+00,1.815713813294106416e-02
1.277578045923792205e+00,-1.244607991615100051e+00,1.806494867694619755e+00
1.040171626440565378e+00,1.581598790448940139e+00,3.310849299150264713e-01
1.381284763260814064e+00,1.139175884060988908e+00,6.256446412683591696e-01
1.499765159637494349e+00,-7.517505037008369584e-01,1.847279472041796211e-02
1.499765159637494349e+00,1.005620015443717263e-01,1.847279472041796211e-02
2.139692026348283704e+00,3.164536338169319230e-01,-1.241244804161624415e+00
-1.079354419787293740e+00,-1.386277592179655516e+00,6.416768010551430201e-01
-9.782030284404754639e-01,-5.705202370882034302e-01,1.099203079938888550e+00
-1.379963084172313836e+00,-1.064577246331939397e+00,-3.883640395163217462e+00
-1.242185149584858816e+00,-1.227202317209637350e+00,-3.228365299262688115e+00
-9.483385251032097063e-01,-1.460667289129597091e+00,-3.853378356888851108e+00
-2.091876331314983073e+00,-1.612739257104019774e+00,4.418310772631116379e+00
-1.402586676120170184e+00,1.101518688134261570e+00,-1.936947684602139397e-01
-2.344575559396956166e+00,-1.136373196723470036e+00,4.538698177767368058e+00
-2.427894056459496852e+00,-7.011103439331058951e-01,2.628866539378737599e+00
-2.521796822547912598e+00,-1.787210553884509834e-01,2.957296848297117808e+00
-1.617437362670898438e+00,-3.574421107769012451e-01,3.016906142234802246e+00
8.376212044310360483e-01,7.165898418970261252e-01,4.434609293937683105e+00
1.345321570344409245e+00,9.527322559202788810e-01,4.434609293937683105e+00
1.381284763260814064e+00,1.139175884060988908e+00,1.477957116711245522e+00
1.532859774134885278e+00,6.396413245192982266e-01,1.183097850650496774e+00
1.532859774134885278e+00,6.396413245192982266e-01,3.307853752076104215e-01
2.182828068733215332e+00,2.474351972341632677e-01,-3.959882586835736795e+00
2.510285542844107098e+00,4.321066998475251997e-01,-4.559085815786237283e+00
2.039369377547753714e+00,8.875880520116198324e-01,-3.846268918805466619e+00
2.366826851658645481e+00,1.072259554624981792e+00,-4.445472147755967107e+00
-1.635712958908241699e-01,3.432644879630297741e-02,-3.019935215979031362e+00
4.950683042047802213e-02,-1.787516626138380138e-01,-3.233013357191494741e+00
4.664585853155041317e-02,1.960510218509825986e+00,-2.925927032305781772e-01
3.650685127738761970e-01,2.501265854563277991e+00,-6.198794237130367257e-01
-1.664322677797517580e-01,2.599744552740248960e+00,-9.318268586470668247e-01
-1.358799270062224451e+00,-9.240525927445550902e-01,3.294309159945805199e-01
-1.078765179498078375e+00,-1.386942555474192540e+00,1.734862522514868388e-02
-2.424189886717574183e+00,-7.109744664332529052e-01,-3.098032394219081276e-01
-6.473166398409337940e-01,2.095448068297451449e+00,-2.802823293810302374e+00
1.686523978271497803e+00,1.362152435450249666e+00,-3.983125835855461538e+00
1.345321570344409245e+00,9.527322559202788810e-01,-4.400796771049499512e+00
9.394999742507934570e-01,9.210266321897506714e-01,-3.801593542098999023e+00
9.191654071287719274e-01,1.378888493641722057e+00,-4.400796771049499512e+00
-1.258905380964279175e-01,1.134104758501052856e+00,-3.588515400886535645e+00
-1.258905380964279175e-01,7.079485207796096802e-01,-3.588515400886535645e+00
2.220539191708689186e-01,-1.384467397429884894e+00,-1.020067044368753173e+00
-1.258905380964279175e-01,-1.422832697629928589e+00,-1.792656630277633667e-01
4.114650412153988412e-01,1.142746079618469413e+00,-4.400796771049499512e+00
2.580705045895562044e+00,3.725501719293642516e-02,4.466469377137105567e+00
2.453480338440340525e+00,6.407099402098552776e-01,4.474663840635429324e+00
1.763533519451110365e+00,2.835881859178299158e-01,4.434609293937683105e+00
-6.637518916533502455e-01,2.515974892253400874e+00,1.980785163130771354e+00
-1.109021062078158648e+00,1.842894959801527843e+00,2.975562088705085095e+00
5.133438110351562500e-01,9.210266321897506714e-01,-3.801593542098999023e+00
8.718757331371307373e-02,9.210266321897506714e-01,-3.801593542098999023e+00
-1.535177269997279437e+00,1.416738722080084667e+00,3.401718371130011853e+00
9.394999742507934570e-01,9.210266321897506714e-01,-3.375437259674072266e+00
9.394999742507934570e-01,1.347182869911193848e+00,-3.375437259674072266e+00
3.002656996250152588e-01,7.079485207796096802e-01,-3.588515400886535645e+00
3.002656996250152588e-01,1.134104758501052856e+00,-3.588515400886535645e+00
-6.637518916533502455e-01,2.089818669433118892e+00,2.833097608771335096e+00
1.689699204305056046e+00,1.785441477161052060e+00,-2.605275149919662248e+00
1.222586693345172559e+00,2.073113005763638661e+00,-2.282069262193403336e+00
1.583660590868532392e+00,-5.617062067615696819e-01,-4.400796771049499512e+00
2.118216676415681565e+00,-1.447762709452236729e+00,-4.510629592037628477e+00
1.432828068733219773e+00,-1.011680441510341089e+00,-4.400796771049499512e+00
2.774044920743686804e-01,2.173448148063441110e+00,3.376978172922783017e+00
8.721342559420502960e-01,3.782557582777340555e-01,-4.400796771049499512e+00
7.795179998659690357e-01,-2.298331723088172573e+00,-4.449391925934982339e+00
5.446906775666269240e-01,1.874338600369819252e+00,2.956475791369156614e+00
7.577687889767679152e-01,2.087416711779960465e+00,3.169553932581619993e+00
4.109634277706416539e-01,-2.354713862799779900e-01,-4.400796771049499512e+00
8.718757331371307373e-02,6.871414184570312500e-02,-3.801593542098999023e+00
8.718757331371307373e-02,-3.574421107769012451e-01,-3.801593542098999023e+00
-1.179134407833727499e-01,-1.698739694914539466e+00,-4.045294727354458608e+00
-1.192963562992558568e+00,1.770172605751532346e+00,-3.016300964019780650e+00
-4.576124552493767705e-01,-1.442114688148746993e+00,-4.045294727354458608e+00
-1.258905380964279175e-01,1.134104758501052856e+00,3.229984164237976074e+00
8.718758821487426758e-02,6.871414184570312500e-02,2.590749859809875488e+00
1.693113611577322652e+00,6.795418970816694548e-01,4.434609293937683105e+00
1.040171626440565378e+00,1.581598790448940139e+00,1.183397405357912824e+00
5.783468073941301357e-01,1.861955157793599769e+00,6.432781746389328870e-01
5.783468073941301357e-01,1.861955157793599769e+00,1.495590650081819240e+00
-2.536959095382947948e-01,2.413755343892750371e+00,-4.460825034046998816e+00
1.768261582344488325e-01,2.506980752644169641e+00,-4.460825034046998816e+00
1.597686908807681716e-01,1.595563935795937693e+00,-4.400796771049499512e+00
1.532859774134885278e+00,-2.126711807259104581e-01,3.307853752076104215e-01
-3.493869651728241377e-01,-2.520206119307915937e+00,-1.671758565127034579e+00
8.718758821487426758e-02,6.871414184570312500e-02,8.861249387264251709e-01
-3.765133153987344494e-01,1.301633557808882014e+00,3.703486898576414887e+00
-1.293568046352823853e+00,-1.506462444382481891e+00,3.496374511053388812e+00
-2.663875468406750047e-01,1.595563935795937693e+00,-4.400796771049499512e+00
5.133438110351562500e-01,6.871414184570312500e-02,-3.801593542098999023e+00
3.002656996250152588e-01,2.817922681570053101e-01,-3.588515400886535645e+00
-8.662744112000559937e-01,-2.359372172227011344e+00,1.166764897927237143e-01
-3.389686644077301025e-01,-2.062067031860351562e+00,3.381246328353881836e-02
1.881178213886148143e+00,-1.774430235297763114e-01,-1.745915993632220164e+00
1.039988963835476232e+00,1.581761139928004045e+00,-2.926122065609808587e-01
1.351027407630337462e+00,2.117413783747820410e+00,4.476476555972547011e+00
1.895637450462693274e-01,-2.487427857522789054e+00,5.430592947248467084e-01
-3.498280867213516276e-01,-2.520152762399892055e+00,2.308525304561950264e-01
6.799586423876001762e-01,-5.875321204255381513e-01,4.434609293937683105e+00
8.933142348727063364e-02,-6.080352598293113919e-01,4.434609293937683105e+00
1.255723755398372443e+00,-1.275394653021802993e+00,3.218753827953011015e+00
1.255723755398372443e+00,-1.275394653021802993e+00,2.366441382312447050e+00
1.186905858737066000e+00,-1.355438860249770672e+00,3.824285307165036230e+00
1.468801866808513434e+00,-1.062316526710500808e+00,3.431831969165474394e+00
3.002656996250152588e-01,-5.705202370882034302e-01,3.656140446662902832e+00
1.344252007266190652e-01,-2.499923912043505503e+00,-2.494445657149903184e+00
6.341528576044674903e-01,-2.297590765783875000e+00,-2.364716510957243223e+00
-1.635712958908241699e-01,-8.179860415477445690e-01,-3.446091498403958120e+00
-1.510348568327336327e+00,-8.617965097381442563e-01,4.434609293937683105e+00
6.915286849630500887e-01,2.173566201169089496e+00,-1.972301994025338789e+00
-1.383009823766287116e+00,1.555269313394305186e+00,-3.925616497038693531e+00
-2.428961461301342162e+00,-6.982282059089512938e-01,-2.181216025745177589e+00
-1.191281154751777649e+00,-3.574421107769012451e-01,-2.523124694824218750e+00
-1.383009823766287116e+00,1.129113075672862010e+00,-3.925616497038693531e+00
-2.031771277221248617e+00,-1.090486103523014005e+00,-4.482843624113717951e+00
-1.599714283167962048e+00,-6.308740022606744713e-01,-3.942899719869505937e+00
1.243043491428390546e+00,-2.249613230771354111e+00,-4.449391925934982339e+00
-1.066787781067952912e+00,-1.687746247980480785e+00,-2.872863255567647656e+00
-1.015883786234871744e+00,-8.179860415477445690e-01,-2.167622651129177846e+00
1.696254364797264769e+00,-1.284599503702686274e+00,-3.871531500566781858e+00
-1.571877396373526636e+00,-2.848182138106485350e-01,1.163527896832783348e-01
-1.084192360408215539e+00,-8.617965097381442563e-01,-4.400796771049499512e+00
8.376212044310360483e-01,7.165898418970261252e-01,-4.400796771049499512e+00
6.799586423876001762e-01,-5.875321204255381513e-01,-4.400796771049499512e+00
2.451023637181800385e+00,-5.739519759300151236e-01,4.460825034046997928e+00
2.271150708599222412e+00,-9.930901159868104067e-01,4.460825034046997928e+00
-7.358399026347149929e-01,2.460399324396887799e+00,4.451456641994484542e+00
-5.955183059416561120e-01,2.330828565503159755e+00,3.933412387845679703e+00
2.039369377547753714e+00,1.313744289733063120e+00,-3.420112636380539861e+00
2.120318186463909793e+00,-1.443064350735581591e+00,4.460825034046997928e+00
-1.402111369656049211e+00,1.102204514969560289e+00,-8.144825526989700748e-01
1.365656137466430664e+00,9.210266321897506714e-01,-3.375437259674072266e+00
2.177676059575008427e+00,3.716506724224509228e-01,-3.412245007797559460e+00
-3.434302900532322234e-01,-2.520913646594340030e+00,-2.278183772366671356e+00
1.825088394967139260e-01,-2.489149014467986198e+00,-1.970704030879054436e+00
-2.540270209121781697e+00,-2.157022553642276574e-01,4.538698177767368058e+00
-6.981988049536691499e-01,2.503478759627261407e+00,-6.196629525405628058e-01
6.825395046219400186e-01,-2.265559895348871589e+00,-1.949209881783611209e-01
1.501026896493322882e+00,1.057052739329193969e-01,1.513893738095882346e+00
-1.258905380964279175e-01,-1.422832697629928589e+00,2.468905895948410034e-01
6.825395046219400186e-01,-2.265559895348871589e+00,2.312352644442432492e-01
1.626990091981483477e+00,-7.888260200021418589e-01,3.895434327984680589e+00
2.053146255197120684e+00,-3.626697673795374888e-01,3.895434327984680589e+00
-1.191281154751777649e+00,4.948703795671463013e-01,-2.096968412399291992e+00
-1.669484332203865051e+00,6.735914349555965908e-01,-2.724640488624577195e+00
9.394999742507934570e-01,4.948703944683074951e-01,-3.801593542098999023e+00
9.191654071287719274e-01,9.527322559202788810e-01,-4.400796771049499512e+00
1.825088394967139260e-01,-2.489149014467986198e+00,-1.118391719348941216e+00
1.679902056105597730e+00,1.807512932842185283e+00,4.476476555972547011e+00
-1.359643839380465291e+00,2.010423759109357000e+00,3.449064823043523909e+00
4.114650412153988412e-01,7.165898418970261252e-01,4.434609293937683105e+00
-1.659158030291175978e-01,2.173587190149433912e+00,2.447329903481227920e+00
-1.487517456470744959e-01,2.173448148063441110e+00,2.950821890497856259e+00
9.394999742507934570e-01,4.948703795671463013e-01,-2.949280977249145508e+00
2.027694097338510915e+00,1.534322574003575745e+00,4.476476555972547011e+00
2.383060430566552590e+00,1.036663651373694872e+00,4.474663840635429324e+00
1.157504427652895185e+00,-5.617062067615696819e-01,4.434609293937683105e+00
1.583660590868532392e+00,-1.355499541389653673e-01,4.434609293937683105e+00
5.431464139551612780e-01,-1.060398933827159107e+00,4.434609293937683105e+00
9.394999742507934570e-01,-3.574421107769012451e-01,-3.801593542098999023e+00
9.394999742507934570e-01,4.948703795671463013e-01,-3.375437259674072266e+00
1.365656137466430664e+00,4.948703795671463013e-01,-3.375437259674072266e+00
7.403598683262967439e-01,2.172487726243150341e+00,-2.922306095772902346e+00
2.220539191708689186e-01,-1.384467397429884894e+00,-1.872379355898866393e+00
1.195175441183066400e+00,-1.619991131353408775e+00,-2.140127454456817624e+00
1.106114805603237272e+00,-5.875321204255381513e-01,-4.400796771049499512e+00
-1.192963562992558568e+00,1.770172605751532346e+00,-3.442457246444707408e+00
9.394999742507934570e-01,6.871414184570312500e-02,-3.801593542098999023e+00
8.721342559420502960e-01,-4.790049434487031466e-02,-4.400796771049499512e+00
1.243823347037000371e+00,-1.587779909043024240e+00,-1.446609159493452701e+00
8.958788897697034237e-01,-1.626145209243067713e+00,-6.058077781524628946e-01
6.828007634584012386e-01,-2.265379543473490465e+00,-8.188859044637650797e-01
1.486465258541547874e+00,-1.445278305242150063e+00,-3.217029075807096739e+00
-3.448955286393495800e-01,2.163299766195330598e+00,3.459909653507240890e+00
9.191654071287719274e-01,1.378888493641722057e+00,4.434609293937683105e+00
9.191654071287719274e-01,9.527322559202788810e-01,4.434609293937683105e+00
-7.729411565863038014e-01,-1.921211219900440526e+00,-3.497876313193810205e+00
-9.782030284404754639e-01,2.817922681570053101e-01,-1.457733988761901855e+00
-2.723144110722944822e-01,2.411680832080074666e+00,4.451456641994484542e+00
1.532859774134885278e+00,-2.126711807259104581e-01,1.183097850650496774e+00
1.006671905517582566e+00,-1.011680441510341089e+00,4.434609293937683105e+00
8.954695293452906713e-01,-1.626427762169590618e+00,1.494332596518523903e+00
8.954695293452906713e-01,-1.626427762169590618e+00,6.420201210756375509e-01
6.887411050462561857e-01,-8.179860415477445690e-01,-3.446091498403958120e+00
-1.189033243344747026e+00,1.315282641280862475e+00,-1.453716723016619916e+00
7.435314230753129472e-01,-1.811549380037519530e+00,-1.746114974378628837e+00
3.358805646121710287e-01,-2.487294527851318549e+00,4.591232255611409130e+00
6.823914030339884862e-01,-2.265662096400013592e+00,8.550982473869397360e-01
-5.895914417100366345e-01,1.514711669219023005e+00,3.490408757363951509e+00
-1.693562221103695364e+00,-1.965021688090839991e+00,-4.452581585839351597e+00
-7.064062058925583143e-01,-1.690837287376413478e+00,3.804412041881314988e+00
-1.995735883776093234e+00,9.620868622795371028e-01,2.020046177260994114e+00
6.432638066422768919e-02,1.960370036653299897e+00,3.163900031710319638e+00
7.559130363130454056e-01,-1.472224372281184301e+00,-4.045294727354458608e+00
-3.389686644077301025e-01,4.948703795671463013e-01,-3.375437259674072266e+00
-1.318174023280473672e-01,1.950221654785189607e+00,3.672987794719704269e+00
-5.520467460155487061e-01,-5.705202370882034302e-01,2.803828001022338867e+00
-1.449689471444272737e+00,-1.375178719314953169e+00,3.066337590049088124e+00
-1.020981868725596042e+00,-1.712620491382587540e+00,3.380273715056876682e+00
-1.073054362495753367e+00,-1.683917208065216942e+00,3.901389387097266237e+00
-9.143746689556567775e-01,2.257347468740948049e+00,3.306600343109773910e+00
-1.258905380964279175e-01,2.817922681570053101e-01,-3.588515400886535645e+00
4.351320454821711037e-01,1.070794420457467089e-01,-8.069889180574510990e-01
6.915286849630500887e-01,2.173566201169089496e+00,-2.398458276450265547e+00
1.006671905517582566e+00,-1.011680441510341089e+00,-4.400796771049499512e+00
